ID;roomID;roomNo;Description;areClosed;Area (m2);Vertex_Indices;World_Coords_XY
0;100;;;0;0,61;[0, 1, 3, 2];[(-74.129, 16.414), (-73.352, 16.414), (-73.352, 17.203), (-74.129, 17.203)]
1;100;;;0;5,26;[3, 1, 4, 5];[(-73.352, 17.203), (-73.352, 16.414), (-66.687, 16.414), (-66.687, 17.203)]
2;100;;;0;0,50;[5, 4, 6, 7];[(-66.687, 17.203), (-66.687, 16.414), (-66.057, 16.414), (-66.057, 17.203)]
3;100;;;0;1,96;[7, 6, 8, 9];[(-66.057, 17.203), (-66.057, 16.414), (-63.578, 16.414), (-63.578, 17.203)]
4;100;;;0;0,53;[9, 8, 10, 11];[(-63.578, 17.203), (-63.578, 16.414), (-62.908, 16.414), (-62.908, 17.203)]
5;100;;;0;4,26;[11, 10, 12, 13];[(-62.908, 17.203), (-62.908, 16.414), (-57.503, 16.414), (-57.503, 17.203)]
6;100;;;0;0,64;[13, 12, 14, 15];[(-57.503, 17.203), (-57.503, 16.414), (-56.69, 16.414), (-56.69, 17.203)]
7;100;;;0;9,61;[14, 12, 16, 17];[(-56.69, 16.414), (-57.503, 16.414), (-57.503, 4.589), (-56.69, 4.589)]
8;100;;;0;0,47;[17, 16, 18, 19];[(-56.69, 4.589), (-57.503, 4.589), (-57.503, 4.01), (-56.69, 4.01)]
9;100;;;0;2,32;[19, 18, 20, 21];[(-56.69, 4.01), (-57.503, 4.01), (-57.503, 1.16), (-56.69, 1.16)]
10;100;;;0;0,49;[21, 20, 22, 23];[(-56.69, 1.16), (-57.503, 1.16), (-57.503, 0.553), (-56.69, 0.553)]
11;100;;;0;3,23;[23, 22, 1273, 24, 25];[(-56.69, 0.553), (-57.503, 0.553), (-57.503, -1.553), (-57.503, -3.426), (-56.69, -3.426)]
12;100;;;0;0,63;[25, 24, 26, 481, 27];[(-56.69, -3.426), (-57.503, -3.426), (-57.503, -4.202), (-57.281, -4.202), (-56.69, -4.202)]
13;100;;;0;1,73;[25, 27, 29, 28];[(-56.69, -3.426), (-56.69, -4.202), (-54.461, -4.202), (-54.461, -3.426)]
14;100;;;0;0,18;[28, 29, 31, 30];[(-54.461, -3.426), (-54.461, -4.202), (-54.235, -4.202), (-54.235, -3.426)]
15;100;;;0;1,97;[30, 31, 33, 32];[(-54.235, -3.426), (-54.235, -4.202), (-51.695, -4.202), (-51.695, -3.426)]
16;100;;;0;0,20;[32, 33, 35, 34];[(-51.695, -3.426), (-51.695, -4.202), (-51.441, -4.202), (-51.441, -3.426)]
17;100;;;0;8,02;[34, 35, 37, 36];[(-51.441, -3.426), (-51.441, -4.202), (-41.113, -4.202), (-41.113, -3.426)]
18;100;;;0;0,23;[36, 37, 39, 38];[(-41.113, -3.426), (-41.113, -4.202), (-40.817, -4.202), (-40.817, -3.426)]
19;100;;;0;6,43;[38, 39, 41, 40];[(-40.817, -3.426), (-40.817, -4.202), (-32.534, -4.202), (-32.534, -3.426)]
20;100;;;0;0,43;[40, 41, 43, 42];[(-32.534, -3.426), (-32.534, -4.202), (-31.984, -4.202), (-31.984, -3.426)]
21;100;;;0;2,00;[42, 43, 45, 44];[(-31.984, -3.426), (-31.984, -4.202), (-29.401, -4.202), (-29.401, -3.426)]
22;100;;;0;0,12;[44, 45, 47, 46];[(-29.401, -3.426), (-29.401, -4.202), (-29.246, -4.202), (-29.246, -3.426)]
23;100;;;0;5,69;[46, 47, 49, 48];[(-29.246, -3.426), (-29.246, -4.202), (-21.909, -4.202), (-21.909, -3.426)]
24;100;;;0;0,13;[48, 49, 51, 50];[(-21.909, -3.426), (-21.909, -4.202), (-21.74, -4.202), (-21.74, -3.426)]
25;100;;;0;2,21;[50, 51, 53, 52];[(-21.74, -3.426), (-21.74, -4.202), (-18.889, -4.202), (-18.889, -3.426)]
26;100;;;0;0,14;[52, 53, 55, 54];[(-18.889, -3.426), (-18.889, -4.202), (-18.713, -4.202), (-18.713, -3.426)]
27;100;;;0;4,34;[54, 55, 57, 56];[(-18.713, -3.426), (-18.713, -4.202), (-13.118, -4.202), (-13.118, -3.426)]
28;100;;;0;0,17;[56, 57, 59, 58];[(-13.118, -3.426), (-13.118, -4.202), (-12.903, -4.202), (-12.903, -3.426)]
29;100;;;0;2,11;[58, 59, 61, 60];[(-12.903, -3.426), (-12.903, -4.202), (-10.188, -4.202), (-10.188, -3.426)]
30;100;;;0;0,12;[60, 61, 63, 62];[(-10.188, -3.426), (-10.188, -4.202), (-10.031, -4.202), (-10.031, -3.426)]
31;100;;;0;2,55;[62, 63, 65, 64];[(-10.031, -3.426), (-10.031, -4.202), (-6.749, -4.202), (-6.749, -3.426)]
32;100;;;0;9,33;[66, 67, 70, 69];[(-6.377, -3.426), (-5.465, -3.426), (-5.465, 6.815), (-6.377, 6.815)]
33;100;;;0;0,69;[69, 70, 72, 71];[(-6.377, 6.815), (-5.465, 6.815), (-5.465, 7.569), (-6.377, 7.569)]
34;100;;;0;8,72;[72, 70, 73, 74];[(-5.465, 7.569), (-5.465, 6.815), (6.087, 6.815), (6.087, 7.569)]
35;100;;;0;0,70;[74, 73, 75, 76];[(6.087, 7.569), (6.087, 6.815), (7.018, 6.815), (7.018, 7.569)]
36;100;;;0;9,76;[75, 73, 77, 78];[(7.018, 6.815), (6.087, 6.815), (6.087, -3.67), (7.018, -3.67)]
37;100;;;0;0,87;[78, 77, 79, 673, 80];[(7.018, -3.67), (6.087, -3.67), (6.087, -4.601), (6.72, -4.601), (7.018, -4.601)]
38;100;;;0;4,09;[78, 80, 82, 81];[(7.018, -3.67), (7.018, -4.601), (11.406, -4.601), (11.406, -3.67)]
39;100;;;0;0,72;[81, 82, 84, 83];[(11.406, -3.67), (11.406, -4.601), (12.182, -4.601), (12.182, -3.67)]
40;100;;;0;5,49;[83, 84, 86, 85];[(12.182, -3.67), (12.182, -4.601), (18.08, -4.601), (18.08, -3.67)]
41;100;;;0;0,76;[85, 86, 88, 87];[(18.08, -3.67), (18.08, -4.601), (18.899, -4.601), (18.899, -3.67)]
42;100;;;0;1,36;[88, 86, 89, 90];[(18.899, -4.601), (18.08, -4.601), (18.08, -6.266), (18.899, -6.266)]
43;100;;;0;0,62;[90, 89, 1281, 91, 789, 92];[(18.899, -6.266), (18.08, -6.266), (18.08, -6.849), (18.08, -7.028), (18.619, -7.028), (18.899, -7.028)]
44;100;;;0;2,24;[90, 92, 94, 93];[(18.899, -6.266), (18.899, -7.028), (21.834, -7.028), (21.834, -6.266)]
45;100;;;0;0,08;[93, 94, 96, 95];[(21.834, -6.266), (21.834, -7.028), (21.933, -7.028), (21.933, -6.266)]
46;100;;;0;4,50;[95, 96, 98, 97];[(21.933, -6.266), (21.933, -7.028), (27.845, -7.028), (27.845, -6.266)]
47;100;;;0;0,15;[97, 98, 100, 99];[(27.845, -6.266), (27.845, -7.028), (28.042, -7.028), (28.042, -6.266)]
48;100;;;0;1,97;[99, 100, 102, 101];[(28.042, -6.266), (28.042, -7.028), (30.624, -7.028), (30.624, -6.266)]
49;100;;;0;0,14;[101, 102, 104, 103];[(30.624, -6.266), (30.624, -7.028), (30.808, -7.028), (30.808, -6.266)]
50;100;;;0;2,05;[103, 104, 106, 105];[(30.808, -6.266), (30.808, -7.028), (33.493, -7.028), (33.493, -6.266)]
51;100;;;0;0,12;[105, 106, 108, 107];[(33.493, -6.266), (33.493, -7.028), (33.649, -7.028), (33.649, -6.266)]
52;100;;;0;1,97;[107, 108, 110, 109];[(33.649, -6.266), (33.649, -7.028), (36.236, -7.028), (36.236, -6.266)]
53;100;;;0;0,33;[109, 110, 112, 111];[(36.236, -6.266), (36.236, -7.028), (36.667, -7.028), (36.667, -6.266)]
54;100;;;0;1,98;[111, 112, 114, 113];[(36.667, -6.266), (36.667, -7.028), (39.264, -7.028), (39.264, -6.266)]
55;100;;;0;0,21;[113, 114, 116, 115];[(39.264, -6.266), (39.264, -7.028), (39.538, -7.028), (39.538, -6.266)]
56;100;;;0;2,02;[115, 116, 118, 117];[(39.538, -6.266), (39.538, -7.028), (42.184, -7.028), (42.184, -6.266)]
57;100;;;0;0,13;[117, 118, 120, 119];[(42.184, -6.266), (42.184, -7.028), (42.36, -7.028), (42.36, -6.266)]
58;100;;;0;2,28;[119, 120, 122, 121];[(42.36, -6.266), (42.36, -7.028), (45.349, -7.028), (45.349, -6.266)]
59;100;;;0;0,10;[121, 122, 124, 123];[(45.349, -6.266), (45.349, -7.028), (45.486, -7.028), (45.486, -6.266)]
60;100;;;0;1,80;[123, 124, 126, 125];[(45.486, -6.266), (45.486, -7.028), (47.848, -7.028), (47.848, -6.266)]
61;100;;;0;0,11;[125, 126, 128, 127];[(47.848, -6.266), (47.848, -7.028), (47.995, -7.028), (47.995, -6.266)]
62;100;;;0;2,20;[127, 128, 130, 129];[(47.995, -6.266), (47.995, -7.028), (50.875, -7.028), (50.875, -6.266)]
63;100;;;0;0,13;[129, 130, 132, 131];[(50.875, -6.266), (50.875, -7.028), (51.042, -7.028), (51.042, -6.266)]
64;100;;;0;1,97;[131, 132, 134, 133];[(51.042, -6.266), (51.042, -7.028), (53.629, -7.028), (53.629, -6.266)]
65;100;;;0;0,38;[133, 134, 136, 135];[(53.629, -6.266), (53.629, -7.028), (54.129, -7.028), (54.129, -6.266)]
66;100;;;0;1,86;[135, 136, 138, 137];[(54.129, -6.266), (54.129, -7.028), (56.568, -7.028), (56.568, -6.266)]
67;100;;;0;0,46;[137, 138, 140, 139];[(56.568, -6.266), (56.568, -7.028), (57.176, -7.028), (57.176, -6.266)]
68;100;;;0;1,97;[139, 140, 142, 141];[(57.176, -6.266), (57.176, -7.028), (59.763, -7.028), (59.763, -6.266)]
69;100;;;0;0,35;[141, 145, 147, 143];[(59.763, -6.266), (60.429, -6.266), (60.429, -5.737), (59.763, -5.737)]
70;100;;;0;0,50;[143, 147, 149, 148];[(59.763, -5.737), (60.429, -5.737), (60.468, -5.012), (59.763, -5.012)]
71;100;;;0;0,51;[144, 146, 145, 141, 142];[(59.92, -7.028), (60.429, -7.028), (60.429, -6.266), (59.763, -6.266), (59.763, -7.028)]
72;100;;;0;0,24;[149, 147, 150, 151];[(60.468, -5.012), (60.429, -5.737), (60.782, -5.737), (60.782, -5.012)]
73;100;;;0;4,92;[149, 151, 1182, 1185, 153, 152];[(60.468, -5.012), (60.782, -5.012), (60.782, -4.245), (60.782, -1.282), (60.782, 10.668), (60.468, 10.668)]
74;100;;;0;0,18;[152, 153, 155, 154];[(60.468, 10.668), (60.782, 10.668), (60.782, 11.255), (60.468, 11.255)]
75;100;;;0;1,93;[152, 154, 1191, 157, 156];[(60.468, 10.668), (60.468, 11.255), (59.366, 11.255), (57.186, 11.255), (57.186, 10.668)]
76;100;;;0;0,41;[156, 157, 159, 158];[(57.186, 10.668), (57.186, 11.255), (56.49, 11.255), (56.49, 10.668)]
77;100;;;0;1,96;[159, 157, 160, 161];[(56.49, 11.255), (57.186, 11.255), (57.186, 14.068), (56.49, 14.068)]
78;100;;;0;0,29;[161, 160, 162, 163];[(56.49, 14.068), (57.186, 14.068), (57.186, 14.489), (56.49, 14.489)]
79;100;;;0;6,89;[163, 162, 164, 165];[(56.49, 14.489), (57.186, 14.489), (57.186, 24.395), (56.49, 24.395)]
80;100;;;0;0,50;[165, 164, 166, 167];[(56.49, 24.395), (57.186, 24.395), (57.186, 25.121), (56.49, 25.121)]
81;100;;;0;2,95;[166, 164, 168, 169];[(57.186, 25.121), (57.186, 24.395), (61.252, 24.395), (61.252, 25.121)]
82;100;;;0;0,15;[169, 168, 170, 171];[(61.252, 25.121), (61.252, 24.395), (61.458, 24.395), (61.458, 25.121)]
83;100;;;0;1,31;[171, 170, 172, 173];[(61.458, 25.121), (61.458, 24.395), (63.261, 24.395), (63.261, 25.121)]
84;100;;;0;0,38;[173, 172, 174, 175];[(63.261, 25.121), (63.261, 24.395), (63.79, 24.395), (63.79, 25.121)]
85;100;;;0;1,62;[175, 174, 176, 177];[(63.79, 25.121), (63.79, 24.395), (66.024, 24.395), (66.024, 25.121)]
86;16;;;0;0,73;[177, 176, 178, 179];[(66.024, 25.121), (66.024, 24.395), (67.033, 24.395), (67.033, 25.121)]
87;100;;;0;1,58;[179, 178, 180, 181];[(67.033, 25.121), (67.033, 24.395), (69.209, 24.395), (69.209, 25.121)]
88;16;;;0;0,70;[181, 180, 182, 183];[(69.209, 25.121), (69.209, 24.395), (70.169, 24.395), (70.169, 25.121)]
89;100;;;0;3,61;[183, 182, 184, 185];[(70.169, 25.121), (70.169, 24.395), (75.147, 24.395), (75.147, 25.121)]
90;100;;;0;0,53;[185, 184, 186, 187];[(75.147, 25.121), (75.147, 24.395), (75.872, 24.395), (75.872, 25.121)]
91;100;;;0;7,17;[186, 184, 188, 189];[(75.872, 24.395), (75.147, 24.395), (75.147, 14.5), (75.872, 14.5)]
92;100;;;0;0,28;[189, 188, 190, 191];[(75.872, 14.5), (75.147, 14.5), (75.147, 14.114), (75.872, 14.114)]
93;100;;;0;14,76;[191, 190, 192, 193];[(75.872, 14.114), (75.147, 14.114), (75.147, -6.245), (75.872, -6.245)]
94;100;;;0;4,84;[197, 194, 195, 198];[(76.107, -7.009), (75.147, -7.009), (75.147, -12.046), (76.107, -12.046)]
95;100;;;0;0,50;[198, 195, 199, 200];[(76.107, -12.046), (75.147, -12.046), (75.147, -12.565), (76.107, -12.565)]
96;100;;;0;0,73;[194, 197, 196, 193, 192];[(75.147, -7.009), (76.107, -7.009), (76.107, -6.245), (75.872, -6.245), (75.147, -6.245)]
97;100;;;0;2,01;[200, 199, 201, 202];[(76.107, -12.565), (75.147, -12.565), (75.147, -14.662), (76.107, -14.662)]
98;100;;;0;0,35;[202, 201, 203, 204];[(76.107, -14.662), (75.147, -14.662), (75.147, -15.024), (76.107, -15.024)]
99;100;;;0;4,68;[204, 203, 205, 206];[(76.107, -15.024), (75.147, -15.024), (75.147, -19.894), (76.107, -19.894)]
100;100;;;0;0,72;[206, 205, 207, 208];[(76.107, -19.894), (75.147, -19.894), (75.147, -20.649), (76.107, -20.649)]
101;100;;;0;4,07;[207, 205, 209, 210];[(75.147, -20.649), (75.147, -19.894), (69.757, -19.894), (69.757, -20.649)]
102;100;;;0;0,10;[210, 209, 211, 212];[(69.757, -20.649), (69.757, -19.894), (69.62, -19.894), (69.62, -20.649)]
103;100;;;0;2,06;[212, 211, 213, 214];[(69.62, -20.649), (69.62, -19.894), (66.886, -19.894), (66.886, -20.649)]
104;100;;;0;0,10;[214, 213, 215, 216];[(66.886, -20.649), (66.886, -19.894), (66.759, -19.894), (66.759, -20.649)]
105;100;;;0;2,25;[216, 215, 217, 218];[(66.759, -20.649), (66.759, -19.894), (63.77, -19.894), (63.77, -20.649)]
106;100;;;0;0,29;[218, 217, 219, 220];[(63.77, -20.649), (63.77, -19.894), (63.359, -19.973), (63.359, -20.649)]
107;100;;;0;1,77;[220, 219, 221, 222];[(63.359, -20.649), (63.359, -19.973), (60.743, -19.973), (60.743, -20.649)]
108;100;;;0;0,12;[222, 221, 223, 224];[(60.743, -20.649), (60.743, -19.973), (60.566, -19.973), (60.566, -20.649)]
109;100;;;0;1,63;[224, 223, 225, 226];[(60.566, -20.649), (60.566, -19.973), (58.156, -19.973), (58.156, -20.649)]
110;100;;;0;0,11;[226, 225, 227, 228];[(58.156, -20.649), (58.156, -19.973), (57.999, -19.973), (57.999, -20.649)]
111;100;;;0;1,75;[228, 227, 229, 230];[(57.999, -20.649), (57.999, -19.973), (55.412, -19.973), (55.412, -20.649)]
112;100;;;0;0,09;[230, 229, 231, 232];[(55.412, -20.649), (55.412, -19.973), (55.275, -19.973), (55.275, -20.649)]
113;100;;;0;1,67;[232, 231, 233, 234];[(55.275, -20.649), (55.275, -19.973), (52.806, -19.973), (52.806, -20.649)]
114;100;;;0;0,10;[234, 233, 235, 236];[(52.806, -20.649), (52.806, -19.973), (52.659, -19.973), (52.659, -20.649)]
115;100;;;0;1,79;[236, 235, 237, 238];[(52.659, -20.649), (52.659, -19.973), (50.013, -19.973), (50.013, -20.649)]
116;100;;;0;0,13;[238, 237, 239, 240];[(50.013, -20.649), (50.013, -19.973), (49.827, -19.973), (49.827, -20.649)]
117;100;;;0;1,74;[240, 239, 241, 242];[(49.827, -20.649), (49.827, -19.973), (47.26, -19.973), (47.26, -20.649)]
118;100;;;0;0,07;[242, 241, 243, 244];[(47.26, -20.649), (47.26, -19.973), (47.162, -19.973), (47.162, -20.649)]
119;100;;;0;1,64;[244, 243, 245, 246];[(47.162, -20.649), (47.162, -19.973), (44.732, -19.973), (44.732, -20.649)]
120;100;;;0;0,11;[246, 245, 247, 248];[(44.732, -20.649), (44.732, -19.973), (44.575, -19.973), (44.575, -20.649)]
121;100;;;0;1,86;[248, 247, 249, 250];[(44.575, -20.649), (44.575, -19.973), (41.821, -19.973), (41.821, -20.649)]
122;100;;;0;0,10;[250, 249, 251, 252];[(41.821, -20.649), (41.821, -19.973), (41.674, -19.973), (41.674, -20.649)]
123;100;;;0;3,41;[252, 251, 253, 254];[(41.674, -20.649), (41.674, -19.973), (36.628, -19.973), (36.628, -20.649)]
124;100;;;0;0,35;[254, 253, 255, 256];[(36.628, -20.649), (36.628, -19.973), (36.109, -19.973), (36.109, -20.649)]
125;100;;;0;1,93;[256, 255, 257, 258];[(36.109, -20.649), (36.109, -19.973), (33.261, -19.973), (33.261, -20.649)]
126;100;;;0;0,26;[258, 257, 259, 260];[(33.261, -20.649), (33.261, -19.973), (32.884, -19.973), (32.884, -20.649)]
127;100;;;0;1,71;[260, 259, 261, 262];[(32.884, -20.649), (32.884, -19.973), (30.347, -19.973), (30.347, -20.649)]
128;100;;;0;0,14;[262, 261, 263, 264];[(30.347, -20.649), (30.347, -19.973), (30.141, -19.973), (30.141, -20.649)]
129;100;;;0;3,53;[264, 263, 265, 266];[(30.141, -20.649), (30.141, -19.973), (24.919, -19.973), (24.919, -20.649)]
130;100;;;0;0,14;[266, 265, 267, 268];[(24.919, -20.649), (24.919, -19.973), (24.713, -19.973), (24.713, -20.649)]
131;100;;;0;1,76;[268, 267, 269, 270];[(24.713, -20.649), (24.713, -19.973), (22.116, -19.973), (22.116, -20.649)]
132;100;;;0;0,38;[270, 269, 271, 272];[(22.116, -20.649), (22.116, -19.973), (21.548, -19.973), (21.548, -20.649)]
133;100;;;0;3,36;[272, 271, 273, 274];[(21.548, -20.649), (21.548, -19.973), (16.58, -19.973), (16.58, -20.649)]
134;100;;;0;0,10;[274, 273, 275, 276];[(16.58, -20.649), (16.58, -19.973), (16.433, -19.973), (16.433, -20.649)]
135;100;;;0;1,80;[276, 275, 277, 278];[(16.433, -20.649), (16.433, -19.973), (13.768, -19.973), (13.768, -20.649)]
136;100;;;0;0,09;[278, 277, 279, 280];[(13.768, -20.649), (13.768, -19.973), (13.631, -19.973), (13.631, -20.649)]
137;100;;;0;3,20;[280, 279, 281, 282];[(13.631, -20.649), (13.631, -19.973), (8.898, -19.973), (8.898, -20.649)]
138;100;;;0;0,46;[282, 281, 283, 284];[(8.898, -20.649), (8.898, -19.973), (8.212, -19.973), (8.212, -20.649)]
139;100;;;0;0,74;[284, 283, 285, 286];[(8.212, -20.649), (8.212, -19.973), (6.993, -19.973), (7.252, -20.649)]
140;100;;;0;0,89;[285, 283, 288, 289];[(6.993, -19.973), (8.212, -19.973), (8.212, -19.16), (7.252, -19.16)]
141;100;;;0;0,56;[283, 281, 287, 288];[(8.212, -19.973), (8.898, -19.973), (8.898, -19.16), (8.212, -19.16)]
142;100;;;0;1,76;[285, 289, 291, 290];[(6.993, -19.973), (7.252, -19.16), (4.959, -19.16), (4.959, -19.973)]
143;100;;;0;0,61;[290, 291, 293, 292];[(4.959, -19.973), (4.959, -19.16), (4.204, -19.16), (4.204, -19.973)]
144;100;;;0;1,68;[292, 293, 295, 294];[(4.204, -19.973), (4.204, -19.16), (2.137, -19.16), (2.137, -19.973)]
145;100;;;0;0,62;[294, 295, 297, 296];[(2.137, -19.973), (2.137, -19.16), (1.373, -19.16), (1.373, -19.973)]
146;100;;;0;1,67;[296, 297, 299, 298];[(1.373, -19.973), (1.373, -19.16), (-0.675, -19.16), (-0.675, -19.973)]
147;100;;;0;0,63;[298, 299, 301, 300];[(-0.675, -19.973), (-0.675, -19.16), (-1.449, -19.16), (-1.449, -19.973)]
148;100;;;0;1,65;[300, 301, 303, 302];[(-1.449, -19.973), (-1.449, -19.16), (-3.478, -19.16), (-3.478, -19.973)]
149;100;;;0;0,61;[302, 303, 305, 304];[(-3.478, -19.973), (-3.478, -19.16), (-4.223, -19.16), (-4.223, -19.973)]
150;100;;;0;1,70;[304, 305, 307, 306];[(-4.223, -19.973), (-4.223, -19.16), (-6.31, -19.16), (-6.31, -19.973)]
151;100;;;0;0,13;[308, 311, 316, 315];[(-15.442, -20.649), (-15.442, -19.943), (-15.628, -19.943), (-15.628, -20.649)]
152;100;;;0;2,30;[309, 313, 312, 314, 310, 306, 307];[(-7.221, -19.16), (-7.907, -19.16), (-7.907, -19.943), (-7.907, -20.649), (-6.533, -20.649), (-6.31, -19.973), (-6.31, -19.16)]
153;100;;;0;5,32;[314, 312, 311, 308];[(-7.907, -20.649), (-7.907, -19.943), (-15.442, -19.943), (-15.442, -20.649)]
154;100;;;0;0,13;[317, 318, 320, 319];[(-18.548, -20.649), (-18.548, -19.943), (-18.734, -19.943), (-18.734, -20.649)]
155;100;;;0;2,06;[315, 316, 318, 317];[(-15.628, -20.649), (-15.628, -19.943), (-18.548, -19.943), (-18.548, -20.649)]
156;100;;;0;1,94;[319, 320, 322, 321];[(-18.734, -20.649), (-18.734, -19.943), (-21.478, -19.943), (-21.478, -20.649)]
157;100;;;0;0,12;[321, 322, 324, 323];[(-21.478, -20.649), (-21.478, -19.943), (-21.654, -19.943), (-21.654, -20.649)]
158;100;;;0;1,87;[323, 324, 326, 325];[(-21.654, -20.649), (-21.654, -19.943), (-24.3, -19.943), (-24.3, -20.649)]
159;100;;;0;0,12;[325, 326, 328, 327];[(-24.3, -20.649), (-24.3, -19.943), (-24.467, -19.943), (-24.467, -20.649)]
160;100;;;0;5,30;[327, 328, 330, 329];[(-24.467, -20.649), (-24.467, -19.943), (-31.972, -19.943), (-31.972, -20.649)]
161;100;;;0;0,37;[329, 330, 332, 331];[(-31.972, -20.649), (-31.972, -19.943), (-32.492, -19.943), (-32.492, -20.649)]
162;100;;;0;1,45;[331, 332, 334, 333];[(-32.492, -20.649), (-32.492, -19.943), (-34.547, -19.943), (-34.547, -20.649)]
163;100;;;0;0,12;[333, 334, 336, 335];[(-34.547, -20.649), (-34.547, -19.943), (-34.714, -19.943), (-34.714, -20.649)]
164;100;;;0;4,25;[335, 336, 338, 337];[(-34.714, -20.649), (-34.714, -19.943), (-40.732, -19.943), (-40.732, -20.649)]
165;100;;;0;0,11;[337, 338, 340, 339];[(-40.732, -20.649), (-40.732, -19.943), (-40.889, -19.943), (-40.889, -20.649)]
166;100;;;0;3,76;[339, 340, 342, 341];[(-40.889, -20.649), (-40.889, -19.943), (-46.22, -19.943), (-46.22, -20.649)]
167;100;;;0;0,10;[341, 342, 344, 343];[(-46.22, -20.649), (-46.22, -19.943), (-46.367, -19.943), (-46.367, -20.649)]
168;100;;;0;3,68;[343, 344, 346, 345];[(-46.367, -20.649), (-46.367, -19.943), (-51.589, -19.943), (-51.589, -20.649)]
169;100;;;0;0,11;[345, 346, 348, 347];[(-51.589, -20.649), (-51.589, -19.943), (-51.746, -19.943), (-51.746, -20.649)]
170;100;;;0;3,66;[347, 348, 350, 349];[(-51.746, -20.649), (-51.746, -19.943), (-56.939, -19.943), (-56.939, -20.649)]
171;100;;;0;0,51;[349, 350, 352, 351];[(-56.939, -20.649), (-56.939, -19.943), (-57.664, -19.943), (-57.664, -20.649)]
172;100;;;0;3,58;[351, 352, 354, 353];[(-57.664, -20.649), (-57.664, -19.943), (-62.74, -19.943), (-62.74, -20.649)]
173;100;;;0;0,13;[353, 354, 356, 355];[(-62.74, -20.649), (-62.74, -19.943), (-62.926, -19.943), (-62.926, -20.649)]
174;100;;;0;1,62;[355, 356, 358, 357];[(-62.926, -20.649), (-62.926, -19.943), (-65.229, -19.943), (-65.229, -20.649)]
175;100;;;0;0,12;[357, 358, 360, 359];[(-65.229, -20.649), (-65.229, -19.943), (-65.405, -19.943), (-65.405, -20.649)]
176;100;;;0;2,24;[359, 360, 362, 361];[(-65.405, -20.649), (-65.405, -19.943), (-68.58, -19.943), (-68.58, -20.649)]
177;100;;;0;0,09;[361, 362, 364, 363];[(-68.58, -20.649), (-68.58, -19.943), (-68.708, -19.943), (-68.708, -20.649)]
178;100;;;0;3,30;[363, 364, 366, 365];[(-68.708, -20.649), (-68.708, -19.943), (-73.391, -19.943), (-73.391, -20.649)]
179;100;;;0;0,51;[365, 366, 368, 367];[(-73.391, -20.649), (-73.391, -19.943), (-74.116, -19.943), (-74.116, -20.649)]
180;100;;;0;4,08;[368, 366, 369, 370];[(-74.116, -19.943), (-73.391, -19.943), (-73.391, -14.315), (-74.116, -14.315)]
181;100;;;0;0,64;[370, 369, 371, 372];[(-74.116, -14.315), (-73.391, -14.315), (-73.25, -13.401), (-74.116, -13.612)]
182;100;;;0;0,75;[371, 369, 373, 374];[(-73.25, -13.401), (-73.391, -14.315), (-72.497, -14.315), (-72.497, -13.401)]
183;100;;;0;3,86;[371, 374, 376, 375];[(-73.25, -13.401), (-72.497, -13.401), (-72.497, -8.274), (-73.25, -8.274)]
184;100;;;0;0,73;[375, 376, 378, 377];[(-73.25, -8.274), (-72.497, -8.274), (-72.497, -7.298), (-73.25, -7.298)]
185;100;;;0;3,66;[377, 378, 380, 379];[(-73.25, -7.298), (-72.497, -7.298), (-72.497, -2.442), (-73.25, -2.442)]
186;100;;;0;0,81;[379, 380, 382, 381];[(-73.25, -2.442), (-72.497, -2.442), (-72.497, -1.372), (-73.25, -1.372)]
187;100;;;0;4,11;[381, 382, 384, 383];[(-73.25, -1.372), (-72.497, -1.372), (-72.497, 4.084), (-73.25, 4.084)]
188;100;;;0;0,63;[383, 384, 386, 385];[(-73.25, 4.084), (-72.497, 4.084), (-72.497, 4.919), (-73.25, 4.919)]
189;100;;;0;1,81;[385, 386, 388, 387];[(-73.25, 4.919), (-72.497, 4.919), (-72.497, 7.329), (-73.25, 7.329)]
190;100;;;0;0,17;[387, 388, 390, 389];[(-73.25, 7.329), (-72.497, 7.329), (-72.497, 7.553), (-73.25, 7.553)]
191;100;;;0;1,89;[389, 390, 392, 391];[(-73.25, 7.553), (-72.497, 7.553), (-72.497, 10.057), (-73.25, 10.057)]
192;100;;;0;0,77;[379, 381, 403, 394];[(-73.25, -2.442), (-73.25, -1.372), (-74.144, -1.576), (-74.144, -2.238)]
193;100;;;0;1,14;[391, 392, 399, 400, 401, 402, 397];[(-73.25, 10.057), (-72.497, 10.057), (-72.18, 10.057), (-72.18, 10.422), (-72.18, 10.645), (-72.18, 11.068), (-73.356, 11.068)]
194;100;;;0;0,71;[391, 397, 393, 395];[(-73.25, 10.057), (-73.356, 11.068), (-74.132, 11.068), (-74.132, 10.351)]
195;100;;;0;4,15;[0, 393, 397, 1];[(-74.129, 16.414), (-74.132, 11.068), (-73.356, 11.068), (-73.352, 16.414)]
196;100;;;0;0,62;[383, 385, 396, 398];[(-73.25, 4.084), (-73.25, 4.919), (-74.165, 4.759), (-74.165, 4.243)]
197;100;;;0;0,69;[375, 377, 405, 404];[(-73.25, -8.274), (-73.25, -7.298), (-74.124, -7.485), (-74.124, -8.088)]
198;100;;;0;0,35;[302, 304, 407, 406];[(-3.478, -19.973), (-4.223, -19.973), (-4.009, -20.631), (-3.692, -20.631)]
199;100;;;0;0,38;[298, 300, 409, 408];[(-0.675, -19.973), (-1.449, -19.973), (-1.227, -20.655), (-0.898, -20.655)]
200;100;;;0;0,38;[294, 296, 411, 410];[(2.137, -19.973), (1.373, -19.973), (1.592, -20.667), (1.917, -20.667)]
201;100;;;0;0,36;[290, 292, 413, 412];[(4.959, -19.973), (4.204, -19.973), (4.421, -20.643), (4.742, -20.643)]
202;100;;;0;0,33;[6, 4, 414, 415];[(-66.057, 16.414), (-66.687, 16.414), (-66.687, 15.892), (-66.057, 15.892)]
203;1;;;0;0,92;[415, 414, 416, 417];[(-66.057, 15.892), (-66.687, 15.892), (-66.687, 14.425), (-66.057, 14.425)]
204;100;;;0;2,39;[417, 416, 418, 419];[(-66.057, 14.425), (-66.687, 14.425), (-66.687, 10.629), (-66.057, 10.629)]
205;100;;;0;0,12;[419, 418, 420, 421];[(-66.057, 10.629), (-66.687, 10.629), (-66.687, 10.446), (-66.057, 10.446)]
206;100;;;0;0,65;[421, 420, 422, 423];[(-66.057, 10.446), (-66.687, 10.446), (-66.687, 9.416), (-66.057, 9.416)]
207;1;;;0;0,65;[423, 422, 424, 425];[(-66.057, 9.416), (-66.687, 9.416), (-66.687, 8.386), (-66.057, 8.386)]
208;100;;;0;0,54;[425, 424, 426, 427];[(-66.057, 8.386), (-66.687, 8.386), (-66.687, 7.525), (-66.057, 7.525)]
209;100;;;0;0,11;[427, 426, 428, 429];[(-66.057, 7.525), (-66.687, 7.525), (-66.687, 7.355), (-66.057, 7.355)]
210;100;;;0;0,68;[429, 428, 430, 431];[(-66.057, 7.355), (-66.687, 7.355), (-66.687, 6.283), (-66.057, 6.283)]
211;1;;;0;0,63;[431, 430, 432, 433];[(-66.057, 6.283), (-66.687, 6.283), (-66.687, 5.281), (-66.057, 5.281)]
212;100;;;0;0,35;[433, 432, 434, 435];[(-66.057, 5.281), (-66.687, 5.281), (-66.687, 4.731), (-66.057, 4.731)]
213;100;;;0;0,38;[435, 434, 436, 437];[(-66.057, 4.731), (-66.687, 4.731), (-66.687, 4.124), (-66.057, 4.124)]
214;100;;;0;0,39;[437, 436, 438, 439];[(-66.057, 4.124), (-66.687, 4.124), (-66.687, 3.503), (-66.057, 3.503)]
215;1;;;0;0,99;[439, 438, 440, 441];[(-66.057, 3.503), (-66.687, 3.503), (-66.687, 1.937), (-66.057, 1.937)]
216;100;;;0;2,28;[441, 440, 442, 443];[(-66.057, 1.937), (-66.687, 1.937), (-66.687, -1.675), (-66.057, -1.675)]
217;100;;;0;0,10;[443, 442, 444, 445];[(-66.057, -1.675), (-66.687, -1.675), (-66.687, -1.83), (-66.057, -1.83)]
218;100;;;0;2,25;[445, 444, 446, 447];[(-66.057, -1.83), (-66.687, -1.83), (-66.687, -5.4), (-66.057, -5.4)]
219;1;;;0;0,95;[447, 446, 448, 449];[(-66.057, -5.4), (-66.687, -5.4), (-66.687, -6.91), (-66.057, -6.91)]
220;100;;;0;0,32;[449, 448, 450, 451];[(-66.057, -6.91), (-66.687, -6.91), (-66.687, -7.418), (-66.057, -7.418)]
221;100;;;0;0,44;[451, 450, 452, 453];[(-66.057, -7.418), (-66.687, -7.418), (-66.687, -8.109), (-66.057, -8.109)]
222;100;;;0;3,82;[452, 450, 454, 455];[(-66.687, -8.109), (-66.687, -7.418), (-72.218, -7.418), (-72.218, -8.109)]
223;100;;;0;0,23;[376, 455, 454, 378];[(-72.497, -8.274), (-72.218, -8.109), (-72.218, -7.418), (-72.497, -7.298)]
224;100;;;0;0,45;[451, 453, 457, 456];[(-66.057, -7.418), (-66.057, -8.109), (-65.408, -8.109), (-65.408, -7.418)]
225;100;;;0;1,14;[456, 457, 459, 458];[(-65.408, -7.418), (-65.408, -8.109), (-63.757, -8.109), (-63.757, -7.418)]
226;100;;;0;0,13;[458, 459, 461, 460];[(-63.757, -7.418), (-63.757, -8.109), (-63.574, -8.109), (-63.574, -7.418)]
227;100;;;0;0,46;[460, 461, 463, 462];[(-63.574, -7.418), (-63.574, -8.109), (-62.911, -8.109), (-62.911, -7.418)]
228;100;;;0;0,11;[462, 463, 465, 464];[(-62.911, -7.418), (-62.911, -8.109), (-62.755, -8.109), (-62.755, -7.418)]
229;100;;;0;0,19;[464, 465, 467, 466];[(-62.755, -7.418), (-62.755, -8.109), (-62.487, -8.109), (-62.487, -7.418)]
230;1;;;0;1,13;[466, 467, 469, 468];[(-62.487, -7.418), (-62.487, -8.109), (-60.851, -8.109), (-60.851, -7.418)]
231;100;;;0;0,97;[468, 469, 471, 470];[(-60.851, -7.418), (-60.851, -8.109), (-59.454, -8.109), (-59.454, -7.418)]
232;1;;;0;1,10;[470, 471, 473, 472];[(-59.454, -7.418), (-59.454, -8.109), (-57.859, -8.109), (-57.859, -7.418)]
233;100;;;0;0,24;[472, 473, 475, 474];[(-57.859, -7.418), (-57.859, -8.109), (-57.507, -8.109), (-57.507, -7.418)]
234;100;;;0;0,44;[474, 475, 477, 476];[(-57.507, -7.418), (-57.507, -8.109), (-56.872, -8.109), (-56.872, -7.418)]
235;100;;;0;0,24;[474, 476, 479, 480, 478];[(-57.507, -7.418), (-56.872, -7.418), (-56.872, -7.037), (-57.278, -7.037), (-57.507, -7.037)]
236;100;;;0;0,64;[480, 481, 26, 1272, 478];[(-57.278, -7.037), (-57.281, -4.202), (-57.503, -4.202), (-57.503, -4.404), (-57.507, -7.037)]
237;100;;;0;1,29;[477, 475, 482, 483];[(-56.872, -8.109), (-57.507, -8.109), (-57.507, -10.141), (-56.872, -10.141)]
238;100;;;0;0,31;[483, 482, 484, 485];[(-56.872, -10.141), (-57.507, -10.141), (-57.507, -10.632), (-56.872, -10.632)]
239;100;;;0;0,36;[460, 462, 487, 486];[(-63.574, -7.418), (-62.911, -7.418), (-62.911, -6.882), (-63.574, -6.882)]
240;1;;;0;1,11;[486, 487, 489, 488];[(-63.574, -6.882), (-62.911, -6.882), (-62.911, -5.202), (-63.574, -5.202)]
241;100;;;0;3,81;[488, 489, 1271, 1274, 491, 490];[(-63.574, -5.202), (-62.911, -5.202), (-62.911, -4.404), (-62.911, -1.553), (-62.911, 0.54), (-63.574, 0.54)]
242;100;;;0;0,41;[490, 491, 493, 492];[(-63.574, 0.54), (-62.911, 0.54), (-62.911, 1.161), (-63.574, 1.161)]
243;100;;;0;0,99;[492, 493, 495, 494];[(-63.574, 1.161), (-62.911, 1.161), (-62.911, 2.657), (-63.574, 2.657)]
244;1;;;0;0,67;[494, 495, 497, 496];[(-63.574, 2.657), (-62.911, 2.657), (-62.911, 3.673), (-63.574, 3.673)]
245;100;;;0;0,22;[496, 497, 499, 498];[(-63.574, 3.673), (-62.911, 3.673), (-62.911, 4.011), (-63.574, 4.011)]
246;100;;;0;0,38;[498, 499, 501, 500];[(-63.574, 4.011), (-62.911, 4.011), (-62.911, 4.59), (-63.574, 4.59)]
247;100;;;0;0,41;[500, 501, 503, 502];[(-63.574, 4.59), (-62.911, 4.59), (-62.911, 5.211), (-63.574, 5.211)]
248;1;;;0;1,00;[502, 503, 505, 504];[(-63.574, 5.211), (-62.911, 5.211), (-62.911, 6.721), (-63.574, 6.721)]
249;100;;;0;6,46;[8, 504, 505, 10];[(-63.578, 16.414), (-63.574, 6.721), (-62.911, 6.721), (-62.908, 16.414)]
250;100;;;0;1,12;[400, 420, 418, 401];[(-72.18, 10.422), (-66.687, 10.446), (-66.687, 10.629), (-72.18, 10.645)]
251;100;;;0;1,14;[388, 428, 426, 390];[(-72.497, 7.329), (-66.687, 7.355), (-66.687, 7.525), (-72.497, 7.553)]
252;100;;;0;3,34;[436, 434, 506, 507];[(-66.687, 4.124), (-66.687, 4.731), (-72.19, 4.731), (-72.19, 4.124)]
253;100;;;0;0,22;[384, 507, 506, 386];[(-72.497, 4.084), (-72.19, 4.124), (-72.19, 4.731), (-72.497, 4.919)]
254;100;;;0;0,87;[444, 442, 508, 509];[(-66.687, -1.83), (-66.687, -1.675), (-72.261, -1.675), (-72.261, -1.83)]
255;100;;;0;0,25;[382, 380, 511, 509, 508, 510];[(-72.497, -1.372), (-72.497, -2.442), (-72.261, -2.442), (-72.261, -1.83), (-72.261, -1.675), (-72.261, -1.372)]
256;100;;;0;0,54;[465, 463, 512, 513];[(-62.755, -8.109), (-62.911, -8.109), (-62.911, -11.566), (-62.755, -11.566)]
257;1;;;0;0,13;[513, 512, 514, 515];[(-62.755, -11.566), (-62.911, -11.566), (-62.911, -12.413), (-62.755, -12.413)]
258;100;;;0;0,03;[515, 514, 516, 517];[(-62.755, -12.413), (-62.911, -12.413), (-62.911, -12.624), (-62.755, -12.624)]
259;1;;;0;0,15;[517, 516, 518, 519];[(-62.755, -12.624), (-62.911, -12.624), (-62.911, -13.598), (-62.755, -13.598)]
260;100;;;0;0,02;[519, 518, 520, 521];[(-62.755, -13.598), (-62.911, -13.598), (-62.911, -13.711), (-62.755, -13.711)]
261;100;;;0;0,09;[521, 520, 522, 523];[(-62.755, -13.711), (-62.911, -13.711), (-62.911, -14.309), (-62.755, -14.309)]
262;100;;;0;0,96;[354, 523, 522, 356];[(-62.74, -19.943), (-62.755, -14.309), (-62.911, -14.309), (-62.926, -19.943)]
263;100;;;0;0,32;[374, 373, 524, 526, 525];[(-72.497, -13.401), (-72.497, -14.315), (-72.145, -14.315), (-72.145, -13.717), (-72.145, -13.401)]
264;100;;;0;1,03;[526, 524, 527, 528];[(-72.145, -13.717), (-72.145, -14.315), (-70.428, -14.315), (-70.428, -13.717)]
265;100;;;0;0,06;[528, 527, 529, 530];[(-70.428, -13.717), (-70.428, -14.315), (-70.322, -14.315), (-70.322, -13.717)]
266;100;;;0;0,04;[530, 529, 531, 532];[(-70.322, -13.717), (-70.322, -14.315), (-70.263, -14.315), (-70.263, -13.717)]
267;1;;;0;0,90;[532, 531, 533, 534];[(-70.263, -13.717), (-70.263, -14.315), (-68.758, -14.315), (-68.758, -13.717)]
268;100;;;0;0,04;[534, 533, 535, 536];[(-68.758, -13.717), (-68.758, -14.315), (-68.699, -14.315), (-68.699, -13.717)]
269;100;;;0;0,07;[536, 535, 537, 538];[(-68.699, -13.717), (-68.699, -14.315), (-68.582, -14.315), (-68.582, -13.717)]
270;100;;;0;1,91;[538, 537, 539, 540];[(-68.582, -13.717), (-68.582, -14.315), (-65.395, -14.315), (-65.395, -13.717)]
271;100;;;0;0,09;[540, 539, 541, 542];[(-65.395, -13.717), (-65.395, -14.315), (-65.242, -14.315), (-65.242, -13.717)]
272;100;;;0;0,22;[542, 541, 543, 544];[(-65.242, -13.717), (-65.242, -14.315), (-64.878, -14.315), (-64.878, -13.717)]
273;1;;;0;0,49;[544, 543, 545, 546];[(-64.878, -13.717), (-64.878, -14.315), (-64.055, -14.315), (-64.055, -13.717)]
274;100;;;0;0,68;[520, 546, 545, 522];[(-62.911, -13.711), (-64.055, -13.717), (-64.055, -14.315), (-62.911, -14.309)]
275;100;;;0;0,11;[528, 530, 548, 547];[(-70.428, -13.717), (-70.322, -13.717), (-70.322, -12.636), (-70.428, -12.636)]
276;100;;;0;0,02;[547, 548, 550, 549];[(-70.428, -12.636), (-70.322, -12.636), (-70.322, -12.447), (-70.428, -12.447)]
277;100;;;0;0,05;[550, 548, 551, 552];[(-70.322, -12.447), (-70.322, -12.636), (-70.075, -12.636), (-70.075, -12.447)]
278;1;;;0;0,15;[552, 551, 553, 554];[(-70.075, -12.447), (-70.075, -12.636), (-69.264, -12.636), (-69.264, -12.447)]
279;100;;;0;1,27;[514, 554, 553, 516];[(-62.911, -12.413), (-69.264, -12.447), (-69.264, -12.636), (-62.911, -12.624)]
280;100;;;0;1,83;[521, 523, 555, 556];[(-62.755, -13.711), (-62.755, -14.309), (-59.687, -14.309), (-59.687, -13.711)]
281;100;;;0;0,93;[358, 541, 539, 360];[(-65.229, -19.943), (-65.242, -14.315), (-65.395, -14.315), (-65.405, -19.943)]
282;8;;;0;0,09;[557, 560, 559, 558];[(-68.581, -15.886), (-68.702, -15.886), (-68.703, -16.631), (-68.581, -16.631)]
283;100;;;0;0,19;[557, 537, 535, 560];[(-68.581, -15.886), (-68.582, -14.315), (-68.699, -14.315), (-68.702, -15.886)]
284;100;;;0;0,41;[362, 558, 559, 364];[(-68.58, -19.943), (-68.581, -16.631), (-68.703, -16.631), (-68.708, -19.943)]
285;1;;;0;0,91;[556, 555, 561, 562];[(-59.687, -13.711), (-59.687, -14.309), (-58.17, -14.309), (-58.17, -13.711)]
286;100;;;0;0,32;[562, 561, 563, 564];[(-58.17, -13.711), (-58.17, -14.309), (-57.641, -14.309), (-57.641, -13.711)]
287;100;;;0;0,30;[564, 563, 565, 566];[(-57.641, -13.711), (-57.641, -14.309), (-56.947, -14.309), (-56.947, -14.039)]
288;100;;;0;4,00;[350, 565, 563, 352];[(-56.939, -19.943), (-56.947, -14.309), (-57.641, -14.309), (-57.664, -19.943)]
289;100;;;0;0,29;[564, 566, 568, 567];[(-57.641, -13.711), (-56.947, -14.039), (-56.947, -13.464), (-57.641, -13.464)]
290;100;;;0;0,99;[493, 491, 569, 570];[(-62.911, 1.161), (-62.911, 0.54), (-61.319, 0.54), (-61.319, 1.161)]
291;100;;;0;0,12;[570, 569, 571, 572];[(-61.319, 1.161), (-61.319, 0.54), (-61.133, 0.54), (-61.133, 1.161)]
292;100;;;0;2,23;[20, 572, 571, 22];[(-57.503, 1.16), (-61.133, 1.161), (-61.133, 0.54), (-57.503, 0.553)]
293;100;;;0;0,93;[501, 499, 573, 574];[(-62.911, 4.59), (-62.911, 4.011), (-61.302, 4.011), (-61.302, 4.59)]
294;100;;;0;0,10;[574, 573, 575, 576];[(-61.302, 4.59), (-61.302, 4.011), (-61.133, 4.011), (-61.133, 4.59)]
295;100;;;0;2,10;[16, 576, 575, 18];[(-57.503, 4.589), (-61.133, 4.59), (-61.133, 4.011), (-57.503, 4.01)]
296;100;;;0;0,03;[575, 573, 577, 578];[(-61.133, 4.011), (-61.302, 4.011), (-61.302, 3.808), (-61.133, 3.808)]
297;3;;;0;0,14;[578, 577, 579, 580];[(-61.133, 3.808), (-61.302, 3.808), (-61.302, 2.962), (-61.133, 2.962)]
298;100;;;0;0,32;[572, 580, 579, 570];[(-61.133, 1.161), (-61.133, 2.962), (-61.302, 2.962), (-61.319, 1.161)]
299;100;;;0;0,57;[483, 485, 582, 581];[(-56.872, -10.141), (-56.872, -10.632), (-55.703, -10.632), (-55.703, -10.141)]
300;1;;;0;0,40;[581, 582, 584, 583];[(-55.703, -10.141), (-55.703, -10.632), (-54.89, -10.632), (-54.89, -10.141)]
301;100;;;0;0,21;[583, 584, 586, 585];[(-54.89, -10.141), (-54.89, -10.632), (-54.467, -10.632), (-54.467, -10.141)]
302;100;;;0;0,12;[585, 586, 588, 587];[(-54.467, -10.141), (-54.467, -10.632), (-54.23, -10.632), (-54.23, -10.141)]
303;100;;;0;0,33;[587, 588, 590, 589];[(-54.23, -10.141), (-54.23, -10.632), (-53.553, -10.632), (-53.553, -10.141)]
304;1;;;0;0,52;[589, 590, 592, 591];[(-53.553, -10.141), (-53.553, -10.632), (-52.486, -10.632), (-52.486, -10.141)]
305;100;;;0;0,38;[591, 592, 594, 593];[(-52.486, -10.141), (-52.486, -10.632), (-51.707, -10.632), (-51.707, -10.141)]
306;100;;;0;0,14;[593, 594, 596, 595];[(-51.707, -10.141), (-51.707, -10.632), (-51.419, -10.632), (-51.419, -10.141)]
307;100;;;0;4,12;[595, 596, 598, 597];[(-51.419, -10.141), (-51.419, -10.632), (-43.021, -10.632), (-43.021, -10.141)]
308;1;;;0;0,75;[597, 598, 600, 599];[(-43.021, -10.141), (-43.021, -10.632), (-41.497, -10.632), (-41.497, -10.141)]
309;100;;;0;0,21;[599, 600, 602, 601];[(-41.497, -10.141), (-41.497, -10.632), (-41.074, -10.632), (-41.074, -10.141)]
310;100;;;0;0,12;[601, 602, 604, 603];[(-41.074, -10.141), (-41.074, -10.632), (-40.82, -10.632), (-40.82, -10.141)]
311;100;;;0;2,66;[603, 604, 606, 605];[(-40.82, -10.141), (-40.82, -10.632), (-35.402, -10.632), (-35.402, -10.141)]
312;1;;;0;0,74;[605, 606, 608, 607];[(-35.402, -10.141), (-35.402, -10.632), (-33.895, -10.632), (-33.895, -10.141)]
313;100;;;0;0,67;[607, 608, 610, 609];[(-33.895, -10.141), (-33.895, -10.632), (-32.523, -10.632), (-32.523, -10.141)]
314;100;;;0;0,27;[609, 610, 612, 611];[(-32.523, -10.141), (-32.523, -10.632), (-31.981, -10.632), (-31.981, -10.141)]
315;100;;;0;0,42;[611, 612, 614, 613];[(-31.981, -10.141), (-31.981, -10.632), (-31.135, -10.632), (-31.135, -10.141)]
316;1;;;0;0,50;[613, 614, 616, 615];[(-31.135, -10.141), (-31.135, -10.632), (-30.119, -10.632), (-30.119, -10.141)]
317;100;;;0;0,37;[615, 616, 618, 617];[(-30.119, -10.141), (-30.119, -10.632), (-29.374, -10.632), (-29.374, -10.141)]
318;100;;;0;0,08;[617, 618, 620, 619];[(-29.374, -10.141), (-29.374, -10.632), (-29.204, -10.632), (-29.204, -10.141)]
319;100;;;0;1,05;[619, 620, 622, 621];[(-29.204, -10.141), (-29.204, -10.632), (-27.071, -10.632), (-27.071, -10.141)]
320;1;;;0;0,45;[621, 622, 624, 623];[(-27.071, -10.141), (-27.071, -10.632), (-26.157, -10.632), (-26.157, -10.141)]
321;100;;;0;2,08;[623, 624, 626, 625];[(-26.157, -10.141), (-26.157, -10.632), (-21.924, -10.632), (-21.924, -10.141)]
322;100;;;0;0,09;[625, 626, 628, 627];[(-21.924, -10.141), (-21.924, -10.632), (-21.737, -10.632), (-21.737, -10.141)]
323;100;;;0;0,47;[627, 628, 630, 629];[(-21.737, -10.141), (-21.737, -10.632), (-20.772, -10.632), (-20.772, -10.141)]
324;1;;;0;0,76;[629, 630, 632, 631];[(-20.772, -10.141), (-20.772, -10.632), (-19.215, -10.632), (-19.215, -10.141)]
325;100;;;0;0,16;[631, 632, 634, 633];[(-19.215, -10.141), (-19.215, -10.632), (-18.893, -10.632), (-18.893, -10.141)]
326;100;;;0;0,09;[633, 634, 636, 635];[(-18.893, -10.141), (-18.893, -10.632), (-18.707, -10.632), (-18.707, -10.141)]
327;100;;;0;1,74;[635, 636, 638, 637];[(-18.707, -10.141), (-18.707, -10.632), (-15.168, -10.632), (-15.168, -10.141)]
328;1;;;0;0,76;[637, 638, 640, 639];[(-15.168, -10.141), (-15.168, -10.632), (-13.627, -10.632), (-13.627, -10.141)]
329;100;;;0;0,26;[639, 640, 642, 641];[(-13.627, -10.141), (-13.627, -10.632), (-13.102, -10.632), (-13.102, -10.141)]
330;100;;;0;0,12;[641, 642, 644, 643];[(-13.102, -10.141), (-13.102, -10.632), (-12.865, -10.632), (-12.865, -10.141)]
331;100;;;0;1,70;[643, 644, 646, 645];[(-12.865, -10.141), (-12.865, -10.632), (-9.411, -10.632), (-9.411, -10.141)]
332;1;;;0;0,72;[645, 646, 648, 647];[(-9.411, -10.141), (-9.411, -10.632), (-7.938, -10.632), (-7.938, -10.141)]
333;100;;;0;1,60;[647, 648, 651, 652, 653, 654, 650, 649];[(-7.938, -10.141), (-7.938, -10.632), (-7.938, -10.751), (-7.311, -10.751), (-7.21, -10.751), (-5.449, -10.751), (-5.449, -10.012), (-6.753, -10.141)]
334;100;;;0;1,00;[65, 68, 67, 66, 64];[(-6.749, -4.202), (-5.465, -4.202), (-5.465, -3.426), (-6.377, -3.426), (-6.749, -3.426)]
335;100;;;0;7,60;[65, 649, 650, 68];[(-6.749, -4.202), (-6.753, -10.141), (-5.449, -10.012), (-5.465, -4.202)]
336;100;;;0;0,43;[650, 654, 656, 655];[(-5.449, -10.012), (-5.449, -10.751), (-4.873, -10.751), (-4.873, -10.012)]
337;1;;;0;1,20;[655, 656, 658, 657];[(-4.873, -10.012), (-4.873, -10.751), (-3.25, -10.751), (-3.25, -10.012)]
338;100;;;0;5,32;[657, 658, 660, 659];[(-3.25, -10.012), (-3.25, -10.751), (3.946, -10.751), (3.946, -10.012)]
339;1;;;0;1,19;[659, 660, 662, 661];[(3.946, -10.012), (3.946, -10.751), (5.557, -10.751), (5.557, -10.012)]
340;100;;;0;0,41;[661, 662, 664, 663];[(5.557, -10.012), (5.557, -10.751), (6.11, -10.751), (6.11, -10.012)]
341;100;;;0;0,49;[663, 664, 666, 665];[(6.11, -10.012), (6.11, -10.751), (6.745, -10.751), (6.745, -9.944)]
342;100;;;0;0,35;[665, 666, 668, 667];[(6.745, -9.944), (6.745, -10.751), (7.18, -10.751), (7.18, -9.944)]
343;1;;;0;0,72;[667, 668, 670, 669];[(7.18, -9.944), (7.18, -10.751), (8.073, -10.751), (8.073, -9.944)]
344;100;;;0;0,08;[669, 670, 672, 671];[(8.073, -9.944), (8.073, -10.751), (8.214, -10.751), (8.141, -9.944)]
345;100;;;0;3,41;[665, 673, 79, 663];[(6.745, -9.944), (6.72, -4.601), (6.087, -4.601), (6.11, -10.012)]
346;100;;;0;0,01;[653, 652, 674, 675];[(-7.21, -10.751), (-7.311, -10.751), (-7.311, -10.833), (-7.21, -10.833)]
347;1;;;0;0,24;[675, 674, 676, 677];[(-7.21, -10.833), (-7.311, -10.833), (-7.311, -13.197), (-7.21, -13.197)]
348;100;;;0;0,01;[677, 676, 678, 679];[(-7.21, -13.197), (-7.311, -13.197), (-7.311, -13.326), (-7.21, -13.326)]
349;100;;;0;3,42;[680, 682, 685, 684];[(-7.929, -14.046), (-7.929, -13.459), (-13.754, -13.459), (-13.754, -14.046)]
350;100;;;0;0,52;[678, 681, 682, 680, 683, 679];[(-7.311, -13.326), (-7.929, -13.326), (-7.929, -13.459), (-7.929, -14.046), (-7.21, -14.046), (-7.21, -13.326)]
351;100;;;0;3,59;[309, 683, 680, 313];[(-7.221, -19.16), (-7.21, -14.046), (-7.929, -14.046), (-7.907, -19.16)]
352;1;;;0;0,58;[684, 685, 687, 686];[(-13.754, -14.046), (-13.754, -13.459), (-14.742, -13.459), (-14.742, -14.046)]
353;100;;;0;0,40;[686, 687, 689, 688];[(-14.742, -14.046), (-14.742, -13.459), (-15.424, -13.459), (-15.424, -14.046)]
354;100;;;0;0,11;[688, 689, 691, 690];[(-15.424, -14.046), (-15.424, -13.459), (-15.612, -13.459), (-15.612, -14.046)]
355;100;;;0;1,74;[690, 691, 693, 692];[(-15.612, -14.046), (-15.612, -13.459), (-18.575, -13.459), (-18.575, -14.046)]
356;100;;;0;0,10;[692, 693, 695, 694];[(-18.575, -14.046), (-18.575, -13.459), (-18.74, -13.459), (-18.74, -14.046)]
357;100;;;0;0,52;[694, 695, 697, 696];[(-18.74, -14.046), (-18.74, -13.459), (-19.633, -13.459), (-19.633, -14.046)]
358;1;;;0;0,59;[696, 697, 699, 698];[(-19.633, -14.046), (-19.633, -13.459), (-20.644, -13.459), (-20.644, -14.046)]
359;100;;;0;0,49;[698, 699, 701, 700];[(-20.644, -14.046), (-20.644, -13.459), (-21.479, -13.459), (-21.479, -14.046)]
360;100;;;0;0,10;[700, 701, 703, 702];[(-21.479, -14.046), (-21.479, -13.459), (-21.656, -13.459), (-21.656, -14.046)]
361;100;;;0;1,55;[702, 703, 705, 704];[(-21.656, -14.046), (-21.656, -13.459), (-24.301, -13.459), (-24.301, -14.046)]
362;100;;;0;0,10;[704, 705, 707, 706];[(-24.301, -14.046), (-24.301, -13.459), (-24.466, -13.459), (-24.466, -14.046)]
363;100;;;0;3,21;[706, 707, 709, 708];[(-24.466, -14.046), (-24.466, -13.459), (-29.934, -13.459), (-29.934, -14.046)]
364;1;;;0;0,89;[708, 709, 711, 710];[(-29.934, -14.046), (-29.934, -13.459), (-31.45, -13.459), (-31.45, -14.046)]
365;100;;;0;0,30;[710, 711, 713, 712];[(-31.45, -14.046), (-31.45, -13.459), (-31.956, -13.459), (-31.956, -14.046)]
366;100;;;0;0,31;[712, 713, 715, 714];[(-31.956, -14.046), (-31.956, -13.459), (-32.485, -13.459), (-32.485, -14.046)]
367;100;;;0;1,22;[714, 715, 717, 716];[(-32.485, -14.046), (-32.485, -13.459), (-34.566, -13.459), (-34.566, -14.046)]
368;100;;;0;0,08;[716, 717, 719, 718];[(-34.566, -14.046), (-34.566, -13.459), (-34.707, -13.459), (-34.707, -14.046)]
369;100;;;0;2,23;[718, 719, 721, 720];[(-34.707, -14.046), (-34.707, -13.459), (-38.505, -13.459), (-38.505, -14.046)]
370;1;;;0;0,88;[720, 721, 723, 722];[(-38.505, -14.046), (-38.505, -13.459), (-40.011, -13.459), (-40.011, -14.046)]
371;100;;;0;0,42;[722, 723, 725, 724];[(-40.011, -14.046), (-40.011, -13.459), (-40.728, -13.459), (-40.728, -14.046)]
372;100;;;0;0,09;[724, 725, 727, 726];[(-40.728, -14.046), (-40.728, -13.459), (-40.881, -13.459), (-40.881, -14.046)]
373;100;;;0;0,22;[726, 727, 729, 728];[(-40.881, -14.046), (-40.881, -13.459), (-41.257, -13.459), (-41.257, -14.046)]
374;1;;;0;0,88;[728, 729, 731, 730];[(-41.257, -14.046), (-41.257, -13.459), (-42.762, -13.459), (-42.762, -14.046)]
375;100;;;0;2,03;[730, 731, 733, 732];[(-42.762, -14.046), (-42.762, -13.459), (-46.219, -13.459), (-46.219, -14.046)]
376;100;;;0;0,10;[732, 733, 735, 734];[(-46.219, -14.046), (-46.219, -13.459), (-46.384, -13.459), (-46.384, -14.046)]
377;100;;;0;1,24;[734, 735, 737, 736];[(-46.384, -14.046), (-46.384, -13.459), (-48.488, -13.459), (-48.488, -14.046)]
378;1;;;0;0,55;[736, 737, 739, 738];[(-48.488, -14.046), (-48.488, -13.459), (-49.417, -13.459), (-49.417, -14.046)]
379;100;;;0;1,28;[738, 739, 741, 740];[(-49.417, -14.046), (-49.417, -13.459), (-51.604, -13.459), (-51.604, -14.046)]
380;100;;;0;0,08;[740, 741, 743, 742];[(-51.604, -14.046), (-51.604, -13.459), (-51.745, -13.459), (-51.745, -14.046)]
381;100;;;0;1,55;[742, 743, 745, 744];[(-51.745, -14.046), (-51.745, -13.459), (-54.391, -13.459), (-54.391, -14.046)]
382;1;;;0;0,89;[744, 745, 747, 746];[(-54.391, -14.046), (-54.391, -13.459), (-55.908, -13.459), (-55.908, -14.046)]
383;100;;;0;0,60;[566, 746, 747, 568];[(-56.947, -14.039), (-55.908, -14.046), (-55.908, -13.459), (-56.947, -13.464)]
384;100;;;0;0,88;[346, 740, 742, 348];[(-51.589, -19.943), (-51.604, -14.046), (-51.745, -14.046), (-51.746, -19.943)]
385;100;;;0;0,92;[342, 732, 734, 344];[(-46.22, -19.943), (-46.219, -14.046), (-46.384, -14.046), (-46.367, -19.943)]
386;100;;;0;0,91;[338, 724, 726, 340];[(-40.732, -19.943), (-40.728, -14.046), (-40.881, -14.046), (-40.889, -19.943)]
387;100;;;0;0,01;[716, 718, 749, 748];[(-34.566, -14.046), (-34.707, -14.046), (-34.707, -14.14), (-34.566, -14.14)]
388;8;;;0;0,12;[748, 749, 751, 750];[(-34.566, -14.14), (-34.707, -14.14), (-34.707, -14.987), (-34.566, -14.987)]
389;100;;;0;0,76;[334, 750, 751, 336];[(-34.547, -19.943), (-34.566, -14.987), (-34.707, -14.987), (-34.714, -19.943)]
390;100;;;0;3,09;[330, 712, 714, 332];[(-31.972, -19.943), (-31.956, -14.046), (-32.485, -14.046), (-32.492, -19.943)]
391;100;;;0;0,98;[326, 704, 706, 328];[(-24.3, -19.943), (-24.301, -14.046), (-24.466, -14.046), (-24.467, -19.943)]
392;100;;;0;0,07;[700, 702, 753, 752];[(-21.479, -14.046), (-21.656, -14.046), (-21.656, -14.423), (-21.479, -14.423)]
393;8;;;0;0,14;[752, 753, 755, 754];[(-21.479, -14.423), (-21.656, -14.423), (-21.656, -15.234), (-21.479, -15.234)]
394;100;;;0;0,83;[322, 754, 755, 324];[(-21.478, -19.943), (-21.479, -15.234), (-21.656, -15.234), (-21.654, -19.943)]
395;100;;;0;0,06;[692, 694, 757, 756];[(-18.575, -14.046), (-18.74, -14.046), (-18.74, -14.399), (-18.575, -14.399)]
396;8;;;0;0,16;[756, 757, 759, 758];[(-18.575, -14.399), (-18.74, -14.399), (-18.74, -15.387), (-18.575, -15.387)]
397;100;;;0;0,80;[318, 758, 759, 320];[(-18.548, -19.943), (-18.575, -15.387), (-18.74, -15.387), (-18.734, -19.943)]
398;100;;;0;1,10;[311, 688, 690, 316];[(-15.442, -19.943), (-15.424, -14.046), (-15.612, -14.046), (-15.628, -19.943)]
399;100;;;0;0,57;[63, 61, 760, 761];[(-10.031, -4.202), (-10.188, -4.202), (-10.188, -7.828), (-10.031, -7.828)]
400;100;;;0;1,34;[57, 641, 643, 59];[(-13.118, -4.202), (-13.102, -10.141), (-12.865, -10.141), (-12.903, -4.202)]
401;100;;;0;1,08;[53, 633, 635, 55];[(-18.889, -4.202), (-18.893, -10.141), (-18.707, -10.141), (-18.713, -4.202)]
402;100;;;0;1,06;[49, 625, 627, 51];[(-21.909, -4.202), (-21.924, -10.141), (-21.737, -10.141), (-21.74, -4.202)]
403;100;;;0;0,96;[45, 617, 619, 47];[(-29.401, -4.202), (-29.374, -10.141), (-29.204, -10.141), (-29.246, -4.202)]
404;100;;;0;3,24;[41, 609, 611, 43];[(-32.534, -4.202), (-32.523, -10.141), (-31.981, -10.141), (-31.984, -4.202)]
405;100;;;0;1,63;[37, 601, 603, 39];[(-41.113, -4.202), (-41.074, -10.141), (-40.82, -10.141), (-40.817, -4.202)]
406;100;;;0;1,61;[33, 593, 595, 35];[(-51.695, -4.202), (-51.707, -10.141), (-51.419, -10.141), (-51.441, -4.202)]
407;100;;;0;1,37;[29, 585, 587, 31];[(-54.461, -4.202), (-54.467, -10.141), (-54.23, -10.141), (-54.235, -4.202)]
408;100;;;0;2,73;[288, 287, 762, 763];[(8.212, -19.16), (8.898, -19.16), (8.898, -15.18), (8.212, -15.18)]
409;100;;;0;0,27;[763, 762, 764, 765];[(8.212, -15.18), (8.898, -15.18), (8.898, -14.791), (8.212, -14.791)]
410;100;;;0;0,14;[765, 764, 766, 768, 767];[(8.212, -14.791), (8.898, -14.791), (8.898, -14.587), (8.277, -14.587), (8.212, -14.587)]
411;100;;;0;0,01;[767, 768, 770, 769];[(8.212, -14.587), (8.277, -14.587), (8.277, -14.481), (8.212, -14.481)]
412;1;;;0;0,10;[769, 770, 772, 771];[(8.212, -14.481), (8.277, -14.481), (8.277, -12.97), (8.212, -12.97)]
413;100;;;0;0,01;[771, 772, 774, 773];[(8.212, -12.97), (8.277, -12.97), (8.277, -12.831), (8.212, -12.831)]
414;100;;;0;0,44;[775, 778, 779, 776];[(8.212, -12.729), (8.89, -12.729), (8.89, -12.077), (8.212, -12.077)]
415;100;;;0;2,16;[779, 778, 780, 781, 1270];[(8.89, -12.077), (8.89, -12.729), (12.201, -12.729), (12.201, -12.077), (11.798, -12.077)]
416;100;;;0;0,07;[774, 777, 778, 775, 773];[(8.277, -12.831), (8.89, -12.831), (8.89, -12.729), (8.212, -12.729), (8.212, -12.831)]
417;100;;;0;3,46;[785, 783, 782, 786];[(8.889, -9.275), (8.889, -10.649), (11.407, -10.649), (11.407, -9.275)]
418;100;;;0;0,93;[779, 783, 672, 776];[(8.89, -12.077), (8.889, -10.649), (8.214, -10.751), (8.212, -12.077)]
419;100;;;0;1,08;[786, 782, 1269, 787, 1279, 788];[(11.407, -9.275), (11.407, -10.649), (11.798, -10.649), (12.19, -10.649), (12.19, -10.014), (12.19, -9.275)]
420;100;;;0;1,04;[783, 785, 784, 671, 672];[(8.889, -10.649), (8.889, -9.275), (8.141, -9.275), (8.141, -9.944), (8.214, -10.751)]
421;100;;;0;3,64;[82, 786, 788, 1282, 84];[(11.406, -4.601), (11.407, -9.275), (12.19, -9.275), (12.186, -6.849), (12.182, -4.601)]
422;100;;;0;1,54;[789, 91, 790, 791];[(18.619, -7.028), (18.08, -7.028), (18.08, -9.893), (18.619, -9.893)]
423;100;;;0;0,33;[791, 790, 1280, 792, 793];[(18.619, -9.893), (18.08, -9.893), (18.08, -10.014), (18.08, -10.512), (18.619, -10.512)]
424;100;;;0;0,22;[793, 792, 794, 795];[(18.619, -10.512), (18.08, -10.512), (18.08, -10.92), (18.619, -10.92)]
425;1;;;0;0,41;[795, 794, 796, 797];[(18.619, -10.92), (18.08, -10.92), (18.08, -11.675), (18.619, -11.675)]
426;100;;;0;0,25;[797, 796, 798, 799];[(18.619, -11.675), (18.08, -11.675), (18.08, -12.138), (18.619, -12.138)]
427;100;;;0;0,25;[799, 798, 800, 801];[(18.619, -12.138), (18.08, -12.138), (18.08, -12.601), (18.619, -12.601)]
428;100;;;0;1,04;[799, 801, 803, 802];[(18.619, -12.138), (18.619, -12.601), (20.865, -12.601), (20.865, -12.138)]
429;100;;;0;0,48;[805, 809, 804, 807, 808, 810, 815, 816, 812];[(22.008, -12.07), (21.45, -12.07), (21.45, -12.138), (21.45, -12.819), (21.552, -12.819), (21.608, -12.819), (22.087, -12.819), (22.087, -12.491), (22.087, -12.07)]
430;100;;;0;0,36;[811, 814, 817, 818, 819, 813];[(21.45, -10.502), (22.008, -10.502), (22.008, -9.865), (21.942, -9.865), (21.823, -9.865), (21.45, -9.865)]
431;100;;;0;0,40;[803, 806, 807, 804, 802];[(20.865, -12.601), (20.865, -12.819), (21.45, -12.819), (21.45, -12.138), (20.865, -12.138)]
432;100;;;0;0,87;[809, 805, 814, 811];[(21.45, -12.07), (22.008, -12.07), (22.008, -10.502), (21.45, -10.502)]
433;100;;;0;1,78;[793, 811, 813, 791];[(18.619, -10.512), (21.45, -10.502), (21.45, -9.865), (18.619, -9.893)]
434;8;;;0;0,11;[821, 820, 822, 823];[(21.823, -9.582), (21.942, -9.582), (21.942, -8.689), (21.823, -8.689)]
435;100;;;0;0,03;[819, 818, 820, 821];[(21.823, -9.865), (21.942, -9.865), (21.942, -9.582), (21.823, -9.582)]
436;100;;;0;0,18;[94, 823, 822, 96];[(21.834, -7.028), (21.823, -8.689), (21.942, -8.689), (21.933, -7.028)]
437;100;;;0;0,53;[812, 816, 825, 824];[(22.087, -12.07), (22.087, -12.491), (23.334, -12.491), (23.334, -12.07)]
438;1;;;0;0,41;[824, 825, 827, 826];[(23.334, -12.07), (23.334, -12.491), (24.31, -12.491), (24.31, -12.07)]
439;100;;;0;1,49;[826, 827, 829, 828];[(24.31, -12.07), (24.31, -12.491), (27.837, -12.491), (27.837, -12.07)]
440;100;;;0;0,09;[828, 829, 831, 830];[(27.837, -12.07), (27.837, -12.491), (28.049, -12.491), (28.049, -12.07)]
441;100;;;0;1,09;[830, 831, 833, 832];[(28.049, -12.07), (28.049, -12.491), (30.636, -12.491), (30.636, -12.07)]
442;100;;;0;0,06;[832, 833, 835, 834];[(30.636, -12.07), (30.636, -12.491), (30.788, -12.491), (30.788, -12.07)]
443;100;;;0;1,14;[834, 835, 837, 836];[(30.788, -12.07), (30.788, -12.491), (33.505, -12.491), (33.505, -12.07)]
444;100;;;0;0,06;[836, 837, 839, 838];[(33.505, -12.07), (33.505, -12.491), (33.646, -12.491), (33.646, -12.07)]
445;100;;;0;0,27;[838, 839, 841, 840];[(33.646, -12.07), (33.646, -12.491), (34.292, -12.491), (34.292, -12.07)]
446;1;;;0;0,42;[840, 841, 843, 842];[(34.292, -12.07), (34.292, -12.491), (35.28, -12.491), (35.28, -12.07)]
447;100;;;0;0,41;[842, 843, 845, 844];[(35.28, -12.07), (35.28, -12.491), (36.244, -12.491), (36.244, -12.07)]
448;100;;;0;0,19;[844, 845, 847, 846];[(36.244, -12.07), (36.244, -12.491), (36.691, -12.491), (36.691, -12.07)]
449;100;;;0;0,43;[846, 847, 849, 848];[(36.691, -12.07), (36.691, -12.491), (37.714, -12.491), (37.714, -12.07)]
450;1;;;0;0,42;[848, 849, 851, 850];[(37.714, -12.07), (37.714, -12.491), (38.714, -12.491), (38.714, -12.07)]
451;100;;;0;0,23;[850, 851, 853, 852];[(38.714, -12.07), (38.714, -12.491), (39.254, -12.491), (39.254, -12.07)]
452;100;;;0;0,12;[852, 853, 855, 854];[(39.254, -12.07), (39.254, -12.491), (39.537, -12.491), (39.537, -12.07)]
453;100;;;0;1,11;[854, 855, 857, 856];[(39.537, -12.07), (39.537, -12.491), (42.182, -12.491), (42.182, -12.07)]
454;100;;;0;0,08;[856, 857, 859, 858];[(42.182, -12.07), (42.182, -12.491), (42.37, -12.491), (42.37, -12.07)]
455;100;;;0;0,14;[858, 859, 861, 860];[(42.37, -12.07), (42.37, -12.491), (42.705, -12.491), (42.705, -12.07)]
456;1;;;0;0,42;[860, 861, 863, 862];[(42.705, -12.07), (42.705, -12.491), (43.693, -12.491), (43.693, -12.07)]
457;100;;;0;0,70;[862, 863, 865, 864];[(43.693, -12.07), (43.693, -12.491), (45.359, -12.491), (45.359, -12.07)]
458;100;;;0;0,06;[864, 865, 867, 866];[(45.359, -12.07), (45.359, -12.491), (45.506, -12.491), (45.506, -12.07)]
459;100;;;0;0,24;[866, 867, 869, 868];[(45.506, -12.07), (45.506, -12.491), (46.069, -12.491), (46.069, -12.07)]
460;1;;;0;0,36;[868, 869, 871, 870];[(46.069, -12.07), (46.069, -12.491), (46.927, -12.491), (46.927, -12.07)]
461;100;;;0;0,38;[870, 871, 873, 872];[(46.927, -12.07), (46.927, -12.491), (47.833, -12.491), (47.833, -12.07)]
462;100;;;0;0,07;[872, 873, 875, 874];[(47.833, -12.07), (47.833, -12.491), (48.005, -12.491), (48.005, -12.07)]
463;100;;;0;1,21;[874, 875, 877, 876];[(48.005, -12.07), (48.005, -12.491), (50.871, -12.491), (50.871, -12.07)]
464;100;;;0;0,08;[876, 877, 879, 878];[(50.871, -12.07), (50.871, -12.491), (51.05, -12.491), (51.05, -12.07)]
465;100;;;0;0,25;[878, 879, 881, 880];[(51.05, -12.07), (51.05, -12.491), (51.655, -12.491), (51.655, -12.07)]
466;1;;;0;0,39;[880, 881, 883, 882];[(51.655, -12.07), (51.655, -12.491), (52.586, -12.491), (52.586, -12.07)]
467;100;;;0;0,44;[882, 883, 885, 884];[(52.586, -12.07), (52.586, -12.491), (53.623, -12.491), (53.623, -12.07)]
468;100;;;0;0,21;[884, 885, 887, 886];[(53.623, -12.07), (53.623, -12.491), (54.121, -12.491), (54.121, -12.07)]
469;100;;;0;0,65;[886, 887, 889, 888];[(54.121, -12.07), (54.121, -12.491), (55.664, -12.491), (55.664, -12.07)]
470;1;;;0;0,40;[888, 889, 891, 890];[(55.664, -12.07), (55.664, -12.491), (56.611, -12.491), (56.611, -12.07)]
471;100;;;0;0,08;[890, 891, 893, 892];[(56.611, -12.07), (56.611, -12.491), (56.81, -12.491), (56.81, -12.07)]
472;100;;;0;0,06;[892, 893, 895, 894];[(56.81, -12.07), (56.81, -12.491), (56.963, -12.491), (56.963, -12.07)]
473;100;;;0;0,06;[894, 895, 897, 896];[(56.963, -12.07), (56.963, -12.491), (57.105, -12.491), (57.105, -12.07)]
474;1;;;0;0,41;[896, 897, 899, 898];[(57.105, -12.07), (57.105, -12.491), (58.074, -12.491), (58.074, -12.07)]
475;100;;;0;0,45;[898, 899, 901, 900];[(58.074, -12.07), (58.074, -12.491), (59.14, -12.491), (59.14, -12.07)]
476;1;;;0;0,68;[911, 910, 912, 913];[(61.284, -12.046), (61.284, -12.571), (62.577, -12.571), (62.577, -12.046)]
477;100;;;0;0,25;[905, 908, 902, 909, 903];[(60.093, -11.815), (60.093, -12.571), (60.422, -12.571), (60.422, -12.046), (60.422, -11.815)]
478;100;;;0;0,67;[906, 907, 908, 905, 904, 900, 901];[(59.809, -12.491), (59.809, -12.571), (60.093, -12.571), (60.093, -11.815), (59.14, -11.815), (59.14, -12.07), (59.14, -12.491)]
479;100;;;0;0,45;[913, 912, 914, 915];[(62.577, -12.046), (62.577, -12.571), (63.427, -12.571), (63.427, -12.046)]
480;100;;;0;0,45;[909, 902, 910, 911];[(60.422, -12.046), (60.422, -12.571), (61.284, -12.571), (61.284, -12.046)]
481;100;;;0;0,22;[915, 914, 916, 917];[(63.427, -12.046), (63.427, -12.571), (63.841, -12.571), (63.841, -12.046)]
482;100;;;0;0,94;[917, 916, 918, 919];[(63.841, -12.046), (63.841, -12.571), (65.627, -12.571), (65.627, -12.046)]
483;100;;;0;0,07;[919, 918, 920, 921];[(65.627, -12.046), (65.627, -12.571), (65.763, -12.571), (65.763, -12.046)]
484;100;;;0;0,11;[921, 920, 922, 923];[(65.763, -12.046), (65.763, -12.571), (65.973, -12.571), (65.973, -12.046)]
485;1;;;0;0,68;[923, 922, 924, 925];[(65.973, -12.046), (65.973, -12.571), (67.266, -12.571), (67.266, -12.046)]
486;100;;;0;0,52;[925, 924, 926, 927];[(67.266, -12.046), (67.266, -12.571), (68.262, -12.571), (68.262, -12.046)]
487;100;;;0;0,07;[927, 926, 928, 929];[(68.262, -12.046), (68.262, -12.571), (68.401, -12.571), (68.401, -12.046)]
488;100;;;0;0,43;[929, 928, 930, 931];[(68.401, -12.046), (68.401, -12.571), (69.226, -12.571), (69.226, -12.046)]
489;1;;;0;0,48;[931, 930, 932, 933];[(69.226, -12.046), (69.226, -12.571), (70.132, -12.571), (70.132, -12.046)]
490;100;;;0;0,07;[933, 932, 934, 935];[(70.132, -12.046), (70.132, -12.571), (70.263, -12.571), (70.263, -12.046)]
491;100;;;0;2,55;[195, 935, 934, 199];[(75.147, -12.046), (70.263, -12.046), (70.263, -12.571), (75.147, -12.565)]
492;100;;;0;0,12;[934, 932, 936, 937];[(70.263, -12.571), (70.132, -12.571), (70.132, -13.469), (70.263, -13.469)]
493;1;;;0;0,13;[937, 936, 938, 939];[(70.263, -13.469), (70.132, -13.469), (70.132, -14.435), (70.263, -14.435)]
494;100;;;0;0,03;[939, 938, 940, 941];[(70.263, -14.435), (70.132, -14.435), (70.132, -14.673), (70.263, -14.673)]
495;100;;;0;0,05;[941, 940, 942, 943];[(70.263, -14.673), (70.132, -14.673), (70.132, -15.028), (70.263, -15.028)]
496;100;;;0;1,75;[201, 941, 943, 203];[(75.147, -14.662), (70.263, -14.673), (70.263, -15.028), (75.147, -15.024)]
497;100;;;0;0,68;[942, 940, 944, 945];[(70.132, -15.028), (70.132, -14.673), (68.222, -14.673), (68.222, -15.028)]
498;1;;;0;0,32;[945, 944, 946, 947];[(68.222, -15.028), (68.222, -14.673), (67.323, -14.673), (67.323, -15.028)]
499;100;;;0;0,15;[947, 946, 948, 949];[(67.323, -15.028), (67.323, -14.673), (66.899, -14.673), (66.899, -15.028)]
500;100;;;0;0,04;[949, 948, 950, 951];[(66.899, -15.028), (66.899, -14.673), (66.784, -14.673), (66.784, -15.028)]
501;100;;;0;0,99;[951, 950, 952, 953];[(66.784, -15.028), (66.784, -14.673), (63.992, -14.673), (63.992, -15.028)]
502;100;;;0;0,30;[955, 957, 958, 963, 964, 954];[(63.788, -15.028), (63.788, -14.347), (63.347, -14.347), (63.347, -14.658), (63.347, -14.813), (63.347, -15.028)]
503;100;;;0;0,40;[955, 954, 959, 960];[(63.788, -15.028), (63.347, -15.028), (63.347, -15.942), (63.788, -15.942)]
504;100;;;0;0,14;[952, 956, 957, 955, 953];[(63.992, -14.673), (63.992, -14.347), (63.788, -14.347), (63.788, -15.028), (63.992, -15.028)]
505;8;;;0;0,39;[960, 959, 961, 962];[(63.788, -15.942), (63.347, -15.942), (63.347, -16.824), (63.788, -16.824)]
506;100;;;0;1,33;[217, 962, 961, 219];[(63.77, -19.894), (63.788, -16.824), (63.347, -16.824), (63.359, -19.973)]
507;100;;;0;0,08;[964, 963, 965, 966];[(63.347, -14.813), (63.347, -14.658), (62.86, -14.658), (62.86, -14.813)]
508;1;;;0;0,15;[966, 965, 967, 968];[(62.86, -14.813), (62.86, -14.658), (61.901, -14.658), (61.901, -14.813)]
509;100;;;0;0,18;[968, 967, 969, 970];[(61.901, -14.813), (61.901, -14.658), (60.738, -14.658), (60.738, -14.813)]
510;100;;;0;0,03;[970, 969, 971, 972];[(60.738, -14.813), (60.738, -14.658), (60.568, -14.658), (60.568, -14.813)]
511;100;;;0;0,33;[972, 971, 973, 974];[(60.568, -14.813), (60.568, -14.658), (58.461, -14.658), (58.461, -14.813)]
512;100;;;0;0,05;[974, 973, 975, 976];[(58.461, -14.813), (58.461, -14.658), (58.158, -14.658), (58.158, -14.813)]
513;100;;;0;0,02;[976, 975, 977, 978];[(58.158, -14.813), (58.158, -14.658), (58.007, -14.658), (58.007, -14.813)]
514;100;;;0;0,40;[978, 977, 979, 980];[(58.007, -14.813), (58.007, -14.658), (55.413, -14.658), (55.413, -14.813)]
515;100;;;0;0,02;[980, 979, 981, 982];[(55.413, -14.813), (55.413, -14.658), (55.29, -14.658), (55.29, -14.813)]
516;100;;;0;0,15;[982, 981, 983, 984];[(55.29, -14.813), (55.29, -14.658), (54.335, -14.658), (54.335, -14.813)]
517;1;;;0;0,16;[984, 983, 985, 986];[(54.335, -14.813), (54.335, -14.658), (53.329, -14.658), (53.329, -14.813)]
518;100;;;0;0,08;[986, 985, 987, 988];[(53.329, -14.813), (53.329, -14.658), (52.809, -14.658), (52.809, -14.813)]
519;100;;;0;0,02;[988, 987, 989, 990];[(52.809, -14.813), (52.809, -14.658), (52.672, -14.658), (52.672, -14.813)]
520;100;;;0;0,41;[990, 989, 991, 992];[(52.672, -14.813), (52.672, -14.658), (50.007, -14.658), (50.007, -14.813)]
521;100;;;0;0,03;[992, 991, 993, 994];[(50.007, -14.813), (50.007, -14.658), (49.827, -14.658), (49.827, -14.813)]
522;100;;;0;0,48;[994, 993, 995, 996];[(49.827, -14.813), (49.827, -14.658), (46.704, -14.658), (46.704, -14.813)]
523;1;;;0;0,15;[996, 995, 997, 998];[(46.704, -14.813), (46.704, -14.658), (45.763, -14.658), (45.763, -14.813)]
524;100;;;0;0,16;[998, 997, 999, 1000];[(45.763, -14.813), (45.763, -14.658), (44.728, -14.658), (44.728, -14.813)]
525;100;;;0;0,02;[1000, 999, 1001, 1002];[(44.728, -14.813), (44.728, -14.658), (44.587, -14.658), (44.587, -14.813)]
526;100;;;0;0,14;[1002, 1001, 1003, 1004];[(44.587, -14.813), (44.587, -14.658), (43.675, -14.658), (43.675, -14.813)]
527;1;;;0;0,14;[1004, 1003, 1005, 1006];[(43.675, -14.813), (43.675, -14.658), (42.763, -14.658), (42.763, -14.813)]
528;100;;;0;0,15;[1006, 1005, 1007, 1008];[(42.763, -14.813), (42.763, -14.658), (41.822, -14.658), (41.822, -14.813)]
529;100;;;0;0,02;[1008, 1007, 1009, 1010];[(41.822, -14.813), (41.822, -14.658), (41.709, -14.658), (41.709, -14.813)]
530;100;;;0;0,50;[1010, 1009, 1011, 1012];[(41.709, -14.813), (41.709, -14.658), (38.458, -14.658), (38.458, -14.813)]
531;1;;;0;0,15;[1012, 1011, 1013, 1014];[(38.458, -14.813), (38.458, -14.658), (37.48, -14.658), (37.48, -14.813)]
532;100;;;0;0,13;[1014, 1013, 1015, 1016];[(37.48, -14.813), (37.48, -14.658), (36.62, -14.658), (36.62, -14.813)]
533;100;;;0;0,24;[1015, 1017, 1018, 1020, 1019, 1016];[(36.62, -14.658), (36.62, -14.45), (36.161, -14.45), (36.161, -14.978), (36.62, -14.978), (36.62, -14.813)]
534;100;;;0;2,44;[253, 1019, 1020, 255];[(36.628, -19.973), (36.62, -14.978), (36.161, -14.978), (36.109, -19.973)]
535;100;;;0;0,35;[1020, 1018, 1021, 1023, 1022];[(36.161, -14.978), (36.161, -14.45), (35.505, -14.45), (35.505, -14.684), (35.505, -14.978)]
536;100;;;0;0,66;[1022, 1023, 1025, 1024];[(35.505, -14.978), (35.505, -14.684), (33.261, -14.684), (33.261, -14.978)]
537;100;;;0;0,19;[1024, 1025, 1027, 1026];[(33.261, -14.978), (33.261, -14.684), (32.506, -14.776), (32.506, -14.978)]
538;100;;;0;0,09;[1027, 1025, 1028, 1029];[(32.506, -14.776), (33.261, -14.684), (33.261, -14.611), (32.506, -14.611)]
539;100;;;0;0,09;[1027, 1029, 1031, 1030];[(32.506, -14.776), (32.506, -14.611), (31.973, -14.611), (31.973, -14.776)]
540;1;;;0;0,15;[1030, 1031, 1033, 1032];[(31.973, -14.776), (31.973, -14.611), (31.066, -14.611), (31.066, -14.776)]
541;100;;;0;0,12;[1032, 1033, 1035, 1034];[(31.066, -14.776), (31.066, -14.611), (30.34, -14.611), (30.34, -14.776)]
542;100;;;0;0,03;[1034, 1035, 1037, 1036];[(30.34, -14.776), (30.34, -14.611), (30.153, -14.611), (30.153, -14.776)]
543;100;;;0;0,05;[1036, 1037, 1039, 1038];[(30.153, -14.776), (30.153, -14.611), (29.87, -14.611), (29.87, -14.776)]
544;1;;;0;0,14;[1038, 1039, 1041, 1040];[(29.87, -14.776), (29.87, -14.611), (28.996, -14.611), (28.996, -14.776)]
545;100;;;0;0,68;[1040, 1041, 1043, 1042];[(28.996, -14.776), (28.996, -14.611), (24.908, -14.611), (24.908, -14.776)]
546;100;;;0;0,03;[1042, 1043, 1045, 1044];[(24.908, -14.776), (24.908, -14.611), (24.704, -14.611), (24.704, -14.776)]
547;100;;;0;0,06;[1044, 1045, 1047, 1046];[(24.704, -14.776), (24.704, -14.611), (24.346, -14.611), (24.346, -14.776)]
548;1;;;0;0,15;[1046, 1047, 1049, 1048];[(24.346, -14.776), (24.346, -14.611), (23.428, -14.611), (23.428, -14.776)]
549;100;;;0;0,22;[1048, 1049, 1051, 1050];[(23.428, -14.776), (23.428, -14.611), (22.118, -14.611), (22.118, -14.776)]
550;1;;;0;0,08;[1052, 1053, 1060, 1059];[(21.551, -14.35), (21.608, -14.35), (21.608, -12.932), (21.551, -12.932)]
551;100;;;0;0,21;[1050, 1054, 1062, 1061];[(22.118, -14.776), (21.551, -14.776), (21.551, -15.151), (22.118, -15.151)]
552;100;;;0;0,01;[1058, 1057, 1053, 1052];[(21.551, -14.469), (21.608, -14.469), (21.608, -14.35), (21.551, -14.35)]
553;100;;;0;0,17;[1055, 1054, 1050, 1051, 1056, 1057, 1058];[(21.551, -14.611), (21.551, -14.776), (22.118, -14.776), (22.118, -14.611), (22.118, -14.469), (21.608, -14.469), (21.551, -14.469)]
554;100;;;0;0,01;[808, 1059, 1060, 810];[(21.552, -12.819), (21.551, -12.932), (21.608, -12.932), (21.608, -12.819)]
555;100;;;0;2,74;[269, 1061, 1062, 271];[(22.116, -19.973), (22.118, -15.151), (21.551, -15.151), (21.548, -19.973)]
556;100;;;0;1,37;[1062, 1054, 1063, 1064];[(21.551, -15.151), (21.551, -14.776), (17.896, -14.776), (17.896, -15.151)]
557;1;;;0;0,33;[1064, 1063, 1065, 1066];[(17.896, -15.151), (17.896, -14.776), (17.004, -14.776), (17.004, -15.151)]
558;100;;;0;0,16;[1066, 1065, 1067, 1068];[(17.004, -15.151), (17.004, -14.776), (16.583, -14.776), (16.583, -15.151)]
559;100;;;0;0,05;[1068, 1067, 1069, 1070];[(16.583, -15.151), (16.583, -14.776), (16.446, -14.776), (16.446, -15.151)]
560;100;;;0;1,00;[1070, 1069, 1071, 1072];[(16.446, -15.151), (16.446, -14.776), (13.771, -14.776), (13.771, -15.151)]
561;100;;;0;0,04;[1072, 1071, 1073, 1074];[(13.771, -15.151), (13.771, -14.776), (13.653, -14.776), (13.653, -15.151)]
562;100;;;0;0,14;[1074, 1073, 1075, 1076];[(13.653, -15.151), (13.653, -14.776), (13.281, -14.776), (13.281, -15.151)]
563;1;;;0;0,38;[1076, 1075, 1077, 1078];[(13.281, -15.151), (13.281, -14.776), (12.272, -14.776), (12.272, -15.151)]
564;100;;;0;1,29;[762, 1078, 1077, 764];[(8.898, -15.18), (12.272, -15.151), (12.272, -14.776), (8.898, -14.791)]
565;100;;;0;0,19;[1072, 1074, 1080, 1079];[(13.771, -15.151), (13.653, -15.151), (13.653, -16.762), (13.771, -16.762)]
566;8;;;0;0,11;[1079, 1080, 1082, 1081];[(13.771, -16.762), (13.653, -16.762), (13.653, -17.655), (13.771, -17.655)]
567;100;;;0;0,30;[277, 1081, 1082, 279];[(13.768, -19.973), (13.771, -17.655), (13.653, -17.655), (13.631, -19.973)]
568;100;;;0;0,69;[273, 1068, 1070, 275];[(16.58, -19.973), (16.583, -15.151), (16.446, -15.151), (16.433, -19.973)]
569;100;;;0;1,07;[265, 1042, 1044, 267];[(24.919, -19.973), (24.908, -14.776), (24.704, -14.776), (24.713, -19.973)]
570;100;;;0;1,02;[261, 1034, 1036, 263];[(30.347, -19.973), (30.34, -14.776), (30.153, -14.776), (30.141, -19.973)]
571;100;;;0;0,18;[1024, 1026, 1084, 1085, 1083];[(33.261, -14.978), (32.506, -14.978), (32.506, -15.213), (32.884, -15.213), (33.261, -15.213)]
572;100;;;0;0,12;[1083, 1085, 1087, 1086];[(33.261, -15.213), (32.884, -15.213), (32.884, -15.519), (33.261, -15.519)]
573;8;;;0;0,31;[1086, 1087, 1089, 1088];[(33.261, -15.519), (32.884, -15.519), (32.884, -16.342), (33.261, -16.342)]
574;100;;;0;1,29;[1088, 1089, 1091, 1090];[(33.261, -16.342), (32.884, -16.342), (32.884, -19.763), (33.261, -19.763)]
575;100;;;0;0,08;[257, 1090, 1091, 259];[(33.261, -19.973), (33.261, -19.763), (32.884, -19.763), (32.884, -19.973)]
576;100;;;0;0,07;[1008, 1010, 1093, 1092];[(41.822, -14.813), (41.709, -14.813), (41.709, -15.462), (41.822, -15.462)]
577;8;;;0;0,10;[1092, 1093, 1095, 1094];[(41.822, -15.462), (41.709, -15.462), (41.709, -16.323), (41.822, -16.323)]
578;100;;;0;0,48;[249, 1094, 1095, 251];[(41.821, -19.973), (41.822, -16.323), (41.709, -16.323), (41.674, -19.973)]
579;100;;;0;0,77;[245, 1000, 1002, 247];[(44.732, -19.973), (44.728, -14.813), (44.587, -14.813), (44.575, -19.973)]
580;100;;;0;0,64;[239, 237, 1096, 1097];[(49.827, -19.973), (50.013, -19.973), (50.013, -16.558), (49.827, -16.558)]
581;100;;;0;0,02;[1097, 1096, 1098, 1099];[(49.827, -16.558), (50.013, -16.558), (50.013, -16.445), (49.827, -16.445)]
582;100;;;0;0,30;[994, 1099, 1098, 992];[(49.827, -14.813), (49.827, -16.445), (50.013, -16.445), (50.007, -14.813)]
583;100;;;0;0,29;[1097, 1099, 1101, 1100];[(49.827, -16.558), (49.827, -16.445), (47.273, -16.445), (47.273, -16.558)]
584;100;;;0;0,01;[1100, 1101, 1103, 1102];[(47.273, -16.558), (47.273, -16.445), (47.16, -16.445), (47.16, -16.558)]
585;100;;;0;0,04;[1100, 1102, 1105, 1104];[(47.273, -16.558), (47.16, -16.558), (47.16, -16.869), (47.273, -16.869)]
586;8;;;0;0,09;[1104, 1105, 1107, 1106];[(47.273, -16.869), (47.16, -16.869), (47.16, -17.631), (47.273, -17.631)]
587;100;;;0;0,25;[241, 1106, 1107, 243];[(47.26, -19.973), (47.273, -17.631), (47.16, -17.631), (47.162, -19.973)]
588;100;;;0;0,09;[988, 990, 1109, 1108];[(52.809, -14.813), (52.672, -14.813), (52.672, -15.47), (52.809, -15.47)]
589;8;;;0;0,11;[1108, 1109, 1111, 1110];[(52.809, -15.47), (52.672, -15.47), (52.672, -16.283), (52.809, -16.283)]
590;100;;;0;0,52;[233, 1110, 1111, 235];[(52.806, -19.973), (52.809, -16.283), (52.672, -16.283), (52.659, -19.973)]
591;100;;;0;0,52;[231, 229, 1112, 1113];[(55.275, -19.973), (55.412, -19.973), (55.412, -16.2), (55.275, -16.2)]
592;8;;;0;0,11;[1113, 1112, 1114, 1115];[(55.275, -16.2), (55.412, -16.2), (55.412, -15.367), (55.275, -15.367)]
593;100;;;0;0,07;[982, 1115, 1114, 980];[(55.29, -14.813), (55.275, -15.367), (55.412, -15.367), (55.413, -14.813)]
594;100;;;0;0,79;[225, 976, 978, 227];[(58.156, -19.973), (58.158, -14.813), (58.007, -14.813), (57.999, -19.973)]
595;100;;;0;0,58;[223, 221, 1116, 1117];[(60.566, -19.973), (60.743, -19.973), (60.743, -16.69), (60.566, -16.69)]
596;8;;;0;0,16;[1117, 1116, 1118, 1119];[(60.566, -16.69), (60.743, -16.69), (60.743, -15.779), (60.566, -15.779)]
597;100;;;0;0,17;[972, 1119, 1118, 970];[(60.568, -14.813), (60.566, -15.779), (60.743, -15.779), (60.738, -14.813)]
598;100;;;0;0,59;[213, 949, 951, 215];[(66.886, -19.894), (66.899, -15.028), (66.784, -15.028), (66.759, -19.894)]
599;100;;;0;0,11;[943, 942, 1120, 1121];[(70.263, -15.028), (70.132, -15.028), (70.132, -15.844), (70.263, -15.844)]
600;8;;;0;0,12;[1121, 1120, 1122, 1123];[(70.263, -15.844), (70.132, -15.844), (70.132, -16.759), (70.263, -16.759)]
601;100;;;0;0,15;[1123, 1122, 1124, 1125];[(70.263, -16.759), (70.132, -16.759), (70.132, -17.935), (70.263, -17.935)]
602;100;;;0;0,02;[1125, 1124, 1126, 1127];[(70.263, -17.935), (70.132, -17.935), (70.132, -18.082), (70.263, -18.082)]
603;100;;;0;0,05;[1126, 1124, 1128, 1129];[(70.132, -18.082), (70.132, -17.935), (69.773, -17.935), (69.773, -18.082)]
604;100;;;0;0,02;[1129, 1128, 1130, 1131];[(69.773, -18.082), (69.773, -17.935), (69.626, -17.935), (69.626, -18.082)]
605;100;;;0;0,26;[209, 1129, 1131, 211];[(69.757, -19.894), (69.773, -18.082), (69.626, -18.082), (69.62, -19.894)]
606;100;;;0;5,15;[194, 192, 1132, 1133];[(75.147, -7.009), (75.147, -6.245), (68.402, -6.245), (68.402, -7.009)]
607;100;;;0;0,12;[1133, 1132, 1134, 1135];[(68.402, -7.009), (68.402, -6.245), (68.247, -6.245), (68.247, -7.009)]
608;100;;;0;0,72;[1135, 1134, 1136, 1137];[(68.247, -7.009), (68.247, -6.245), (67.306, -6.245), (67.306, -7.009)]
609;1;;;0;1,08;[1137, 1136, 1138, 1139];[(67.306, -7.009), (67.306, -6.245), (65.895, -6.245), (65.895, -7.009)]
610;100;;;0;0,10;[1139, 1138, 1140, 1141];[(65.895, -7.009), (65.895, -6.245), (65.763, -6.245), (65.763, -7.009)]
611;100;;;0;0,10;[1141, 1140, 1142, 1143];[(65.763, -7.009), (65.763, -6.245), (65.626, -6.245), (65.626, -7.009)]
612;100;;;0;1,00;[1143, 1142, 1144, 1145];[(65.626, -7.009), (65.626, -6.245), (64.318, -6.245), (64.318, -7.009)]
613;100;;;0;0,71;[1152, 1149, 1188, 1147, 1153];[(63.857, -7.529), (63.436, -7.529), (63.436, -7.699), (63.436, -9.214), (63.857, -9.214)]
614;100;;;0;1,13;[917, 1155, 1154, 1187, 915];[(63.841, -12.046), (63.857, -9.341), (63.436, -9.341), (63.433, -10.338), (63.427, -12.046)]
615;100;;;0;0,36;[1151, 1146, 1148, 1168];[(63.436, -6.245), (64.122, -6.245), (64.122, -5.716), (63.436, -5.716)]
616;100;;;0;0,51;[1168, 1148, 1169, 1222, 1170];[(63.436, -5.716), (64.122, -5.716), (64.122, -5.03), (63.87, -5.03), (63.334, -5.03)]
617;100;;;0;0,05;[1153, 1147, 1154, 1155];[(63.857, -9.214), (63.436, -9.214), (63.436, -9.341), (63.857, -9.341)]
618;100;;;0;0,01;[919, 921, 1157, 1156];[(65.627, -12.046), (65.763, -12.046), (65.763, -11.957), (65.627, -11.957)]
619;1;;;0;0,12;[1156, 1157, 1159, 1158];[(65.627, -11.957), (65.763, -11.957), (65.763, -11.076), (65.627, -11.076)]
620;100;;;0;0,24;[1158, 1159, 1161, 1160];[(65.627, -11.076), (65.763, -11.076), (65.763, -9.331), (65.627, -9.331)]
621;100;;;0;0,01;[1160, 1161, 1163, 1162];[(65.627, -9.331), (65.763, -9.331), (65.763, -9.224), (65.627, -9.224)]
622;100;;;0;0,18;[1162, 1163, 1165, 1164];[(65.627, -9.224), (65.763, -9.224), (65.763, -7.92), (65.627, -7.92)]
623;1;;;0;0,11;[1164, 1165, 1167, 1166];[(65.627, -7.92), (65.763, -7.92), (65.763, -7.078), (65.627, -7.078)]
624;100;;;0;0,01;[1143, 1166, 1167, 1141];[(65.626, -7.009), (65.627, -7.078), (65.763, -7.078), (65.763, -7.009)]
625;100;;;0;0,74;[929, 1133, 1135, 927];[(68.401, -12.046), (68.402, -7.009), (68.247, -7.009), (68.262, -12.046)]
626;100;;;0;0,21;[1155, 1160, 1162, 1153];[(63.857, -9.341), (65.627, -9.331), (65.627, -9.224), (63.857, -9.214)]
627;100;;;0;1,13;[1146, 1151, 1149, 1152, 1150, 1145, 1144];[(64.122, -6.245), (63.436, -6.245), (63.436, -7.529), (63.857, -7.529), (64.318, -7.529), (64.318, -7.009), (64.318, -6.245)]
628;100;;;0;0,61;[1168, 1170, 1172, 1171];[(63.436, -5.716), (63.334, -5.03), (62.495, -5.03), (62.495, -5.716)]
629;1;;;0;0,82;[1171, 1172, 1174, 1173];[(62.495, -5.716), (62.495, -5.03), (61.296, -5.03), (61.296, -5.716)]
630;100;;;0;0,36;[150, 1173, 1174, 151];[(60.782, -5.737), (61.296, -5.716), (61.296, -5.03), (60.782, -5.012)]
631;100;;;0;1,14;[146, 144, 1175, 1177, 1176, 1189];[(60.429, -7.028), (59.92, -7.028), (59.92, -9.265), (60.092, -9.265), (60.429, -9.265), (60.429, -7.699)]
632;100;;;0;0,85;[903, 1186, 1176, 1177, 905];[(60.422, -11.815), (60.426, -10.338), (60.429, -9.265), (60.092, -9.265), (60.093, -11.815)]
633;100;;;0;2,02;[140, 138, 1178, 1180, 1181, 1179];[(57.176, -7.028), (56.568, -7.028), (56.568, -10.359), (56.823, -10.359), (56.983, -10.359), (57.176, -10.359)]
634;100;;;0;0,27;[894, 1181, 1180, 892];[(56.963, -12.07), (56.983, -10.359), (56.823, -10.359), (56.81, -12.07)]
635;100;;;0;2,52;[134, 884, 886, 136];[(53.629, -7.028), (53.623, -12.07), (54.121, -12.07), (54.129, -7.028)]
636;100;;;0;0,87;[130, 876, 878, 132];[(50.875, -7.028), (50.871, -12.07), (51.05, -12.07), (51.042, -7.028)]
637;9;;;0;7,56;[1182, 1183, 1184, 1185];[(60.782, -4.245), (63.334, -4.245), (63.334, -1.282), (60.782, -1.282)]
638;9;;;0;7,93;[1188, 1189, 1176, 1186, 1187, 1154, 1147];[(63.436, -7.699), (60.429, -7.699), (60.429, -9.265), (60.426, -10.338), (63.433, -10.338), (63.436, -9.341), (63.436, -9.214)]
639;100;;;0;0,18;[874, 1195, 1194, 872];[(48.005, -12.07), (48.005, -11.008), (47.833, -11.008), (47.833, -12.07)]
640;1;;;0;5,13;[1187, 1186, 903, 909, 911, 913, 915];[(63.433, -10.338), (60.426, -10.338), (60.422, -11.815), (60.422, -12.046), (61.284, -12.046), (62.577, -12.046), (63.427, -12.046)]
641;1;;;0;6,13;[1191, 1190, 160, 157];[(59.366, 11.255), (59.366, 14.068), (57.186, 14.068), (57.186, 11.255)]
642;1;;;0;30,49;[1185, 1184, 1223, 1227, 1225, 1230, 153];[(60.782, -1.282), (63.334, -1.282), (63.334, 10.668), (63.17, 10.668), (62.844, 10.668), (61.85, 10.668), (60.782, 10.668)]
643;8;;;0;0,14;[1194, 1195, 1197, 1196];[(47.833, -11.008), (48.005, -11.008), (48.005, -10.2), (47.833, -10.2)]
644;100;;;0;0,51;[126, 1196, 1197, 128];[(47.848, -7.028), (47.833, -10.2), (48.005, -10.2), (47.995, -7.028)]
645;100;;;0;0,72;[122, 864, 866, 124];[(45.349, -7.028), (45.359, -12.07), (45.506, -12.07), (45.486, -7.028)]
646;100;;;0;0,92;[118, 856, 858, 120];[(42.184, -7.028), (42.182, -12.07), (42.37, -12.07), (42.36, -7.028)]
647;100;;;0;0,19;[852, 854, 1199, 1198];[(39.254, -12.07), (39.537, -12.07), (39.537, -11.384), (39.254, -11.384)]
648;8;;;0;0,24;[1198, 1199, 1201, 1200];[(39.254, -11.384), (39.537, -11.384), (39.537, -10.551), (39.254, -10.551)]
649;100;;;0;0,98;[114, 1200, 1201, 116];[(39.264, -7.028), (39.254, -10.551), (39.537, -10.551), (39.538, -7.028)]
650;100;;;0;1,47;[112, 110, 1202, 1203];[(36.667, -7.028), (36.236, -7.028), (36.236, -10.441), (36.667, -10.441)]
651;100;;;0;0,05;[1203, 1202, 1204, 1205];[(36.667, -10.441), (36.236, -10.441), (36.236, -10.551), (36.667, -10.551)]
652;100;;;0;0,67;[846, 1205, 1204, 844];[(36.691, -12.07), (36.667, -10.551), (36.236, -10.551), (36.244, -12.07)]
653;100;;;0;0,03;[836, 838, 1207, 1206];[(33.505, -12.07), (33.646, -12.07), (33.646, -11.874), (33.505, -11.874)]
654;1;;;0;0,12;[1206, 1207, 1209, 1208];[(33.505, -11.874), (33.646, -11.874), (33.646, -11.057), (33.505, -11.057)]
655;100;;;0;0,07;[1208, 1209, 1211, 1210];[(33.505, -11.057), (33.646, -11.057), (33.646, -10.551), (33.505, -10.551)]
656;100;;;0;0,02;[1210, 1211, 1213, 1212];[(33.505, -10.551), (33.646, -10.551), (33.646, -10.437), (33.505, -10.437)]
657;100;;;0;0,51;[106, 1212, 1213, 108];[(33.493, -7.028), (33.505, -10.437), (33.646, -10.437), (33.649, -7.028)]
658;100;;;0;0,18;[1213, 1211, 1214, 1215];[(33.646, -10.437), (33.646, -10.551), (35.262, -10.551), (35.262, -10.437)]
659;1;;;0;0,09;[1215, 1214, 1216, 1217];[(35.262, -10.437), (35.262, -10.551), (36.063, -10.551), (36.063, -10.437)]
660;100;;;0;0,02;[1202, 1217, 1216, 1204];[(36.236, -10.441), (36.063, -10.437), (36.063, -10.551), (36.236, -10.551)]
661;100;;;0;0,85;[102, 832, 834, 104];[(30.624, -7.028), (30.636, -12.07), (30.788, -12.07), (30.808, -7.028)]
662;100;;;0;0,69;[100, 98, 1218, 1219];[(28.042, -7.028), (27.845, -7.028), (27.845, -10.506), (28.042, -10.506)]
663;8;;;0;0,18;[1219, 1218, 1220, 1221];[(28.042, -10.506), (27.845, -10.506), (27.845, -11.421), (28.042, -11.421)]
664;100;;;0;0,13;[830, 1221, 1220, 828];[(28.049, -12.07), (28.042, -11.421), (27.845, -11.421), (27.837, -12.07)]
665;100;;;0;8,42;[1170, 1222, 1224, 1223, 1184, 1183];[(63.334, -5.03), (63.87, -5.03), (63.87, 10.668), (63.334, 10.668), (63.334, -1.282), (63.334, -4.245)]
666;100;;;0;0,19;[1227, 1228, 1229, 1225];[(63.17, 10.668), (63.17, 11.245), (62.844, 11.245), (62.844, 10.668)]
667;1;;;0;0,57;[1225, 1229, 1231, 1230];[(62.844, 10.668), (62.844, 11.245), (61.85, 11.245), (61.85, 10.668)]
668;100;;;0;0,40;[1226, 1228, 1227, 1223, 1224];[(63.87, 11.245), (63.17, 11.245), (63.17, 10.668), (63.334, 10.668), (63.87, 10.668)]
669;100;;;0;0,62;[153, 1230, 1231, 1193, 155];[(60.782, 10.668), (61.85, 10.668), (61.85, 11.245), (61.741, 11.246), (60.782, 11.255)]
670;100;;;0;1,71;[162, 160, 1190, 1232, 1233];[(57.186, 14.489), (57.186, 14.068), (59.366, 14.068), (61.252, 14.068), (61.252, 14.489)]
671;100;;;0;0,09;[1233, 1232, 1234, 1235];[(61.252, 14.489), (61.252, 14.068), (61.456, 14.068), (61.456, 14.489)]
672;100;;;0;0,28;[1235, 1234, 1192, 1236, 1237];[(61.456, 14.489), (61.456, 14.068), (61.741, 14.068), (62.11, 14.068), (62.11, 14.489)]
673;1;;;0;0,41;[1237, 1236, 1238, 1239];[(62.11, 14.489), (62.11, 14.068), (63.073, 14.068), (63.073, 14.489)]
674;100;;;0;0,05;[1239, 1238, 1240, 1241];[(63.073, 14.489), (63.073, 14.068), (63.187, 14.068), (63.187, 14.489)]
675;100;;;0;0,47;[1244, 1240, 1242, 1246];[(63.874, 14.108), (63.187, 14.068), (63.187, 13.41), (63.874, 13.41)]
676;1;;;0;0,98;[1246, 1242, 1247, 1248];[(63.874, 13.41), (63.187, 13.41), (63.187, 11.987), (63.874, 11.987)]
677;100;;;0;0,26;[1240, 1244, 1245, 1243, 1241];[(63.187, 14.068), (63.874, 14.108), (63.79, 14.489), (63.272, 14.489), (63.187, 14.489)]
678;100;;;0;0,51;[1226, 1248, 1247, 1228];[(63.87, 11.245), (63.874, 11.987), (63.187, 11.987), (63.17, 11.245)]
679;100;;;0;4,08;[1243, 1245, 1250, 1249];[(63.272, 14.489), (63.79, 14.489), (63.79, 22.363), (63.272, 22.363)]
680;1;;;0;0,47;[1249, 1250, 1252, 1251];[(63.272, 22.363), (63.79, 22.363), (63.79, 23.276), (63.272, 23.276)]
681;100;;;0;0,46;[1245, 1244, 1253, 1254];[(63.79, 14.489), (63.874, 14.108), (65.038, 14.108), (65.038, 14.489)]
682;16;;;0;0,36;[1254, 1253, 1255, 1256];[(65.038, 14.489), (65.038, 14.108), (65.978, 14.108), (65.978, 14.489)]
683;100;;;0;2,62;[1256, 1255, 1257, 1258];[(65.978, 14.489), (65.978, 14.108), (72.857, 14.108), (72.857, 14.489)]
684;16;;;0;0,38;[1258, 1257, 1259, 1260];[(72.857, 14.489), (72.857, 14.108), (73.845, 14.108), (73.845, 14.489)]
685;100;;;0;0,50;[188, 1260, 1259, 190];[(75.147, 14.5), (73.845, 14.489), (73.845, 14.108), (75.147, 14.114)]
686;100;;;0;0,59;[172, 1251, 1252, 174];[(63.261, 24.395), (63.272, 23.276), (63.79, 23.276), (63.79, 24.395)]
687;100;;;0;0,14;[170, 168, 1261, 1262];[(61.458, 24.395), (61.252, 24.395), (61.252, 23.739), (61.458, 23.739)]
688;1;;;0;0,18;[1262, 1261, 1263, 1264];[(61.458, 23.739), (61.252, 23.739), (61.252, 22.877), (61.458, 22.877)]
689;100;;;0;1,45;[1264, 1263, 1265, 1266];[(61.458, 22.877), (61.252, 22.877), (61.252, 15.851), (61.458, 15.851)]
690;1;;;0;0,17;[1266, 1265, 1267, 1268];[(61.458, 15.851), (61.252, 15.851), (61.252, 15.007), (61.458, 15.007)]
691;100;;;0;0,11;[1235, 1268, 1267, 1233];[(61.456, 14.489), (61.458, 15.007), (61.252, 15.007), (61.252, 14.489)]
692;5;207б;Буфет;0;40,28;[162, 1233, 1267, 1265, 1263, 1261, 168, 164];[(57.186, 14.489), (61.252, 14.489), (61.252, 15.007), (61.252, 15.851), (61.252, 22.877), (61.252, 23.739), (61.252, 24.395), (57.186, 24.395)]
693;1;;;0;17,97;[170, 1262, 1264, 1266, 1268, 1235, 1237, 1239, 1241, 1243, 1249, 1251, 172];[(61.458, 24.395), (61.458, 23.739), (61.458, 22.877), (61.458, 15.851), (61.458, 15.007), (61.456, 14.489), (62.11, 14.489), (63.073, 14.489), (63.187, 14.489), (63.272, 14.489), (63.272, 22.363), (63.272, 23.276), (63.261, 24.395)]
694;16;;Книгохранилище;0;112,50;[174, 1252, 1250, 1245, 1254, 1256, 1258, 1260, 188, 184, 182, 180, 178, 176];[(63.79, 24.395), (63.79, 23.276), (63.79, 22.363), (63.79, 14.489), (65.038, 14.489), (65.978, 14.489), (72.857, 14.489), (73.845, 14.489), (75.147, 14.5), (75.147, 24.395), (70.169, 24.395), (69.209, 24.395), (67.033, 24.395), (66.024, 24.395)]
695;9;;;0;6,68;[155, 1193, 1192, 1234, 1232, 1190, 1191, 154];[(60.782, 11.255), (61.741, 11.246), (61.741, 14.068), (61.456, 14.068), (61.252, 14.068), (59.366, 14.068), (59.366, 11.255), (60.468, 11.255)]
696;1;;;0;2,00;[151, 1174, 1172, 1170, 1183, 1182];[(60.782, -5.012), (61.296, -5.03), (62.495, -5.03), (63.334, -5.03), (63.334, -4.245), (60.782, -4.245)]
697;16;207;;0;229,20;[1257, 1255, 1253, 1244, 1246, 1248, 1226, 1224, 1222, 1169, 1148, 1146, 1144, 1142, 1140, 1138, 1136, 1134, 1132, 192, 190, 1259];[(72.857, 14.108), (65.978, 14.108), (65.038, 14.108), (63.874, 14.108), (63.874, 13.41), (63.874, 11.987), (63.87, 11.245), (63.87, 10.668), (63.87, -5.03), (64.122, -5.03), (64.122, -5.716), (64.122, -6.245), (64.318, -6.245), (65.626, -6.245), (65.763, -6.245), (65.895, -6.245), (67.306, -6.245), (68.247, -6.245), (68.402, -6.245), (75.147, -6.245), (75.147, 14.114), (73.845, 14.108)]
698;8;208;;0;33,97;[194, 1133, 929, 931, 933, 935, 195];[(75.147, -7.009), (68.402, -7.009), (68.401, -12.046), (69.226, -12.046), (70.132, -12.046), (70.263, -12.046), (75.147, -12.046)]
699;1;;;0;12,55;[921, 923, 925, 927, 1135, 1137, 1139, 1141, 1167, 1165, 1163, 1161, 1159, 1157];[(65.763, -12.046), (65.973, -12.046), (67.266, -12.046), (68.262, -12.046), (68.247, -7.009), (67.306, -7.009), (65.895, -7.009), (65.763, -7.009), (65.763, -7.078), (65.763, -7.92), (65.763, -9.224), (65.763, -9.331), (65.763, -11.076), (65.763, -11.957)]
700;2;;;0;3,67;[1143, 1145, 1150, 1152, 1153, 1162, 1164, 1166];[(65.626, -7.009), (64.318, -7.009), (64.318, -7.529), (63.857, -7.529), (63.857, -9.214), (65.627, -9.224), (65.627, -7.92), (65.627, -7.078)]
701;2;206;;0;4,82;[919, 1156, 1158, 1160, 1155, 917];[(65.627, -12.046), (65.627, -11.957), (65.627, -11.076), (65.627, -9.331), (63.857, -9.341), (63.841, -12.046)]
702;1;;;0;5,95;[145, 146, 1189, 1188, 1149, 1151, 1168, 1171, 1173, 150, 147];[(60.429, -6.266), (60.429, -7.028), (60.429, -7.699), (63.436, -7.699), (63.436, -7.529), (63.436, -6.245), (63.436, -5.716), (62.495, -5.716), (61.296, -5.716), (60.782, -5.737), (60.429, -5.737)]
703;8;209;;0;10,25;[199, 934, 937, 939, 941, 201];[(75.147, -12.565), (70.263, -12.571), (70.263, -13.469), (70.263, -14.435), (70.263, -14.673), (75.147, -14.662)]
704;8;;;0;24,68;[1121, 1123, 1125, 1127, 1126, 1129, 209, 205, 203, 943];[(70.263, -15.844), (70.263, -16.759), (70.263, -17.935), (70.263, -18.082), (70.132, -18.082), (69.773, -18.082), (69.757, -19.894), (75.147, -19.894), (75.147, -15.024), (70.263, -15.028)]
705;8;210;;0;14,77;[211, 1131, 1130, 1128, 1124, 1122, 1120, 942, 945, 947, 949, 213];[(69.62, -19.894), (69.626, -18.082), (69.626, -17.935), (69.773, -17.935), (70.132, -17.935), (70.132, -16.759), (70.132, -15.844), (70.132, -15.028), (68.222, -15.028), (67.323, -15.028), (66.899, -15.028), (66.886, -19.894)]
706;8;;;0;14,55;[215, 951, 953, 955, 960, 962, 217];[(66.759, -19.894), (66.784, -15.028), (63.992, -15.028), (63.788, -15.028), (63.788, -15.942), (63.788, -16.824), (63.77, -19.894)]
707;8;211;;0;13,46;[219, 961, 959, 954, 964, 966, 968, 970, 1118, 1116, 221];[(63.359, -19.973), (63.347, -16.824), (63.347, -15.942), (63.347, -15.028), (63.347, -14.813), (62.86, -14.813), (61.901, -14.813), (60.738, -14.813), (60.743, -15.779), (60.743, -16.69), (60.743, -19.973)]
708;8;;;0;12,43;[223, 1117, 1119, 972, 974, 976, 225];[(60.566, -19.973), (60.566, -16.69), (60.566, -15.779), (60.568, -14.813), (58.461, -14.813), (58.158, -14.813), (58.156, -19.973)]
709;8;;;0;13,37;[229, 227, 978, 980, 1114, 1112];[(55.412, -19.973), (57.999, -19.973), (58.007, -14.813), (55.413, -14.813), (55.412, -15.367), (55.412, -16.2)]
710;8;213;;0;12,73;[231, 1113, 1115, 982, 984, 986, 988, 1108, 1110, 233];[(55.275, -19.973), (55.275, -16.2), (55.275, -15.367), (55.29, -14.813), (54.335, -14.813), (53.329, -14.813), (52.809, -14.813), (52.809, -15.47), (52.809, -16.283), (52.806, -19.973)]
711;8;;;0;13,70;[235, 1111, 1109, 990, 992, 1098, 1096, 237];[(52.659, -19.973), (52.672, -16.283), (52.672, -15.47), (52.672, -14.813), (50.007, -14.813), (50.013, -16.445), (50.013, -16.558), (50.013, -19.973)]
712;8;;;0;8,74;[239, 1097, 1100, 1104, 1106, 241];[(49.827, -19.973), (49.827, -16.558), (47.273, -16.558), (47.273, -16.869), (47.273, -17.631), (47.26, -19.973)]
713;8;215;;0;16,89;[243, 1107, 1105, 1102, 1103, 1101, 1099, 994, 996, 998, 1000, 245];[(47.162, -19.973), (47.16, -17.631), (47.16, -16.869), (47.16, -16.558), (47.16, -16.445), (47.273, -16.445), (49.827, -16.445), (49.827, -14.813), (46.704, -14.813), (45.763, -14.813), (44.728, -14.813), (44.732, -19.973)]
714;8;216;;0;14,23;[247, 1002, 1004, 1006, 1008, 1092, 1094, 249];[(44.575, -19.973), (44.587, -14.813), (43.675, -14.813), (42.763, -14.813), (41.822, -14.813), (41.822, -15.462), (41.822, -16.323), (41.821, -19.973)]
715;8;216а;;0;26,18;[251, 1095, 1093, 1010, 1012, 1014, 1016, 1019, 253];[(41.674, -19.973), (41.709, -16.323), (41.709, -15.462), (41.709, -14.813), (38.458, -14.813), (37.48, -14.813), (36.62, -14.813), (36.62, -14.978), (36.628, -19.973)]
716;8;217;;0;14,36;[255, 1020, 1022, 1024, 1083, 1086, 1088, 1090, 257];[(36.109, -19.973), (36.161, -14.978), (35.505, -14.978), (33.261, -14.978), (33.261, -15.213), (33.261, -15.519), (33.261, -16.342), (33.261, -19.763), (33.261, -19.973)]
717;8;218;;0;13,03;[1091, 1089, 1087, 1085, 1084, 1026, 1027, 1030, 1032, 1034, 261, 259];[(32.884, -19.763), (32.884, -16.342), (32.884, -15.519), (32.884, -15.213), (32.506, -15.213), (32.506, -14.978), (32.506, -14.776), (31.973, -14.776), (31.066, -14.776), (30.34, -14.776), (30.347, -19.973), (32.884, -19.973)]
718;8;219;;0;27,20;[263, 1036, 1038, 1040, 1042, 265];[(30.141, -19.973), (30.153, -14.776), (29.87, -14.776), (28.996, -14.776), (24.908, -14.776), (24.919, -19.973)]
719;8;219а;;0;13,46;[267, 1044, 1046, 1048, 1050, 1061, 269];[(24.713, -19.973), (24.704, -14.776), (24.346, -14.776), (23.428, -14.776), (22.118, -14.776), (22.118, -15.151), (22.116, -19.973)]
720;8;220;;0;23,96;[271, 1062, 1064, 1066, 1068, 273];[(21.548, -19.973), (21.551, -15.151), (17.896, -15.151), (17.004, -15.151), (16.583, -15.151), (16.58, -19.973)]
721;8;;;0;12,87;[275, 1070, 1072, 1079, 1081, 277];[(16.433, -19.973), (16.446, -15.151), (13.771, -15.151), (13.771, -16.762), (13.771, -17.655), (13.768, -19.973)]
722;8;221;;0;22,85;[279, 1082, 1080, 1074, 1076, 1078, 762, 287, 281];[(13.631, -19.973), (13.653, -17.655), (13.653, -16.762), (13.653, -15.151), (13.281, -15.151), (12.272, -15.151), (8.898, -15.18), (8.898, -19.16), (8.898, -19.973)]
723;1;;;0;129,70;[288, 763, 765, 767, 769, 771, 773, 775, 776, 672, 670, 668, 666, 664, 662, 660, 658, 656, 654, 653, 675, 677, 679, 683, 309, 307, 305, 303, 301, 299, 297, 295, 293, 291, 289];[(8.212, -19.16), (8.212, -15.18), (8.212, -14.791), (8.212, -14.587), (8.212, -14.481), (8.212, -12.97), (8.212, -12.831), (8.212, -12.729), (8.212, -12.077), (8.214, -10.751), (8.073, -10.751), (7.18, -10.751), (6.745, -10.751), (6.11, -10.751), (5.557, -10.751), (3.946, -10.751), (-3.25, -10.751), (-4.873, -10.751), (-5.449, -10.751), (-7.21, -10.751), (-7.21, -10.833), (-7.21, -13.197), (-7.21, -13.326), (-7.21, -14.046), (-7.221, -19.16), (-6.31, -19.16), (-4.223, -19.16), (-3.478, -19.16), (-1.449, -19.16), (-0.675, -19.16), (1.373, -19.16), (2.137, -19.16), (4.204, -19.16), (4.959, -19.16), (7.252, -19.16)]
724;8;242;Аудитория;0;194,40;[68, 650, 655, 657, 659, 661, 663, 79, 77, 73, 70, 67];[(-5.465, -4.202), (-5.449, -10.012), (-4.873, -10.012), (-3.25, -10.012), (3.946, -10.012), (5.557, -10.012), (6.11, -10.012), (6.087, -4.601), (6.087, -3.67), (6.087, 6.815), (-5.465, 6.815), (-5.465, -3.426)]
725;8;222;;0;44,32;[313, 680, 684, 686, 688, 311, 312];[(-7.907, -19.16), (-7.929, -14.046), (-13.754, -14.046), (-14.742, -14.046), (-15.424, -14.046), (-15.442, -19.943), (-7.907, -19.943)]
726;8;;;0;17,36;[316, 690, 692, 756, 758, 318];[(-15.628, -19.943), (-15.612, -14.046), (-18.575, -14.046), (-18.575, -14.399), (-18.575, -15.387), (-18.548, -19.943)]
727;8;223;;0;16,16;[320, 759, 757, 694, 696, 698, 700, 752, 754, 322];[(-18.734, -19.943), (-18.74, -15.387), (-18.74, -14.399), (-18.74, -14.046), (-19.633, -14.046), (-20.644, -14.046), (-21.479, -14.046), (-21.479, -14.423), (-21.479, -15.234), (-21.478, -19.943)]
728;8;;;0;15,60;[324, 755, 753, 702, 704, 326];[(-21.654, -19.943), (-21.656, -15.234), (-21.656, -14.423), (-21.656, -14.046), (-24.301, -14.046), (-24.3, -19.943)]
729;8;224;;0;44,22;[328, 706, 708, 710, 712, 330];[(-24.467, -19.943), (-24.466, -14.046), (-29.934, -14.046), (-31.45, -14.046), (-31.956, -14.046), (-31.972, -19.943)]
730;8;;;0;12,21;[332, 714, 716, 748, 750, 334];[(-32.492, -19.943), (-32.485, -14.046), (-34.566, -14.046), (-34.566, -14.14), (-34.566, -14.987), (-34.547, -19.943)]
731;8;225;;0;35,50;[336, 751, 749, 718, 720, 722, 724, 338];[(-34.714, -19.943), (-34.707, -14.987), (-34.707, -14.14), (-34.707, -14.046), (-38.505, -14.046), (-40.011, -14.046), (-40.728, -14.046), (-40.732, -19.943)]
732;8;226;;0;31,46;[340, 726, 728, 730, 732, 342];[(-40.889, -19.943), (-40.881, -14.046), (-41.257, -14.046), (-42.762, -14.046), (-46.219, -14.046), (-46.22, -19.943)]
733;8;227а;;0;30,79;[344, 734, 736, 738, 740, 346];[(-46.367, -19.943), (-46.384, -14.046), (-48.488, -14.046), (-49.417, -14.046), (-51.604, -14.046), (-51.589, -19.943)]
734;8;227;;0;30,65;[348, 742, 744, 746, 566, 565, 350];[(-51.746, -19.943), (-51.745, -14.046), (-54.391, -14.046), (-55.908, -14.046), (-56.947, -14.039), (-56.947, -14.309), (-56.939, -19.943)]
735;8;228;;0;28,71;[352, 563, 561, 555, 523, 354];[(-57.664, -19.943), (-57.641, -14.309), (-58.17, -14.309), (-59.687, -14.309), (-62.755, -14.309), (-62.74, -19.943)]
736;8;229/1;;0;13,05;[356, 522, 545, 543, 541, 358];[(-62.926, -19.943), (-62.911, -14.309), (-64.055, -14.315), (-64.878, -14.315), (-65.242, -14.315), (-65.229, -19.943)]
737;8;;;0;17,90;[360, 539, 537, 557, 558, 362];[(-65.405, -19.943), (-65.395, -14.315), (-68.582, -14.315), (-68.581, -15.886), (-68.581, -16.631), (-68.58, -19.943)]
738;8;229/2;;0;26,38;[364, 559, 560, 535, 533, 531, 529, 527, 524, 373, 369, 366];[(-68.708, -19.943), (-68.703, -16.631), (-68.702, -15.886), (-68.699, -14.315), (-68.758, -14.315), (-70.263, -14.315), (-70.322, -14.315), (-70.428, -14.315), (-72.145, -14.315), (-72.497, -14.315), (-73.391, -14.315), (-73.391, -19.943)]
739;1;;;0;8,05;[516, 553, 551, 548, 530, 532, 534, 536, 538, 540, 542, 544, 546, 520, 518];[(-62.911, -12.624), (-69.264, -12.636), (-70.075, -12.636), (-70.322, -12.636), (-70.322, -13.717), (-70.263, -13.717), (-68.758, -13.717), (-68.699, -13.717), (-68.582, -13.717), (-65.395, -13.717), (-65.242, -13.717), (-64.878, -13.717), (-64.055, -13.717), (-62.911, -13.711), (-62.911, -13.598)]
740;8;229/3;;0;43,97;[374, 525, 526, 528, 547, 549, 550, 552, 554, 514, 512, 463, 461, 459, 457, 453, 452, 455, 376];[(-72.497, -13.401), (-72.145, -13.401), (-72.145, -13.717), (-70.428, -13.717), (-70.428, -12.636), (-70.428, -12.447), (-70.322, -12.447), (-70.075, -12.447), (-69.264, -12.447), (-62.911, -12.413), (-62.911, -11.566), (-62.911, -8.109), (-63.574, -8.109), (-63.757, -8.109), (-65.408, -8.109), (-66.057, -8.109), (-66.687, -8.109), (-72.218, -8.109), (-72.497, -8.274)]
741;1;;;0;1,88;[484, 567, 568, 485];[(-57.507, -10.632), (-57.641, -13.464), (-56.947, -13.464), (-56.872, -10.632)]
742;1;;;0;11,35;[22, 571, 569, 491, 1274, 1275, 1278, 1273];[(-57.503, 0.553), (-61.133, 0.54), (-61.319, 0.54), (-62.911, 0.54), (-62.911, -1.553), (-61.162, -1.553), (-59.243, -1.553), (-57.503, -1.553)]
743;1;;;0;59,16;[6, 415, 417, 419, 421, 423, 425, 427, 429, 431, 433, 435, 437, 439, 441, 443, 445, 447, 449, 451, 456, 458, 460, 486, 488, 490, 492, 494, 496, 498, 500, 502, 504, 8];[(-66.057, 16.414), (-66.057, 15.892), (-66.057, 14.425), (-66.057, 10.629), (-66.057, 10.446), (-66.057, 9.416), (-66.057, 8.386), (-66.057, 7.525), (-66.057, 7.355), (-66.057, 6.283), (-66.057, 5.281), (-66.057, 4.731), (-66.057, 4.124), (-66.057, 3.503), (-66.057, 1.937), (-66.057, -1.675), (-66.057, -1.83), (-66.057, -5.4), (-66.057, -6.91), (-66.057, -7.418), (-65.408, -7.418), (-63.757, -7.418), (-63.574, -7.418), (-63.574, -6.882), (-63.574, -5.202), (-63.574, 0.54), (-63.574, 1.161), (-63.574, 2.657), (-63.574, 3.673), (-63.574, 4.011), (-63.574, 4.59), (-63.574, 5.211), (-63.574, 6.721), (-63.578, 16.414)]
744;17;230;;0;32,30;[378, 454, 450, 448, 446, 444, 509, 511, 380];[(-72.497, -7.298), (-72.218, -7.418), (-66.687, -7.418), (-66.687, -6.91), (-66.687, -5.4), (-66.687, -1.83), (-72.261, -1.83), (-72.261, -2.442), (-72.497, -2.442)]
745;17;231;;0;33,62;[382, 510, 508, 442, 440, 438, 436, 507, 384];[(-72.497, -1.372), (-72.261, -1.372), (-72.261, -1.675), (-66.687, -1.675), (-66.687, 1.937), (-66.687, 3.503), (-66.687, 4.124), (-72.19, 4.124), (-72.497, 4.084)]
746;17;232;;0;15,14;[386, 506, 434, 432, 430, 428, 388];[(-72.497, 4.919), (-72.19, 4.731), (-66.687, 4.731), (-66.687, 5.281), (-66.687, 6.283), (-66.687, 7.355), (-72.497, 7.329)]
747;2;233;Препараторская;0;16,70;[390, 426, 424, 422, 420, 400, 399, 392];[(-72.497, 7.553), (-66.687, 7.525), (-66.687, 8.386), (-66.687, 9.416), (-66.687, 10.446), (-72.18, 10.422), (-72.18, 10.057), (-72.497, 10.057)]
748;17;234;;0;38,01;[4, 1, 397, 402, 401, 418, 416, 414];[(-66.687, 16.414), (-73.352, 16.414), (-73.356, 11.068), (-72.18, 11.068), (-72.18, 10.645), (-66.687, 10.629), (-66.687, 14.425), (-66.687, 15.892)]
749;17;235;;0;63,93;[10, 505, 503, 501, 574, 576, 16, 12];[(-62.908, 16.414), (-62.911, 6.721), (-62.911, 5.211), (-62.911, 4.59), (-61.302, 4.59), (-61.133, 4.59), (-57.503, 4.589), (-57.503, 16.414)]
750;3;;;0;10,35;[18, 575, 578, 580, 572, 20];[(-57.503, 4.01), (-61.133, 4.011), (-61.133, 3.808), (-61.133, 2.962), (-61.133, 1.161), (-57.503, 1.16)]
751;3;;;0;4,57;[493, 570, 579, 577, 573, 499, 497, 495];[(-62.911, 1.161), (-61.319, 1.161), (-61.302, 2.962), (-61.302, 3.808), (-61.302, 4.011), (-62.911, 4.011), (-62.911, 3.673), (-62.911, 2.657)]
752;1;;;0;29,18;[465, 513, 515, 517, 519, 521, 556, 562, 564, 567, 484, 482, 475, 473, 471, 469, 467];[(-62.755, -8.109), (-62.755, -11.566), (-62.755, -12.413), (-62.755, -12.624), (-62.755, -13.598), (-62.755, -13.711), (-59.687, -13.711), (-58.17, -13.711), (-57.641, -13.711), (-57.641, -13.464), (-57.507, -10.632), (-57.507, -10.141), (-57.507, -8.109), (-57.859, -8.109), (-59.454, -8.109), (-60.851, -8.109), (-62.487, -8.109)]
753;3;;;0;15,45;[481, 480, 479, 476, 477, 483, 581, 583, 585, 29, 27];[(-57.281, -4.202), (-57.278, -7.037), (-56.872, -7.037), (-56.872, -7.418), (-56.872, -8.109), (-56.872, -10.141), (-55.703, -10.141), (-54.89, -10.141), (-54.467, -10.141), (-54.461, -4.202), (-56.69, -4.202)]
754;3;236а;;0;15,03;[31, 587, 589, 591, 593, 33];[(-54.235, -4.202), (-54.23, -10.141), (-53.553, -10.141), (-52.486, -10.141), (-51.707, -10.141), (-51.695, -4.202)]
755;1;;;0;0,61;[594, 743, 741, 596];[(-51.707, -10.632), (-51.745, -13.459), (-51.604, -13.459), (-51.419, -10.632)]
756;1;;;0;0,58;[602, 727, 725, 604];[(-41.074, -10.632), (-40.881, -13.459), (-40.728, -13.459), (-40.82, -10.632)]
757;1;;;0;1,51;[610, 715, 713, 612];[(-32.523, -10.632), (-32.485, -13.459), (-31.956, -13.459), (-31.981, -10.632)]
758;1;;;0;0,50;[634, 695, 693, 636];[(-18.893, -10.632), (-18.74, -13.459), (-18.575, -13.459), (-18.707, -10.632)]
759;8;236;;0;61,39;[35, 595, 597, 599, 601, 37];[(-51.441, -4.202), (-51.419, -10.141), (-43.021, -10.141), (-41.497, -10.141), (-41.074, -10.141), (-41.113, -4.202)]
760;8;237;Дисплейный класс;0;49,23;[39, 603, 605, 607, 609, 41];[(-40.817, -4.202), (-40.82, -10.141), (-35.402, -10.141), (-33.895, -10.141), (-32.523, -10.141), (-32.534, -4.202)]
761;8;238;;0;15,41;[43, 611, 613, 615, 617, 45];[(-31.984, -4.202), (-31.981, -10.141), (-31.135, -10.141), (-30.119, -10.141), (-29.374, -10.141), (-29.401, -4.202)]
762;17;239;;0;43,41;[47, 619, 621, 623, 625, 49];[(-29.246, -4.202), (-29.204, -10.141), (-27.071, -10.141), (-26.157, -10.141), (-21.924, -10.141), (-21.909, -4.202)]
763;8;239а;;0;16,91;[51, 627, 629, 631, 633, 53];[(-21.74, -4.202), (-21.737, -10.141), (-20.772, -10.141), (-19.215, -10.141), (-18.893, -10.141), (-18.889, -4.202)]
764;8;240;;0;33,26;[55, 635, 637, 639, 641, 57];[(-18.713, -4.202), (-18.707, -10.141), (-15.168, -10.141), (-13.627, -10.141), (-13.102, -10.141), (-13.118, -4.202)]
765;17;241;;0;35,86;[59, 643, 645, 647, 649, 65, 63, 761, 760, 61];[(-12.903, -4.202), (-12.865, -10.141), (-9.411, -10.141), (-7.938, -10.141), (-6.753, -10.141), (-6.749, -4.202), (-10.031, -4.202), (-10.031, -7.828), (-10.188, -7.828), (-10.188, -4.202)]
766;1;;;0;14,66;[485, 568, 747, 745, 743, 594, 592, 590, 588, 586, 584, 582];[(-56.872, -10.632), (-56.947, -13.464), (-55.908, -13.459), (-54.391, -13.459), (-51.745, -13.459), (-51.707, -10.632), (-52.486, -10.632), (-53.553, -10.632), (-54.23, -10.632), (-54.467, -10.632), (-54.89, -10.632), (-55.703, -10.632)]
767;1;;;0;29,79;[596, 741, 739, 737, 735, 733, 731, 729, 727, 602, 600, 598];[(-51.419, -10.632), (-51.604, -13.459), (-49.417, -13.459), (-48.488, -13.459), (-46.384, -13.459), (-46.219, -13.459), (-42.762, -13.459), (-41.257, -13.459), (-40.881, -13.459), (-41.074, -10.632), (-41.497, -10.632), (-43.021, -10.632)]
768;1;;;0;23,38;[604, 725, 723, 721, 719, 717, 715, 610, 608, 606];[(-40.82, -10.632), (-40.728, -13.459), (-40.011, -13.459), (-38.505, -13.459), (-34.707, -13.459), (-34.566, -13.459), (-32.485, -13.459), (-32.523, -10.632), (-33.895, -10.632), (-35.402, -10.632)]
769;1;;;0;37,19;[612, 713, 711, 709, 707, 705, 703, 701, 699, 697, 695, 634, 632, 630, 628, 626, 624, 622, 620, 618, 616, 614];[(-31.981, -10.632), (-31.956, -13.459), (-31.45, -13.459), (-29.934, -13.459), (-24.466, -13.459), (-24.301, -13.459), (-21.656, -13.459), (-21.479, -13.459), (-20.644, -13.459), (-19.633, -13.459), (-18.74, -13.459), (-18.893, -10.632), (-19.215, -10.632), (-20.772, -10.632), (-21.737, -10.632), (-21.924, -10.632), (-26.157, -10.632), (-27.071, -10.632), (-29.204, -10.632), (-29.374, -10.632), (-30.119, -10.632), (-31.135, -10.632)]
770;1;;;0;31,88;[636, 693, 691, 689, 687, 685, 682, 681, 678, 676, 674, 652, 651, 648, 646, 644, 642, 640, 638];[(-18.707, -10.632), (-18.575, -13.459), (-15.612, -13.459), (-15.424, -13.459), (-14.742, -13.459), (-13.754, -13.459), (-7.929, -13.459), (-7.929, -13.326), (-7.311, -13.326), (-7.311, -13.197), (-7.311, -10.833), (-7.311, -10.751), (-7.938, -10.751), (-7.938, -10.632), (-9.411, -10.632), (-12.865, -10.632), (-13.102, -10.632), (-13.627, -10.632), (-15.168, -10.632)]
771;8;243;;0;22,79;[667, 669, 671, 784, 785, 786, 82, 80, 673, 665];[(7.18, -9.944), (8.073, -9.944), (8.141, -9.944), (8.141, -9.275), (8.889, -9.275), (11.407, -9.275), (11.406, -4.601), (7.018, -4.601), (6.72, -4.601), (6.745, -9.944)]
772;10;;;0;4,15;[1270, 1269, 782, 783, 779];[(11.798, -12.077), (11.798, -10.649), (11.407, -10.649), (8.889, -10.649), (8.89, -12.077)]
773;1;;;0;3,28;[780, 800, 798, 781];[(12.201, -12.729), (18.08, -12.601), (18.08, -12.138), (12.201, -12.077)]
774;1;;;0;13,26;[84, 1282, 1281, 89, 86];[(12.182, -4.601), (12.186, -6.849), (18.08, -6.849), (18.08, -6.266), (18.08, -4.601)]
775;2;;;0;4,62;[795, 797, 799, 802, 804, 809, 811, 793];[(18.619, -10.92), (18.619, -11.675), (18.619, -12.138), (20.865, -12.138), (21.45, -12.138), (21.45, -12.07), (21.45, -10.502), (18.619, -10.512)]
776;8;;;0;9,14;[789, 791, 813, 819, 821, 823, 94, 92];[(18.619, -7.028), (18.619, -9.893), (21.45, -9.865), (21.823, -9.865), (21.823, -9.582), (21.823, -8.689), (21.834, -7.028), (18.899, -7.028)]
777;1;;;0;27,69;[764, 1077, 1075, 1073, 1071, 1069, 1067, 1065, 1063, 1054, 1055, 1058, 1052, 1059, 808, 807, 806, 803, 801, 800, 780, 778, 777, 774, 772, 770, 768, 766];[(8.898, -14.791), (12.272, -14.776), (13.281, -14.776), (13.653, -14.776), (13.771, -14.776), (16.446, -14.776), (16.583, -14.776), (17.004, -14.776), (17.896, -14.776), (21.551, -14.776), (21.551, -14.611), (21.551, -14.469), (21.551, -14.35), (21.551, -12.932), (21.552, -12.819), (21.45, -12.819), (20.865, -12.819), (20.865, -12.601), (18.619, -12.601), (18.08, -12.601), (12.201, -12.729), (8.89, -12.729), (8.89, -12.831), (8.277, -12.831), (8.277, -12.97), (8.277, -14.481), (8.277, -14.587), (8.898, -14.587)]
778;8;200;;0;29,64;[96, 822, 820, 818, 814, 805, 812, 824, 826, 828, 1220, 1218, 98];[(21.933, -7.028), (21.942, -8.689), (21.942, -9.582), (21.942, -9.865), (22.008, -10.502), (22.008, -12.07), (22.087, -12.07), (23.334, -12.07), (24.31, -12.07), (27.837, -12.07), (27.845, -11.421), (27.845, -10.506), (27.845, -7.028)]
779;8;202;;0;13,63;[104, 834, 836, 1206, 1208, 1210, 1212, 106];[(30.808, -7.028), (30.788, -12.07), (33.505, -12.07), (33.505, -11.874), (33.505, -11.057), (33.505, -10.551), (33.505, -10.437), (33.493, -7.028)]
780;8;201;;0;13,05;[100, 1219, 1221, 830, 832, 102];[(28.042, -7.028), (28.042, -10.506), (28.042, -11.421), (28.049, -12.07), (30.636, -12.07), (30.624, -7.028)]
781;1;;;0;3,94;[840, 842, 844, 1204, 1216, 1214, 1211, 1209, 1207, 838];[(34.292, -12.07), (35.28, -12.07), (36.244, -12.07), (36.236, -10.551), (36.063, -10.551), (35.262, -10.551), (33.646, -10.551), (33.646, -11.057), (33.646, -11.874), (33.646, -12.07)]
782;8;;;0;8,83;[108, 1213, 1215, 1217, 1202, 110];[(33.649, -7.028), (33.646, -10.437), (35.262, -10.437), (36.063, -10.437), (36.236, -10.441), (36.236, -7.028)]
783;8;203;;0;13,04;[112, 1203, 1205, 846, 848, 850, 852, 1198, 1200, 114];[(36.667, -7.028), (36.667, -10.441), (36.667, -10.551), (36.691, -12.07), (37.714, -12.07), (38.714, -12.07), (39.254, -12.07), (39.254, -11.384), (39.254, -10.551), (39.264, -7.028)]
784;8;;;0;13,34;[116, 1201, 1199, 854, 856, 118];[(39.538, -7.028), (39.537, -10.551), (39.537, -11.384), (39.537, -12.07), (42.182, -12.07), (42.184, -7.028)]
785;8;204;;0;15,07;[120, 858, 860, 862, 864, 122];[(42.36, -7.028), (42.37, -12.07), (42.705, -12.07), (43.693, -12.07), (45.359, -12.07), (45.349, -7.028)]
786;8;205;;0;11,81;[124, 866, 868, 870, 872, 1194, 1196, 126];[(45.486, -7.028), (45.506, -12.07), (46.069, -12.07), (46.927, -12.07), (47.833, -12.07), (47.833, -11.008), (47.833, -10.2), (47.848, -7.028)]
787;8;;;0;14,48;[130, 128, 1197, 1195, 874, 876];[(50.875, -7.028), (47.995, -7.028), (48.005, -10.2), (48.005, -11.008), (48.005, -12.07), (50.871, -12.07)]
788;1;;;0;4,08;[1192, 1193, 1231, 1229, 1228, 1247, 1242, 1240, 1238, 1236];[(61.741, 14.068), (61.741, 11.246), (61.85, 11.245), (62.844, 11.245), (63.17, 11.245), (63.187, 11.987), (63.187, 13.41), (63.187, 14.068), (63.073, 14.068), (62.11, 14.068)]
789;8;205а;;0;13,01;[132, 878, 880, 882, 884, 134];[(51.042, -7.028), (51.05, -12.07), (51.655, -12.07), (52.586, -12.07), (53.623, -12.07), (53.629, -7.028)]
790;3;;;0;12,75;[136, 886, 888, 890, 892, 1180, 1178, 138];[(54.129, -7.028), (54.121, -12.07), (55.664, -12.07), (56.611, -12.07), (56.81, -12.07), (56.823, -10.359), (56.568, -10.359), (56.568, -7.028)]
791;3;;;0;14,42;[140, 1179, 1181, 894, 896, 898, 900, 904, 905, 1177, 1175, 144, 142];[(57.176, -7.028), (57.176, -10.359), (56.983, -10.359), (56.963, -12.07), (57.105, -12.07), (58.074, -12.07), (59.14, -12.07), (59.14, -11.815), (60.093, -11.815), (60.092, -9.265), (59.92, -9.265), (59.92, -7.028), (59.763, -7.028)]
792;1;;;0;0,76;[914, 958, 957, 916];[(63.427, -12.571), (63.347, -14.347), (63.788, -14.347), (63.841, -12.571)]
793;1;;;0;0,69;[885, 989, 987, 887];[(53.623, -12.491), (52.672, -14.658), (52.809, -14.658), (54.121, -12.491)]
794;1;;;0;0,33;[857, 1009, 1007, 859];[(42.182, -12.491), (41.709, -14.658), (41.822, -14.658), (42.37, -12.491)]
795;1;;;0;0,89;[845, 1018, 1017, 847];[(36.244, -12.491), (36.161, -14.45), (36.62, -14.45), (36.691, -12.491)]
796;1;;;0;0,36;[833, 1037, 1035, 835];[(30.636, -12.491), (30.153, -14.611), (30.34, -14.611), (30.788, -12.491)]
797;1;;;0;18,39;[815, 810, 1060, 1053, 1057, 1056, 1051, 1049, 1047, 1045, 1043, 1041, 1039, 1037, 833, 831, 829, 827, 825, 816];[(22.087, -12.819), (21.608, -12.819), (21.608, -12.932), (21.608, -14.35), (21.608, -14.469), (22.118, -14.469), (22.118, -14.611), (23.428, -14.611), (24.346, -14.611), (24.704, -14.611), (24.908, -14.611), (28.996, -14.611), (29.87, -14.611), (30.153, -14.611), (30.636, -12.491), (28.049, -12.491), (27.837, -12.491), (24.31, -12.491), (23.334, -12.491), (22.087, -12.491)]
798;1;;;0;12,00;[1033, 1031, 1029, 1028, 1025, 1023, 1021, 1018, 845, 843, 841, 839, 837, 835, 1035];[(31.066, -14.611), (31.973, -14.611), (32.506, -14.611), (33.261, -14.611), (33.261, -14.684), (35.505, -14.684), (35.505, -14.45), (36.161, -14.45), (36.244, -12.491), (35.28, -12.491), (34.292, -12.491), (33.646, -12.491), (33.505, -12.491), (30.788, -12.491), (30.34, -14.611)]
799;1;;;0;11,47;[847, 1017, 1015, 1013, 1011, 1009, 857, 855, 853, 851, 849];[(36.691, -12.491), (36.62, -14.45), (36.62, -14.658), (37.48, -14.658), (38.458, -14.658), (41.709, -14.658), (42.182, -12.491), (39.537, -12.491), (39.254, -12.491), (38.714, -12.491), (37.714, -12.491)]
800;1;;;0;23,94;[859, 1007, 1005, 1003, 1001, 999, 997, 995, 993, 991, 989, 885, 883, 881, 879, 877, 875, 873, 871, 869, 867, 865, 863, 861];[(42.37, -12.491), (41.822, -14.658), (42.763, -14.658), (43.675, -14.658), (44.587, -14.658), (44.728, -14.658), (45.763, -14.658), (46.704, -14.658), (49.827, -14.658), (50.007, -14.658), (52.672, -14.658), (53.623, -12.491), (52.586, -12.491), (51.655, -12.491), (51.05, -12.491), (50.871, -12.491), (48.005, -12.491), (47.833, -12.491), (46.927, -12.491), (46.069, -12.491), (45.506, -12.491), (45.359, -12.491), (43.693, -12.491), (42.705, -12.491)]
801;1;;;0;21,18;[887, 987, 985, 983, 981, 979, 977, 975, 973, 971, 969, 967, 965, 963, 958, 914, 912, 910, 902, 908, 901, 899, 897, 895, 893, 891, 889];[(54.121, -12.491), (52.809, -14.658), (53.329, -14.658), (54.335, -14.658), (55.29, -14.658), (55.413, -14.658), (58.007, -14.658), (58.158, -14.658), (58.461, -14.658), (60.568, -14.658), (60.738, -14.658), (61.901, -14.658), (62.86, -14.658), (63.347, -14.658), (63.347, -14.347), (63.427, -12.571), (62.577, -12.571), (61.284, -12.571), (60.422, -12.571), (60.093, -12.571), (59.14, -12.491), (58.074, -12.491), (57.105, -12.491), (56.963, -12.491), (56.81, -12.491), (56.611, -12.491), (55.664, -12.491)]
802;1;;;0;13,23;[916, 957, 956, 952, 950, 948, 946, 944, 940, 938, 936, 932, 930, 928, 926, 924, 922, 920, 918];[(63.841, -12.571), (63.788, -14.347), (63.992, -14.347), (63.992, -14.673), (66.784, -14.673), (66.899, -14.673), (67.323, -14.673), (68.222, -14.673), (70.132, -14.673), (70.132, -14.435), (70.132, -13.469), (70.132, -12.571), (69.226, -12.571), (68.401, -12.571), (68.262, -12.571), (67.266, -12.571), (65.973, -12.571), (65.763, -12.571), (65.627, -12.571)]
803;1;;;0;16,29;[1272, 1277, 1276, 1271, 489, 487, 462, 464, 466, 468, 470, 472, 474, 478];[(-57.503, -4.404), (-59.243, -4.404), (-61.162, -4.404), (-62.911, -4.404), (-62.911, -5.202), (-62.911, -6.882), (-62.911, -7.418), (-62.755, -7.418), (-62.487, -7.418), (-60.851, -7.418), (-59.454, -7.418), (-57.859, -7.418), (-57.507, -7.418), (-57.507, -7.037)]
804;9;;;0;4,96;[1273, 1278, 1277, 1272, 26, 24];[(-57.503, -1.553), (-59.243, -1.553), (-59.243, -4.404), (-57.503, -4.404), (-57.503, -4.202), (-57.503, -3.426)]
805;9;;;0;4,98;[1276, 1275, 1274, 1271];[(-61.162, -4.404), (-61.162, -1.553), (-62.911, -1.553), (-62.911, -4.404)]
806;10;;;0;5,47;[1277, 1278, 1275, 1276];[(-59.243, -4.404), (-59.243, -1.553), (-61.162, -1.553), (-61.162, -4.404)]
807;1;;;0;12,89;[1280, 1279, 787, 1269, 1270, 781, 798, 796, 794, 792];[(18.08, -10.014), (12.19, -10.014), (12.19, -10.649), (11.798, -10.649), (11.798, -12.077), (12.201, -12.077), (18.08, -12.138), (18.08, -11.675), (18.08, -10.92), (18.08, -10.512)]
808;9;;;0;18,65;[1281, 1282, 788, 1279, 1280, 790, 91];[(18.08, -6.849), (12.186, -6.849), (12.19, -9.275), (12.19, -10.014), (18.08, -10.014), (18.08, -9.893), (18.08, -7.028)]
