ID;roomID;roomNo;Description;areClosed;Area (m2);Vertex_Indices;World_Coords_XY
0;100;;;0;0,10;[7, 6, 5, 4];[(-28.155, 12.455), (-28.155, 11.719), (-28.013, 11.719), (-28.013, 12.455)]
1;100;;;0;3,25;[8, 10, 6, 7];[(-32.564, 12.455), (-32.564, 11.719), (-28.155, 11.719), (-28.155, 12.455)]
2;100;;;0;0,53;[11, 10, 8, 9];[(-33.281, 11.719), (-32.564, 11.719), (-32.564, 12.455), (-33.281, 12.455)]
3;200;;ВХОД;0;4,00;[12, 13, 15, 14];[(-0.337, -20.853), (1.663, -20.853), (1.663, -18.853), (-0.337, -18.853)]
4;200;;TITLE;0;4,00;[16, 17, 19, 18];[(-0.314, 24.109), (1.686, 24.109), (1.686, 26.109), (-0.314, 26.109)]
5;100;;;0;5,49;[4, 5, 21, 20];[(-28.013, 12.455), (-28.013, 11.719), (-20.55, 11.719), (-20.55, 12.455)]
6;100;;;0;0,43;[20, 21, 23, 22];[(-20.55, 12.455), (-20.55, 11.719), (-19.962, 11.719), (-19.962, 12.455)]
7;100;;;0;0,11;[22, 23, 25, 24];[(-19.962, 12.455), (-19.962, 11.719), (-19.807, 11.719), (-19.807, 12.455)]
8;1;;;0;0,90;[24, 25, 27, 26];[(-19.807, 12.455), (-19.807, 11.719), (-18.591, 11.719), (-18.591, 12.455)]
9;100;;;0;0,19;[26, 27, 29, 28];[(-18.591, 12.455), (-18.591, 11.719), (-18.337, 11.719), (-18.337, 12.455)]
10;100;;;0;0,40;[28, 29, 31, 30];[(-18.337, 12.455), (-18.337, 11.719), (-17.799, 11.719), (-17.799, 12.455)]
11;100;;;0;2,46;[30, 31, 33, 32];[(-17.799, 12.455), (-17.799, 11.719), (-14.451, 11.719), (-14.451, 12.455)]
12;100;;;0;0,30;[32, 33, 35, 34];[(-14.451, 12.455), (-14.451, 11.719), (-14.042, 11.719), (-14.042, 12.455)]
13;100;;;0;1,96;[621, 620, 37, 36];[(-7.983, 12.455), (-7.983, 11.719), (-5.318, 11.719), (-5.318, 12.455)]
14;100;;;0;0,11;[36, 37, 39, 38];[(-5.318, 12.455), (-5.318, 11.719), (-5.167, 11.719), (-5.167, 12.455)]
15;100;;;0;1,89;[38, 39, 41, 40];[(-5.167, 12.455), (-5.167, 11.719), (-2.603, 11.719), (-2.603, 12.455)]
16;100;;;0;0,19;[40, 41, 43, 42];[(-2.603, 12.455), (-2.603, 11.719), (-2.35, 11.719), (-2.35, 12.455)]
17;100;;;0;0,30;[42, 43, 45, 44];[(-2.35, 12.455), (-2.35, 11.719), (-1.941, 11.719), (-1.941, 12.455)]
18;100;;;0;0,14;[42, 44, 48, 47];[(-2.35, 12.455), (-1.941, 12.455), (-1.941, 12.79), (-2.35, 12.79)]
19;100;;;0;0,08;[40, 42, 47, 46];[(-2.603, 12.455), (-2.35, 12.455), (-2.35, 12.79), (-2.603, 12.79)]
20;100;;;0;0,35;[47, 48, 51, 50];[(-2.35, 12.79), (-1.941, 12.79), (-1.941, 13.641), (-2.35, 13.641)]
21;100;;;0;0,22;[46, 47, 50, 49];[(-2.603, 12.79), (-2.35, 12.79), (-2.35, 13.641), (-2.603, 13.641)]
22;100;;;0;4,63;[51, 48, 52, 53];[(-1.941, 13.641), (-1.941, 12.79), (3.507, 12.79), (3.507, 13.641)]
23;100;;;0;0,08;[53, 52, 54, 55];[(3.507, 13.641), (3.507, 12.79), (3.596, 12.79), (3.596, 13.641)]
24;100;;;0;0,60;[55, 54, 56, 57];[(3.596, 13.641), (3.596, 12.79), (4.299, 12.79), (4.299, 13.641)]
25;100;;;0;0,22;[56, 54, 58, 59];[(4.299, 12.79), (3.596, 12.79), (3.596, 12.472), (4.299, 12.472)]
26;100;;;0;0,53;[59, 58, 60, 811, 61];[(4.299, 12.472), (3.596, 12.472), (3.596, 11.721), (4.023, 11.721), (4.299, 11.721)]
27;100;;;0;1,81;[59, 61, 63, 62];[(4.299, 12.472), (4.299, 11.721), (6.707, 11.721), (6.707, 12.472)]
28;100;;;0;0,08;[62, 63, 65, 64];[(6.707, 12.472), (6.707, 11.721), (6.814, 11.721), (6.814, 12.472)]
29;100;;;0;2,13;[64, 65, 0, 1];[(6.814, 12.472), (6.814, 11.721), (9.647, 11.721), (9.647, 12.472)]
30;100;;;0;0,32;[1, 0, 66, 67];[(9.647, 12.472), (9.647, 11.721), (10.072, 11.721), (10.072, 12.472)]
31;100;;;0;4,21;[67, 66, 68, 69];[(10.072, 12.472), (10.072, 11.721), (15.671, 11.721), (15.671, 12.472)]
32;100;;;0;0,31;[69, 68, 70, 71];[(15.671, 12.472), (15.671, 11.721), (16.08, 11.721), (16.08, 12.472)]
33;100;;;0;4,22;[71, 70, 72, 73];[(16.08, 12.472), (16.08, 11.721), (21.7, 11.721), (21.7, 12.472)]
34;100;;;0;0,36;[73, 72, 74, 75];[(21.7, 12.472), (21.7, 11.721), (22.183, 11.721), (22.183, 12.472)]
35;100;;;0;1,16;[1301, 1300, 76, 77];[(28.223, 12.472), (28.223, 11.721), (29.77, 11.721), (29.77, 12.472)]
36;100;;;0;0,09;[77, 76, 78, 79];[(29.77, 12.472), (29.77, 11.721), (29.886, 11.721), (29.886, 12.472)]
37;100;;;0;3,27;[79, 78, 80, 81];[(29.886, 12.472), (29.886, 11.721), (34.241, 11.721), (34.241, 12.472)]
38;100;;;0;0,46;[81, 80, 82, 83];[(34.241, 12.472), (34.241, 11.721), (34.853, 11.721), (34.853, 12.472)]
39;100;;;0;2,71;[82, 80, 84, 85];[(34.853, 11.721), (34.241, 11.721), (34.241, 7.301), (34.853, 7.301)]
40;100;;;0;0,08;[85, 84, 86, 87];[(34.853, 7.301), (34.241, 7.301), (34.241, 7.164), (34.853, 7.164)]
41;100;;;0;3,22;[1280, 1279, 88, 89];[(34.853, 5.281), (34.241, 5.281), (34.241, 0.026), (34.853, 0.026)]
42;100;;;0;0,37;[89, 88, 90, 91];[(34.853, 0.026), (34.241, 0.026), (34.241, -0.581), (34.853, -0.581)]
43;100;;;0;0,55;[90, 88, 92, 93];[(34.241, -0.581), (34.241, 0.026), (33.335, 0.026), (33.335, -0.581)]
44;100;;;0;0,61;[93, 92, 94, 95];[(33.335, -0.581), (33.335, 0.026), (32.328, 0.026), (32.328, -0.581)]
45;100;;;0;0,40;[95, 94, 96, 97];[(32.328, -0.581), (32.328, 0.026), (31.675, 0.026), (31.675, -0.581)]
46;100;;;0;0,18;[97, 96, 98, 99];[(31.675, -0.581), (31.675, 0.026), (31.386, 0.026), (31.386, -0.581)]
47;100;;;0;0,04;[97, 99, 101, 100];[(31.675, -0.581), (31.386, -0.581), (31.386, -0.728), (31.675, -0.728)]
48;100;;;0;0,02;[101, 99, 103, 104];[(31.386, -0.728), (31.386, -0.581), (31.265, -0.581), (31.265, -0.728)]
49;100;;;0;0,07;[99, 98, 102, 103];[(31.386, -0.581), (31.386, 0.026), (31.265, 0.026), (31.265, -0.581)]
50;100;;;0;0,01;[101, 104, 106, 105];[(31.386, -0.728), (31.265, -0.728), (31.265, -0.843), (31.386, -0.843)]
51;100;;;0;0,07;[105, 106, 108, 107];[(31.386, -0.843), (31.265, -0.843), (31.265, -1.401), (31.386, -1.401)]
52;1;;;0;0,17;[107, 108, 110, 109];[(31.386, -1.401), (31.265, -1.401), (31.265, -2.803), (31.386, -2.803)]
53;100;;;0;0,07;[109, 110, 112, 111];[(31.386, -2.803), (31.265, -2.803), (31.265, -3.395), (31.386, -3.395)]
54;100;;;0;0,02;[111, 112, 114, 113];[(31.386, -3.395), (31.265, -3.395), (31.265, -3.537), (31.386, -3.537)]
55;100;;;0;0,08;[113, 114, 116, 115];[(31.386, -3.537), (31.265, -3.537), (31.265, -4.177), (31.386, -4.177)]
56;100;;;0;0,18;[113, 115, 119, 118];[(31.386, -3.537), (31.386, -4.177), (31.668, -4.177), (31.668, -3.537)]
57;100;;;0;0,04;[111, 113, 118, 117];[(31.386, -3.395), (31.386, -3.537), (31.668, -3.537), (31.668, -3.395)]
58;100;;;0;0,43;[118, 119, 121, 120];[(31.668, -3.537), (31.668, -4.177), (32.346, -4.177), (32.346, -3.537)]
59;100;;;0;0,63;[120, 121, 123, 122];[(32.346, -3.537), (32.346, -4.177), (33.336, -4.177), (33.336, -3.537)]
60;100;;;0;0,58;[122, 123, 125, 124];[(33.336, -3.537), (33.336, -4.177), (34.249, -4.177), (34.249, -3.537)]
61;100;;;0;0,38;[124, 125, 127, 126];[(34.249, -3.537), (34.249, -4.177), (34.841, -4.177), (34.841, -3.537)]
62;100;;;0;4,27;[127, 125, 128, 129];[(34.841, -4.177), (34.249, -4.177), (34.249, -11.395), (34.841, -11.395)]
63;100;;;0;0,08;[129, 128, 130, 131];[(34.841, -11.395), (34.249, -11.395), (34.249, -11.532), (34.841, -11.532)]
64;100;;;0;2,58;[131, 130, 132, 133];[(34.841, -11.532), (34.249, -11.532), (34.249, -15.884), (34.841, -15.884)]
65;100;;;0;0,40;[133, 132, 134, 135];[(34.841, -15.884), (34.249, -15.884), (34.249, -16.561), (34.841, -16.561)]
66;100;;;0;3,00;[134, 132, 136, 137];[(34.249, -16.561), (34.249, -15.884), (29.815, -15.884), (29.815, -16.561)]
67;100;;;0;0,08;[137, 136, 138, 139];[(29.815, -16.561), (29.815, -15.884), (29.691, -15.884), (29.691, -16.561)]
68;100;;;0;0,18;[1275, 1276, 1273, 1274];[(27.747, -15.884), (28.169, -15.884), (28.169, -15.454), (27.747, -15.454)]
69;100;;;0;0,32;[141, 140, 142, 143];[(22.175, -16.561), (22.175, -15.884), (21.705, -15.884), (21.705, -16.561)]
70;100;;;0;1,83;[143, 142, 144, 145];[(21.705, -16.561), (21.705, -15.884), (19.003, -15.884), (19.003, -16.561)]
71;100;;;0;0,09;[145, 144, 146, 147];[(19.003, -16.561), (19.003, -15.884), (18.867, -15.884), (18.867, -16.561)]
72;100;;;0;3,99;[147, 146, 148, 149];[(18.867, -16.561), (18.867, -15.884), (12.975, -15.884), (12.975, -16.561)]
73;100;;;0;0,11;[149, 148, 150, 151];[(12.975, -16.561), (12.975, -15.884), (12.818, -15.884), (12.818, -16.561)]
74;100;;;0;1,85;[151, 150, 152, 153];[(12.818, -16.561), (12.818, -15.884), (10.09, -15.884), (10.09, -16.561)]
75;100;;;0;0,29;[153, 152, 2, 154];[(10.09, -16.561), (10.09, -15.884), (9.668, -15.884), (9.668, -16.561)]
76;100;;;0;1,56;[154, 2, 155, 156];[(9.668, -16.561), (9.668, -15.884), (7.368, -15.884), (7.368, -16.561)]
77;100;;;0;0,31;[156, 155, 157, 158];[(7.368, -16.561), (7.368, -15.884), (6.912, -15.884), (6.912, -16.561)]
78;100;;;0;0,47;[158, 157, 159, 160];[(6.912, -16.561), (6.912, -15.884), (6.109, -16.064), (6.109, -16.561)]
79;100;;;0;0,51;[159, 157, 161, 162];[(6.109, -16.064), (6.912, -15.884), (6.912, -15.339), (6.109, -15.339)]
80;100;;;0;0,53;[156, 158, 164, 163];[(7.368, -16.561), (6.912, -16.561), (6.912, -17.727), (7.368, -17.727)]
81;100;;;0;0,22;[163, 164, 166, 165];[(7.368, -17.727), (6.912, -17.727), (6.912, -18.217), (7.368, -18.217)]
82;100;;;0;0,46;[166, 164, 167, 168];[(6.912, -18.217), (6.912, -17.727), (6.03, -17.727), (5.924, -18.217)]
83;100;;;0;1,30;[168, 167, 169, 170];[(5.924, -18.217), (6.03, -17.727), (4.116, -16.072), (3.419, -16.072)]
84;100;;;0;0,58;[170, 169, 171, 172];[(3.419, -16.072), (4.116, -16.072), (4.293, -15.336), (3.419, -15.336)]
85;100;;;0;1,39;[162, 171, 169, 159];[(6.109, -15.339), (4.293, -15.336), (4.116, -16.072), (6.109, -16.064)]
86;100;;;0;0,30;[172, 171, 173, 174];[(3.419, -15.336), (4.293, -15.336), (4.293, -14.997), (3.419, -14.997)]
87;100;;;0;0,11;[174, 173, 175, 176];[(3.419, -14.997), (4.293, -14.997), (4.293, -14.871), (3.419, -14.871)]
88;100;;;0;2,23;[176, 175, 177, 178];[(3.419, -14.871), (4.293, -14.871), (4.293, -12.324), (3.419, -12.324)]
89;1;;;0;0,71;[178, 177, 179, 180];[(3.419, -12.324), (4.293, -12.324), (4.293, -11.51), (3.419, -11.51)]
90;100;;;0;0,03;[180, 179, 181, 182];[(3.419, -11.51), (4.293, -11.51), (4.293, -11.477), (3.419, -11.477)]
91;100;;;0;0,12;[182, 181, 183, 184];[(3.419, -11.477), (4.293, -11.477), (4.293, -11.343), (3.419, -11.343)]
92;100;;;0;0,09;[184, 183, 185, 186];[(3.419, -11.343), (4.293, -11.343), (4.293, -11.244), (3.419, -11.244)]
93;100;;;0;0,11;[186, 185, 187, 188];[(3.419, -11.244), (4.293, -11.244), (4.293, -11.113), (3.419, -11.113)]
94;100;;;0;0,12;[174, 176, 190, 189];[(3.419, -14.997), (3.419, -14.871), (2.494, -14.871), (2.494, -14.997)]
95;1;;;0;0,20;[189, 190, 192, 191];[(2.494, -14.997), (2.494, -14.871), (0.902, -14.871), (0.902, -14.997)]
96;100;;;0;0,09;[191, 192, 194, 193];[(0.902, -14.997), (0.902, -14.871), (0.221, -14.871), (0.221, -14.997)]
97;1;;;0;0,21;[193, 194, 196, 195];[(0.221, -14.997), (0.221, -14.871), (-1.419, -14.871), (-1.419, -14.997)]
98;100;;;0;0,05;[195, 196, 198, 197];[(-1.419, -14.997), (-1.419, -14.871), (-1.807, -14.871), (-1.807, -14.997)]
99;100;;;0;0,11;[197, 198, 200, 199];[(-1.807, -14.997), (-1.807, -14.871), (-2.65, -14.871), (-2.65, -14.997)]
100;100;;;0;0,28;[197, 199, 202, 201];[(-1.807, -14.997), (-2.65, -14.997), (-2.65, -15.331), (-1.807, -15.331)]
101;100;;;0;0,61;[201, 202, 204, 214, 203];[(-1.807, -15.331), (-2.65, -15.331), (-2.65, -16.059), (-2.435, -16.059), (-1.807, -16.059)]
102;100;;;0;1,36;[204, 202, 205, 206];[(-2.65, -16.059), (-2.65, -15.331), (-4.513, -15.331), (-4.513, -16.059)]
103;100;;;0;1,21;[203, 214, 216, 215];[(-1.807, -16.059), (-2.435, -16.059), (-4.438, -17.779), (-4.32, -18.214)]
104;100;;;0;0,20;[218, 217, 219, 220];[(-5.312, -17.785), (-5.777, -17.785), (-5.777, -18.22), (-5.312, -18.22)]
105;100;;;0;0,32;[213, 210, 212, 208];[(-5.312, -16.571), (-5.312, -15.878), (-5.777, -15.878), (-5.777, -16.571)]
106;100;;;0;0,99;[207, 209, 210, 213, 211, 206, 205];[(-5.167, -15.331), (-5.312, -15.331), (-5.312, -15.878), (-5.312, -16.571), (-4.513, -16.571), (-4.513, -16.059), (-4.513, -15.331)]
107;100;;;0;0,56;[213, 208, 217, 218];[(-5.312, -16.571), (-5.777, -16.571), (-5.777, -17.785), (-5.312, -17.785)]
108;100;;;0;0,41;[216, 218, 220, 215];[(-4.438, -17.779), (-5.312, -17.785), (-5.312, -18.22), (-4.32, -18.214)]
109;100;;;0;1,56;[208, 212, 222, 221];[(-5.777, -16.571), (-5.777, -15.878), (-8.021, -15.878), (-8.021, -16.571)]
110;100;;;0;0,42;[221, 222, 224, 223];[(-8.021, -16.571), (-8.021, -15.878), (-8.628, -15.878), (-8.628, -16.571)]
111;100;;;0;0,29;[224, 222, 225, 226];[(-8.628, -15.878), (-8.021, -15.878), (-8.021, -15.398), (-8.628, -15.398)]
112;100;;;0;0,09;[224, 226, 229, 228];[(-8.628, -15.878), (-8.628, -15.398), (-8.814, -15.398), (-8.814, -15.878)]
113;100;;;0;0,13;[223, 224, 228, 227];[(-8.628, -16.571), (-8.628, -15.878), (-8.814, -15.878), (-8.814, -16.571)]
114;100;;;0;3,63;[227, 228, 231, 230];[(-8.814, -16.571), (-8.814, -15.878), (-14.047, -15.878), (-14.047, -16.571)]
115;100;;;0;0,28;[230, 231, 233, 232];[(-14.047, -16.571), (-14.047, -15.878), (-14.449, -15.878), (-14.449, -16.571)]
116;100;;;0;3,90;[232, 233, 235, 234];[(-14.449, -16.571), (-14.449, -15.878), (-20.073, -15.878), (-20.073, -16.571)]
117;100;;;0;0,33;[234, 235, 237, 236];[(-20.073, -16.571), (-20.073, -15.878), (-20.553, -15.878), (-20.553, -16.571)]
118;100;;;0;5,19;[236, 237, 239, 238];[(-20.553, -16.571), (-20.553, -15.878), (-28.039, -15.878), (-28.039, -16.571)]
119;100;;;0;0,12;[238, 239, 241, 240];[(-28.039, -16.571), (-28.039, -15.878), (-28.215, -15.878), (-28.215, -16.571)]
120;100;;;0;3,02;[240, 241, 243, 242];[(-28.215, -16.571), (-28.215, -15.878), (-32.566, -15.878), (-32.566, -16.571)]
121;100;;;0;0,50;[242, 243, 245, 244];[(-32.566, -16.571), (-32.566, -15.878), (-33.291, -15.878), (-33.291, -16.571)]
122;100;;;0;3,20;[245, 243, 246, 247];[(-33.291, -15.878), (-32.566, -15.878), (-32.566, -11.459), (-33.291, -11.459)]
123;100;;;0;0,10;[247, 246, 248, 249];[(-33.291, -11.459), (-32.566, -11.459), (-32.566, -11.327), (-33.291, -11.327)]
124;100;;;0;5,20;[249, 248, 250, 251];[(-33.291, -11.327), (-32.566, -11.327), (-32.566, -4.155), (-33.291, -4.155)]
125;100;;;0;0,45;[251, 250, 252, 253];[(-33.291, -4.155), (-32.566, -4.155), (-32.566, -3.528), (-33.291, -3.528)]
126;100;;;0;0,50;[252, 250, 254, 255];[(-32.566, -3.528), (-32.566, -4.155), (-31.772, -4.155), (-31.772, -3.528)]
127;100;;;0;0,63;[255, 254, 256, 257];[(-31.772, -3.528), (-31.772, -4.155), (-30.773, -4.155), (-30.773, -3.528)]
128;100;;;0;0,43;[259, 258, 411, 412];[(-26.768, -3.295), (-26.768, -4.155), (-26.22, -4.155), (-26.22, -3.432)]
129;100;;;0;0,02;[360, 361, 413];[(-28.215, -15.097), (-28.039, -15.097), (-28.039, -14.861)]
130;100;;;0;0,83;[256, 260, 261, 263, 262, 285, 284, 283, 257];[(-30.773, -4.155), (-29.705, -4.155), (-29.705, -3.295), (-29.705, -2.715), (-29.832, -2.715), (-29.832, -3.382), (-30.257, -3.387), (-30.257, -3.528), (-30.773, -3.528)]
131;1;;;0;0,18;[262, 263, 265, 264];[(-29.832, -2.715), (-29.705, -2.715), (-29.705, -1.323), (-29.832, -1.323)]
132;100;;;0;0,07;[264, 265, 267, 266];[(-29.832, -1.323), (-29.705, -1.323), (-29.705, -0.735), (-29.832, -0.735)]
133;100;;;0;0,41;[270, 269, 268, 410];[(-26.765, 0.049), (-26.765, -0.735), (-26.218, -0.674), (-26.218, 0.049)]
134;100;;;0;2,30;[271, 267, 269, 270];[(-29.705, 0.049), (-29.705, -0.735), (-26.765, -0.735), (-26.765, 0.049)]
135;100;;;0;0,44;[267, 271, 274, 273, 272, 266];[(-29.705, -0.735), (-29.705, 0.049), (-30.261, 0.049), (-30.261, -0.579), (-30.261, -0.735), (-29.832, -0.735)]
136;100;;;0;0,32;[273, 274, 276, 275];[(-30.261, -0.579), (-30.261, 0.049), (-30.773, 0.049), (-30.773, -0.579)]
137;100;;;0;0,63;[275, 276, 278, 277];[(-30.773, -0.579), (-30.773, 0.049), (-31.773, 0.049), (-31.773, -0.579)]
138;100;;;0;0,50;[277, 278, 280, 279];[(-31.773, -0.579), (-31.773, 0.049), (-32.569, 0.049), (-32.569, -0.579)]
139;100;;;0;0,45;[279, 280, 282, 281];[(-32.569, -0.579), (-32.569, 0.049), (-33.282, 0.049), (-33.282, -0.579)]
140;100;;;0;2,53;[261, 260, 258, 259];[(-29.705, -3.295), (-29.705, -4.155), (-26.768, -4.155), (-26.768, -3.295)]
141;100;;;0;5,13;[282, 280, 286, 287];[(-33.282, 0.049), (-32.569, 0.049), (-32.569, 7.244), (-33.282, 7.244)]
142;100;;;0;0,09;[287, 286, 288, 289];[(-33.282, 7.244), (-32.569, 7.244), (-32.569, 7.367), (-33.282, 7.367)]
143;100;;;0;3,11;[11, 289, 288, 10];[(-33.281, 11.719), (-33.282, 7.367), (-32.569, 7.367), (-32.564, 11.719)]
144;100;;;0;2,86;[200, 198, 290, 291];[(-2.65, -14.871), (-1.807, -14.871), (-1.807, -11.481), (-2.65, -11.481)]
145;100;;;0;0,12;[291, 290, 292, 293];[(-2.65, -11.481), (-1.807, -11.481), (-1.807, -11.343), (-2.65, -11.343)]
146;100;;;0;0,08;[293, 292, 294, 295];[(-2.65, -11.343), (-1.807, -11.343), (-1.807, -11.245), (-2.65, -11.245)]
147;100;;;0;0,12;[295, 294, 296, 297];[(-2.65, -11.245), (-1.807, -11.245), (-1.807, -11.107), (-2.65, -11.107)]
148;100;;;0;0,05;[292, 290, 298, 299];[(-1.807, -11.343), (-1.807, -11.481), (-1.409, -11.481), (-1.409, -11.343)]
149;1;;;0;0,22;[299, 298, 300, 301];[(-1.409, -11.343), (-1.409, -11.481), (0.21, -11.481), (0.21, -11.343)]
150;100;;;0;0,10;[301, 300, 302, 303];[(0.21, -11.343), (0.21, -11.481), (0.903, -11.481), (0.903, -11.343)]
151;1;;;0;0,22;[303, 302, 304, 305];[(0.903, -11.343), (0.903, -11.481), (2.497, -11.481), (2.497, -11.343)]
152;100;;;0;0,13;[184, 305, 304, 182];[(3.419, -11.343), (2.497, -11.343), (2.497, -11.481), (3.419, -11.477)]
153;100;;;0;0,18;[295, 297, 307, 306];[(-2.65, -11.245), (-2.65, -11.107), (-3.963, -11.107), (-3.963, -11.245)]
154;1;;;0;0,12;[306, 307, 309, 308];[(-3.963, -11.245), (-3.963, -11.107), (-4.865, -11.107), (-4.865, -11.245)]
155;100;;;0;0,04;[308, 309, 311, 310];[(-4.865, -11.245), (-4.865, -11.107), (-5.16, -11.107), (-5.16, -11.245)]
156;100;;;0;0,02;[310, 311, 313, 312];[(-5.16, -11.245), (-5.16, -11.107), (-5.313, -11.107), (-5.313, -11.245)]
157;100;;;0;0,61;[207, 310, 312, 209];[(-5.167, -15.331), (-5.16, -11.245), (-5.313, -11.245), (-5.312, -15.331)]
158;100;;;0;0,23;[313, 311, 314, 315];[(-5.313, -11.107), (-5.16, -11.107), (-5.16, -9.576), (-5.313, -9.576)]
159;100;;;0;0,03;[315, 314, 316, 317];[(-5.313, -9.576), (-5.16, -9.576), (-5.16, -9.355), (-5.313, -9.355)]
160;100;;;0;0,11;[315, 317, 319, 318];[(-5.313, -9.576), (-5.313, -9.355), (-5.812, -9.355), (-5.812, -9.576)]
161;1;;;0;0,22;[318, 319, 321, 320];[(-5.812, -9.576), (-5.812, -9.355), (-6.804, -9.355), (-6.804, -9.576)]
162;100;;;0;0,27;[320, 321, 323, 322];[(-6.804, -9.576), (-6.804, -9.355), (-8.012, -9.355), (-8.012, -9.576)]
163;100;;;0;0,15;[322, 323, 325, 324];[(-8.012, -9.576), (-8.012, -9.355), (-8.67, -9.355), (-8.67, -9.576)]
164;100;;;0;0,19;[322, 324, 327, 326];[(-8.012, -9.576), (-8.67, -9.576), (-8.67, -9.865), (-8.012, -9.865)]
165;100;;;0;0,05;[327, 324, 328, 330];[(-8.67, -9.865), (-8.67, -9.576), (-8.834, -9.576), (-8.834, -9.865)]
166;100;;;0;0,04;[324, 325, 329, 328];[(-8.67, -9.576), (-8.67, -9.355), (-8.834, -9.355), (-8.834, -9.576)]
167;100;;;0;0,05;[328, 329, 332, 331];[(-8.834, -9.576), (-8.834, -9.355), (-9.067, -9.355), (-9.067, -9.576)]
168;1;;;0;0,22;[331, 332, 334, 333];[(-9.067, -9.576), (-9.067, -9.355), (-10.07, -9.355), (-10.07, -9.576)]
169;100;;;0;0,89;[333, 334, 336, 335];[(-10.07, -9.576), (-10.07, -9.355), (-14.17, -9.355), (-14.044, -9.576)]
170;100;;;0;0,12;[335, 339, 444, 445, 337];[(-14.044, -9.576), (-14.471, -9.576), (-14.471, -9.867), (-14.277, -9.867), (-14.044, -9.867)]
171;100;;;0;1,03;[443, 445, 444, 442];[(-14.274, -15.466), (-14.277, -9.867), (-14.471, -9.867), (-14.449, -15.466)]
172;100;;;0;0,65;[339, 340, 342, 341];[(-14.471, -9.576), (-14.471, -9.355), (-17.408, -9.355), (-17.408, -9.576)]
173;19;;;0;0,20;[341, 342, 344, 343];[(-17.408, -9.576), (-17.408, -9.355), (-18.298, -9.355), (-18.298, -9.576)]
174;100;;;0;0,39;[344, 350, 349, 343];[(-18.298, -9.355), (-20.067, -9.355), (-20.067, -9.576), (-18.298, -9.576)]
175;100;;;0;0,10;[347, 346, 345, 349, 350];[(-20.164, -9.355), (-20.538, -9.355), (-20.538, -9.576), (-20.067, -9.576), (-20.067, -9.355)]
176;100;;;0;3,00;[235, 349, 345, 237];[(-20.073, -15.878), (-20.067, -9.576), (-20.538, -9.576), (-20.553, -15.878)]
177;100;;;0;0,92;[346, 347, 351, 348];[(-20.538, -9.355), (-20.164, -9.355), (-20.164, -6.905), (-20.538, -6.905)]
178;19;;;0;0,61;[348, 351, 353, 352];[(-20.538, -6.905), (-20.164, -6.905), (-20.164, -5.28), (-20.538, -5.28)]
179;100;;;0;0,15;[352, 353, 355, 354];[(-20.538, -5.28), (-20.164, -5.28), (-20.164, -4.888), (-20.538, -4.888)]
180;100;;;0;0,01;[359, 357, 361, 360];[(-28.215, -15.156), (-28.039, -15.156), (-28.039, -15.097), (-28.215, -15.097)]
181;2;;;0;0,12;[365, 367, 357, 359];[(-28.215, -15.838), (-28.039, -15.838), (-28.039, -15.156), (-28.215, -15.156)]
182;100;;;0;0,15;[413, 361, 419, 420];[(-28.039, -14.861), (-28.039, -15.097), (-27.402, -15.097), (-27.402, -14.861)]
183;100;;;0;1,21;[360, 413, 421, 414];[(-28.215, -15.097), (-28.039, -14.861), (-31.672, -11.33), (-31.793, -11.468)]
184;100;;;0;0,09;[248, 246, 422, 423];[(-32.566, -11.327), (-32.566, -11.459), (-31.905, -11.459), (-31.905, -11.327)]
185;100;;;0;0,02;[421, 423, 422, 414];[(-31.672, -11.33), (-31.905, -11.327), (-31.905, -11.459), (-31.793, -11.468)]
186;100;;;0;1,22;[369, 371, 368, 364, 363, 356, 354, 355, 358, 362, 366, 370];[(-19.899, -3.22), (-20.145, -3.22), (-20.32, -3.22), (-20.32, -3.428), (-20.538, -3.428), (-20.538, -4.161), (-20.538, -4.888), (-20.164, -4.888), (-19.899, -4.888), (-19.899, -4.005), (-19.639, -4.005), (-19.639, -3.22)]
187;100;;;0;4,13;[411, 356, 363, 1308, 1306, 412];[(-26.22, -4.155), (-20.538, -4.161), (-20.538, -3.428), (-21.725, -3.429), (-24.716, -3.431), (-26.22, -3.432)]
188;100;;;0;0,01;[241, 239, 367, 365];[(-28.215, -15.878), (-28.039, -15.878), (-28.039, -15.838), (-28.215, -15.838)]
189;100;;;0;0,03;[371, 369, 372, 373];[(-20.145, -3.22), (-19.899, -3.22), (-19.899, -3.118), (-20.145, -3.118)]
190;1;;;0;0,52;[373, 372, 374, 375];[(-20.145, -3.118), (-19.899, -3.118), (-19.899, -1.016), (-20.145, -1.016)]
191;100;;;0;0,02;[375, 374, 376, 377];[(-20.145, -1.016), (-19.899, -1.016), (-19.899, -0.935), (-20.145, -0.935)]
192;100;;;0;0,96;[392, 379, 378, 390];[(-20.542, 2.672), (-20.17, 2.672), (-20.17, 5.249), (-20.542, 5.249)]
193;100;;;0;0,12;[397, 395, 388, 383];[(-20.542, 0.751), (-20.17, 0.751), (-20.17, 1.085), (-20.542, 1.085)]
194;19;;;0;0,59;[383, 388, 379, 392];[(-20.542, 1.085), (-20.17, 1.085), (-20.17, 2.672), (-20.542, 2.672)]
195;100;;;0;1,24;[393, 391, 381, 380, 377, 376, 382, 387, 384, 394, 395, 397];[(-20.542, 0.043), (-20.542, -0.69), (-20.33, -0.69), (-20.33, -0.935), (-20.145, -0.935), (-19.899, -0.935), (-19.644, -0.935), (-19.644, -0.127), (-19.899, -0.127), (-19.899, 0.751), (-20.17, 0.751), (-20.542, 0.751)]
196;100;;;0;1,06;[403, 404, 406, 405];[(-20.542, 7.73), (-20.056, 7.73), (-20.056, 9.903), (-20.542, 9.903)]
197;100;;;0;0,31;[406, 408, 409, 407, 405];[(-20.056, 9.903), (-19.95, 9.903), (-19.95, 10.435), (-20.542, 10.435), (-20.542, 9.903)]
198;100;;;0;0,06;[378, 385, 396, 386, 390];[(-20.17, 5.249), (-20.056, 5.249), (-20.056, 5.379), (-20.542, 5.379), (-20.542, 5.249)]
199;100;;;0;0,85;[399, 400, 402, 401];[(-20.542, 5.871), (-20.056, 5.871), (-20.056, 7.62), (-20.542, 7.62)]
200;100;;;0;0,05;[401, 402, 404, 403];[(-20.542, 7.62), (-20.056, 7.62), (-20.056, 7.73), (-20.542, 7.73)]
201;100;;;0;0,05;[389, 398, 400, 399];[(-20.542, 5.773), (-20.056, 5.773), (-20.056, 5.871), (-20.542, 5.871)]
202;100;;;0;0,19;[386, 396, 398, 389];[(-20.542, 5.379), (-20.056, 5.379), (-20.056, 5.773), (-20.542, 5.773)]
203;100;;;0;0,76;[21, 407, 409, 23];[(-20.55, 11.719), (-20.542, 10.435), (-19.95, 10.435), (-19.962, 11.719)]
204;100;;;0;4,13;[268, 1307, 1309, 391, 393, 410];[(-26.218, -0.674), (-24.716, -0.678), (-21.725, -0.686), (-20.542, -0.69), (-20.542, 0.043), (-26.218, 0.049)]
205;1;;;0;0,77;[415, 418, 417, 416];[(-26.767, -2.674), (-26.219, -2.674), (-26.218, -1.275), (-26.766, -1.275)]
206;100;;;0;0,38;[415, 259, 412, 418];[(-26.767, -2.674), (-26.768, -3.295), (-26.22, -3.432), (-26.219, -2.674)]
207;100;;;0;0,31;[269, 416, 417, 268];[(-26.765, -0.735), (-26.766, -1.275), (-26.218, -1.275), (-26.218, -0.674)]
208;100;;;0;0,14;[423, 421, 424, 425];[(-31.905, -11.327), (-31.672, -11.33), (-31.672, -10.737), (-31.905, -10.735)]
209;100;;;0;0,09;[288, 286, 426, 427];[(-32.569, 7.367), (-32.569, 7.244), (-31.8, 7.244), (-31.8, 7.367)]
210;100;;;0;0,01;[427, 426, 428, 429];[(-31.8, 7.367), (-31.8, 7.244), (-31.677, 7.263), (-31.751, 7.367)]
211;100;;;0;0,03;[428, 426, 430, 431];[(-31.677, 7.263), (-31.8, 7.244), (-31.8, 6.974), (-31.677, 6.974)]
212;100;;;0;0,64;[429, 428, 432, 433];[(-31.751, 7.367), (-31.677, 7.263), (-28.088, 10.779), (-28.151, 10.898)]
213;100;;;0;0,04;[433, 432, 434, 435, 436];[(-28.151, 10.898), (-28.088, 10.779), (-27.758, 10.779), (-27.758, 10.898), (-28.014, 10.898)]
214;100;;;0;0,01;[433, 436, 438, 437];[(-28.151, 10.898), (-28.014, 10.898), (-28.014, 10.969), (-28.151, 10.969)]
215;2;;;0;0,10;[437, 438, 440, 439];[(-28.151, 10.969), (-28.014, 10.969), (-28.014, 11.663), (-28.151, 11.663)]
216;100;;;0;0,01;[6, 439, 440, 5];[(-28.155, 11.719), (-28.151, 11.663), (-28.014, 11.663), (-28.013, 11.719)]
217;100;;;0;0,17;[233, 231, 441, 443, 442];[(-14.449, -15.878), (-14.047, -15.878), (-14.047, -15.466), (-14.274, -15.466), (-14.449, -15.466)]
218;100;;;0;0,08;[338, 340, 339, 335, 336];[(-14.306, -9.355), (-14.471, -9.355), (-14.471, -9.576), (-14.044, -9.576), (-14.17, -9.355)]
219;100;;;0;0,97;[226, 327, 330, 229];[(-8.628, -15.398), (-8.67, -9.865), (-8.834, -9.865), (-8.814, -15.398)]
220;100;;;0;0,10;[317, 316, 446, 447];[(-5.313, -9.355), (-5.16, -9.355), (-5.16, -8.722), (-5.313, -8.722)]
221;1;;;0;0,15;[447, 446, 448, 449];[(-5.313, -8.722), (-5.16, -8.722), (-5.16, -7.742), (-5.313, -7.742)]
222;100;;;0;0,07;[449, 448, 450, 451];[(-5.313, -7.742), (-5.16, -7.742), (-5.16, -7.3), (-5.313, -7.3)]
223;100;;;0;0,03;[451, 450, 452, 453];[(-5.313, -7.3), (-5.16, -7.3), (-5.16, -7.137), (-5.345, -7.137)]
224;100;;;0;0,95;[451, 453, 455, 454];[(-5.313, -7.3), (-5.345, -7.137), (-11.153, -7.137), (-11.153, -7.3)]
225;100;;;0;0,03;[454, 455, 457, 456];[(-11.153, -7.3), (-11.153, -7.137), (-11.34, -7.137), (-11.34, -7.3)]
226;100;;;0;0,28;[456, 457, 459, 458];[(-11.34, -7.3), (-11.34, -7.137), (-13.053, -7.137), (-13.053, -7.3)]
227;1;;;0;0,15;[458, 459, 461, 460];[(-13.053, -7.3), (-13.053, -7.137), (-13.977, -7.137), (-13.977, -7.3)]
228;100;;;0;0,03;[460, 461, 463, 462];[(-13.977, -7.3), (-13.977, -7.137), (-14.119, -7.137), (-14.182, -7.3)]
229;100;;;0;0,03;[462, 463, 465, 464];[(-14.182, -7.3), (-14.119, -7.137), (-14.309, -7.137), (-14.309, -7.3)]
230;100;;;0;0,05;[462, 464, 467, 466];[(-14.182, -7.3), (-14.309, -7.3), (-14.309, -7.727), (-14.182, -7.727)]
231;1;;;0;0,13;[466, 467, 469, 468];[(-14.182, -7.727), (-14.309, -7.727), (-14.309, -8.731), (-14.182, -8.731)]
232;100;;;0;0,08;[336, 468, 469, 338];[(-14.17, -9.355), (-14.182, -8.731), (-14.309, -8.731), (-14.306, -9.355)]
233;100;;;0;0,22;[465, 463, 470, 471];[(-14.309, -7.137), (-14.119, -7.137), (-14.119, -5.992), (-14.309, -5.992)]
234;100;;;0;0,02;[471, 470, 472, 473];[(-14.309, -5.992), (-14.119, -5.992), (-14.174, -5.88), (-14.309, -5.88)]
235;100;;;0;0,02;[472, 470, 474, 475];[(-14.174, -5.88), (-14.119, -5.992), (-13.975, -5.992), (-13.975, -5.88)]
236;1;;;0;0,10;[475, 474, 476, 477];[(-13.975, -5.88), (-13.975, -5.992), (-13.056, -5.992), (-13.056, -5.88)]
237;100;;;0;0,03;[477, 476, 478, 479];[(-13.056, -5.88), (-13.056, -5.992), (-12.787, -5.992), (-12.787, -5.88)]
238;100;;;0;0,02;[479, 478, 480, 481];[(-12.787, -5.88), (-12.787, -5.992), (-12.613, -5.992), (-12.613, -5.88)]
239;100;;;0;0,14;[481, 480, 482, 483];[(-12.613, -5.88), (-12.613, -5.992), (-11.346, -5.992), (-11.346, -5.88)]
240;100;;;0;0,22;[455, 486, 482, 457];[(-11.153, -7.137), (-11.157, -5.992), (-11.346, -5.992), (-11.34, -7.137)]
241;100;;;0;0,27;[473, 472, 484, 488];[(-14.309, -5.88), (-14.174, -5.88), (-14.174, -3.868), (-14.309, -3.868)]
242;100;;;0;0,02;[482, 486, 487, 485, 483];[(-11.346, -5.992), (-11.157, -5.992), (-11.157, -5.88), (-11.273, -5.88), (-11.346, -5.88)]
243;100;;;0;0,01;[516, 515, 517, 518];[(-13.855, -1.786), (-13.855, -1.887), (-13.773, -1.887), (-13.773, -1.786)]
244;100;;;0;0,03;[514, 512, 515, 516];[(-14.21, -1.786), (-14.18, -1.887), (-13.855, -1.887), (-13.855, -1.786)]
245;100;;;0;0,08;[494, 495, 512, 511];[(-14.309, -2.505), (-14.18, -2.505), (-14.18, -1.887), (-14.309, -1.887)]
246;100;;;0;0,07;[508, 509, 489, 505];[(-13.773, -3.452), (-13.769, -2.603), (-13.855, -2.603), (-13.855, -3.452)]
247;100;;;0;0,01;[511, 512, 514, 513];[(-14.309, -1.887), (-14.18, -1.887), (-14.21, -1.786), (-14.309, -1.786)]
248;100;;;0;0,01;[519, 520, 522, 521];[(-13.855, -1.482), (-13.773, -1.482), (-13.773, -1.359), (-13.855, -1.359)]
249;100;;;0;0,01;[498, 496, 495, 494];[(-14.309, -2.603), (-14.208, -2.603), (-14.18, -2.505), (-14.309, -2.505)]
250;100;;;0;0,03;[495, 496, 489, 490];[(-14.18, -2.505), (-14.208, -2.603), (-13.855, -2.603), (-13.855, -2.505)]
251;100;;;0;0,01;[490, 489, 509, 510];[(-13.855, -2.505), (-13.855, -2.603), (-13.769, -2.603), (-13.769, -2.505)]
252;100;;;0;0,06;[503, 501, 504, 497];[(-14.309, -3.279), (-14.208, -3.279), (-14.208, -2.655), (-14.309, -2.655)]
253;100;;;0;0,01;[497, 504, 496, 498];[(-14.309, -2.655), (-14.208, -2.655), (-14.208, -2.603), (-14.309, -2.603)]
254;100;;;0;0,02;[500, 499, 501, 503];[(-14.309, -3.452), (-14.208, -3.452), (-14.208, -3.279), (-14.309, -3.279)]
255;100;;;0;0,24;[493, 488, 484, 491, 492, 506, 507, 508, 505, 499, 500, 502];[(-14.45, -3.868), (-14.309, -3.868), (-14.174, -3.868), (-14.043, -3.868), (-14.043, -3.705), (-13.773, -3.705), (-13.773, -3.587), (-13.773, -3.452), (-13.855, -3.452), (-14.208, -3.452), (-14.309, -3.452), (-14.45, -3.452)]
256;100;;;0;0,02;[516, 518, 520, 519];[(-13.855, -1.786), (-13.773, -1.786), (-13.773, -1.482), (-13.855, -1.482)]
257;100;;;0;0,04;[521, 522, 524, 523];[(-13.855, -1.359), (-13.773, -1.359), (-13.773, -0.9), (-13.855, -0.9)]
258;100;;;0;0,01;[523, 524, 526, 525];[(-13.855, -0.9), (-13.773, -0.9), (-13.773, -0.802), (-13.855, -0.802)]
259;100;;;0;0,01;[513, 514, 528, 527];[(-14.309, -1.786), (-14.21, -1.786), (-14.21, -1.663), (-14.309, -1.663)]
260;100;;;0;0,06;[527, 528, 530, 529];[(-14.309, -1.663), (-14.21, -1.663), (-14.21, -1.027), (-14.309, -1.027)]
261;100;;;0;0,01;[529, 530, 532, 531];[(-14.309, -1.027), (-14.21, -1.027), (-14.21, -0.901), (-14.309, -0.901)]
262;100;;;0;0,01;[531, 532, 534, 533];[(-14.309, -0.901), (-14.21, -0.901), (-14.174, -0.802), (-14.309, -0.802)]
263;100;;;0;0,03;[525, 534, 532, 523];[(-13.855, -0.802), (-14.174, -0.802), (-14.21, -0.901), (-13.855, -0.9)]
264;100;;;0;0,05;[533, 534, 536, 535];[(-14.309, -0.802), (-14.174, -0.802), (-14.174, -0.427), (-14.309, -0.427)]
265;100;;;0;0,26;[535, 536, 538, 537];[(-14.309, -0.427), (-14.174, -0.427), (-14.174, 1.495), (-14.309, 1.495)]
266;100;;;0;0,02;[537, 538, 540, 539];[(-14.309, 1.495), (-14.174, 1.495), (-14.174, 1.637), (-14.309, 1.637)]
267;100;;;0;0,16;[539, 540, 542, 541];[(-14.309, 1.637), (-14.174, 1.637), (-14.174, 2.799), (-14.309, 2.799)]
268;100;;;0;0,02;[541, 542, 544, 543];[(-14.309, 2.799), (-14.174, 2.799), (-14.174, 2.953), (-14.309, 2.953)]
269;100;;;0;0,07;[543, 544, 546, 545];[(-14.309, 2.953), (-14.174, 2.953), (-14.174, 3.495), (-14.309, 3.495)]
270;1;;;0;0,18;[545, 546, 548, 547];[(-14.309, 3.495), (-14.174, 3.495), (-14.174, 4.807), (-14.309, 4.807)]
271;100;;;0;0,06;[547, 548, 550, 549];[(-14.309, 4.807), (-14.174, 4.807), (-14.174, 5.244), (-14.309, 5.244)]
272;100;;;0;0,02;[564, 563, 565, 566];[(-14.282, 7.467), (-14.128, 7.467), (-14.128, 7.592), (-14.282, 7.592)]
273;100;;;0;0,18;[558, 557, 560, 556, 555, 549, 550, 553, 554, 559];[(-14.128, 5.67), (-14.282, 5.67), (-14.45, 5.67), (-14.45, 5.398), (-14.45, 5.244), (-14.309, 5.244), (-14.174, 5.244), (-14.039, 5.244), (-14.039, 5.398), (-14.039, 5.67)]
274;100;;;0;0,06;[562, 561, 563, 564];[(-14.282, 7.064), (-14.128, 7.064), (-14.128, 7.467), (-14.282, 7.467)]
275;2;;;0;0,14;[552, 551, 561, 562];[(-14.282, 6.126), (-14.128, 6.126), (-14.128, 7.064), (-14.282, 7.064)]
276;100;;;0;0,07;[557, 558, 551, 552];[(-14.282, 5.67), (-14.128, 5.67), (-14.128, 6.126), (-14.282, 6.126)]
277;100;;;0;0,03;[568, 567, 569, 570];[(-14.282, 7.677), (-14.128, 7.677), (-14.128, 7.869), (-14.282, 7.869)]
278;100;;;0;0,01;[566, 565, 567, 568];[(-14.282, 7.592), (-14.128, 7.592), (-14.128, 7.677), (-14.282, 7.677)]
279;100;;;0;0,08;[570, 569, 571, 572];[(-14.282, 7.869), (-14.128, 7.869), (-14.128, 8.414), (-14.282, 8.414)]
280;2;;;0;0,19;[572, 571, 573, 574];[(-14.282, 8.414), (-14.128, 8.414), (-14.128, 9.644), (-14.282, 9.644)]
281;100;;;0;0,25;[574, 573, 575, 576];[(-14.282, 9.644), (-14.128, 9.644), (-14.128, 11.289), (-14.282, 11.289)]
282;100;;;0;0,18;[35, 33, 577, 576, 575, 578];[(-14.042, 11.719), (-14.451, 11.719), (-14.451, 11.289), (-14.282, 11.289), (-14.128, 11.289), (-14.042, 11.289)]
283;100;;;0;0,08;[453, 452, 579, 580];[(-5.345, -7.137), (-5.16, -7.137), (-5.16, -6.728), (-5.345, -6.728)]
284;1;;;0;0,22;[580, 579, 581, 582];[(-5.345, -6.728), (-5.16, -6.728), (-5.16, -5.525), (-5.345, -5.525)]
285;100;;;0;1,18;[582, 581, 583, 584];[(-5.345, -5.525), (-5.16, -5.525), (-5.16, 0.871), (-5.345, 0.871)]
286;1;;;0;0,23;[584, 583, 585, 586];[(-5.345, 0.871), (-5.16, 0.871), (-5.16, 2.089), (-5.345, 2.089)]
287;100;;;0;0,13;[586, 585, 587, 588];[(-5.345, 2.089), (-5.16, 2.089), (-5.16, 2.797), (-5.345, 2.797)]
288;100;;;0;0,03;[588, 587, 589, 590];[(-5.345, 2.797), (-5.16, 2.797), (-5.16, 2.96), (-5.345, 2.96)]
289;100;;;0;0,10;[590, 589, 591, 592];[(-5.345, 2.96), (-5.16, 2.96), (-5.16, 3.491), (-5.345, 3.491)]
290;1;;;0;0,24;[592, 591, 593, 594];[(-5.345, 3.491), (-5.16, 3.491), (-5.16, 4.811), (-5.345, 4.811)]
291;100;;;0;0,08;[594, 593, 595, 596];[(-5.345, 4.811), (-5.16, 4.811), (-5.16, 5.246), (-5.345, 5.246)]
292;100;;;0;0,05;[597, 602, 603, 601, 600, 596, 595];[(-5.16, 5.35), (-5.16, 5.516), (-5.314, 5.516), (-5.314, 5.399), (-5.345, 5.399), (-5.345, 5.246), (-5.16, 5.246)]
293;100;;;0;0,16;[609, 608, 610, 611];[(-6.956, 5.246), (-6.956, 5.399), (-7.974, 5.399), (-7.974, 5.246)]
294;100;;;0;0,09;[596, 600, 598, 599];[(-5.345, 5.246), (-5.345, 5.399), (-5.955, 5.399), (-5.955, 5.246)]
295;100;;;0;0,06;[603, 602, 604, 605];[(-5.314, 5.516), (-5.16, 5.516), (-5.16, 5.927), (-5.314, 5.927)]
296;5;;;0;0,15;[605, 604, 606, 607];[(-5.314, 5.927), (-5.16, 5.927), (-5.16, 6.922), (-5.314, 6.922)]
297;100;;;0;0,73;[37, 607, 606, 39];[(-5.318, 11.719), (-5.314, 6.922), (-5.16, 6.922), (-5.167, 11.719)]
298;1;;;0;0,15;[599, 598, 608, 609];[(-5.955, 5.246), (-5.955, 5.399), (-6.956, 5.399), (-6.956, 5.246)]
299;100;;;0;0,06;[611, 610, 612, 613];[(-7.974, 5.246), (-7.974, 5.399), (-8.386, 5.399), (-8.386, 5.246)]
300;100;;;0;0,87;[553, 613, 612, 554];[(-14.039, 5.244), (-8.386, 5.246), (-8.386, 5.399), (-14.039, 5.398)]
301;100;;;0;0,31;[565, 563, 614, 615];[(-14.128, 7.592), (-14.128, 7.467), (-11.61, 7.467), (-11.61, 7.592)]
302;100;;;0;0,11;[612, 610, 616, 617];[(-8.386, 5.399), (-7.974, 5.399), (-7.974, 5.668), (-8.386, 5.668)]
303;100;;;0;4,16;[34, 35, 618, 619];[(-14.042, 12.455), (-14.042, 11.719), (-8.386, 11.719), (-8.386, 12.455)]
304;100;;;0;0,30;[619, 618, 620, 621];[(-8.386, 12.455), (-8.386, 11.719), (-7.983, 11.719), (-7.983, 12.455)]
305;100;;;0;0,17;[620, 618, 622, 623];[(-7.983, 11.719), (-8.386, 11.719), (-8.386, 11.288), (-7.983, 11.288)]
306;100;;;0;0,01;[396, 385, 624, 625];[(-20.056, 5.379), (-20.056, 5.249), (-19.971, 5.249), (-19.971, 5.379)]
307;19;;;0;0,08;[625, 624, 626, 627];[(-19.971, 5.379), (-19.971, 5.249), (-19.321, 5.249), (-19.321, 5.379)]
308;100;;;0;0,01;[627, 626, 628, 629];[(-19.321, 5.379), (-19.321, 5.249), (-19.223, 5.249), (-19.223, 5.379)]
309;100;;;0;0,01;[629, 628, 630, 631];[(-19.223, 5.379), (-19.223, 5.249), (-19.141, 5.249), (-19.141, 5.379)]
310;100;;;0;0,01;[631, 630, 632, 633];[(-19.141, 5.379), (-19.141, 5.249), (-19.032, 5.249), (-19.032, 5.379)]
311;19;;;0;0,11;[633, 632, 634, 635];[(-19.032, 5.379), (-19.032, 5.249), (-18.215, 5.249), (-18.215, 5.379)]
312;100;;;0;0,01;[635, 634, 636, 637];[(-18.215, 5.379), (-18.215, 5.249), (-18.166, 5.249), (-18.166, 5.379)]
313;100;;;0;0,01;[637, 636, 638, 639];[(-18.166, 5.379), (-18.166, 5.249), (-18.055, 5.249), (-18.055, 5.379)]
314;100;;;0;0,51;[556, 639, 638, 555];[(-14.45, 5.398), (-18.055, 5.379), (-18.055, 5.249), (-14.45, 5.244)]
315;100;;;0;0,03;[629, 631, 641, 640];[(-19.223, 5.379), (-19.141, 5.379), (-19.141, 5.776), (-19.223, 5.776)]
316;100;;;0;0,01;[640, 641, 643, 642];[(-19.223, 5.776), (-19.141, 5.776), (-19.141, 5.87), (-19.223, 5.87)]
317;100;;;0;0,04;[642, 643, 645, 644];[(-19.223, 5.87), (-19.141, 5.87), (-19.141, 6.4), (-19.223, 6.4)]
318;1;;;0;0,05;[644, 645, 647, 646];[(-19.223, 6.4), (-19.141, 6.4), (-19.141, 7.009), (-19.223, 7.009)]
319;100;;;0;0,05;[646, 647, 649, 648];[(-19.223, 7.009), (-19.141, 7.009), (-19.141, 7.623), (-19.223, 7.623)]
320;100;;;0;0,01;[648, 649, 651, 650];[(-19.223, 7.623), (-19.141, 7.623), (-19.141, 7.723), (-19.223, 7.723)]
321;100;;;0;0,09;[402, 648, 650, 404];[(-20.056, 7.62), (-19.223, 7.623), (-19.223, 7.723), (-20.056, 7.73)]
322;100;;;0;0,08;[398, 640, 642, 400];[(-20.056, 5.773), (-19.223, 5.776), (-19.223, 5.87), (-20.056, 5.871)]
323;100;;;0;0,08;[637, 639, 653, 652];[(-18.166, 5.379), (-18.055, 5.379), (-18.055, 6.13), (-18.166, 6.13)]
324;1;;;0;0,10;[652, 653, 655, 654];[(-18.166, 6.13), (-18.055, 6.13), (-18.055, 7.066), (-18.166, 7.066)]
325;100;;;0;0,07;[654, 655, 657, 656];[(-18.166, 7.066), (-18.055, 7.066), (-18.055, 7.671), (-18.166, 7.671)]
326;100;;;0;0,02;[656, 657, 659, 658];[(-18.166, 7.671), (-18.055, 7.671), (-18.055, 7.879), (-18.166, 7.879)]
327;100;;;0;0,06;[658, 659, 661, 660];[(-18.166, 7.879), (-18.055, 7.879), (-18.055, 8.394), (-18.166, 8.394)]
328;1;;;0;0,14;[660, 661, 663, 662];[(-18.166, 8.394), (-18.055, 8.394), (-18.055, 9.636), (-18.166, 9.636)]
329;100;;;0;0,03;[662, 663, 665, 664];[(-18.166, 9.636), (-18.055, 9.636), (-18.055, 9.896), (-18.166, 9.896)]
330;100;;;0;0,30;[671, 669, 668, 664, 665, 670];[(-17.79, 10.44), (-18.341, 10.44), (-18.341, 9.896), (-18.166, 9.896), (-18.055, 9.896), (-17.79, 9.896)]
331;1;;;0;0,65;[667, 666, 672, 673];[(-18.591, 9.896), (-18.591, 10.44), (-19.796, 10.44), (-19.796, 9.896)]
332;100;;;0;0,70;[29, 669, 671, 31];[(-18.337, 11.719), (-18.341, 10.44), (-17.79, 10.44), (-17.799, 11.719)]
333;100;;;0;0,14;[668, 669, 666, 667];[(-18.341, 9.896), (-18.341, 10.44), (-18.591, 10.44), (-18.591, 9.896)]
334;100;;;0;0,08;[408, 673, 672, 409];[(-19.95, 9.903), (-19.796, 9.896), (-19.796, 10.44), (-19.95, 10.435)]
335;100;;;0;0,76;[570, 659, 657, 568];[(-14.282, 7.869), (-18.055, 7.879), (-18.055, 7.671), (-14.282, 7.677)]
336;100;;;0;0,03;[544, 542, 674, 675];[(-14.174, 2.953), (-14.174, 2.799), (-13.963, 2.799), (-13.963, 2.953)]
337;1;;;0;0,13;[675, 674, 676, 677];[(-13.963, 2.953), (-13.963, 2.799), (-13.126, 2.799), (-13.126, 2.953)]
338;100;;;0;0,29;[677, 676, 678, 679];[(-13.126, 2.953), (-13.126, 2.799), (-11.268, 2.799), (-11.268, 2.953)]
339;100;;;0;0,02;[679, 678, 680, 681];[(-11.268, 2.953), (-11.268, 2.799), (-11.153, 2.829), (-11.153, 2.953)]
340;100;;;0;0,05;[681, 680, 682, 683];[(-11.153, 2.953), (-11.153, 2.829), (-10.779, 2.829), (-10.779, 2.953)]
341;1;;;0;0,08;[683, 682, 684, 685];[(-10.779, 2.953), (-10.779, 2.829), (-10.169, 2.829), (-10.169, 2.953)]
342;100;;;0;0,11;[685, 684, 686, 687];[(-10.169, 2.953), (-10.169, 2.829), (-9.286, 2.829), (-9.286, 2.953)]
343;1;;;0;0,08;[687, 686, 688, 689];[(-9.286, 2.953), (-9.286, 2.829), (-8.676, 2.829), (-8.676, 2.953)]
344;100;;;0;0,10;[689, 688, 690, 691];[(-8.676, 2.953), (-8.676, 2.829), (-7.894, 2.829), (-7.894, 2.953)]
345;1;;;0;0,07;[691, 690, 692, 693];[(-7.894, 2.953), (-7.894, 2.829), (-7.3, 2.829), (-7.3, 2.953)]
346;100;;;0;0,03;[693, 692, 694, 695];[(-7.3, 2.953), (-7.3, 2.829), (-7.062, 2.829), (-7.062, 2.953)]
347;100;;;0;0,02;[695, 694, 696, 697];[(-7.062, 2.953), (-7.062, 2.829), (-6.945, 2.799), (-6.945, 2.953)]
348;100;;;0;0,25;[590, 697, 696, 588];[(-5.345, 2.96), (-6.945, 2.953), (-6.945, 2.799), (-5.345, 2.797)]
349;100;;;0;0,06;[696, 694, 698, 699];[(-6.945, 2.799), (-7.062, 2.829), (-7.062, 2.337), (-6.945, 2.337)]
350;100;;;0;0,02;[699, 698, 700, 701];[(-6.945, 2.337), (-7.062, 2.337), (-7.062, 2.192), (-6.945, 2.192)]
351;100;;;0;0,59;[700, 698, 702, 703];[(-7.062, 2.192), (-7.062, 2.337), (-11.156, 2.337), (-11.156, 2.192)]
352;100;;;0;0,02;[703, 702, 704, 705];[(-11.156, 2.192), (-11.156, 2.337), (-11.274, 2.337), (-11.274, 2.192)]
353;100;;;0;0,06;[678, 704, 702, 680];[(-11.268, 2.799), (-11.274, 2.337), (-11.156, 2.337), (-11.153, 2.829)]
354;100;;;0;0,06;[703, 705, 707, 706];[(-11.156, 2.192), (-11.274, 2.192), (-11.274, 1.641), (-11.156, 1.641)]
355;100;;;0;0,02;[706, 707, 709, 708];[(-11.156, 1.641), (-11.274, 1.641), (-11.274, 1.493), (-11.156, 1.493)]
356;100;;;0;0,22;[709, 707, 710, 711];[(-11.274, 1.493), (-11.274, 1.641), (-12.737, 1.641), (-12.737, 1.493)]
357;100;;;0;0,02;[711, 710, 712, 713];[(-12.737, 1.493), (-12.737, 1.641), (-12.869, 1.641), (-12.869, 1.493)]
358;100;;;0;0,03;[713, 712, 714, 715];[(-12.869, 1.493), (-12.869, 1.641), (-13.075, 1.641), (-13.075, 1.493)]
359;1;;;0;0,12;[715, 714, 716, 717];[(-13.075, 1.493), (-13.075, 1.641), (-13.909, 1.641), (-13.909, 1.493)]
360;100;;;0;0,04;[538, 717, 716, 540];[(-14.174, 1.495), (-13.909, 1.493), (-13.909, 1.641), (-14.174, 1.637)]
361;100;;;0;0,01;[711, 713, 719, 718];[(-12.737, 1.493), (-12.869, 1.493), (-12.869, 1.391), (-12.737, 1.391)]
362;1;;;0;0,09;[718, 719, 721, 720];[(-12.737, 1.391), (-12.869, 1.391), (-12.869, 0.696), (-12.737, 0.696)]
363;100;;;0;0,01;[720, 721, 723, 722];[(-12.737, 0.696), (-12.869, 0.696), (-12.869, 0.62), (-12.737, 0.62)]
364;100;;;0;0,02;[722, 723, 725, 724];[(-12.737, 0.62), (-12.869, 0.62), (-12.869, 0.489), (-12.737, 0.489)]
365;100;;;0;0,02;[724, 725, 727, 726];[(-12.737, 0.489), (-12.869, 0.489), (-12.869, 0.318), (-12.737, 0.318)]
366;1;;;0;0,09;[726, 727, 729, 728];[(-12.737, 0.318), (-12.869, 0.318), (-12.869, -0.377), (-12.737, -0.377)]
367;100;;;0;0,13;[728, 729, 731, 730];[(-12.737, -0.377), (-12.869, -0.377), (-12.869, -1.359), (-12.737, -1.359)]
368;100;;;0;0,02;[730, 731, 733, 732];[(-12.737, -1.359), (-12.869, -1.359), (-12.869, -1.48), (-12.737, -1.48)]
369;100;;;0;0,01;[733, 731, 734, 735];[(-12.869, -1.48), (-12.869, -1.359), (-12.951, -1.359), (-12.951, -1.48)]
370;1;;;0;0,10;[520, 735, 734, 522];[(-13.773, -1.482), (-12.951, -1.48), (-12.951, -1.359), (-13.773, -1.359)]
371;100;;;0;0,18;[730, 732, 737, 736];[(-12.737, -1.359), (-12.737, -1.48), (-11.274, -1.48), (-11.274, -1.359)]
372;100;;;0;0,01;[736, 737, 739, 738];[(-11.274, -1.359), (-11.274, -1.48), (-11.152, -1.48), (-11.152, -1.359)]
373;100;;;0;0,23;[736, 738, 741, 740];[(-11.274, -1.359), (-11.152, -1.359), (-11.152, 0.495), (-11.274, 0.495)]
374;100;;;0;0,02;[740, 741, 743, 742];[(-11.274, 0.495), (-11.152, 0.495), (-11.152, 0.627), (-11.274, 0.627)]
375;100;;;0;0,10;[709, 742, 743, 708];[(-11.274, 1.493), (-11.274, 0.627), (-11.152, 0.627), (-11.156, 1.493)]
376;100;;;0;0,19;[724, 740, 742, 722];[(-12.737, 0.489), (-11.274, 0.495), (-11.274, 0.627), (-12.737, 0.62)]
377;100;;;0;0,12;[507, 506, 744, 745];[(-13.773, -3.587), (-13.773, -3.705), (-12.781, -3.705), (-12.781, -3.587)]
378;100;;;0;0,02;[745, 744, 746, 747];[(-12.781, -3.587), (-12.781, -3.705), (-12.617, -3.705), (-12.617, -3.587)]
379;100;;;0;0,16;[747, 746, 748, 749];[(-12.617, -3.587), (-12.617, -3.705), (-11.273, -3.705), (-11.273, -3.587)]
380;100;;;0;0,01;[749, 748, 750, 751];[(-11.273, -3.587), (-11.273, -3.705), (-11.159, -3.705), (-11.159, -3.587)]
381;100;;;0;0,10;[749, 751, 753, 752];[(-11.273, -3.587), (-11.159, -3.587), (-11.159, -2.702), (-11.273, -2.702)]
382;100;;;0;0,01;[752, 753, 755, 754];[(-11.273, -2.702), (-11.159, -2.702), (-11.159, -2.572), (-11.273, -2.572)]
383;100;;;0;0,13;[737, 754, 755, 739];[(-11.274, -1.48), (-11.273, -2.572), (-11.159, -2.572), (-11.152, -1.48)]
384;100;;;0;0,02;[746, 744, 756, 757];[(-12.617, -3.705), (-12.781, -3.705), (-12.781, -3.829), (-12.617, -3.829)]
385;1;;;0;0,13;[757, 756, 758, 759];[(-12.617, -3.829), (-12.781, -3.829), (-12.781, -4.623), (-12.617, -4.623)]
386;100;;;0;0,01;[759, 758, 760, 761];[(-12.617, -4.623), (-12.781, -4.623), (-12.781, -4.702), (-12.617, -4.702)]
387;100;;;0;0,03;[761, 760, 762, 763];[(-12.617, -4.702), (-12.781, -4.702), (-12.781, -4.915), (-12.617, -4.915)]
388;100;;;0;0,01;[763, 762, 764, 765];[(-12.617, -4.915), (-12.781, -4.915), (-12.781, -4.997), (-12.617, -4.997)]
389;1;;;0;0,13;[765, 764, 766, 767];[(-12.617, -4.997), (-12.781, -4.997), (-12.781, -5.793), (-12.617, -5.793)]
390;100;;;0;0,01;[481, 767, 766, 479];[(-12.613, -5.88), (-12.617, -5.793), (-12.781, -5.793), (-12.787, -5.88)]
391;100;;;0;0,29;[761, 763, 769, 768];[(-12.617, -4.702), (-12.617, -4.915), (-11.274, -4.915), (-11.274, -4.702)]
392;100;;;0;0,03;[768, 769, 771, 770];[(-11.274, -4.702), (-11.274, -4.915), (-11.144, -4.915), (-11.144, -4.702)]
393;100;;;0;0,12;[487, 771, 769, 485];[(-11.157, -5.88), (-11.144, -4.915), (-11.274, -4.915), (-11.273, -5.88)]
394;100;;;0;0,02;[768, 770, 773, 772];[(-11.274, -4.702), (-11.144, -4.702), (-11.144, -4.572), (-11.274, -4.572)]
395;100;;;0;0,11;[748, 772, 773, 750];[(-11.273, -3.705), (-11.274, -4.572), (-11.144, -4.572), (-11.159, -3.705)]
396;100;;;0;0,35;[773, 770, 774, 775];[(-11.144, -4.572), (-11.144, -4.702), (-8.447, -4.702), (-8.447, -4.572)]
397;100;;;0;0,02;[775, 774, 776, 777];[(-8.447, -4.572), (-8.447, -4.702), (-8.281, -4.702), (-8.281, -4.572)]
398;100;;;0;0,12;[775, 777, 779, 778];[(-8.447, -4.572), (-8.281, -4.572), (-8.281, -3.859), (-8.447, -3.859)]
399;100;;;0;0,08;[778, 779, 781, 780];[(-8.447, -3.859), (-8.281, -3.859), (-8.281, -3.399), (-8.447, -3.399)]
400;100;;;0;0,12;[780, 781, 783, 782];[(-8.447, -3.399), (-8.281, -3.399), (-8.281, -2.702), (-8.447, -2.702)]
401;100;;;0;0,02;[782, 783, 785, 784];[(-8.447, -2.702), (-8.281, -2.702), (-8.281, -2.572), (-8.447, -2.572)]
402;100;;;0;0,35;[753, 782, 784, 755];[(-11.159, -2.702), (-8.447, -2.702), (-8.447, -2.572), (-11.159, -2.572)]
403;100;;;0;0,13;[781, 779, 786, 787];[(-8.281, -3.399), (-8.281, -3.859), (-8.009, -3.859), (-8.009, -3.399)]
404;100;;;0;0,47;[602, 597, 788, 789];[(-5.16, 5.516), (-5.16, 5.35), (-2.364, 5.35), (-2.364, 5.516)]
405;1;;;0;0,16;[812, 813, 815, 814];[(4.847, 5.365), (4.847, 5.205), (5.853, 5.205), (5.853, 5.365)]
406;100;;;0;0,02;[816, 817, 819, 818];[(6.699, 5.365), (6.699, 5.205), (6.812, 5.205), (6.812, 5.365)]
407;100;;;0;0,24;[807, 806, 805, 804, 790, 791, 792];[(4.024, 5.205), (4.024, 5.365), (4.024, 5.701), (3.765, 5.701), (3.594, 5.701), (3.552, 5.701), (3.552, 5.2)]
408;100;;;0;0,95;[790, 804, 809, 808, 1311, 1313];[(3.594, 5.701), (3.765, 5.701), (3.765, 11.291), (3.594, 11.291), (3.594, 9.779), (3.594, 6.345)]
409;100;;;0;0,18;[808, 809, 810, 811, 60];[(3.594, 11.291), (3.765, 11.291), (4.027, 11.291), (4.023, 11.721), (3.596, 11.721)]
410;100;;;0;0,13;[806, 807, 813, 812];[(4.024, 5.365), (4.024, 5.205), (4.847, 5.205), (4.847, 5.365)]
411;100;;;0;0,21;[796, 795, 794, 789, 788, 797, 803, 800, 801, 802];[(-1.928, 5.631), (-2.137, 5.631), (-2.364, 5.631), (-2.364, 5.516), (-2.364, 5.35), (-2.364, 5.2), (-1.876, 5.2), (-1.876, 5.35), (-1.876, 5.516), (-1.876, 5.631)]
412;100;;;0;1,19;[795, 796, 1312, 1310, 798, 799];[(-2.137, 5.631), (-1.928, 5.631), (-1.928, 6.345), (-1.928, 9.779), (-1.928, 11.297), (-2.137, 11.297)]
413;100;;;0;0,18;[43, 793, 799, 798, 45];[(-2.35, 11.719), (-2.357, 11.297), (-2.137, 11.297), (-1.928, 11.297), (-1.941, 11.719)]
414;100;;;0;0,14;[814, 815, 817, 816];[(5.853, 5.365), (5.853, 5.205), (6.699, 5.205), (6.699, 5.365)]
415;100;;;0;0,02;[819, 817, 820, 821];[(6.812, 5.205), (6.699, 5.205), (6.699, 5.035), (6.812, 5.035)]
416;1;;;0;0,16;[821, 820, 822, 823];[(6.812, 5.035), (6.699, 5.035), (6.699, 3.645), (6.812, 3.645)]
417;100;;;0;0,02;[823, 822, 824, 825];[(6.812, 3.645), (6.699, 3.645), (6.699, 3.461), (6.812, 3.461)]
418;1;;;0;0,18;[837, 836, 838, 839];[(6.812, 0.948), (6.643, 0.948), (6.643, -0.092), (6.812, -0.092)]
419;100;;;0;0,04;[830, 826, 836, 837];[(6.812, 1.208), (6.643, 1.208), (6.643, 0.948), (6.812, 0.948)]
420;100;;;0;0,05;[829, 833, 826, 830];[(6.812, 1.477), (6.643, 1.477), (6.643, 1.208), (6.812, 1.208)]
421;100;;;0;0,03;[841, 840, 842, 843];[(6.812, -0.706), (6.643, -0.706), (6.643, -0.863), (6.812, -0.863)]
422;100;;;0;0,06;[834, 835, 833, 829];[(6.812, 1.857), (6.643, 1.857), (6.643, 1.477), (6.812, 1.477)]
423;1;;;0;0,18;[831, 832, 835, 834];[(6.812, 2.927), (6.643, 2.927), (6.643, 1.857), (6.812, 1.857)]
424;100;;;0;0,10;[839, 838, 840, 841];[(6.812, -0.092), (6.643, -0.092), (6.643, -0.706), (6.812, -0.706)]
425;100;;;0;0,02;[842, 840, 844, 845];[(6.643, -0.863), (6.643, -0.706), (6.505, -0.706), (6.505, -0.863)]
426;100;;;0;0,13;[842, 845, 847, 846];[(6.643, -0.863), (6.505, -0.863), (6.505, -1.841), (6.643, -1.841)]
427;1;;;0;0,13;[846, 847, 849, 848];[(6.643, -1.841), (6.505, -1.841), (6.505, -2.753), (6.643, -2.753)]
428;100;;;0;0,31;[848, 849, 851, 850];[(6.643, -2.753), (6.505, -2.753), (6.505, -5.01), (6.643, -5.01)]
429;1;;;0;0,13;[850, 851, 853, 852];[(6.643, -5.01), (6.505, -5.01), (6.505, -5.923), (6.643, -5.923)]
430;100;;;0;0,15;[852, 853, 855, 854];[(6.643, -5.923), (6.505, -5.923), (6.505, -7.026), (6.643, -7.026)]
431;100;;;0;0,03;[854, 855, 857, 856];[(6.643, -7.026), (6.505, -7.026), (6.505, -7.222), (6.643, -7.222)]
432;100;;;0;0,06;[856, 857, 859, 858];[(6.643, -7.222), (6.505, -7.222), (6.505, -7.629), (6.643, -7.629)]
433;1;;;0;0,19;[858, 859, 861, 860];[(6.643, -7.629), (6.505, -7.629), (6.505, -9.017), (6.643, -9.017)]
434;100;;;0;0,06;[860, 861, 863, 862];[(6.643, -9.017), (6.505, -9.017), (6.505, -9.444), (6.643, -9.444)]
435;100;;;0;0,02;[862, 863, 865, 864];[(6.643, -9.444), (6.505, -9.444), (6.505, -9.582), (6.643, -9.582)]
436;100;;;0;0,21;[865, 867, 866, 864];[(6.505, -9.582), (6.505, -11.104), (6.643, -11.104), (6.643, -9.582)]
437;100;;;0;0,02;[866, 867, 869, 868];[(6.643, -11.104), (6.505, -11.104), (6.505, -11.246), (6.643, -11.246)]
438;100;;;0;0,30;[185, 869, 867, 187];[(4.293, -11.244), (6.505, -11.246), (6.505, -11.104), (4.293, -11.113)]
439;100;;;0;0,70;[63, 816, 818, 65];[(6.707, 11.721), (6.699, 5.365), (6.812, 5.365), (6.814, 11.721)]
440;100;;;0;0,18;[66, 0, 870, 872, 873, 871];[(10.072, 11.721), (9.647, 11.721), (9.647, 11.292), (9.8, 11.292), (9.936, 11.292), (10.072, 11.292)]
441;100;;;0;0,75;[873, 872, 874, 875];[(9.936, 11.292), (9.8, 11.292), (9.8, 5.797), (9.936, 5.797)]
442;100;;;0;0,13;[877, 878, 893, 892];[(12.251, 5.6), (11.905, 5.6), (11.905, 5.215), (12.251, 5.215)]
443;100;;;0;0,01;[936, 935, 937, 938];[(15.389, -0.529), (15.389, -0.428), (15.267, -0.428), (15.267, -0.529)]
444;100;;;0;0,07;[879, 878, 877, 876];[(11.905, 5.797), (11.905, 5.6), (12.251, 5.6), (12.251, 5.797)]
445;100;;;0;0,69;[876, 877, 891, 890];[(12.251, 5.797), (12.251, 5.6), (15.727, 5.6), (15.727, 5.797)]
446;100;;;0;0,13;[882, 881, 883, 884];[(9.649, 5.209), (9.649, 5.36), (8.785, 5.36), (8.785, 5.209)]
447;1;;;0;0,15;[884, 883, 885, 886];[(8.785, 5.209), (8.785, 5.36), (7.784, 5.36), (7.784, 5.209)]
448;100;;;0;0,15;[819, 886, 885, 818];[(6.812, 5.205), (7.784, 5.209), (7.784, 5.36), (6.812, 5.365)]
449;1;;;0;0,19;[887, 888, 878, 879];[(10.948, 5.797), (10.948, 5.6), (11.905, 5.6), (11.905, 5.797)]
450;100;;;0;0,76;[889, 888, 887, 875, 874, 880, 881, 882];[(10.948, 5.209), (10.948, 5.6), (10.948, 5.797), (9.936, 5.797), (9.8, 5.797), (9.649, 5.797), (9.649, 5.36), (9.649, 5.209)]
451;100;;;0;0,02;[910, 909, 911, 912];[(15.933, 1.474), (15.727, 1.474), (15.727, 1.36), (15.933, 1.36)]
452;100;;;0;0,11;[899, 904, 895, 897];[(15.933, 3.657), (15.727, 3.657), (15.727, 3.147), (15.933, 3.147)]
453;100;;;0;0,24;[896, 890, 891, 902, 903, 906, 900, 898];[(15.999, 5.797), (15.727, 5.797), (15.727, 5.6), (15.727, 5.211), (15.933, 5.211), (16.136, 5.211), (16.136, 5.797), (16.086, 5.797)]
454;1;;;0;0,28;[905, 894, 904, 899];[(15.933, 5.029), (15.727, 5.029), (15.727, 3.657), (15.933, 3.657)]
455;100;;;0;0,32;[908, 907, 909, 910];[(15.933, 3.005), (15.727, 3.005), (15.727, 1.474), (15.933, 1.474)]
456;100;;;0;0,04;[903, 902, 894, 905];[(15.933, 5.211), (15.727, 5.211), (15.727, 5.029), (15.933, 5.029)]
457;100;;;0;0,03;[897, 895, 907, 908];[(15.933, 3.147), (15.727, 3.147), (15.727, 3.005), (15.933, 3.005)]
458;100;;;0;0,36;[912, 911, 913, 914];[(15.933, 1.36), (15.727, 1.36), (15.727, -0.398), (15.933, -0.398)]
459;2;;;0;0,08;[940, 939, 941, 942];[(15.179, -0.529), (15.179, -0.428), (14.355, -0.428), (14.355, -0.529)]
460;100;;;0;0,05;[918, 923, 916, 917];[(15.83, -0.95), (15.727, -0.95), (15.727, -1.432), (15.83, -1.432)]
461;100;;;0;0,03;[920, 919, 923, 918, 922];[(15.933, -0.819), (15.727, -0.819), (15.727, -0.95), (15.83, -0.95), (15.933, -0.95)]
462;100;;;0;0,01;[917, 916, 915, 929];[(15.83, -1.432), (15.727, -1.432), (15.727, -1.514), (15.83, -1.514)]
463;100;;;0;0,28;[931, 933, 934, 930];[(15.83, -1.597), (15.658, -1.597), (15.658, -3.213), (15.83, -3.213)]
464;100;;;0;0,18;[921, 914, 913, 925, 926, 927, 928, 919, 920, 924];[(16.097, -0.398), (15.933, -0.398), (15.727, -0.398), (15.677, -0.398), (15.677, -0.428), (15.677, -0.529), (15.677, -0.819), (15.727, -0.819), (15.933, -0.819), (16.097, -0.819)]
465;100;;;0;0,03;[927, 926, 935, 936];[(15.677, -0.529), (15.677, -0.428), (15.389, -0.428), (15.389, -0.529)]
466;100;;;0;0,01;[915, 932, 933, 931, 929];[(15.727, -1.514), (15.658, -1.514), (15.658, -1.597), (15.83, -1.597), (15.83, -1.514)]
467;100;;;0;0,01;[938, 937, 939, 940];[(15.267, -0.529), (15.267, -0.428), (15.179, -0.428), (15.179, -0.529)]
468;100;;;0;0,02;[942, 941, 943, 944];[(14.355, -0.529), (14.355, -0.428), (14.142, -0.428), (14.142, -0.529)]
469;100;;;0;0,11;[944, 943, 945, 946];[(14.142, -0.529), (14.142, -0.428), (13.101, -0.428), (13.101, -0.529)]
470;100;;;0;0,25;[946, 950, 967, 948];[(13.101, -0.529), (12.757, -0.529), (12.757, -1.245), (13.101, -1.245)]
471;100;;;0;0,04;[948, 967, 969, 968];[(13.101, -1.245), (12.757, -1.245), (12.757, -1.357), (13.101, -1.357)]
472;100;;;0;0,22;[949, 947, 951, 952];[(12.757, -0.428), (13.006, -0.428), (13.006, 0.455), (12.757, 0.455)]
473;100;;;0;0,02;[952, 951, 953, 954];[(12.757, 0.455), (13.006, 0.455), (13.006, 0.553), (12.757, 0.553)]
474;100;;;0;0,20;[954, 953, 955, 956];[(12.757, 0.553), (13.006, 0.553), (13.006, 1.357), (12.757, 1.357)]
475;100;;;0;0,03;[956, 955, 957, 958];[(12.757, 1.357), (13.006, 1.357), (13.006, 1.472), (12.757, 1.472)]
476;100;;;0;0,18;[957, 955, 959, 960];[(13.006, 1.472), (13.006, 1.357), (14.608, 1.357), (14.608, 1.472)]
477;1;;;0;0,09;[960, 959, 961, 962];[(14.608, 1.472), (14.608, 1.357), (15.435, 1.357), (15.435, 1.472)]
478;100;;;0;0,03;[909, 962, 961, 911];[(15.727, 1.474), (15.435, 1.472), (15.435, 1.357), (15.727, 1.36)]
479;100;;;0;0,02;[933, 932, 963, 964];[(15.658, -1.597), (15.658, -1.514), (15.385, -1.514), (15.385, -1.597)]
480;100;;;0;0,01;[964, 963, 965, 966];[(15.385, -1.597), (15.385, -1.514), (15.27, -1.514), (15.27, -1.597)]
481;100;;;0;0,12;[938, 965, 963, 936];[(15.267, -0.529), (15.27, -1.514), (15.385, -1.514), (15.389, -0.529)]
482;100;;;0;0,03;[947, 949, 950, 946, 945];[(13.006, -0.428), (12.757, -0.428), (12.757, -0.529), (13.101, -0.529), (13.101, -0.428)]
483;100;;;0;0,31;[968, 969, 971, 970];[(13.101, -1.357), (12.757, -1.357), (12.757, -2.268), (13.101, -2.268)]
484;100;;;0;0,04;[970, 971, 973, 972];[(13.101, -2.268), (12.757, -2.268), (12.757, -2.38), (13.101, -2.38)]
485;100;;;0;0,14;[950, 949, 974, 975];[(12.757, -0.529), (12.757, -0.428), (11.395, -0.428), (11.395, -0.529)]
486;100;;;0;0,01;[975, 974, 976, 977];[(11.395, -0.529), (11.395, -0.428), (11.267, -0.428), (11.267, -0.529)]
487;3;;;0;0,09;[975, 977, 979, 978];[(11.395, -0.529), (11.267, -0.529), (11.267, -1.24), (11.395, -1.24)]
488;100;;;0;0,02;[978, 979, 981, 980];[(11.395, -1.24), (11.267, -1.24), (11.267, -1.357), (11.395, -1.357)]
489;100;;;0;0,01;[980, 981, 983, 982];[(11.395, -1.357), (11.267, -1.357), (11.267, -1.464), (11.395, -1.464)]
490;3;;;0;0,09;[982, 983, 985, 984];[(11.395, -1.464), (11.267, -1.464), (11.267, -2.159), (11.395, -2.159)]
491;100;;;0;0,01;[984, 985, 987, 986];[(11.395, -2.159), (11.267, -2.159), (11.267, -2.257), (11.395, -2.257)]
492;100;;;0;0,02;[986, 987, 989, 988];[(11.395, -2.257), (11.267, -2.257), (11.267, -2.383), (11.395, -2.383)]
493;100;;;0;0,16;[971, 986, 988, 973];[(12.757, -2.268), (11.395, -2.257), (11.395, -2.383), (12.757, -2.38)]
494;100;;;0;0,18;[989, 987, 990, 991];[(11.267, -2.383), (11.267, -2.257), (9.801, -2.257), (9.801, -2.383)]
495;100;;;0;0,02;[991, 990, 992, 993];[(9.801, -2.383), (9.801, -2.257), (9.631, -2.257), (9.631, -2.383)]
496;100;;;0;0,14;[991, 993, 995, 994];[(9.801, -2.383), (9.631, -2.383), (9.631, -3.192), (9.801, -3.192)]
497;100;;;0;0,04;[994, 995, 997, 996];[(9.801, -3.192), (9.631, -3.192), (9.631, -3.405), (9.801, -3.405)]
498;100;;;0;0,21;[996, 997, 999, 998];[(9.801, -3.405), (9.631, -3.405), (9.631, -4.615), (9.801, -4.615)]
499;100;;;0;0,03;[998, 999, 1001, 1000];[(9.801, -4.615), (9.631, -4.615), (9.631, -4.766), (9.801, -4.766)]
500;100;;;0;0,38;[1000, 1001, 1003, 1002];[(9.801, -4.766), (9.631, -4.766), (9.631, -7.034), (9.801, -7.034)]
501;100;;;0;0,03;[1002, 1003, 1005, 1004];[(9.801, -7.034), (9.631, -7.034), (9.631, -7.214), (9.801, -7.214)]
502;100;;;0;0,56;[856, 1005, 1003, 854];[(6.643, -7.222), (9.631, -7.214), (9.631, -7.034), (6.643, -7.026)]
503;100;;;0;0,03;[1002, 1004, 1007, 1006];[(9.801, -7.034), (9.801, -7.214), (9.957, -7.214), (9.957, -7.034)]
504;1;;;0;0,15;[1006, 1007, 1009, 1008];[(9.957, -7.034), (9.957, -7.214), (10.774, -7.214), (10.774, -7.034)]
505;100;;;0;0,26;[1008, 1009, 1011, 1010];[(10.774, -7.034), (10.774, -7.214), (12.215, -7.214), (12.215, -7.034)]
506;100;;;0;0,03;[1010, 1011, 1013, 1012];[(12.215, -7.034), (12.215, -7.214), (12.367, -7.214), (12.367, -7.034)]
507;100;;;0;0,60;[1012, 1013, 1015, 1014];[(12.367, -7.034), (12.367, -7.214), (15.717, -7.214), (15.717, -7.034)]
508;100;;;0;0,04;[1014, 1015, 1017, 1016];[(15.717, -7.034), (15.717, -7.214), (15.939, -7.214), (15.939, -7.034)]
509;100;;;0;0,38;[1014, 1016, 1019, 1018];[(15.717, -7.034), (15.939, -7.034), (15.939, -5.336), (15.717, -5.336)]
510;100;;;0;0,04;[1018, 1019, 1021, 1020];[(15.717, -5.336), (15.939, -5.336), (15.939, -5.156), (15.682, -5.156)]
511;100;;;0;0,30;[1020, 1021, 1023, 1022];[(15.682, -5.156), (15.939, -5.156), (15.939, -3.984), (15.682, -3.984)]
512;100;;;0;0,02;[1018, 1020, 1025, 1024];[(15.717, -5.336), (15.682, -5.156), (15.575, -5.156), (15.575, -5.336)]
513;2;;;0;0,14;[1024, 1025, 1027, 1026];[(15.575, -5.336), (15.575, -5.156), (14.777, -5.156), (14.777, -5.336)]
514;100;;;0;0,02;[1026, 1027, 1029, 1028];[(14.777, -5.336), (14.777, -5.156), (14.654, -5.156), (14.654, -5.336)]
515;100;;;0;0,02;[1028, 1029, 1031, 1030];[(14.654, -5.336), (14.654, -5.156), (14.531, -5.156), (14.531, -5.336)]
516;2;;;0;0,15;[1030, 1031, 1033, 1032];[(14.531, -5.336), (14.531, -5.156), (13.695, -5.156), (13.695, -5.336)]
517;100;;;0;0,01;[1032, 1033, 1035, 1034];[(13.695, -5.336), (13.695, -5.156), (13.633, -5.156), (13.633, -5.336)]
518;100;;;0;0,03;[1034, 1035, 1037, 1036];[(13.633, -5.336), (13.633, -5.156), (13.472, -5.156), (13.472, -5.336)]
519;100;;;0;0,06;[1037, 1035, 1038, 1039];[(13.472, -5.156), (13.633, -5.156), (13.633, -4.769), (13.472, -4.769)]
520;100;;;0;0,02;[1039, 1038, 1040, 1041];[(13.472, -4.769), (13.633, -4.769), (13.633, -4.627), (13.472, -4.627)]
521;100;;;0;0,11;[1041, 1040, 1042, 1043];[(13.472, -4.627), (13.633, -4.627), (13.633, -3.97), (13.472, -3.97)]
522;100;;;0;0,09;[1043, 1042, 1044, 1045];[(13.472, -3.97), (13.633, -3.97), (13.633, -3.417), (13.472, -3.417)]
523;100;;;0;0,04;[1045, 1044, 1046, 1047];[(13.472, -3.417), (13.633, -3.417), (13.633, -3.219), (13.434, -3.219)]
524;100;;;0;0,03;[1045, 1047, 1049, 1048];[(13.472, -3.417), (13.434, -3.219), (13.306, -3.219), (13.306, -3.417)]
525;100;;;0;0,72;[996, 1048, 1049, 994];[(9.801, -3.405), (13.306, -3.417), (13.306, -3.219), (9.801, -3.192)]
526;100;;;0;0,37;[998, 1000, 1051, 1050];[(9.801, -4.615), (9.801, -4.766), (12.215, -4.766), (12.215, -4.615)]
527;100;;;0;0,02;[1050, 1051, 1053, 1052];[(12.215, -4.615), (12.215, -4.766), (12.356, -4.766), (12.356, -4.615)]
528;100;;;0;0,16;[1041, 1052, 1053, 1039];[(13.472, -4.627), (12.356, -4.615), (12.356, -4.766), (13.472, -4.769)]
529;100;;;0;0,09;[1053, 1051, 1054, 1055];[(12.356, -4.766), (12.215, -4.766), (12.215, -5.404), (12.356, -5.404)]
530;1;;;0;0,11;[1055, 1054, 1056, 1057];[(12.356, -5.404), (12.215, -5.404), (12.215, -6.199), (12.356, -6.199)]
531;100;;;0;0,12;[1012, 1057, 1056, 1010];[(12.367, -7.034), (12.356, -6.199), (12.215, -6.199), (12.215, -7.034)]
532;100;;;0;0,14;[1031, 1029, 1058, 1059];[(14.531, -5.156), (14.654, -5.156), (14.654, -3.979), (14.531, -3.979)]
533;100;;;0;0,09;[1059, 1058, 1060, 1061];[(14.531, -3.979), (14.654, -3.979), (14.654, -3.211), (14.531, -3.211)]
534;100;;;0;0,68;[1042, 1059, 1061, 1046, 1044];[(13.633, -3.97), (14.531, -3.979), (14.531, -3.211), (13.633, -3.219), (13.633, -3.417)]
535;100;;;0;0,04;[1022, 1023, 1063, 1062];[(15.682, -3.984), (15.939, -3.984), (15.939, -3.835), (15.682, -3.835)]
536;100;;;0;0,08;[1062, 1063, 1065, 1064];[(15.682, -3.835), (15.939, -3.835), (15.828, -3.417), (15.682, -3.417)]
537;100;;;0;0,09;[1065, 1063, 1066, 1067];[(15.828, -3.417), (15.939, -3.835), (16.104, -3.835), (16.104, -3.417)]
538;100;;;0;0,03;[934, 1064, 1065, 930];[(15.658, -3.213), (15.682, -3.417), (15.828, -3.417), (15.83, -3.213)]
539;100;;;0;0,79;[1058, 1022, 1062, 1064, 934, 1060];[(14.654, -3.979), (15.682, -3.984), (15.682, -3.835), (15.682, -3.417), (15.658, -3.213), (14.654, -3.211)]
540;100;;;0;0,02;[970, 972, 1069, 1068];[(13.101, -2.268), (13.101, -2.38), (13.298, -2.38), (13.298, -2.268)]
541;100;;;0;0,02;[1068, 1069, 1071, 1070];[(13.298, -2.268), (13.298, -2.38), (13.436, -2.38), (13.436, -2.268)]
542;100;;;0;0,11;[1047, 1071, 1069, 1049];[(13.434, -3.219), (13.436, -2.38), (13.298, -2.38), (13.306, -3.219)]
543;100;;;0;0,19;[862, 864, 1073, 1072];[(6.643, -9.444), (6.643, -9.582), (8.027, -9.582), (8.027, -9.444)]
544;1;;;0;0,13;[1072, 1073, 1075, 1074];[(8.027, -9.444), (8.027, -9.582), (8.991, -9.582), (8.991, -9.444)]
545;100;;;0;0,09;[1074, 1075, 1077, 1076];[(8.991, -9.444), (8.991, -9.582), (9.671, -9.582), (9.671, -9.444)]
546;100;;;0;0,02;[1076, 1077, 1079, 1078];[(9.671, -9.444), (9.671, -9.582), (9.801, -9.582), (9.801, -9.444)]
547;100;;;0;0,04;[1078, 1079, 1081, 1080];[(9.801, -9.444), (9.801, -9.582), (10.075, -9.582), (10.075, -9.444)]
548;100;;;0;0,07;[1081, 1079, 1083, 1084];[(10.075, -9.582), (9.801, -9.582), (9.801, -9.851), (10.075, -9.851)]
549;100;;;0;0,04;[1079, 1077, 1082, 1083];[(9.801, -9.582), (9.671, -9.582), (9.671, -9.851), (9.801, -9.851)]
550;100;;;0;0,08;[1080, 1081, 1086, 1085];[(10.075, -9.444), (10.075, -9.582), (10.635, -9.582), (10.635, -9.444)]
551;1;;;0;0,16;[1085, 1086, 1088, 1087];[(10.635, -9.444), (10.635, -9.582), (11.811, -9.582), (11.811, -9.444)]
552;100;;;0;0,14;[1087, 1088, 1090, 1089];[(11.811, -9.444), (11.811, -9.582), (12.83, -9.582), (12.83, -9.444)]
553;100;;;0;0,02;[1089, 1090, 1092, 1091];[(12.83, -9.444), (12.83, -9.582), (12.972, -9.582), (12.972, -9.444)]
554;100;;;0;0,14;[1091, 1092, 1094, 1093];[(12.972, -9.444), (12.972, -9.582), (13.957, -9.582), (13.957, -9.444)]
555;1;;;0;0,17;[1093, 1094, 1096, 1095];[(13.957, -9.444), (13.957, -9.582), (15.162, -9.582), (15.162, -9.444)]
556;100;;;0;0,08;[1095, 1096, 1098, 1097];[(15.162, -9.444), (15.162, -9.582), (15.725, -9.582), (15.725, -9.444)]
557;100;;;0;0,04;[1097, 1098, 1099, 3];[(15.725, -9.444), (15.725, -9.582), (15.929, -9.582), (15.929, -9.373)]
558;100;;;0;0,08;[1097, 3, 1100, 1101];[(15.725, -9.444), (15.929, -9.373), (15.929, -9.019), (15.725, -9.019)]
559;1;;;0;0,28;[1101, 1100, 1102, 1103];[(15.725, -9.019), (15.929, -9.019), (15.929, -7.633), (15.725, -7.633)]
560;100;;;0;0,09;[1015, 1103, 1102, 1017];[(15.717, -7.214), (15.725, -7.633), (15.929, -7.633), (15.939, -7.214)]
561;100;;;0;0,19;[2, 152, 1105, 1106, 1104];[(9.668, -15.884), (10.09, -15.884), (10.09, -15.428), (9.801, -15.428), (9.668, -15.428)]
562;100;;;0;0,73;[1082, 1104, 1106, 1083];[(9.671, -9.851), (9.668, -15.428), (9.801, -15.428), (9.801, -9.851)]
563;100;;;0;0,94;[148, 1092, 1090, 150];[(12.975, -15.884), (12.972, -9.582), (12.83, -9.582), (12.818, -15.884)]
564;100;;;0;0,54;[3, 1099, 1108, 1107];[(15.929, -9.373), (15.929, -9.582), (18.508, -9.582), (18.508, -9.373)]
565;100;;;0;0,10;[1107, 1108, 1110, 1109];[(18.508, -9.373), (18.508, -9.582), (19.009, -9.582), (19.009, -9.373)]
566;100;;;0;0,21;[1110, 1108, 1111, 1113, 1112];[(19.009, -9.582), (18.508, -9.582), (18.508, -9.995), (18.866, -9.995), (19.009, -9.995)]
567;100;;;0;0,82;[144, 1112, 1113, 146];[(19.003, -15.884), (19.009, -9.995), (18.866, -9.995), (18.867, -15.884)]
568;100;;;0;0,06;[1109, 1110, 1115, 1114];[(19.009, -9.373), (19.009, -9.582), (19.283, -9.582), (19.283, -9.373)]
569;19;;;0;0,25;[1114, 1115, 1117, 1116];[(19.283, -9.373), (19.283, -9.582), (20.488, -9.582), (20.488, -9.373)]
570;100;;;0;0,26;[1116, 1117, 1119, 1118];[(20.488, -9.373), (20.488, -9.582), (21.711, -9.582), (21.711, -9.373)]
571;100;;;0;3,07;[1122, 1120, 1118, 1119, 142, 140];[(22.184, -9.373), (21.792, -9.373), (21.711, -9.373), (21.711, -9.582), (21.705, -15.884), (22.175, -15.884)]
572;100;;;0;1,09;[1120, 1122, 1125, 1124];[(21.792, -9.373), (22.184, -9.373), (22.184, -6.599), (21.792, -6.599)]
573;19;;;0;0,56;[1124, 1125, 1127, 1126];[(21.792, -6.599), (22.184, -6.599), (22.184, -5.167), (21.792, -5.167)]
574;100;;;0;0,16;[1126, 1127, 1129, 1128];[(21.792, -5.167), (22.184, -5.167), (22.184, -4.751), (21.792, -4.751)]
575;19;;;0;0,56;[1155, 1147, 1156, 1157];[(21.792, 1.184), (22.175, 1.184), (22.175, 2.634), (21.792, 2.634)]
576;100;;;0;1,27;[1153, 1154, 1148, 1151, 1149, 1134, 1130, 1145, 1150, 1146, 1152];[(21.792, 0.782), (21.518, 0.782), (21.518, -0.017), (21.225, -0.017), (21.225, -0.848), (21.603, -0.848), (21.872, -0.848), (21.872, -0.688), (22.175, -0.688), (22.175, 0.026), (22.175, 0.782)]
577;100;;;0;0,98;[1157, 1156, 1158, 1159];[(21.792, 2.634), (22.175, 2.634), (22.175, 5.2), (21.792, 5.2)]
578;100;;;0;0,04;[1135, 1139, 1130, 1134];[(21.603, -0.98), (21.872, -0.98), (21.872, -0.848), (21.603, -0.848)]
579;100;;;0;0,15;[1153, 1152, 1147, 1155];[(21.792, 0.782), (22.175, 0.782), (22.175, 1.184), (21.792, 1.184)]
580;100;;;0;1,24;[1131, 1138, 1137, 1142, 1143, 1144, 1140, 1136, 1132, 1128, 1129];[(22.184, -4.184), (22.184, -3.457), (21.872, -3.457), (21.872, -3.131), (21.603, -3.131), (21.206, -3.131), (21.206, -3.957), (21.518, -3.957), (21.518, -4.751), (21.792, -4.751), (22.184, -4.751)]
581;100;;;0;0,04;[1143, 1142, 1141, 1133];[(21.603, -3.131), (21.872, -3.131), (21.872, -2.979), (21.603, -2.979)]
582;19;;;0;0,54;[1133, 1141, 1139, 1135];[(21.603, -2.979), (21.872, -2.979), (21.872, -0.98), (21.603, -0.98)]
583;100;;;0;0,61;[1163, 1160, 1161, 1167];[(21.707, 7.191), (22.175, 7.191), (22.175, 8.495), (21.707, 8.495)]
584;100;;;0;0,11;[1166, 1162, 1160, 1163];[(21.707, 6.958), (22.175, 6.958), (22.175, 7.191), (21.707, 7.191)]
585;100;;;0;0,82;[1158, 1162, 1166, 1165, 1164, 1159];[(22.175, 5.2), (22.175, 6.958), (21.707, 6.958), (21.707, 5.779), (21.707, 5.2), (21.792, 5.2)]
586;100;;;0;0,10;[1167, 1161, 1168, 1169];[(21.707, 8.495), (22.175, 8.495), (22.175, 8.71), (21.707, 8.71)]
587;100;;;0;1,43;[72, 1169, 1168, 74];[(21.7, 11.721), (21.707, 8.71), (22.175, 8.71), (22.183, 11.721)]
588;100;;;0;0,54;[1167, 1169, 1171, 1170];[(21.707, 8.495), (21.707, 8.71), (19.212, 8.71), (19.212, 8.495)]
589;100;;;0;0,07;[1170, 1171, 1173, 1172];[(19.212, 8.495), (19.212, 8.71), (18.883, 8.71), (18.883, 8.495)]
590;100;;;0;0,43;[1170, 1172, 1175, 1174];[(19.212, 8.495), (18.883, 8.495), (18.883, 7.202), (19.212, 7.202)]
591;100;;;0;0,08;[1174, 1175, 1177, 1176];[(19.212, 7.202), (18.883, 7.202), (18.883, 6.958), (19.212, 6.958)]
592;100;;;0;0,04;[1176, 1177, 1179, 1178];[(19.212, 6.958), (18.883, 6.958), (18.883, 6.85), (19.212, 6.85)]
593;1;;;0;0,29;[1178, 1179, 1181, 1180];[(19.212, 6.85), (18.883, 6.85), (18.883, 5.954), (19.212, 5.954)]
594;100;;;0;0,05;[1180, 1181, 1183, 1182];[(19.212, 5.954), (18.883, 5.954), (18.883, 5.79), (19.212, 5.79)]
595;100;;;0;0,19;[1182, 1183, 1185, 1184];[(19.212, 5.79), (18.883, 5.79), (18.883, 5.217), (19.212, 5.217)]
596;100;;;0;0,36;[1182, 1184, 1187, 1186];[(19.212, 5.79), (19.212, 5.217), (19.835, 5.217), (19.835, 5.79)]
597;19;;;0;0,52;[1186, 1187, 1189, 1188];[(19.835, 5.79), (19.835, 5.217), (20.737, 5.217), (20.737, 5.79)]
598;100;;;0;0,56;[1165, 1188, 1189, 1164];[(21.707, 5.779), (20.737, 5.79), (20.737, 5.217), (21.707, 5.2)]
599;100;;;0;1,59;[1185, 1183, 900, 906];[(18.883, 5.217), (18.883, 5.79), (16.136, 5.797), (16.136, 5.211)]
600;100;;;0;0,48;[896, 898, 1190, 901];[(15.999, 5.797), (16.086, 5.797), (16.086, 11.293), (15.999, 11.293)]
601;100;;;0;0,17;[68, 1191, 901, 1190, 70];[(15.671, 11.721), (15.681, 11.293), (15.999, 11.293), (16.086, 11.293), (16.08, 11.721)]
602;100;;;0;0,38;[1174, 1176, 1193, 1192];[(19.212, 7.202), (19.212, 6.958), (20.766, 6.958), (20.766, 7.202)]
603;1;;;0;0,20;[1192, 1193, 1195, 1194];[(20.766, 7.202), (20.766, 6.958), (21.589, 6.958), (21.589, 7.202)]
604;100;;;0;0,03;[1163, 1194, 1195, 1166];[(21.707, 7.191), (21.589, 7.202), (21.589, 6.958), (21.707, 6.958)]
605;100;;;0;4,00;[1146, 1150, 1314, 1316, 1197, 1196];[(22.175, 0.026), (22.175, -0.688), (23.272, -0.688), (26.303, -0.688), (27.784, -0.688), (27.784, 0.026)]
606;100;;;0;0,40;[1196, 1197, 1199, 1198];[(27.784, 0.026), (27.784, -0.688), (28.339, -0.688), (28.339, 0.026)]
607;100;;;0;0,10;[1199, 1197, 1200, 1201];[(28.339, -0.688), (27.784, -0.688), (27.784, -0.859), (28.339, -0.859)]
608;100;;;0;2,57;[102, 1198, 1199, 1201, 106, 104, 103];[(31.265, 0.026), (28.339, 0.026), (28.339, -0.688), (28.339, -0.859), (31.265, -0.843), (31.265, -0.728), (31.265, -0.581)]
609;100;;;0;0,34;[1201, 1200, 1202, 1203];[(28.339, -0.859), (27.784, -0.859), (27.784, -1.48), (28.339, -1.48)]
610;1;;;0;0,78;[1203, 1202, 1204, 1205];[(28.339, -1.48), (27.784, -1.48), (27.784, -2.876), (28.339, -2.876)]
611;100;;;0;0,30;[1205, 1204, 1206, 1207];[(28.339, -2.876), (27.784, -2.876), (27.784, -3.446), (28.339, -3.398)]
612;100;;;0;0,42;[1207, 1206, 1208, 1209];[(28.339, -3.398), (27.784, -3.446), (27.784, -4.174), (28.339, -4.174)]
613;100;;;0;2,28;[112, 1207, 1209, 116, 114];[(31.265, -3.395), (28.339, -3.398), (28.339, -4.174), (31.265, -4.177), (31.265, -3.537)]
614;100;;;0;4,08;[1131, 1208, 1206, 1317, 1315, 1138];[(22.184, -4.184), (27.784, -4.174), (27.784, -3.446), (26.303, -3.449), (23.272, -3.454), (22.184, -3.457)]
615;100;;;0;0,24;[992, 990, 1123, 1121];[(9.631, -2.257), (9.801, -2.257), (9.801, -0.866), (9.631, -0.866)]
616;100;;;0;0,40;[843, 1212, 1213, 841];[(6.812, -0.863), (9.311, -0.866), (9.311, -0.702), (6.812, -0.706)]
617;100;;;0;0,93;[1213, 1211, 1210, 1214];[(9.311, -0.702), (9.801, -0.702), (9.801, 1.189), (9.311, 1.189)]
618;100;;;0;0,08;[1211, 1213, 1212, 1121, 1123];[(9.801, -0.702), (9.311, -0.702), (9.311, -0.866), (9.631, -0.866), (9.801, -0.866)]
619;1;;;0;0,09;[1222, 1216, 1223, 1224];[(9.9, 1.477), (9.9, 1.364), (10.684, 1.364), (10.684, 1.477)]
620;100;;;0;0,02;[1226, 1225, 1227, 1228];[(11.261, 1.477), (11.261, 1.364), (11.393, 1.364), (11.393, 1.477)]
621;100;;;0;0,01;[1217, 1215, 1216, 1222];[(9.801, 1.477), (9.801, 1.364), (9.9, 1.364), (9.9, 1.477)]
622;100;;;0;0,24;[1215, 1217, 1218, 1221, 1219, 1214, 1210];[(9.801, 1.364), (9.801, 1.477), (9.448, 1.477), (8.981, 1.477), (8.981, 1.189), (9.311, 1.189), (9.801, 1.189)]
623;100;;;0;0,07;[1224, 1223, 1225, 1226];[(10.684, 1.477), (10.684, 1.364), (11.261, 1.364), (11.261, 1.477)]
624;100;;;0;0,16;[958, 1228, 1227, 956];[(12.757, 1.472), (11.393, 1.477), (11.393, 1.364), (12.757, 1.357)]
625;100;;;0;0,01;[1227, 1225, 1229, 1230];[(11.393, 1.364), (11.261, 1.364), (11.261, 1.288), (11.393, 1.288)]
626;3;;;0;0,09;[1230, 1229, 1231, 1232];[(11.393, 1.288), (11.261, 1.288), (11.261, 0.594), (11.393, 0.594)]
627;100;;;0;0,01;[1232, 1231, 1233, 1234];[(11.393, 0.594), (11.261, 0.594), (11.261, 0.556), (11.393, 0.556)]
628;100;;;0;0,01;[1234, 1233, 1235, 1236];[(11.393, 0.556), (11.261, 0.556), (11.261, 0.457), (11.393, 0.457)]
629;100;;;0;0,01;[1236, 1235, 1237, 1238];[(11.393, 0.457), (11.261, 0.457), (11.261, 0.367), (11.393, 0.367)]
630;3;;;0;0,09;[1238, 1237, 1239, 1240];[(11.393, 0.367), (11.261, 0.367), (11.261, -0.323), (11.393, -0.323)]
631;100;;;0;0,01;[974, 1240, 1239, 976];[(11.395, -0.428), (11.393, -0.323), (11.261, -0.323), (11.267, -0.428)]
632;100;;;0;0,54;[1218, 1217, 1241, 1242];[(9.448, 1.477), (9.801, 1.477), (9.801, 3.004), (9.448, 3.004)]
633;100;;;0;0,04;[1242, 1241, 1243, 1244];[(9.448, 3.004), (9.801, 3.004), (9.647, 3.141), (9.448, 3.141)]
634;100;;;0;0,02;[1243, 1241, 1245, 1246];[(9.647, 3.141), (9.801, 3.004), (9.905, 3.004), (9.905, 3.141)]
635;1;;;0;0,11;[1246, 1245, 1247, 1248];[(9.905, 3.141), (9.905, 3.004), (10.68, 3.004), (10.68, 3.141)]
636;100;;;0;0,54;[1248, 1247, 1249, 1250];[(10.68, 3.141), (10.68, 3.004), (14.597, 3.004), (14.597, 3.141)]
637;1;;;0;0,11;[1250, 1249, 1251, 1252];[(14.597, 3.141), (14.597, 3.004), (15.396, 3.004), (15.396, 3.141)]
638;100;;;0;0,05;[895, 1252, 1251, 907];[(15.727, 3.147), (15.396, 3.141), (15.396, 3.004), (15.727, 3.005)]
639;100;;;0;0,03;[1244, 1243, 1253, 1254];[(9.448, 3.141), (9.647, 3.141), (9.647, 3.272), (9.448, 3.272)]
640;100;;;0;0,04;[1254, 1253, 1255, 1256];[(9.448, 3.272), (9.647, 3.272), (9.647, 3.459), (9.448, 3.459)]
641;100;;;0;0,09;[1254, 1256, 1258, 1257];[(9.448, 3.272), (9.448, 3.459), (8.975, 3.459), (8.975, 3.272)]
642;100;;;0;0,03;[1257, 1258, 1260, 1259];[(8.975, 3.272), (8.975, 3.459), (8.834, 3.459), (8.834, 3.272)]
643;100;;;0;0,37;[827, 1259, 1260, 825];[(6.812, 3.281), (8.834, 3.272), (8.834, 3.459), (6.812, 3.461)]
644;100;;;0;0,04;[1219, 1221, 1261, 1220];[(8.981, 1.189), (8.981, 1.477), (8.833, 1.477), (8.833, 1.189)]
645;100;;;0;0,56;[830, 1220, 1261, 829];[(6.812, 1.208), (8.833, 1.189), (8.833, 1.477), (6.812, 1.477)]
646;100;;;0;0,26;[1259, 1261, 1221, 1257];[(8.834, 3.272), (8.833, 1.477), (8.981, 1.477), (8.975, 3.272)]
647;100;;;0;0,13;[954, 1234, 1236, 952];[(12.757, 0.553), (11.393, 0.556), (11.393, 0.457), (12.757, 0.455)]
648;2;;;0;0,10;[138, 136, 1262, 1263];[(29.691, -15.884), (29.815, -15.884), (29.815, -15.067), (29.691, -15.067)]
649;100;;;0;0,01;[1263, 1262, 1264, 1265];[(29.691, -15.067), (29.815, -15.067), (29.769, -14.95), (29.691, -14.95)]
650;100;;;0;0,06;[1263, 1265, 1267, 1266];[(29.691, -15.067), (29.691, -14.95), (29.166, -14.95), (29.166, -15.067)]
651;100;;;0;0,11;[130, 128, 1268, 1269];[(34.249, -11.532), (34.249, -11.395), (33.47, -11.395), (33.421, -11.532)]
652;100;;;0;0,01;[1269, 1268, 1271];[(33.421, -11.532), (33.47, -11.395), (33.344, -11.43)]
653;100;;;0;0,07;[1271, 1268, 1270, 1272];[(33.344, -11.43), (33.47, -11.395), (33.47, -10.866), (33.344, -10.866)]
654;100;;;0;0,61;[1262, 1269, 1271, 1264];[(29.815, -15.067), (33.421, -11.532), (33.344, -11.43), (29.769, -14.95)]
655;100;;;0;0,26;[1281, 1282, 1279, 1280];[(34.853, 5.701), (34.241, 5.701), (34.241, 5.281), (34.853, 5.281)]
656;100;;;0;0,29;[1275, 1278, 1277, 1276];[(27.747, -15.884), (27.747, -16.561), (28.169, -16.561), (28.169, -15.884)]
657;100;;;0;3,78;[1278, 1275, 140, 141];[(27.747, -16.561), (27.747, -15.884), (22.175, -15.884), (22.175, -16.561)]
658;100;;;0;1,03;[139, 138, 1276, 1277];[(29.691, -16.561), (29.691, -15.884), (28.169, -15.884), (28.169, -16.561)]
659;100;;;0;0,90;[87, 86, 1282, 1281];[(34.853, 7.164), (34.241, 7.164), (34.241, 5.701), (34.853, 5.701)]
660;100;;;0;0,17;[1279, 1282, 1284, 1283];[(34.241, 5.281), (34.241, 5.701), (33.832, 5.701), (33.832, 5.281)]
661;100;;;0;0,11;[86, 84, 1285, 1286];[(34.241, 7.164), (34.241, 7.301), (33.43, 7.301), (33.43, 7.164)]
662;100;;;0;0,01;[1286, 1285, 1288];[(33.43, 7.164), (33.43, 7.301), (33.32, 7.213)]
663;100;;;0;0,06;[1286, 1288, 1289, 1287];[(33.43, 7.164), (33.32, 7.213), (33.32, 6.655), (33.43, 6.655)]
664;100;;;0;0,00;[78, 76, 1290, 1291];[(29.886, 11.721), (29.77, 11.721), (29.77, 11.681), (29.886, 11.681)]
665;2;;;0;0,08;[1291, 1290, 1292, 1293];[(29.886, 11.681), (29.77, 11.681), (29.77, 11.005), (29.886, 11.005)]
666;100;;;0;0,01;[1293, 1292, 1294, 1295];[(29.886, 11.005), (29.77, 11.005), (29.77, 10.949), (29.886, 10.949)]
667;100;;;0;0,01;[1295, 1294, 1296, 1297];[(29.886, 10.949), (29.77, 10.949), (29.77, 10.831), (29.885, 10.9)]
668;100;;;0;0,68;[1285, 1297, 1296, 1288];[(33.43, 7.301), (29.885, 10.9), (29.77, 10.831), (33.32, 7.213)]
669;100;;;0;0,06;[1296, 1294, 1298, 1299];[(29.77, 10.831), (29.77, 10.949), (29.244, 10.949), (29.244, 10.831)]
670;100;;;0;0,32;[1302, 1303, 1300, 1301];[(27.798, 12.472), (27.798, 11.721), (28.223, 11.721), (28.223, 12.472)]
671;100;;;0;4,22;[75, 74, 1303, 1302];[(22.183, 12.472), (22.183, 11.721), (27.798, 11.721), (27.798, 12.472)]
672;100;;;0;0,18;[1300, 1303, 1305, 1304];[(28.223, 11.721), (27.798, 11.721), (27.798, 11.286), (28.223, 11.286)]
673;2;;;0;12,86;[10, 288, 427, 429, 433, 437, 439, 6];[(-32.564, 11.719), (-32.569, 7.367), (-31.8, 7.367), (-31.751, 7.367), (-28.151, 10.898), (-28.151, 10.969), (-28.151, 11.663), (-28.155, 11.719)]
674;8;105;Аудитория;0;126,56;[5, 440, 438, 436, 435, 434, 432, 428, 431, 430, 426, 286, 280, 278, 276, 274, 271, 270, 410, 393, 397, 383, 392, 390, 386, 389, 399, 401, 403, 405, 407, 21];[(-28.013, 11.719), (-28.014, 11.663), (-28.014, 10.969), (-28.014, 10.898), (-27.758, 10.898), (-27.758, 10.779), (-28.088, 10.779), (-31.677, 7.263), (-31.677, 6.974), (-31.8, 6.974), (-31.8, 7.244), (-32.569, 7.244), (-32.569, 0.049), (-31.773, 0.049), (-30.773, 0.049), (-30.261, 0.049), (-29.705, 0.049), (-26.765, 0.049), (-26.218, 0.049), (-20.542, 0.043), (-20.542, 0.751), (-20.542, 1.085), (-20.542, 2.672), (-20.542, 5.249), (-20.542, 5.379), (-20.542, 5.773), (-20.542, 5.871), (-20.542, 7.62), (-20.542, 7.73), (-20.542, 9.903), (-20.542, 10.435), (-20.55, 11.719)]
675;1;;;0;7,52;[261, 259, 415, 416, 269, 267, 265, 263];[(-29.705, -3.295), (-26.768, -3.295), (-26.767, -2.674), (-26.766, -1.275), (-26.765, -0.735), (-29.705, -0.735), (-29.705, -1.323), (-29.705, -2.715)]
676;1;;;0;4,25;[364, 368, 371, 373, 375, 377, 380, 381, 391, 1309, 1308, 363];[(-20.32, -3.428), (-20.32, -3.22), (-20.145, -3.22), (-20.145, -3.118), (-20.145, -1.016), (-20.145, -0.935), (-20.33, -0.935), (-20.33, -0.69), (-20.542, -0.69), (-21.725, -0.686), (-21.725, -3.429), (-20.538, -3.428)]
677;8;104;Аудитория;0;126,47;[237, 345, 346, 348, 352, 354, 356, 411, 258, 260, 256, 254, 250, 248, 423, 425, 424, 421, 413, 420, 419, 361, 357, 367, 239];[(-20.553, -15.878), (-20.538, -9.576), (-20.538, -9.355), (-20.538, -6.905), (-20.538, -5.28), (-20.538, -4.888), (-20.538, -4.161), (-26.22, -4.155), (-26.768, -4.155), (-29.705, -4.155), (-30.773, -4.155), (-31.772, -4.155), (-32.566, -4.155), (-32.566, -11.327), (-31.905, -11.327), (-31.905, -10.735), (-31.672, -10.737), (-31.672, -11.33), (-28.039, -14.861), (-27.402, -14.861), (-27.402, -15.097), (-28.039, -15.097), (-28.039, -15.156), (-28.039, -15.838), (-28.039, -15.878)]
678;2;;;0;12,70;[241, 365, 359, 360, 414, 422, 246, 243];[(-28.215, -15.878), (-28.215, -15.838), (-28.215, -15.156), (-28.215, -15.097), (-31.793, -11.468), (-31.905, -11.459), (-32.566, -11.459), (-32.566, -15.878)]
679;8;103;;0;35,36;[233, 442, 444, 339, 341, 343, 349, 235];[(-14.449, -15.878), (-14.449, -15.466), (-14.471, -9.867), (-14.471, -9.576), (-17.408, -9.576), (-18.298, -9.576), (-20.067, -9.576), (-20.073, -15.878)]
680;8;102;;0;34,19;[229, 330, 328, 331, 333, 335, 337, 445, 443, 441, 231, 228];[(-8.814, -15.398), (-8.834, -9.865), (-8.834, -9.576), (-9.067, -9.576), (-10.07, -9.576), (-14.044, -9.576), (-14.044, -9.867), (-14.277, -9.867), (-14.274, -15.466), (-14.047, -15.466), (-14.047, -15.878), (-8.814, -15.878)]
681;1;;;0;18,22;[317, 447, 449, 451, 454, 456, 458, 460, 462, 466, 468, 336, 334, 332, 329, 325, 323, 321, 319];[(-5.313, -9.355), (-5.313, -8.722), (-5.313, -7.742), (-5.313, -7.3), (-11.153, -7.3), (-11.34, -7.3), (-13.053, -7.3), (-13.977, -7.3), (-14.182, -7.3), (-14.182, -7.727), (-14.182, -8.731), (-14.17, -9.355), (-10.07, -9.355), (-9.067, -9.355), (-8.834, -9.355), (-8.67, -9.355), (-8.012, -9.355), (-6.804, -9.355), (-5.812, -9.355)]
682;19;;;0;83,56;[338, 469, 467, 464, 465, 471, 473, 488, 493, 502, 500, 503, 497, 498, 494, 511, 513, 527, 529, 531, 533, 535, 537, 539, 541, 543, 545, 547, 549, 555, 638, 636, 634, 632, 630, 628, 626, 624, 385, 378, 379, 388, 395, 394, 384, 387, 382, 376, 374, 372, 369, 370, 366, 362, 358, 355, 353, 351, 347, 350, 344, 342, 340];[(-14.306, -9.355), (-14.309, -8.731), (-14.309, -7.727), (-14.309, -7.3), (-14.309, -7.137), (-14.309, -5.992), (-14.309, -5.88), (-14.309, -3.868), (-14.45, -3.868), (-14.45, -3.452), (-14.309, -3.452), (-14.309, -3.279), (-14.309, -2.655), (-14.309, -2.603), (-14.309, -2.505), (-14.309, -1.887), (-14.309, -1.786), (-14.309, -1.663), (-14.309, -1.027), (-14.309, -0.901), (-14.309, -0.802), (-14.309, -0.427), (-14.309, 1.495), (-14.309, 1.637), (-14.309, 2.799), (-14.309, 2.953), (-14.309, 3.495), (-14.309, 4.807), (-14.309, 5.244), (-14.45, 5.244), (-18.055, 5.249), (-18.166, 5.249), (-18.215, 5.249), (-19.032, 5.249), (-19.141, 5.249), (-19.223, 5.249), (-19.321, 5.249), (-19.971, 5.249), (-20.056, 5.249), (-20.17, 5.249), (-20.17, 2.672), (-20.17, 1.085), (-20.17, 0.751), (-19.899, 0.751), (-19.899, -0.127), (-19.644, -0.127), (-19.644, -0.935), (-19.899, -0.935), (-19.899, -1.016), (-19.899, -3.118), (-19.899, -3.22), (-19.639, -3.22), (-19.639, -4.005), (-19.899, -4.005), (-19.899, -4.888), (-20.164, -4.888), (-20.164, -5.28), (-20.164, -6.905), (-20.164, -9.355), (-20.067, -9.355), (-18.298, -9.355), (-17.408, -9.355), (-14.471, -9.355)]
683;6;;;0;8,57;[562, 564, 566, 568, 657, 655, 653, 639, 556, 560, 557, 552];[(-14.282, 7.064), (-14.282, 7.467), (-14.282, 7.592), (-14.282, 7.677), (-18.055, 7.671), (-18.055, 7.066), (-18.055, 6.13), (-18.055, 5.379), (-14.45, 5.398), (-14.45, 5.67), (-14.282, 5.67), (-14.282, 6.126)]
684;6;;;0;13,96;[31, 671, 670, 665, 663, 661, 659, 570, 572, 574, 576, 577, 33];[(-17.799, 11.719), (-17.79, 10.44), (-17.79, 9.896), (-18.055, 9.896), (-18.055, 9.636), (-18.055, 8.394), (-18.055, 7.879), (-14.282, 7.869), (-14.282, 8.414), (-14.282, 9.644), (-14.282, 11.289), (-14.451, 11.289), (-14.451, 11.719)]
685;1;;;0;6,39;[404, 650, 651, 649, 647, 645, 643, 641, 631, 633, 635, 637, 652, 654, 656, 658, 660, 662, 664, 668, 667, 673, 408, 406];[(-20.056, 7.73), (-19.223, 7.723), (-19.141, 7.723), (-19.141, 7.623), (-19.141, 7.009), (-19.141, 6.4), (-19.141, 5.87), (-19.141, 5.776), (-19.141, 5.379), (-19.032, 5.379), (-18.215, 5.379), (-18.166, 5.379), (-18.166, 6.13), (-18.166, 7.066), (-18.166, 7.671), (-18.166, 7.879), (-18.166, 8.394), (-18.166, 9.636), (-18.166, 9.896), (-18.341, 9.896), (-18.591, 9.896), (-19.796, 9.896), (-19.95, 9.903), (-20.056, 9.903)]
686;2;;Кладовая;0;1,46;[400, 642, 644, 646, 648, 402];[(-20.056, 5.871), (-19.223, 5.87), (-19.223, 6.4), (-19.223, 7.009), (-19.223, 7.623), (-20.056, 7.62)]
687;2;;;0;0,33;[396, 625, 627, 629, 640, 398];[(-20.056, 5.379), (-19.971, 5.379), (-19.321, 5.379), (-19.223, 5.379), (-19.223, 5.776), (-20.056, 5.773)]
688;1;;;0;2,07;[23, 409, 672, 666, 669, 29, 27, 25];[(-19.962, 11.719), (-19.95, 10.435), (-19.796, 10.44), (-18.591, 10.44), (-18.341, 10.44), (-18.337, 11.719), (-18.591, 11.719), (-19.807, 11.719)]
689;5;;;0;55,05;[569, 567, 565, 615, 614, 563, 561, 551, 558, 559, 554, 612, 617, 616, 610, 608, 598, 600, 601, 603, 605, 607, 37, 620, 623, 622, 618, 35, 578, 575, 573, 571];[(-14.128, 7.869), (-14.128, 7.677), (-14.128, 7.592), (-11.61, 7.592), (-11.61, 7.467), (-14.128, 7.467), (-14.128, 7.064), (-14.128, 6.126), (-14.128, 5.67), (-14.039, 5.67), (-14.039, 5.398), (-8.386, 5.399), (-8.386, 5.668), (-7.974, 5.668), (-7.974, 5.399), (-6.956, 5.399), (-5.955, 5.399), (-5.345, 5.399), (-5.314, 5.399), (-5.314, 5.516), (-5.314, 5.927), (-5.314, 6.922), (-5.318, 11.719), (-7.983, 11.719), (-7.983, 11.288), (-8.386, 11.288), (-8.386, 11.719), (-14.042, 11.719), (-14.042, 11.289), (-14.128, 11.289), (-14.128, 9.644), (-14.128, 8.414)]
690;5;;;0;18,65;[789, 794, 795, 799, 793, 43, 41, 39, 606, 604, 602];[(-2.364, 5.516), (-2.364, 5.631), (-2.137, 5.631), (-2.137, 11.297), (-2.357, 11.297), (-2.35, 11.719), (-2.603, 11.719), (-5.167, 11.719), (-5.16, 6.922), (-5.16, 5.927), (-5.16, 5.516)]
691;1;;;0;20,23;[544, 675, 677, 679, 681, 683, 685, 687, 689, 691, 693, 695, 697, 590, 592, 594, 596, 599, 609, 611, 613, 553, 550, 548, 546];[(-14.174, 2.953), (-13.963, 2.953), (-13.126, 2.953), (-11.268, 2.953), (-11.153, 2.953), (-10.779, 2.953), (-10.169, 2.953), (-9.286, 2.953), (-8.676, 2.953), (-7.894, 2.953), (-7.3, 2.953), (-7.062, 2.953), (-6.945, 2.953), (-5.345, 2.96), (-5.345, 3.491), (-5.345, 4.811), (-5.345, 5.246), (-5.955, 5.246), (-6.956, 5.246), (-7.974, 5.246), (-8.386, 5.246), (-14.039, 5.244), (-14.174, 5.244), (-14.174, 4.807), (-14.174, 3.495)]
692;2;;;0;2,01;[680, 702, 698, 694, 692, 690, 688, 686, 684, 682];[(-11.153, 2.829), (-11.156, 2.337), (-7.062, 2.337), (-7.062, 2.829), (-7.3, 2.829), (-7.894, 2.829), (-8.676, 2.829), (-9.286, 2.829), (-10.169, 2.829), (-10.779, 2.829)]
693;1;;;0;3,36;[540, 716, 714, 712, 710, 707, 705, 704, 678, 676, 674, 542];[(-14.174, 1.637), (-13.909, 1.641), (-13.075, 1.641), (-12.869, 1.641), (-12.737, 1.641), (-11.274, 1.641), (-11.274, 2.192), (-11.274, 2.337), (-11.268, 2.799), (-13.126, 2.799), (-13.963, 2.799), (-14.174, 2.799)]
694;2;;;0;1,27;[711, 718, 720, 722, 742, 709];[(-12.737, 1.493), (-12.737, 1.391), (-12.737, 0.696), (-12.737, 0.62), (-11.274, 0.627), (-11.274, 1.493)]
695;2;;;0;2,71;[726, 728, 730, 736, 740, 724];[(-12.737, 0.318), (-12.737, -0.377), (-12.737, -1.359), (-11.274, -1.359), (-11.274, 0.495), (-12.737, 0.489)]
696;1;;;0;3,50;[522, 734, 731, 729, 727, 725, 723, 721, 719, 713, 715, 717, 538, 536, 534, 525, 526, 524];[(-13.773, -1.359), (-12.951, -1.359), (-12.869, -1.359), (-12.869, -0.377), (-12.869, 0.318), (-12.869, 0.489), (-12.869, 0.62), (-12.869, 0.696), (-12.869, 1.391), (-12.869, 1.493), (-13.075, 1.493), (-13.909, 1.493), (-14.174, 1.495), (-14.174, -0.427), (-14.174, -0.802), (-13.855, -0.802), (-13.773, -0.802), (-13.773, -0.9)]
697;100;;;0;0,31;[514, 516, 519, 521, 523, 532, 530, 528];[(-14.21, -1.786), (-13.855, -1.786), (-13.855, -1.482), (-13.855, -1.359), (-13.855, -0.9), (-14.21, -0.901), (-14.21, -1.027), (-14.21, -1.663)]
698;2;;;0;5,52;[495, 490, 510, 509, 508, 507, 745, 747, 749, 752, 754, 737, 732, 733, 735, 520, 518, 517, 515, 512];[(-14.18, -2.505), (-13.855, -2.505), (-13.769, -2.505), (-13.769, -2.603), (-13.773, -3.452), (-13.773, -3.587), (-12.781, -3.587), (-12.617, -3.587), (-11.273, -3.587), (-11.273, -2.702), (-11.273, -2.572), (-11.274, -1.48), (-12.737, -1.48), (-12.869, -1.48), (-12.951, -1.48), (-13.773, -1.482), (-13.773, -1.786), (-13.773, -1.887), (-13.855, -1.887), (-14.18, -1.887)]
699;100;;;0;0,30;[489, 496, 504, 501, 499, 505];[(-13.855, -2.603), (-14.208, -2.603), (-14.208, -2.655), (-14.208, -3.279), (-14.208, -3.452), (-13.855, -3.452)]
700;1;;;0;3,01;[475, 477, 479, 766, 764, 762, 760, 758, 756, 744, 506, 492, 491, 484, 472];[(-13.975, -5.88), (-13.056, -5.88), (-12.787, -5.88), (-12.781, -5.793), (-12.781, -4.997), (-12.781, -4.915), (-12.781, -4.702), (-12.781, -4.623), (-12.781, -3.829), (-12.781, -3.705), (-13.773, -3.705), (-14.043, -3.705), (-14.043, -3.868), (-14.174, -3.868), (-14.174, -5.88)]
701;3;;;0;1,30;[483, 485, 769, 763, 765, 767, 481];[(-11.346, -5.88), (-11.273, -5.88), (-11.274, -4.915), (-12.617, -4.915), (-12.617, -4.997), (-12.617, -5.793), (-12.613, -5.88)]
702;3;;;0;1,34;[746, 757, 759, 761, 768, 772, 748];[(-12.617, -3.705), (-12.617, -3.829), (-12.617, -4.623), (-12.617, -4.702), (-11.274, -4.702), (-11.274, -4.572), (-11.273, -3.705)]
703;2;;;0;5,07;[750, 773, 775, 778, 780, 782, 753, 751];[(-11.159, -3.705), (-11.144, -4.572), (-8.447, -4.572), (-8.447, -3.859), (-8.447, -3.399), (-8.447, -2.702), (-11.159, -2.702), (-11.159, -3.587)]
704;1;;;0;3,18;[457, 482, 480, 478, 476, 474, 470, 463, 461, 459];[(-11.34, -7.137), (-11.346, -5.992), (-12.613, -5.992), (-12.787, -5.992), (-13.056, -5.992), (-13.975, -5.992), (-14.119, -5.992), (-14.119, -7.137), (-13.977, -7.137), (-13.053, -7.137)]
705;13;;;0;48,91;[453, 580, 582, 584, 586, 588, 696, 699, 701, 700, 703, 706, 708, 743, 741, 738, 739, 755, 784, 785, 783, 781, 787, 786, 779, 777, 776, 774, 770, 771, 487, 486, 455];[(-5.345, -7.137), (-5.345, -6.728), (-5.345, -5.525), (-5.345, 0.871), (-5.345, 2.089), (-5.345, 2.797), (-6.945, 2.799), (-6.945, 2.337), (-6.945, 2.192), (-7.062, 2.192), (-11.156, 2.192), (-11.156, 1.641), (-11.156, 1.493), (-11.152, 0.627), (-11.152, 0.495), (-11.152, -1.359), (-11.152, -1.48), (-11.159, -2.572), (-8.447, -2.572), (-8.281, -2.572), (-8.281, -2.702), (-8.281, -3.399), (-8.009, -3.399), (-8.009, -3.859), (-8.281, -3.859), (-8.281, -4.572), (-8.281, -4.702), (-8.447, -4.702), (-11.144, -4.702), (-11.144, -4.915), (-11.157, -5.88), (-11.157, -5.992), (-11.153, -7.137)]
706;8;101;;0;20,54;[209, 312, 313, 315, 318, 320, 322, 326, 327, 226, 225, 222, 212, 210];[(-5.312, -15.331), (-5.313, -11.245), (-5.313, -11.107), (-5.313, -9.576), (-5.812, -9.576), (-6.804, -9.576), (-8.012, -9.576), (-8.012, -9.865), (-8.67, -9.865), (-8.628, -15.398), (-8.021, -15.398), (-8.021, -15.878), (-5.777, -15.878), (-5.312, -15.878)]
707;8;100;;0;10,27;[200, 291, 293, 295, 306, 308, 310, 207, 205, 202, 199];[(-2.65, -14.871), (-2.65, -11.481), (-2.65, -11.343), (-2.65, -11.245), (-3.963, -11.245), (-4.865, -11.245), (-5.16, -11.245), (-5.167, -15.331), (-4.513, -15.331), (-2.65, -15.331), (-2.65, -14.997)]
708;1;;;0;17,72;[178, 180, 182, 304, 302, 300, 298, 290, 198, 196, 194, 192, 190, 176];[(3.419, -12.324), (3.419, -11.51), (3.419, -11.477), (2.497, -11.481), (0.903, -11.481), (0.21, -11.481), (-1.409, -11.481), (-1.807, -11.481), (-1.807, -14.871), (-1.419, -14.871), (0.221, -14.871), (0.902, -14.871), (2.494, -14.871), (3.419, -14.871)]
709;1;;Вестибюль;0;192,81;[867, 865, 863, 861, 859, 857, 855, 853, 851, 849, 847, 845, 844, 840, 838, 836, 826, 833, 835, 832, 828, 824, 822, 820, 817, 815, 813, 807, 792, 803, 797, 788, 597, 595, 593, 591, 589, 587, 585, 583, 581, 579, 452, 450, 448, 446, 316, 314, 311, 309, 307, 297, 296, 294, 292, 299, 301, 303, 305, 184, 186, 188, 187];[(6.505, -11.104), (6.505, -9.582), (6.505, -9.444), (6.505, -9.017), (6.505, -7.629), (6.505, -7.222), (6.505, -7.026), (6.505, -5.923), (6.505, -5.01), (6.505, -2.753), (6.505, -1.841), (6.505, -0.863), (6.505, -0.706), (6.643, -0.706), (6.643, -0.092), (6.643, 0.948), (6.643, 1.208), (6.643, 1.477), (6.643, 1.857), (6.643, 2.927), (6.643, 3.461), (6.699, 3.461), (6.699, 3.645), (6.699, 5.035), (6.699, 5.205), (5.853, 5.205), (4.847, 5.205), (4.024, 5.205), (3.552, 5.2), (-1.876, 5.2), (-2.364, 5.2), (-2.364, 5.35), (-5.16, 5.35), (-5.16, 5.246), (-5.16, 4.811), (-5.16, 3.491), (-5.16, 2.96), (-5.16, 2.797), (-5.16, 2.089), (-5.16, 0.871), (-5.16, -5.525), (-5.16, -6.728), (-5.16, -7.137), (-5.16, -7.3), (-5.16, -7.742), (-5.16, -8.722), (-5.16, -9.355), (-5.16, -9.576), (-5.16, -11.107), (-4.865, -11.107), (-3.963, -11.107), (-2.65, -11.107), (-1.807, -11.107), (-1.807, -11.245), (-1.807, -11.343), (-1.409, -11.343), (0.21, -11.343), (0.903, -11.343), (2.497, -11.343), (3.419, -11.343), (3.419, -11.244), (3.419, -11.113), (4.293, -11.113)]
710;1;;;0;16,65;[44, 45, 798, 1310, 1311, 808, 60, 58, 54, 52, 48];[(-1.941, 12.455), (-1.941, 11.719), (-1.928, 11.297), (-1.928, 9.779), (3.594, 9.779), (3.594, 11.291), (3.596, 11.721), (3.596, 12.472), (3.596, 12.79), (3.507, 12.79), (-1.941, 12.79)]
711;8;107;;0;18,48;[811, 810, 809, 804, 805, 806, 812, 814, 816, 63, 61];[(4.023, 11.721), (4.027, 11.291), (3.765, 11.291), (3.765, 5.701), (4.024, 5.701), (4.024, 5.365), (4.847, 5.365), (5.853, 5.365), (6.699, 5.365), (6.707, 11.721), (4.299, 11.721)]
712;2;108;Электрощитовая;0;18,86;[65, 818, 885, 883, 881, 880, 874, 872, 870, 0];[(6.814, 11.721), (6.812, 5.365), (7.784, 5.36), (8.785, 5.36), (9.649, 5.36), (9.649, 5.797), (9.8, 5.797), (9.8, 11.292), (9.647, 11.292), (9.647, 11.721)]
713;8;109;;0;35,72;[66, 871, 873, 875, 887, 879, 876, 890, 896, 901, 1191, 68];[(10.072, 11.721), (10.072, 11.292), (9.936, 11.292), (9.936, 5.797), (10.948, 5.797), (11.905, 5.797), (12.251, 5.797), (15.727, 5.797), (15.999, 5.797), (15.999, 11.293), (15.681, 11.293), (15.671, 11.721)]
714;8;109а;;0;25,07;[70, 1190, 898, 900, 1183, 1181, 1179, 1177, 1175, 1172, 1173, 1171, 1169, 72];[(16.08, 11.721), (16.086, 11.293), (16.086, 5.797), (16.136, 5.797), (18.883, 5.79), (18.883, 5.954), (18.883, 6.85), (18.883, 6.958), (18.883, 7.202), (18.883, 8.495), (18.883, 8.71), (19.212, 8.71), (21.707, 8.71), (21.7, 11.721)]
715;12;;;0;3,23;[1167, 1170, 1174, 1192, 1194, 1163];[(21.707, 8.495), (19.212, 8.495), (19.212, 7.202), (20.766, 7.202), (21.589, 7.202), (21.707, 7.191)]
716;1;;;0;2,92;[1166, 1195, 1193, 1176, 1178, 1180, 1182, 1186, 1188, 1165];[(21.707, 6.958), (21.589, 6.958), (20.766, 6.958), (19.212, 6.958), (19.212, 6.85), (19.212, 5.954), (19.212, 5.79), (19.835, 5.79), (20.737, 5.79), (21.707, 5.779)]
717;1;;;0;19,27;[821, 823, 825, 1260, 1258, 1256, 1255, 1253, 1243, 1246, 1248, 1250, 1252, 895, 904, 894, 902, 891, 877, 892, 893, 878, 888, 889, 882, 884, 886, 819];[(6.812, 5.035), (6.812, 3.645), (6.812, 3.461), (8.834, 3.459), (8.975, 3.459), (9.448, 3.459), (9.647, 3.459), (9.647, 3.272), (9.647, 3.141), (9.905, 3.141), (10.68, 3.141), (14.597, 3.141), (15.396, 3.141), (15.727, 3.147), (15.727, 3.657), (15.727, 5.029), (15.727, 5.211), (15.727, 5.6), (12.251, 5.6), (12.251, 5.215), (11.905, 5.215), (11.905, 5.6), (10.948, 5.6), (10.948, 5.209), (9.649, 5.209), (8.785, 5.209), (7.784, 5.209), (6.812, 5.205)]
718;9;;Лифт;0;3,64;[829, 1261, 1259, 827, 834];[(6.812, 1.477), (8.833, 1.477), (8.834, 3.272), (6.812, 3.281), (6.812, 1.857)]
719;2;;;0;0,84;[1218, 1242, 1244, 1254, 1257, 1221];[(9.448, 1.477), (9.448, 3.004), (9.448, 3.141), (9.448, 3.272), (8.975, 3.272), (8.981, 1.477)]
720;1;;;0;9,06;[907, 1251, 1249, 1247, 1245, 1241, 1217, 1222, 1224, 1226, 1228, 958, 957, 960, 962, 909];[(15.727, 3.005), (15.396, 3.004), (14.597, 3.004), (10.68, 3.004), (9.905, 3.004), (9.801, 3.004), (9.801, 1.477), (9.9, 1.477), (10.684, 1.477), (11.261, 1.477), (11.393, 1.477), (12.757, 1.472), (13.006, 1.472), (14.608, 1.472), (15.435, 1.472), (15.727, 1.474)]
721;3;;;0;1,10;[956, 1227, 1230, 1232, 1234, 954];[(12.757, 1.357), (11.393, 1.364), (11.393, 1.288), (11.393, 0.594), (11.393, 0.556), (12.757, 0.553)]
722;3;;;0;1,20;[952, 1236, 1238, 1240, 974, 949];[(12.757, 0.455), (11.393, 0.457), (11.393, 0.367), (11.393, -0.323), (11.395, -0.428), (12.757, -0.428)]
723;100;;;0;0,16;[967, 978, 980, 969];[(12.757, -1.245), (11.395, -1.24), (11.395, -1.357), (12.757, -1.357)]
724;3;;;0;0,97;[950, 975, 978, 967];[(12.757, -0.529), (11.395, -0.529), (11.395, -1.24), (12.757, -1.245)]
725;3;;;0;1,23;[969, 980, 982, 984, 986, 971];[(12.757, -1.357), (11.395, -1.357), (11.395, -1.464), (11.395, -2.159), (11.395, -2.257), (12.757, -2.268)]
726;3;;;0;5,30;[976, 1239, 1237, 1235, 1233, 1231, 1229, 1225, 1223, 1216, 1215, 1210, 1211, 1123, 990, 987, 985, 983, 981, 979, 977];[(11.267, -0.428), (11.261, -0.323), (11.261, 0.367), (11.261, 0.457), (11.261, 0.556), (11.261, 0.594), (11.261, 1.288), (11.261, 1.364), (10.684, 1.364), (9.9, 1.364), (9.801, 1.364), (9.801, 1.189), (9.801, -0.702), (9.801, -0.866), (9.801, -2.257), (11.267, -2.257), (11.267, -2.159), (11.267, -1.464), (11.267, -1.357), (11.267, -1.24), (11.267, -0.529)]
727;13;;;0;18,42;[842, 846, 848, 850, 852, 854, 1003, 1001, 999, 997, 995, 993, 992, 1121, 1212, 843];[(6.643, -0.863), (6.643, -1.841), (6.643, -2.753), (6.643, -5.01), (6.643, -5.923), (6.643, -7.026), (9.631, -7.034), (9.631, -4.766), (9.631, -4.615), (9.631, -3.405), (9.631, -3.192), (9.631, -2.383), (9.631, -2.257), (9.631, -0.866), (9.311, -0.866), (6.812, -0.863)]
728;2;;;0;2,88;[973, 988, 989, 991, 994, 1049, 1069, 972];[(12.757, -2.38), (11.395, -2.383), (11.267, -2.383), (9.801, -2.383), (9.801, -3.192), (13.306, -3.219), (13.298, -2.38), (13.101, -2.38)]
729;2;;;0;4,42;[998, 1050, 1052, 1041, 1043, 1045, 1048, 996];[(9.801, -4.615), (12.215, -4.615), (12.356, -4.615), (13.472, -4.627), (13.472, -3.97), (13.472, -3.417), (13.306, -3.417), (9.801, -3.405)]
730;1;;;0;5,48;[1000, 1002, 1006, 1008, 1010, 1056, 1054, 1051];[(9.801, -4.766), (9.801, -7.034), (9.957, -7.034), (10.774, -7.034), (12.215, -7.034), (12.215, -6.199), (12.215, -5.404), (12.215, -4.766)]
731;3;;;0;6,34;[1014, 1018, 1024, 1026, 1028, 1030, 1032, 1034, 1036, 1037, 1039, 1053, 1055, 1057, 1012];[(15.717, -7.034), (15.717, -5.336), (15.575, -5.336), (14.777, -5.336), (14.654, -5.336), (14.531, -5.336), (13.695, -5.336), (13.633, -5.336), (13.472, -5.336), (13.472, -5.156), (13.472, -4.769), (12.356, -4.766), (12.356, -5.404), (12.356, -6.199), (12.367, -7.034)]
732;2;;;0;1,06;[1031, 1059, 1042, 1040, 1038, 1035, 1033];[(14.531, -5.156), (14.531, -3.979), (13.633, -3.97), (13.633, -4.627), (13.633, -4.769), (13.633, -5.156), (13.695, -5.156)]
733;2;;;0;1,21;[1022, 1058, 1029, 1027, 1025, 1020];[(15.682, -3.984), (14.654, -3.979), (14.654, -5.156), (14.777, -5.156), (15.575, -5.156), (15.682, -5.156)]
734;2;;;0;6,13;[933, 964, 966, 965, 938, 940, 942, 944, 946, 948, 968, 970, 1068, 1070, 1071, 1047, 1046, 1061, 1060, 934];[(15.658, -1.597), (15.385, -1.597), (15.27, -1.597), (15.27, -1.514), (15.267, -0.529), (15.179, -0.529), (14.355, -0.529), (14.142, -0.529), (13.101, -0.529), (13.101, -1.245), (13.101, -1.357), (13.101, -2.268), (13.298, -2.268), (13.436, -2.268), (13.436, -2.38), (13.434, -3.219), (13.633, -3.219), (14.531, -3.211), (14.654, -3.211), (15.658, -3.213)]
735;100;;;0;0,33;[916, 923, 919, 927, 936, 963, 932, 915];[(15.727, -1.432), (15.727, -0.95), (15.727, -0.819), (15.677, -0.529), (15.389, -0.529), (15.385, -1.514), (15.658, -1.514), (15.727, -1.514)]
736;3;;;0;4,86;[911, 961, 959, 955, 953, 951, 947, 945, 943, 941, 939, 937, 935, 926, 913];[(15.727, 1.36), (15.435, 1.357), (14.608, 1.357), (13.006, 1.357), (13.006, 0.553), (13.006, 0.455), (13.006, -0.428), (13.101, -0.428), (14.142, -0.428), (14.355, -0.428), (15.179, -0.428), (15.267, -0.428), (15.389, -0.428), (15.677, -0.428), (15.727, -0.398)]
737;1;;;0;20,24;[858, 860, 862, 1072, 1074, 1076, 1078, 1080, 1085, 1087, 1089, 1091, 1093, 1095, 1097, 1101, 1103, 1015, 1013, 1011, 1009, 1007, 1004, 1005, 856];[(6.643, -7.629), (6.643, -9.017), (6.643, -9.444), (8.027, -9.444), (8.991, -9.444), (9.671, -9.444), (9.801, -9.444), (10.075, -9.444), (10.635, -9.444), (11.811, -9.444), (12.83, -9.444), (12.972, -9.444), (13.957, -9.444), (15.162, -9.444), (15.725, -9.444), (15.725, -9.019), (15.725, -7.633), (15.717, -7.214), (12.367, -7.214), (12.215, -7.214), (10.774, -7.214), (9.957, -7.214), (9.801, -7.214), (9.631, -7.214), (6.643, -7.222)]
738;2;115;;0;28,54;[2, 1104, 1082, 1077, 1075, 1073, 864, 866, 868, 869, 185, 183, 181, 179, 177, 175, 173, 171, 162, 161, 157, 155];[(9.668, -15.884), (9.668, -15.428), (9.671, -9.851), (9.671, -9.582), (8.991, -9.582), (8.027, -9.582), (6.643, -9.582), (6.643, -11.104), (6.643, -11.246), (6.505, -11.246), (4.293, -11.244), (4.293, -11.343), (4.293, -11.477), (4.293, -11.51), (4.293, -12.324), (4.293, -14.871), (4.293, -14.997), (4.293, -15.336), (6.109, -15.339), (6.912, -15.339), (6.912, -15.884), (7.368, -15.884)]
739;8;114;;0;18,85;[150, 1090, 1088, 1086, 1081, 1084, 1083, 1106, 1105, 152];[(12.818, -15.884), (12.83, -9.582), (11.811, -9.582), (10.635, -9.582), (10.075, -9.582), (10.075, -9.851), (9.801, -9.851), (9.801, -15.428), (10.09, -15.428), (10.09, -15.884)]
740;8;113;;0;36,99;[146, 1113, 1111, 1108, 1099, 1098, 1096, 1094, 1092, 148];[(18.867, -15.884), (18.866, -9.995), (18.508, -9.995), (18.508, -9.582), (15.929, -9.582), (15.725, -9.582), (15.162, -9.582), (13.957, -9.582), (12.972, -9.582), (12.975, -15.884)]
741;8;112;;0;17,03;[142, 1119, 1117, 1115, 1110, 1112, 144];[(21.705, -15.884), (21.711, -9.582), (20.488, -9.582), (19.283, -9.582), (19.009, -9.582), (19.009, -9.995), (19.003, -15.884)]
742;19;;;0;83,74;[908, 910, 912, 914, 921, 924, 920, 922, 918, 917, 929, 931, 930, 1065, 1067, 1066, 1063, 1023, 1021, 1019, 1016, 1017, 1102, 1100, 3, 1107, 1109, 1114, 1116, 1118, 1120, 1124, 1126, 1128, 1132, 1136, 1140, 1144, 1143, 1133, 1135, 1134, 1149, 1151, 1148, 1154, 1153, 1155, 1157, 1159, 1164, 1189, 1187, 1184, 1185, 906, 903, 905, 899, 897];[(15.933, 3.005), (15.933, 1.474), (15.933, 1.36), (15.933, -0.398), (16.097, -0.398), (16.097, -0.819), (15.933, -0.819), (15.933, -0.95), (15.83, -0.95), (15.83, -1.432), (15.83, -1.514), (15.83, -1.597), (15.83, -3.213), (15.828, -3.417), (16.104, -3.417), (16.104, -3.835), (15.939, -3.835), (15.939, -3.984), (15.939, -5.156), (15.939, -5.336), (15.939, -7.034), (15.939, -7.214), (15.929, -7.633), (15.929, -9.019), (15.929, -9.373), (18.508, -9.373), (19.009, -9.373), (19.283, -9.373), (20.488, -9.373), (21.711, -9.373), (21.792, -9.373), (21.792, -6.599), (21.792, -5.167), (21.792, -4.751), (21.518, -4.751), (21.518, -3.957), (21.206, -3.957), (21.206, -3.131), (21.603, -3.131), (21.603, -2.979), (21.603, -0.98), (21.603, -0.848), (21.225, -0.848), (21.225, -0.017), (21.518, -0.017), (21.518, 0.782), (21.792, 0.782), (21.792, 1.184), (21.792, 2.634), (21.792, 5.2), (21.707, 5.2), (20.737, 5.217), (19.835, 5.217), (19.212, 5.217), (18.883, 5.217), (16.136, 5.211), (15.933, 5.211), (15.933, 5.029), (15.933, 3.657), (15.933, 3.147)]
743;8;111;Аудитория;0;127,19;[1122, 140, 1275, 1274, 1273, 1276, 138, 1263, 1266, 1267, 1265, 1264, 1271, 1272, 1270, 1268, 128, 125, 123, 121, 119, 115, 116, 1209, 1208, 1131, 1129, 1127, 1125];[(22.184, -9.373), (22.175, -15.884), (27.747, -15.884), (27.747, -15.454), (28.169, -15.454), (28.169, -15.884), (29.691, -15.884), (29.691, -15.067), (29.166, -15.067), (29.166, -14.95), (29.691, -14.95), (29.769, -14.95), (33.344, -11.43), (33.344, -10.866), (33.47, -10.866), (33.47, -11.395), (34.249, -11.395), (34.249, -4.177), (33.336, -4.177), (32.346, -4.177), (31.668, -4.177), (31.386, -4.177), (31.265, -4.177), (28.339, -4.174), (27.784, -4.174), (22.184, -4.184), (22.184, -4.751), (22.184, -5.167), (22.184, -6.599)]
744;2;;;0;12,92;[130, 1269, 1262, 136, 132];[(34.249, -11.532), (33.421, -11.532), (29.815, -15.067), (29.815, -15.884), (34.249, -15.884)]
745;1;;;0;7,45;[106, 1201, 1203, 1205, 1207, 112, 110, 108];[(31.265, -0.843), (28.339, -0.859), (28.339, -1.48), (28.339, -2.876), (28.339, -3.398), (31.265, -3.395), (31.265, -2.803), (31.265, -1.401)]
746;1;;;0;3,02;[1150, 1138, 1315, 1314];[(22.175, -0.688), (22.184, -3.457), (23.272, -3.454), (23.272, -0.688)]
747;1;;;0;0,85;[1142, 1137, 1138, 1150, 1145, 1130, 1139, 1141];[(21.872, -3.131), (21.872, -3.457), (22.184, -3.457), (22.175, -0.688), (21.872, -0.688), (21.872, -0.848), (21.872, -0.98), (21.872, -2.979)]
748;8;110;Аудитория;0;126,84;[1300, 1304, 1305, 1303, 74, 1168, 1161, 1160, 1162, 1158, 1156, 1147, 1152, 1146, 1196, 1198, 102, 98, 96, 94, 92, 88, 1279, 1283, 1284, 1282, 86, 1286, 1287, 1289, 1288, 1296, 1299, 1298, 1294, 1292, 1290, 76];[(28.223, 11.721), (28.223, 11.286), (27.798, 11.286), (27.798, 11.721), (22.183, 11.721), (22.175, 8.71), (22.175, 8.495), (22.175, 7.191), (22.175, 6.958), (22.175, 5.2), (22.175, 2.634), (22.175, 1.184), (22.175, 0.782), (22.175, 0.026), (27.784, 0.026), (28.339, 0.026), (31.265, 0.026), (31.386, 0.026), (31.675, 0.026), (32.328, 0.026), (33.335, 0.026), (34.241, 0.026), (34.241, 5.281), (33.832, 5.281), (33.832, 5.701), (34.241, 5.701), (34.241, 7.164), (33.43, 7.164), (33.43, 6.655), (33.32, 6.655), (33.32, 7.213), (29.77, 10.831), (29.244, 10.831), (29.244, 10.949), (29.77, 10.949), (29.77, 11.005), (29.77, 11.681), (29.77, 11.721)]
749;2;;;0;12,87;[78, 1291, 1293, 1295, 1297, 1285, 84, 80];[(29.886, 11.721), (29.886, 11.681), (29.886, 11.005), (29.886, 10.949), (29.885, 10.9), (33.43, 7.301), (34.241, 7.301), (34.241, 11.721)]
750;9;;Лифт;0;4,75;[837, 839, 841, 1213, 1214, 1219, 1220, 830];[(6.812, 0.948), (6.812, -0.092), (6.812, -0.706), (9.311, -0.702), (9.311, 1.189), (8.981, 1.189), (8.833, 1.189), (6.812, 1.208)]
751;1;;;0;4,14;[1306, 1307, 268, 417, 418, 412];[(-24.716, -3.431), (-24.716, -0.678), (-26.218, -0.674), (-26.218, -1.275), (-26.219, -2.674), (-26.22, -3.432)]
752;9;;;0;8,22;[1308, 1309, 1307, 1306];[(-21.725, -3.429), (-21.725, -0.686), (-24.716, -0.678), (-24.716, -3.431)]
753;9;;;0;18,96;[1311, 1310, 1312, 1313];[(3.594, 9.779), (-1.928, 9.779), (-1.928, 6.345), (3.594, 6.345)]
754;1;;;0;6,28;[1313, 1312, 796, 802, 801, 800, 803, 792, 791, 790];[(3.594, 6.345), (-1.928, 6.345), (-1.928, 5.631), (-1.876, 5.631), (-1.876, 5.516), (-1.876, 5.35), (-1.876, 5.2), (3.552, 5.2), (3.552, 5.701), (3.594, 5.701)]
755;9;;;0;8,38;[1314, 1315, 1317, 1316];[(23.272, -0.688), (23.272, -3.454), (26.303, -3.449), (26.303, -0.688)]
756;1;;;0;4,09;[1316, 1317, 1206, 1204, 1202, 1200, 1197];[(26.303, -0.688), (26.303, -3.449), (27.784, -3.446), (27.784, -2.876), (27.784, -1.48), (27.784, -0.859), (27.784, -0.688)]
757;100;;;0;0,09;[832, 831, 827, 825, 824, 828];[(6.643, 2.927), (6.812, 2.927), (6.812, 3.281), (6.812, 3.461), (6.699, 3.461), (6.643, 3.461)]
