ID;roomID;roomNo;Description;areClosed;Area (m2);Vertex_Indices;World_Coords_XY
0;100;;;0;0,57;[0, 1, 3, 2];[(-74.692, 16.305), (-73.835, 16.305), (-73.835, 16.965), (-74.692, 16.965)]
1;100;;;0;4,37;[3, 1, 4, 5];[(-73.835, 16.965), (-73.835, 16.305), (-67.217, 16.305), (-67.217, 16.965)]
2;100;;;0;0,47;[5, 4, 6, 7];[(-67.217, 16.965), (-67.217, 16.305), (-66.507, 16.305), (-66.507, 16.965)]
3;100;;;0;1,62;[7, 6, 8, 9];[(-66.507, 16.965), (-66.507, 16.305), (-64.047, 16.305), (-64.047, 16.965)]
4;100;;;0;0,48;[9, 8, 10, 11];[(-64.047, 16.965), (-64.047, 16.305), (-63.322, 16.305), (-63.322, 16.965)]
5;100;;;0;3,55;[11, 10, 12, 13];[(-63.322, 16.965), (-63.322, 16.305), (-57.943, 16.305), (-57.943, 16.965)]
6;100;;;0;0,56;[13, 12, 14, 15];[(-57.943, 16.965), (-57.943, 16.305), (-57.09, 16.305), (-57.09, 16.965)]
7;100;;;0;7,82;[14, 12, 16, 17];[(-57.09, 16.305), (-57.943, 16.305), (-57.943, 7.138), (-57.09, 7.138)]
8;100;;;0;0,17;[17, 16, 18, 19];[(-57.09, 7.138), (-57.943, 7.138), (-57.943, 6.943), (-57.09, 6.943)]
9;100;;;0;2,11;[19, 18, 20, 21];[(-57.09, 6.943), (-57.943, 6.943), (-57.943, 4.473), (-57.09, 4.473)]
10;100;;;0;0,46;[21, 20, 22, 23];[(-57.09, 4.473), (-57.943, 4.473), (-57.943, 3.937), (-57.09, 3.937)]
11;100;;;0;2,43;[23, 22, 24, 25];[(-57.09, 3.937), (-57.943, 3.937), (-57.943, 1.087), (-57.09, 1.087)]
12;100;;;0;3,80;[27, 29, 1150, 30, 26];[(-57.09, 0.607), (-58.041, 0.607), (-58.041, -1.595), (-58.041, -3.386), (-57.09, -3.386)]
13;100;;;0;0,78;[26, 30, 32, 439, 31];[(-57.09, -3.386), (-58.041, -3.386), (-58.041, -4.204), (-57.43, -4.204), (-57.09, -4.204)]
14;100;;;0;0,46;[24, 28, 29, 27, 25];[(-57.943, 1.087), (-58.041, 1.087), (-58.041, 0.607), (-57.09, 0.607), (-57.09, 1.087)]
15;100;;;0;2,07;[26, 31, 34, 33];[(-57.09, -3.386), (-57.09, -4.204), (-54.564, -4.204), (-54.564, -3.386)]
16;100;;;0;0,13;[33, 34, 36, 35];[(-54.564, -3.386), (-54.564, -4.204), (-54.409, -4.204), (-54.409, -3.386)]
17;100;;;0;1,96;[35, 36, 38, 37];[(-54.409, -3.386), (-54.409, -4.204), (-52.011, -4.204), (-52.011, -3.386)]
18;100;;;0;0,12;[37, 38, 40, 39];[(-52.011, -3.386), (-52.011, -4.204), (-51.869, -4.204), (-51.869, -3.386)]
19;100;;;0;3,97;[39, 40, 42, 41];[(-51.869, -3.386), (-51.869, -4.204), (-47.016, -4.204), (-47.016, -3.386)]
20;100;;;0;0,13;[41, 42, 44, 43];[(-47.016, -3.386), (-47.016, -4.204), (-46.86, -4.204), (-46.86, -3.386)]
21;100;;;0;9,08;[43, 44, 46, 45];[(-46.86, -3.386), (-46.86, -4.204), (-35.77, -4.204), (-35.77, -3.386)]
22;100;;;0;0,13;[45, 46, 48, 47];[(-35.77, -3.386), (-35.77, -4.204), (-35.615, -4.204), (-35.615, -3.386)]
23;100;;;0;2,26;[47, 48, 50, 49];[(-35.615, -3.386), (-35.615, -4.204), (-32.849, -4.204), (-32.849, -3.386)]
24;100;;;0;0,36;[49, 50, 52, 51];[(-32.849, -3.386), (-32.849, -4.204), (-32.412, -4.204), (-32.412, -3.386)]
25;100;;;0;8,22;[51, 52, 54, 53];[(-32.412, -3.386), (-32.412, -4.204), (-22.365, -4.204), (-22.365, -3.386)]
26;100;;;0;0,24;[53, 54, 56, 55];[(-22.365, -3.386), (-22.365, -4.204), (-22.069, -4.204), (-22.069, -3.386)]
27;100;;;0;7,09;[55, 56, 58, 57];[(-22.069, -3.386), (-22.069, -4.204), (-13.405, -4.204), (-13.405, -3.386)]
28;100;;;0;0,17;[57, 58, 60, 59];[(-13.405, -3.386), (-13.405, -4.204), (-13.194, -4.204), (-13.194, -3.386)]
29;100;;;0;5,09;[59, 60, 62, 61];[(-13.194, -3.386), (-13.194, -4.204), (-6.971, -4.204), (-6.971, -3.386)]
30;100;;;0;6,45;[644, 66, 62, 642];[(-5.881, -10.095), (-5.871, -4.204), (-6.971, -4.204), (-6.968, -10.095)]
31;100;;;0;0,35;[644, 645, 646, 64];[(-5.881, -10.095), (-5.881, -10.603), (-5.185, -10.603), (-5.185, -10.095)]
32;100;;;0;9,25;[63, 65, 68, 67];[(-6.788, -3.386), (-5.871, -3.386), (-5.871, 6.703), (-6.788, 6.703)]
33;100;;;0;0,71;[67, 68, 70, 69];[(-6.788, 6.703), (-5.871, 6.703), (-5.871, 7.479), (-6.788, 7.479)]
34;100;;;0;8,91;[70, 68, 71, 72];[(-5.871, 7.479), (-5.871, 6.703), (5.613, 6.703), (5.613, 7.479)]
35;100;;;0;0,72;[72, 71, 73, 74];[(5.613, 7.479), (5.613, 6.703), (6.54, 6.703), (6.54, 7.479)]
36;100;;;0;9,67;[73, 71, 75, 76];[(6.54, 6.703), (5.613, 6.703), (5.613, -3.733), (6.54, -3.733)]
37;100;;;0;0,81;[76, 75, 77, 663, 78];[(6.54, -3.733), (5.613, -3.733), (5.613, -4.603), (6.264, -4.603), (6.54, -4.603)]
38;100;;;0;3,85;[76, 78, 80, 79];[(6.54, -3.733), (6.54, -4.603), (10.961, -4.603), (10.961, -3.733)]
39;100;;;0;0,69;[79, 80, 82, 81];[(10.961, -3.733), (10.961, -4.603), (11.749, -4.603), (11.749, -3.733)]
40;100;;;0;5,05;[81, 82, 84, 83];[(11.749, -3.733), (11.749, -4.603), (17.558, -4.603), (17.558, -3.733)]
41;100;;;0;0,75;[83, 84, 86, 85];[(17.558, -3.733), (17.558, -4.603), (18.416, -4.603), (18.416, -3.733)]
42;100;;;0;1,49;[86, 84, 87, 88];[(18.416, -4.603), (17.558, -4.603), (17.558, -6.343), (18.416, -6.343)]
43;100;;;0;0,68;[88, 87, 1159, 89, 914, 90];[(18.416, -6.343), (17.558, -6.343), (17.558, -6.825), (17.558, -7.131), (18.219, -7.131), (18.416, -7.131)]
44;100;;;0;2,48;[88, 90, 92, 91];[(18.416, -6.343), (18.416, -7.131), (21.567, -7.131), (21.567, -6.343)]
45;100;;;0;0,11;[91, 92, 94, 93];[(21.567, -6.343), (21.567, -7.131), (21.708, -7.131), (21.708, -6.343)]
46;100;;;0;1,97;[93, 94, 96, 95];[(21.708, -6.343), (21.708, -7.131), (24.213, -7.131), (24.213, -6.343)]
47;100;;;0;0,11;[95, 96, 98, 97];[(24.213, -6.343), (24.213, -7.131), (24.354, -7.131), (24.354, -6.343)]
48;100;;;0;2,32;[97, 98, 100, 99];[(24.354, -6.343), (24.354, -7.131), (27.294, -7.131), (27.294, -6.343)]
49;100;;;0;0,14;[99, 100, 102, 101];[(27.294, -6.343), (27.294, -7.131), (27.47, -7.131), (27.47, -6.343)]
50;100;;;0;4,42;[101, 102, 104, 103];[(27.47, -6.343), (27.47, -7.131), (33.079, -7.131), (33.079, -6.343)]
51;100;;;0;0,08;[103, 104, 106, 105];[(33.079, -6.343), (33.079, -7.131), (33.184, -7.131), (33.184, -6.343)]
52;100;;;0;2,00;[105, 106, 108, 107];[(33.184, -6.343), (33.184, -7.131), (35.724, -7.131), (35.724, -6.343)]
53;100;;;0;0,32;[107, 108, 110, 109];[(35.724, -6.343), (35.724, -7.131), (36.136, -7.131), (36.136, -6.343)]
54;100;;;0;2,08;[109, 110, 112, 111];[(36.136, -6.343), (36.136, -7.131), (38.77, -7.131), (38.77, -6.343)]
55;100;;;0;0,13;[111, 112, 114, 113];[(38.77, -6.343), (38.77, -7.131), (38.934, -7.131), (38.934, -6.343)]
56;100;;;0;2,09;[113, 114, 116, 115];[(38.934, -6.343), (38.934, -7.131), (41.592, -7.131), (41.592, -6.343)]
57;100;;;0;0,11;[115, 116, 118, 117];[(41.592, -6.343), (41.592, -7.131), (41.733, -7.131), (41.733, -6.343)]
58;100;;;0;6,23;[117, 118, 120, 119];[(41.733, -6.343), (41.733, -7.131), (49.646, -7.131), (49.646, -6.343)]
59;100;;;0;0,10;[119, 120, 122, 121];[(49.646, -6.343), (49.646, -7.131), (49.776, -7.131), (49.776, -6.343)]
60;100;;;0;2,48;[121, 122, 124, 123];[(49.776, -6.343), (49.776, -7.131), (52.927, -7.131), (52.927, -6.343)]
61;100;;;0;0,19;[123, 124, 126, 125];[(52.927, -6.343), (52.927, -7.131), (53.162, -7.131), (53.162, -6.343)]
62;100;;;0;2,13;[125, 126, 128, 127];[(53.162, -6.343), (53.162, -7.131), (55.866, -7.131), (55.866, -6.343)]
63;100;;;0;0,27;[127, 128, 130, 129];[(55.866, -6.343), (55.866, -7.131), (56.207, -7.131), (56.207, -6.343)]
64;100;;;0;2,40;[129, 130, 132, 131];[(56.207, -6.343), (56.207, -7.131), (59.253, -7.131), (59.253, -6.343)]
65;100;;;0;0,34;[131, 135, 137, 133];[(59.253, -6.343), (59.876, -6.343), (59.876, -5.802), (59.253, -5.802)]
66;100;;;0;0,45;[133, 137, 139, 138];[(59.253, -5.802), (59.876, -5.802), (59.876, -5.073), (59.253, -5.073)]
67;100;;;0;0,49;[134, 136, 135, 131, 132];[(59.429, -7.131), (59.876, -7.131), (59.876, -6.343), (59.253, -6.343), (59.253, -7.131)]
68;100;;;0;2,18;[139, 137, 140, 141];[(59.876, -5.073), (59.876, -5.802), (62.863, -5.802), (62.863, -5.073)]
69;100;;;0;0,51;[141, 140, 142, 143];[(62.863, -5.073), (62.863, -5.802), (63.556, -5.802), (63.556, -5.073)]
70;100;;;0;9,58;[1170, 1169, 145, 144];[(62.863, -3.226), (63.556, -3.226), (63.556, 10.589), (62.863, 10.589)]
71;100;;;0;3,37;[148, 149, 1178, 1179, 150, 146];[(62.708, 10.589), (62.708, 11.152), (61.297, 11.152), (58.825, 11.152), (56.73, 11.152), (56.73, 10.589)]
72;100;;;0;0,40;[146, 150, 152, 151];[(56.73, 10.589), (56.73, 11.152), (56.012, 11.152), (56.012, 10.589)]
73;100;;;0;0,48;[147, 149, 148, 144, 145];[(63.556, 11.152), (62.708, 11.152), (62.708, 10.589), (62.863, 10.589), (63.556, 10.589)]
74;100;;;0;2,05;[152, 150, 153, 154];[(56.012, 11.152), (56.73, 11.152), (56.73, 14.01), (56.012, 14.01)]
75;100;;;0;0,30;[154, 153, 155, 156];[(56.012, 14.01), (56.73, 14.01), (56.73, 14.427), (56.012, 14.427)]
76;100;;;0;2,36;[156, 155, 157, 158];[(56.012, 14.427), (56.73, 14.427), (56.73, 17.709), (56.012, 17.709)]
77;100;;;0;0,08;[158, 157, 159, 160];[(56.012, 17.709), (56.73, 17.709), (56.73, 17.824), (56.012, 17.824)]
78;100;;;0;2,90;[160, 159, 161, 162];[(56.012, 17.824), (56.73, 17.824), (56.73, 21.865), (56.012, 21.865)]
79;100;;;0;0,09;[162, 161, 163, 164];[(56.012, 21.865), (56.73, 21.865), (56.73, 21.996), (56.012, 21.996)]
80;100;;;0;1,76;[164, 163, 165, 166];[(56.012, 21.996), (56.73, 21.996), (56.73, 24.446), (56.012, 24.446)]
81;100;;;0;0,45;[166, 165, 167, 168];[(56.012, 24.446), (56.73, 24.446), (56.73, 25.075), (56.012, 25.075)]
82;100;;;0;2,55;[167, 165, 169, 170];[(56.73, 25.075), (56.73, 24.446), (60.78, 24.446), (60.78, 25.075)]
83;100;;;0;0,08;[170, 169, 171, 172];[(60.78, 25.075), (60.78, 24.446), (60.911, 24.446), (60.911, 25.075)]
84;100;;;0;0,21;[172, 171, 173, 174];[(60.911, 25.075), (60.911, 24.446), (61.246, 24.446), (61.246, 25.075)]
85;100;;;0;0,81;[174, 173, 175, 176];[(61.246, 25.075), (61.246, 24.446), (62.528, 24.446), (62.528, 25.075)]
86;100;;;0;0,16;[176, 175, 177, 178];[(62.528, 25.075), (62.528, 24.446), (62.781, 24.446), (62.781, 25.075)]
87;100;;;0;0,32;[178, 177, 179, 180];[(62.781, 25.075), (62.781, 24.446), (63.295, 24.446), (63.295, 25.075)]
88;100;;;0;0,93;[180, 179, 181, 182];[(63.295, 25.075), (63.295, 24.446), (64.773, 24.446), (64.773, 25.075)]
89;100;;;0;0,08;[182, 181, 183, 184];[(64.773, 25.075), (64.773, 24.446), (64.896, 24.446), (64.896, 25.075)]
90;100;;;0;3,05;[184, 183, 185, 186];[(64.896, 25.075), (64.896, 24.446), (69.754, 24.446), (69.754, 25.075)]
91;100;;;0;0,07;[186, 185, 187, 188];[(69.754, 25.075), (69.754, 24.446), (69.869, 24.446), (69.869, 25.075)]
92;100;;;0;3,02;[188, 187, 189, 190];[(69.869, 25.075), (69.869, 24.446), (74.678, 24.446), (74.678, 25.075)]
93;100;;;0;0,45;[190, 189, 191, 192];[(74.678, 25.075), (74.678, 24.446), (75.389, 24.446), (75.389, 25.075)]
94;100;;;0;2,01;[191, 189, 193, 194];[(75.389, 24.446), (74.678, 24.446), (74.678, 21.618), (75.389, 21.618)]
95;100;;;0;0,10;[194, 193, 195, 196];[(75.389, 21.618), (74.678, 21.618), (74.678, 21.483), (75.389, 21.483)]
96;100;;;0;5,05;[196, 195, 197, 198];[(75.389, 21.483), (74.678, 21.483), (74.678, 14.373), (75.389, 14.373)]
97;100;;;0;0,39;[198, 197, 199, 200];[(75.389, 14.373), (74.678, 14.373), (74.678, 13.817), (75.389, 13.817)]
98;100;;;0;1,93;[1176, 1175, 201, 202];[(75.389, -3.59), (74.678, -3.59), (74.678, -6.313), (75.389, -6.313)]
99;100;;;0;3,31;[206, 204, 207, 208];[(75.511, -7.166), (74.845, -7.166), (74.845, -12.144), (75.511, -12.144)]
100;100;;;0;0,32;[208, 207, 209, 210];[(75.511, -12.144), (74.845, -12.144), (74.845, -12.632), (75.511, -12.632)]
101;100;;;0;0,71;[203, 204, 206, 205, 202, 201];[(74.678, -7.166), (74.845, -7.166), (75.511, -7.166), (75.511, -6.313), (75.389, -6.313), (74.678, -6.313)]
102;100;;;0;1,43;[210, 209, 211, 212];[(75.511, -12.632), (74.845, -12.632), (74.845, -14.786), (75.511, -14.786)]
103;100;;;0;0,24;[212, 211, 213, 214];[(75.511, -14.786), (74.845, -14.786), (74.845, -15.152), (75.511, -15.152)]
104;100;;;0;3,26;[214, 213, 215, 216];[(75.511, -15.152), (74.845, -15.152), (74.845, -20.048), (75.511, -20.048)]
105;100;;;0;0,45;[216, 215, 217, 218];[(75.511, -20.048), (74.845, -20.048), (74.845, -20.719), (75.511, -20.719)]
106;100;;;0;5,61;[217, 215, 219, 220];[(74.845, -20.719), (74.845, -20.048), (66.473, -20.048), (66.473, -20.719)]
107;100;;;0;0,11;[220, 219, 221, 222];[(66.473, -20.719), (66.473, -20.048), (66.311, -20.048), (66.311, -20.719)]
108;100;;;0;1,91;[222, 221, 223, 224];[(66.311, -20.719), (66.311, -20.048), (63.466, -20.048), (63.466, -20.719)]
109;100;;;0;0,30;[224, 223, 225, 226];[(63.466, -20.719), (63.466, -20.048), (63.019, -20.048), (63.019, -20.719)]
110;100;;;0;1,70;[226, 225, 227, 228];[(63.019, -20.719), (63.019, -20.048), (60.48, -20.048), (60.48, -20.719)]
111;100;;;0;0,10;[228, 227, 229, 230];[(60.48, -20.719), (60.48, -20.048), (60.337, -20.048), (60.337, -20.719)]
112;100;;;0;1,83;[230, 229, 231, 232];[(60.337, -20.719), (60.337, -20.048), (57.615, -20.048), (57.615, -20.719)]
113;100;;;0;0,10;[232, 231, 233, 234];[(57.615, -20.719), (57.615, -20.048), (57.472, -20.048), (57.472, -20.719)]
114;100;;;0;1,62;[234, 233, 235, 236];[(57.472, -20.719), (57.472, -20.048), (55.054, -20.048), (55.054, -20.719)]
115;100;;;0;0,07;[236, 235, 237, 238];[(55.054, -20.719), (55.054, -20.048), (54.944, -20.048), (54.944, -20.719)]
116;100;;;0;1,79;[238, 237, 239, 240];[(54.944, -20.719), (54.944, -20.048), (52.271, -20.048), (52.271, -20.719)]
117;100;;;0;0,08;[240, 239, 241, 242];[(52.271, -20.719), (52.271, -20.048), (52.149, -20.048), (52.149, -20.719)]
118;100;;;0;3,61;[242, 241, 243, 244];[(52.149, -20.719), (52.149, -20.048), (46.762, -20.048), (46.762, -20.719)]
119;100;;;0;0,11;[244, 243, 245, 246];[(46.762, -20.719), (46.762, -20.048), (46.6, -20.048), (46.6, -20.719)]
120;100;;;0;1,50;[246, 245, 247, 248];[(46.6, -20.719), (46.6, -20.048), (44.356, -20.048), (44.356, -20.719)]
121;100;;;0;0,11;[248, 247, 249, 250];[(44.356, -20.719), (44.356, -20.048), (44.193, -20.048), (44.193, -20.719)]
122;100;;;0;5,37;[250, 249, 251, 252];[(44.193, -20.719), (44.193, -20.048), (36.179, -20.048), (36.179, -20.719)]
123;100;;;0;0,29;[252, 251, 253, 254];[(36.179, -20.719), (36.179, -20.048), (35.752, -20.048), (35.752, -20.719)]
124;100;;;0;5,93;[254, 253, 255, 256];[(35.752, -20.719), (35.752, -20.048), (26.913, -20.048), (26.913, -20.719)]
125;100;;;0;0,12;[256, 255, 257, 258];[(26.913, -20.719), (26.913, -20.048), (26.73, -20.048), (26.73, -20.719)]
126;100;;;0;3,43;[258, 257, 259, 260];[(26.73, -20.719), (26.73, -20.048), (21.61, -20.048), (21.61, -20.719)]
127;100;;;0;0,35;[260, 259, 261, 262];[(21.61, -20.719), (21.61, -20.048), (21.093, -20.048), (21.093, -20.719)]
128;100;;;0;1,90;[262, 261, 263, 264];[(21.093, -20.719), (21.093, -20.048), (18.258, -20.048), (18.258, -20.719)]
129;100;;;0;0,10;[264, 263, 265, 266];[(18.258, -20.719), (18.258, -20.048), (18.115, -20.048), (18.115, -20.719)]
130;100;;;0;4,81;[266, 265, 267, 268];[(18.115, -20.719), (18.115, -20.048), (10.943, -20.048), (10.943, -20.719)]
131;100;;;0;0,11;[268, 267, 269, 270];[(10.943, -20.719), (10.943, -20.048), (10.78, -20.048), (10.78, -20.719)]
132;100;;;0;1,65;[270, 269, 271, 272];[(10.78, -20.719), (10.78, -20.048), (8.322, -20.048), (8.322, -20.719)]
133;100;;;0;1,13;[272, 271, 273, 274];[(8.322, -20.719), (8.322, -20.048), (6.534, -20.048), (6.749, -20.719)]
134;100;;;0;1,42;[273, 271, 275, 692, 276];[(6.534, -20.048), (8.322, -20.048), (8.322, -19.256), (7.724, -19.256), (6.534, -19.256)]
135;100;;;0;1,63;[273, 276, 278, 277];[(6.534, -20.048), (6.534, -19.256), (4.482, -19.256), (4.482, -20.048)]
136;100;;;0;0,60;[277, 278, 280, 279];[(4.482, -20.048), (4.482, -19.256), (3.73, -19.256), (3.73, -20.048)]
137;100;;;0;1,64;[279, 280, 282, 281];[(3.73, -20.048), (3.73, -19.256), (1.657, -19.256), (1.657, -20.048)]
138;100;;;0;0,63;[281, 282, 1071, 284, 283];[(1.657, -20.048), (1.657, -19.256), (0.999, -19.256), (0.84, -19.256), (0.885, -20.048)]
139;100;;;0;1,61;[283, 284, 286, 285];[(0.885, -20.048), (0.84, -19.256), (-1.167, -19.256), (-1.167, -20.048)]
140;100;;;0;0,60;[285, 286, 288, 287];[(-1.167, -20.048), (-1.167, -19.256), (-1.919, -19.256), (-1.919, -20.048)]
141;100;;;0;1,63;[287, 288, 290, 289];[(-1.919, -20.048), (-1.919, -19.256), (-3.971, -19.256), (-3.971, -20.048)]
142;100;;;0;0,60;[289, 290, 292, 291];[(-3.971, -20.048), (-3.971, -19.256), (-4.723, -19.256), (-4.723, -20.048)]
143;100;;;0;1,61;[291, 292, 294, 293];[(-4.723, -20.048), (-4.723, -19.256), (-6.754, -19.256), (-6.754, -20.048)]
144;100;;;0;0,79;[293, 294, 296, 295];[(-6.754, -20.048), (-6.754, -19.256), (-7.75, -19.256), (-7.75, -20.048)]
145;100;;;0;0,51;[295, 296, 298, 297];[(-7.75, -20.048), (-7.75, -19.256), (-8.441, -19.256), (-8.441, -19.95)]
146;100;;;0;0,48;[295, 297, 301, 300];[(-7.75, -20.048), (-8.441, -19.95), (-8.441, -20.699), (-7.75, -20.699)]
147;100;;;0;0,57;[293, 295, 300, 299];[(-6.754, -20.048), (-7.75, -20.048), (-7.75, -20.699), (-6.999, -20.699)]
148;100;;;0;1,78;[301, 297, 302, 303];[(-8.441, -20.699), (-8.441, -19.95), (-10.822, -19.95), (-10.822, -20.699)]
149;100;;;0;0,12;[303, 302, 304, 305];[(-10.822, -20.699), (-10.822, -19.95), (-10.989, -19.95), (-10.989, -20.699)]
150;100;;;0;1,99;[305, 304, 306, 307];[(-10.989, -20.699), (-10.989, -19.95), (-13.65, -19.95), (-13.65, -20.699)]
151;100;;;0;0,09;[307, 306, 308, 309];[(-13.65, -20.699), (-13.65, -19.95), (-13.772, -19.95), (-13.772, -20.699)]
152;100;;;0;4,01;[309, 308, 310, 311];[(-13.772, -20.699), (-13.772, -19.95), (-19.136, -19.95), (-19.136, -20.699)]
153;100;;;0;0,00;[311, 310, 312, 313];[(-19.136, -20.699), (-19.136, -19.95), (-19.136, -19.95), (-19.136, -20.699)]
154;100;;;0;0,11;[313, 312, 314, 315];[(-19.136, -20.699), (-19.136, -19.95), (-19.278, -19.95), (-19.278, -20.699)]
155;100;;;0;2,01;[315, 314, 316, 317];[(-19.278, -20.699), (-19.278, -19.95), (-21.961, -19.95), (-21.961, -20.699)]
156;100;;;0;0,08;[317, 316, 318, 319];[(-21.961, -20.699), (-21.961, -19.95), (-22.062, -19.95), (-22.062, -20.699)]
157;100;;;0;7,74;[319, 318, 320, 321];[(-22.062, -20.699), (-22.062, -19.95), (-32.404, -19.95), (-32.404, -20.699)]
158;100;;;0;0,33;[321, 320, 322, 323];[(-32.404, -20.699), (-32.404, -19.95), (-32.851, -19.95), (-32.851, -20.699)]
159;100;;;0;4,10;[323, 322, 324, 325];[(-32.851, -20.699), (-32.851, -19.95), (-38.337, -19.95), (-38.337, -20.699)]
160;100;;;0;0,12;[325, 324, 326, 327];[(-38.337, -20.699), (-38.337, -19.95), (-38.5, -19.95), (-38.5, -20.699)]
161;100;;;0;8,03;[327, 326, 328, 329];[(-38.5, -20.699), (-38.5, -19.95), (-49.228, -19.95), (-49.228, -20.699)]
162;100;;;0;0,11;[329, 328, 330, 331];[(-49.228, -20.699), (-49.228, -19.95), (-49.37, -19.95), (-49.37, -20.699)]
163;100;;;0;6,00;[331, 330, 332, 333];[(-49.37, -20.699), (-49.37, -19.95), (-57.396, -19.95), (-57.396, -20.699)]
164;100;;;0;0,40;[333, 332, 334, 335];[(-57.396, -20.699), (-57.396, -19.95), (-57.924, -19.95), (-57.924, -20.699)]
165;100;;;0;7,86;[335, 334, 336, 337];[(-57.924, -20.699), (-57.924, -19.95), (-68.429, -19.95), (-68.429, -20.699)]
166;100;;;0;0,12;[337, 336, 338, 339];[(-68.429, -20.699), (-68.429, -19.95), (-68.592, -19.95), (-68.592, -20.699)]
167;100;;;0;3,95;[339, 338, 340, 341];[(-68.592, -20.699), (-68.592, -19.95), (-73.874, -19.95), (-73.874, -20.699)]
168;100;;;0;0,61;[341, 340, 342, 343];[(-73.874, -20.699), (-73.874, -19.95), (-74.687, -19.95), (-74.687, -20.699)]
169;100;;;0;4,52;[342, 340, 344, 345];[(-74.687, -19.95), (-73.874, -19.95), (-73.874, -14.383), (-74.687, -14.383)]
170;100;;;0;0,78;[345, 344, 346, 347];[(-74.687, -14.383), (-73.874, -14.383), (-73.874, -13.428), (-74.687, -13.428)]
171;100;;;0;0,80;[351, 350, 348, 349];[(-73.732, -13.428), (-73.732, -14.383), (-72.899, -14.383), (-72.899, -13.428)]
172;100;;;0;0,14;[346, 344, 350, 351];[(-73.874, -13.428), (-73.874, -14.383), (-73.732, -14.383), (-73.732, -13.428)]
173;100;;;0;4,11;[351, 349, 352, 353];[(-73.732, -13.428), (-72.899, -13.428), (-72.899, -8.49), (-73.732, -8.49)]
174;100;;;0;0,95;[354, 355, 356, 357, 353, 352];[(-72.899, -8.184), (-72.899, -7.502), (-72.899, -7.349), (-73.732, -7.349), (-73.732, -8.49), (-72.899, -8.49)]
175;100;;;0;2,10;[357, 356, 358, 359];[(-73.732, -7.349), (-72.899, -7.349), (-72.899, -4.821), (-73.732, -4.821)]
176;100;;;0;0,13;[359, 358, 360, 361];[(-73.732, -4.821), (-72.899, -4.821), (-72.899, -4.668), (-73.732, -4.668)]
177;100;;;0;2,06;[361, 360, 362, 363];[(-73.732, -4.668), (-72.899, -4.668), (-72.899, -2.199), (-73.732, -2.199)]
178;100;;;0;0,89;[363, 362, 364, 365];[(-73.732, -2.199), (-72.899, -2.199), (-72.899, -1.129), (-73.732, -1.129)]
179;100;;;0;4,23;[365, 364, 366, 367];[(-73.732, -1.129), (-72.899, -1.129), (-72.899, 3.951), (-73.732, 3.951)]
180;100;;;0;0,76;[368, 369, 370, 371, 367, 366];[(-72.899, 4.057), (-72.899, 4.668), (-72.899, 4.868), (-73.732, 4.868), (-73.732, 3.951), (-72.899, 3.951)]
181;100;;;0;4,21;[371, 370, 372, 373];[(-73.732, 4.868), (-72.899, 4.868), (-72.899, 9.924), (-73.732, 9.924)]
182;100;;;0;0,82;[374, 376, 378, 379, 373, 372];[(-72.899, 10.312), (-72.899, 10.441), (-72.899, 10.912), (-73.732, 10.912), (-73.732, 9.924), (-72.899, 9.924)]
183;100;;;0;0,98;[373, 379, 380, 375, 377];[(-73.732, 9.924), (-73.732, 10.912), (-73.861, 10.912), (-74.719, 10.912), (-74.719, 9.924)]
184;100;;;0;4,63;[0, 375, 380, 1];[(-74.692, 16.305), (-74.719, 10.912), (-73.861, 10.912), (-73.835, 16.305)]
185;100;;;0;0,09;[378, 376, 383, 384];[(-72.899, 10.912), (-72.899, 10.441), (-72.713, 10.441), (-72.713, 10.912)]
186;100;;;0;0,02;[376, 374, 382, 383];[(-72.899, 10.441), (-72.899, 10.312), (-72.713, 10.312), (-72.713, 10.441)]
187;100;;;0;0,07;[374, 372, 381, 382];[(-72.899, 10.312), (-72.899, 9.924), (-72.713, 9.924), (-72.713, 10.312)]
188;100;;;0;0,36;[6, 4, 385, 386];[(-66.507, 16.305), (-67.217, 16.305), (-67.217, 15.796), (-66.507, 15.796)]
189;1;;;0;1,07;[386, 385, 387, 388];[(-66.507, 15.796), (-67.217, 15.796), (-67.217, 14.287), (-66.507, 14.287)]
190;100;;;0;2,73;[388, 387, 395, 396];[(-66.507, 14.287), (-67.217, 14.287), (-67.217, 10.443), (-66.507, 10.443)]
191;100;;;0;0,86;[353, 357, 390, 389];[(-73.732, -8.49), (-73.732, -7.349), (-74.697, -7.599), (-74.697, -8.239)]
192;100;;;0;0,69;[367, 371, 394, 393];[(-73.732, 3.951), (-73.732, 4.868), (-74.697, 4.667), (-74.697, 4.152)]
193;100;;;0;0,81;[363, 365, 392, 391];[(-73.732, -2.199), (-73.732, -1.129), (-74.697, -1.364), (-74.697, -1.964)]
194;100;;;0;0,08;[396, 395, 397, 398];[(-66.507, 10.443), (-67.217, 10.443), (-67.217, 10.325), (-66.507, 10.325)]
195;100;;;0;0,62;[398, 397, 399, 400];[(-66.507, 10.325), (-67.217, 10.325), (-67.217, 9.444), (-66.507, 9.444)]
196;1;;;0;1,09;[400, 399, 401, 402];[(-66.507, 9.444), (-67.217, 9.444), (-67.217, 7.903), (-66.507, 7.903)]
197;100;;;0;2,28;[402, 401, 403, 404];[(-66.507, 7.903), (-67.217, 7.903), (-67.217, 4.686), (-66.507, 4.686)]
198;100;;;0;0,46;[404, 403, 405, 406];[(-66.507, 4.686), (-67.217, 4.686), (-67.217, 4.043), (-66.507, 4.043)]
199;100;;;0;0,29;[406, 405, 407, 408];[(-66.507, 4.043), (-67.217, 4.043), (-67.217, 3.637), (-66.507, 3.637)]
200;1;;;0;1,06;[408, 407, 409, 410];[(-66.507, 3.637), (-67.217, 3.637), (-67.217, 2.146), (-66.507, 2.146)]
201;100;;;0;4,84;[410, 409, 411, 412];[(-66.507, 2.146), (-67.217, 2.146), (-67.217, -4.677), (-66.507, -4.677)]
202;100;;;0;0,10;[412, 411, 413, 414];[(-66.507, -4.677), (-67.217, -4.677), (-67.217, -4.813), (-66.507, -4.813)]
203;100;;;0;0,72;[414, 413, 415, 416];[(-66.507, -4.813), (-67.217, -4.813), (-67.217, -5.829), (-66.507, -5.829)]
204;1;;;0;0,70;[416, 415, 417, 418];[(-66.507, -5.829), (-67.217, -5.829), (-67.217, -6.811), (-66.507, -6.811)]
205;100;;;0;0,48;[418, 417, 419, 420];[(-66.507, -6.811), (-67.217, -6.811), (-67.217, -7.488), (-66.507, -7.488)]
206;100;;;0;0,51;[420, 419, 421, 1042, 422];[(-66.507, -7.488), (-67.217, -7.488), (-67.217, -8.182), (-66.593, -8.182), (-66.471, -8.182)]
207;100;;;0;1,70;[420, 422, 424, 423];[(-66.507, -7.488), (-66.471, -8.182), (-64.035, -8.182), (-64.035, -7.488)]
208;100;;;0;0,40;[423, 424, 426, 425];[(-64.035, -7.488), (-64.035, -8.182), (-63.488, -8.182), (-63.425, -7.488)]
209;100;;;0;0,30;[425, 426, 1029, 428, 427];[(-63.425, -7.488), (-63.488, -8.182), (-63.363, -8.182), (-63.019, -8.182), (-63.019, -7.488)]
210;1;;;0;1,10;[427, 428, 430, 429];[(-63.019, -7.488), (-63.019, -8.182), (-61.427, -8.182), (-61.427, -7.488)]
211;100;;;0;1,02;[429, 430, 432, 431];[(-61.427, -7.488), (-61.427, -8.182), (-59.954, -8.182), (-59.954, -7.488)]
212;1;;;0;1,12;[431, 432, 434, 433];[(-59.954, -7.488), (-59.954, -8.182), (-58.345, -8.182), (-58.345, -7.488)]
213;100;;;0;0,20;[433, 434, 436, 435];[(-58.345, -7.488), (-58.345, -8.182), (-58.058, -8.182), (-58.058, -7.488)]
214;100;;;0;0,43;[435, 436, 438, 437];[(-58.058, -7.488), (-58.058, -8.182), (-57.431, -8.182), (-57.431, -7.488)]
215;100;;;0;2,03;[437, 439, 32, 1153, 435];[(-57.431, -7.488), (-57.43, -4.204), (-58.041, -4.204), (-58.042, -4.372), (-58.058, -7.488)]
216;100;;;0;3,91;[354, 421, 419, 355];[(-72.899, -8.184), (-67.217, -8.182), (-67.217, -7.488), (-72.899, -7.502)]
217;100;;;0;0,82;[358, 413, 411, 360];[(-72.899, -4.821), (-67.217, -4.813), (-67.217, -4.677), (-72.899, -4.668)]
218;100;;;0;3,57;[368, 405, 403, 369];[(-72.899, 4.057), (-67.217, 4.043), (-67.217, 4.686), (-72.899, 4.668)]
219;100;;;0;0,68;[382, 397, 395, 383];[(-72.713, 10.312), (-67.217, 10.325), (-67.217, 10.443), (-72.713, 10.441)]
220;100;;;0;0,36;[10, 8, 440, 441];[(-63.322, 16.305), (-64.047, 16.305), (-64.047, 15.814), (-63.322, 15.814)]
221;1;;;0;1,09;[441, 440, 442, 443];[(-63.322, 15.814), (-64.047, 15.814), (-64.047, 14.307), (-63.322, 14.307)]
222;100;;;0;5,19;[443, 442, 444, 445];[(-63.322, 14.307), (-64.047, 14.307), (-64.047, 7.145), (-63.322, 7.145)]
223;100;;;0;0,15;[445, 444, 446, 447];[(-63.322, 7.145), (-64.047, 7.145), (-64.047, 6.942), (-63.322, 6.942)]
224;100;;;0;0,53;[447, 446, 448, 449];[(-63.322, 6.942), (-64.047, 6.942), (-64.047, 6.214), (-63.322, 6.214)]
225;1;;;0;0,76;[449, 448, 450, 451];[(-63.322, 6.214), (-64.047, 6.214), (-64.047, 5.164), (-63.322, 5.164)]
226;100;;;0;0,49;[451, 450, 452, 453];[(-63.322, 5.164), (-64.047, 5.164), (-64.047, 4.487), (-63.322, 4.487)]
227;100;;;0;0,39;[453, 452, 454, 455];[(-63.322, 4.487), (-64.047, 4.487), (-64.047, 3.945), (-63.322, 3.945)]
228;100;;;0;0,27;[455, 454, 456, 457];[(-63.322, 3.945), (-64.047, 3.945), (-64.047, 3.572), (-63.322, 3.572)]
229;1;;;0;0,76;[457, 456, 458, 459];[(-63.322, 3.572), (-64.047, 3.572), (-64.047, 2.523), (-63.322, 2.523)]
230;100;;;0;1,03;[459, 458, 460, 461];[(-63.322, 2.523), (-64.047, 2.523), (-64.047, 1.1), (-63.322, 1.1)]
231;100;;;0;0,36;[461, 460, 462, 464, 463];[(-63.322, 1.1), (-64.047, 1.1), (-64.047, 0.609), (-63.429, 0.609), (-63.322, 0.609)]
232;100;;;0;3,68;[464, 462, 465, 466, 1152, 1151];[(-63.429, 0.609), (-64.047, 0.609), (-64.047, -5.351), (-63.429, -5.351), (-63.429, -4.372), (-63.429, -1.595)]
233;1;;;0;0,98;[466, 465, 467, 468];[(-63.429, -5.351), (-64.047, -5.351), (-64.047, -6.942), (-63.429, -6.942)]
234;100;;;0;0,33;[425, 468, 467, 423];[(-63.425, -7.488), (-63.429, -6.942), (-64.047, -6.942), (-64.035, -7.488)]
235;100;;;0;0,80;[475, 461, 463, 476];[(-61.695, 1.096), (-63.322, 1.1), (-63.322, 0.609), (-61.695, 0.609)]
236;100;;;0;0,88;[471, 453, 455, 472];[(-61.696, 4.483), (-63.322, 4.487), (-63.322, 3.945), (-61.696, 3.943)]
237;100;;;0;1,07;[16, 445, 447, 18];[(-57.943, 7.138), (-63.322, 7.145), (-63.322, 6.942), (-57.943, 6.943)]
238;100;;;0;1,88;[20, 469, 470, 22];[(-57.943, 4.473), (-61.444, 4.482), (-61.444, 3.942), (-57.943, 3.937)]
239;100;;;0;0,14;[469, 471, 472, 470];[(-61.444, 4.482), (-61.696, 4.483), (-61.696, 3.943), (-61.444, 3.942)]
240;100;;;0;1,64;[28, 473, 474, 29];[(-58.041, 1.087), (-61.443, 1.096), (-61.443, 0.609), (-58.041, 0.607)]
241;100;;;0;0,12;[473, 475, 476, 474];[(-61.443, 1.096), (-61.695, 1.096), (-61.695, 0.609), (-61.443, 0.609)]
242;100;;;0;0,46;[475, 473, 477, 478];[(-61.695, 1.096), (-61.443, 1.096), (-61.443, 2.924), (-61.695, 2.925)]
243;2;;;0;0,22;[478, 477, 479, 480];[(-61.695, 2.925), (-61.443, 2.924), (-61.443, 3.805), (-61.695, 3.805)]
244;100;;;0;0,03;[472, 480, 479, 470];[(-61.696, 3.943), (-61.695, 3.805), (-61.443, 3.805), (-61.444, 3.942)]
245;100;;;0;0,26;[349, 348, 481, 483, 482];[(-72.899, -13.428), (-72.899, -14.383), (-72.628, -14.383), (-72.628, -13.786), (-72.628, -13.428)]
246;100;;;0;1,02;[483, 481, 484, 485];[(-72.628, -13.786), (-72.628, -14.383), (-70.918, -14.383), (-70.918, -13.786)]
247;100;;;0;0,07;[485, 484, 486, 487];[(-70.918, -13.786), (-70.918, -14.383), (-70.799, -14.383), (-70.799, -13.786)]
248;1;;;0;0,93;[487, 486, 488, 489];[(-70.799, -13.786), (-70.799, -14.383), (-69.242, -14.383), (-69.242, -13.786)]
249;100;;;0;0,39;[489, 488, 490, 491];[(-69.242, -13.786), (-69.242, -14.383), (-68.581, -14.383), (-68.581, -13.786)]
250;100;;;0;0,07;[491, 490, 492, 493];[(-68.581, -13.786), (-68.581, -14.383), (-68.463, -14.383), (-68.463, -13.786)]
251;100;;;0;0,22;[493, 492, 494, 495];[(-68.463, -13.786), (-68.463, -14.383), (-68.09, -14.383), (-68.09, -13.786)]
252;1;;;0;0,93;[495, 494, 496, 497];[(-68.09, -13.786), (-68.09, -14.383), (-66.533, -14.383), (-66.533, -13.786)]
253;100;;;0;4,85;[1145, 1144, 498, 499];[(-66.053, -13.786), (-66.053, -14.383), (-57.924, -14.383), (-57.924, -13.786)]
254;100;;;0;0,64;[503, 501, 504, 505];[(-57.389, -13.498), (-57.389, -14.094), (-56.323, -14.094), (-56.323, -13.498)]
255;1;;;0;0,88;[505, 504, 506, 507];[(-56.323, -13.498), (-56.323, -14.094), (-54.849, -14.094), (-54.849, -13.498)]
256;100;;;0;0,47;[500, 501, 503, 502, 499, 498];[(-57.389, -14.383), (-57.389, -14.094), (-57.389, -13.498), (-57.924, -13.498), (-57.924, -13.786), (-57.924, -14.383)]
257;100;;;0;3,25;[507, 506, 508, 509];[(-54.849, -13.498), (-54.849, -14.094), (-49.397, -14.094), (-49.397, -13.498)]
258;100;;;0;0,09;[509, 508, 510, 511];[(-49.397, -13.498), (-49.397, -14.094), (-49.245, -14.094), (-49.245, -13.498)]
259;100;;;0;0,32;[511, 510, 512, 513];[(-49.245, -13.498), (-49.245, -14.094), (-48.703, -14.094), (-48.703, -13.498)]
260;1;;;0;0,88;[513, 512, 514, 515];[(-48.703, -13.498), (-48.703, -14.094), (-47.23, -14.094), (-47.23, -13.498)]
261;100;;;0;4,98;[1149, 1148, 516, 517];[(-46.877, -13.498), (-46.877, -14.094), (-38.51, -14.094), (-38.51, -13.498)]
262;100;;;0;0,10;[517, 516, 518, 519];[(-38.51, -13.498), (-38.51, -14.094), (-38.341, -14.094), (-38.341, -13.498)]
263;100;;;0;0,62;[519, 518, 520, 521];[(-38.341, -13.498), (-38.341, -14.094), (-37.308, -14.094), (-37.308, -13.498)]
264;1;;;0;0,93;[521, 520, 522, 523];[(-37.308, -13.498), (-37.308, -14.094), (-35.75, -14.094), (-35.75, -13.498)]
265;100;;;0;1,73;[523, 522, 524, 525];[(-35.75, -13.498), (-35.75, -14.094), (-32.838, -14.094), (-32.838, -13.498)]
266;100;;;0;0,25;[525, 524, 526, 527];[(-32.838, -13.498), (-32.838, -14.094), (-32.414, -14.094), (-32.414, -13.498)]
267;100;;;0;0,35;[527, 526, 528, 529];[(-32.414, -13.498), (-32.414, -14.094), (-31.822, -14.094), (-31.822, -13.498)]
268;1;;;0;0,90;[529, 528, 530, 531];[(-31.822, -13.498), (-31.822, -14.094), (-30.315, -14.094), (-30.315, -13.498)]
269;100;;;0;4,90;[531, 530, 532, 533];[(-30.315, -13.498), (-30.315, -14.094), (-22.086, -14.094), (-22.086, -13.498)]
270;100;;;0;0,07;[533, 532, 534, 535];[(-22.086, -13.498), (-22.086, -14.094), (-21.967, -14.094), (-21.967, -13.498)]
271;100;;;0;0,56;[535, 534, 536, 537];[(-21.967, -13.498), (-21.967, -14.094), (-21.019, -14.094), (-21.019, -13.498)]
272;1;;;0;0,62;[537, 536, 538, 539];[(-21.019, -13.498), (-21.019, -14.094), (-19.986, -14.094), (-19.986, -13.498)]
273;100;;;0;0,42;[539, 538, 540, 541];[(-19.986, -13.498), (-19.986, -14.094), (-19.275, -14.094), (-19.275, -13.498)]
274;100;;;0;0,09;[541, 540, 542, 543];[(-19.275, -13.498), (-19.275, -14.094), (-19.123, -14.094), (-19.123, -13.498)]
275;100;;;0;0,30;[543, 542, 544, 545];[(-19.123, -13.498), (-19.123, -14.094), (-18.615, -14.094), (-18.615, -13.498)]
276;1;;;0;0,88;[545, 544, 546, 547];[(-18.615, -13.498), (-18.615, -14.094), (-17.142, -14.094), (-17.142, -13.498)]
277;100;;;0;2,02;[547, 546, 548, 549];[(-17.142, -13.498), (-17.142, -14.094), (-13.755, -14.094), (-13.755, -13.498)]
278;100;;;0;0,07;[549, 548, 550, 551];[(-13.755, -13.498), (-13.755, -14.094), (-13.637, -14.094), (-13.637, -13.498)]
279;100;;;0;0,17;[551, 550, 552, 553];[(-13.637, -13.498), (-13.637, -14.094), (-13.349, -14.094), (-13.349, -13.498)]
280;1;;;0;0,56;[553, 552, 554, 555];[(-13.349, -13.498), (-13.349, -14.094), (-12.401, -14.094), (-12.401, -13.498)]
281;100;;;0;2,36;[555, 554, 556, 557];[(-12.401, -13.498), (-12.401, -14.094), (-8.439, -14.094), (-8.439, -13.498)]
282;100;;;0;0,41;[557, 556, 558, 559];[(-8.439, -13.498), (-8.439, -14.094), (-7.744, -14.094), (-7.744, -13.498)]
283;100;;;0;0,07;[557, 559, 561, 562, 560];[(-8.439, -13.498), (-7.744, -13.498), (-7.744, -13.396), (-7.819, -13.396), (-8.439, -13.396)]
284;100;;;0;0,42;[558, 556, 563, 564];[(-7.744, -14.094), (-8.439, -14.094), (-8.439, -14.705), (-7.744, -14.705)]
285;100;;;0;0,10;[564, 563, 565, 566];[(-7.744, -14.705), (-8.439, -14.705), (-8.439, -14.846), (-7.744, -14.846)]
286;100;;;0;1,11;[566, 565, 567, 568];[(-7.744, -14.846), (-8.439, -14.846), (-8.439, -16.446), (-7.744, -16.446)]
287;100;;;0;0,10;[568, 567, 569, 570];[(-7.744, -16.446), (-8.439, -16.446), (-8.439, -16.587), (-7.744, -16.587)]
288;100;;;0;1,85;[296, 570, 569, 298];[(-7.75, -19.256), (-7.744, -16.587), (-8.439, -16.587), (-8.441, -19.256)]
289;100;;;0;1,20;[438, 436, 571, 572];[(-57.431, -8.182), (-58.058, -8.182), (-58.058, -10.095), (-57.431, -10.095)]
290;100;;;0;0,32;[572, 571, 573, 574];[(-57.431, -10.095), (-58.058, -10.095), (-58.058, -10.603), (-57.431, -10.603)]
291;100;;;0;1,47;[572, 574, 576, 575];[(-57.431, -10.095), (-57.431, -10.603), (-54.536, -10.603), (-54.536, -10.095)]
292;100;;;0;0,07;[575, 576, 578, 577];[(-54.536, -10.095), (-54.536, -10.603), (-54.4, -10.603), (-54.4, -10.095)]
293;100;;;0;0,35;[577, 578, 580, 579];[(-54.4, -10.095), (-54.4, -10.603), (-53.706, -10.603), (-53.706, -10.095)]
294;1;;;0;0,51;[579, 580, 582, 581];[(-53.706, -10.095), (-53.706, -10.603), (-52.707, -10.603), (-52.707, -10.095)]
295;100;;;0;0,34;[581, 582, 584, 583];[(-52.707, -10.095), (-52.707, -10.603), (-52.03, -10.603), (-52.03, -10.095)]
296;100;;;0;0,08;[583, 584, 586, 585];[(-52.03, -10.095), (-52.03, -10.603), (-51.877, -10.603), (-51.877, -10.095)]
297;100;;;0;1,50;[585, 586, 588, 587];[(-51.877, -10.095), (-51.877, -10.603), (-48.931, -10.603), (-48.931, -10.095)]
298;1;;;0;0,74;[587, 588, 590, 589];[(-48.931, -10.095), (-48.931, -10.603), (-47.475, -10.603), (-47.475, -10.095)]
299;100;;;0;0,23;[589, 590, 592, 591];[(-47.475, -10.095), (-47.475, -10.603), (-47.018, -10.603), (-47.018, -10.095)]
300;100;;;0;0,08;[591, 592, 594, 593];[(-47.018, -10.095), (-47.018, -10.603), (-46.865, -10.603), (-46.865, -10.095)]
301;100;;;0;4,50;[593, 594, 596, 595];[(-46.865, -10.095), (-46.865, -10.603), (-38.01, -10.603), (-38.01, -10.095)]
302;1;;;0;0,76;[595, 596, 598, 597];[(-38.01, -10.095), (-38.01, -10.603), (-36.52, -10.603), (-36.52, -10.095)]
303;100;;;0;0,37;[597, 598, 600, 599];[(-36.52, -10.095), (-36.52, -10.603), (-35.783, -10.603), (-35.783, -10.095)]
304;100;;;0;0,09;[599, 600, 602, 601];[(-35.783, -10.095), (-35.783, -10.603), (-35.606, -10.603), (-35.606, -10.095)]
305;100;;;0;0,18;[601, 602, 604, 603];[(-35.606, -10.095), (-35.606, -10.603), (-35.246, -10.603), (-35.246, -10.095)]
306;1;;;0;0,51;[603, 604, 606, 605];[(-35.246, -10.095), (-35.246, -10.603), (-34.25, -10.603), (-34.25, -10.095)]
307;100;;;0;0,71;[605, 606, 608, 607];[(-34.25, -10.095), (-34.25, -10.603), (-32.846, -10.603), (-32.846, -10.095)]
308;100;;;0;0,23;[607, 608, 610, 609];[(-32.846, -10.095), (-32.846, -10.603), (-32.397, -10.603), (-32.397, -10.095)]
309;100;;;0;0,38;[609, 610, 612, 611];[(-32.397, -10.095), (-32.397, -10.603), (-31.654, -10.603), (-31.654, -10.095)]
310;1;;;0;0,76;[611, 612, 614, 613];[(-31.654, -10.095), (-31.654, -10.603), (-30.163, -10.603), (-30.163, -10.095)]
311;100;;;0;3,97;[613, 614, 616, 615];[(-30.163, -10.095), (-30.163, -10.603), (-22.358, -10.603), (-22.358, -10.095)]
312;100;;;0;0,15;[615, 616, 618, 617];[(-22.358, -10.095), (-22.358, -10.603), (-22.07, -10.603), (-22.07, -10.095)]
313;100;;;0;3,28;[617, 618, 620, 619];[(-22.07, -10.095), (-22.07, -10.603), (-15.619, -10.603), (-15.619, -10.095)]
314;1;;;0;0,76;[619, 620, 622, 621];[(-15.619, -10.095), (-15.619, -10.603), (-14.129, -10.603), (-14.129, -10.095)]
315;100;;;0;0,36;[621, 622, 624, 623];[(-14.129, -10.095), (-14.129, -10.603), (-13.418, -10.603), (-13.418, -10.095)]
316;100;;;0;0,10;[623, 624, 626, 625];[(-13.418, -10.095), (-13.418, -10.603), (-13.214, -10.603), (-13.214, -10.095)]
317;100;;;0;1,61;[625, 626, 628, 627];[(-13.214, -10.095), (-13.214, -10.603), (-10.048, -10.603), (-10.048, -10.095)]
318;1;;;0;0,80;[627, 628, 630, 629];[(-10.048, -10.095), (-10.048, -10.603), (-8.473, -10.603), (-8.473, -10.095)]
319;100;;;0;0,02;[629, 630, 632, 631];[(-8.473, -10.095), (-8.473, -10.603), (-8.426, -10.603), (-8.426, -10.095)]
320;100;;;0;0,34;[631, 632, 634, 633];[(-8.426, -10.095), (-8.426, -10.603), (-7.752, -10.603), (-7.752, -10.095)]
321;100;;;0;0,11;[634, 632, 635, 637, 636];[(-7.752, -10.603), (-8.426, -10.603), (-8.426, -10.76), (-7.826, -10.76), (-7.752, -10.76)]
322;100;;;0;0,01;[636, 637, 639, 638];[(-7.752, -10.76), (-7.826, -10.76), (-7.826, -10.889), (-7.752, -10.889)]
323;100;;;0;0,01;[562, 561, 640, 641];[(-7.819, -13.396), (-7.744, -13.396), (-7.744, -13.274), (-7.819, -13.274)]
324;1;;;0;0,18;[639, 641, 640, 638];[(-7.826, -10.889), (-7.819, -13.274), (-7.744, -13.274), (-7.752, -10.889)]
325;100;;;0;0,40;[633, 634, 643, 642];[(-7.752, -10.095), (-7.752, -10.603), (-6.968, -10.603), (-6.968, -10.095)]
326;100;;;0;0,55;[642, 643, 645, 644];[(-6.968, -10.095), (-6.968, -10.603), (-5.881, -10.603), (-5.881, -10.095)]
327;100;;;0;0,90;[62, 66, 65, 63, 61];[(-6.971, -4.204), (-5.871, -4.204), (-5.871, -3.386), (-6.788, -3.386), (-6.971, -3.386)]
328;1;;;0;0,83;[64, 646, 648, 647];[(-5.185, -10.095), (-5.185, -10.603), (-3.558, -10.603), (-3.558, -10.095)]
329;100;;;0;0,05;[647, 648, 650, 649];[(-3.558, -10.095), (-3.558, -10.603), (-3.451, -10.603), (-3.451, -10.095)]
330;100;;;0;0,11;[649, 650, 652, 651];[(-3.451, -10.095), (-3.451, -10.603), (-3.235, -10.603), (-3.235, -10.095)]
331;100;;;0;3,13;[651, 652, 654, 653];[(-3.235, -10.095), (-3.235, -10.603), (2.919, -10.603), (2.919, -10.095)]
332;100;;;0;0,09;[653, 654, 656, 655];[(2.919, -10.095), (2.919, -10.603), (3.095, -10.603), (3.095, -10.095)]
333;100;;;0;0,11;[655, 656, 658, 657];[(3.095, -10.095), (3.095, -10.603), (3.311, -10.603), (3.311, -10.095)]
334;1;;;0;0,82;[657, 658, 660, 659];[(3.311, -10.095), (3.311, -10.603), (4.927, -10.603), (4.927, -10.095)]
335;100;;;0;0,36;[659, 660, 662, 661];[(4.927, -10.095), (4.927, -10.603), (5.643, -10.603), (5.643, -10.095)]
336;100;;;0;1,71;[667, 665, 666, 668];[(5.627, -7.001), (5.643, -9.792), (6.24, -9.792), (6.253, -7.001)]
337;100;;;0;0,12;[669, 667, 668, 670];[(5.626, -6.806), (5.627, -7.001), (6.253, -7.001), (6.254, -6.806)]
338;100;;;0;0,49;[664, 666, 665, 661, 662];[(6.24, -10.603), (6.24, -9.792), (5.643, -9.792), (5.643, -10.095), (5.643, -10.603)]
339;100;;;0;1,41;[77, 669, 670, 663];[(5.613, -4.603), (5.626, -6.806), (6.254, -6.806), (6.264, -4.603)]
340;100;;;0;0,18;[666, 664, 671, 672];[(6.24, -9.792), (6.24, -10.603), (6.466, -10.603), (6.466, -9.792)]
341;1;;;0;0,76;[672, 671, 673, 674];[(6.466, -9.792), (6.466, -10.603), (7.397, -10.603), (7.397, -9.792)]
342;100;;;0;0,24;[674, 673, 675, 676];[(7.397, -9.792), (7.397, -10.603), (7.694, -10.603), (7.694, -9.792)]
343;100;;;0;3,80;[680, 677, 678, 681];[(8.343, -9.199), (8.343, -10.603), (11.165, -10.603), (10.939, -9.199)]
344;100;;;0;0,99;[681, 678, 682, 1158, 683];[(10.939, -9.199), (11.165, -10.603), (11.757, -10.603), (11.757, -9.993), (11.757, -9.199)]
345;100;;;0;0,91;[677, 680, 679, 676, 675];[(8.343, -10.603), (8.343, -9.199), (7.694, -9.199), (7.694, -9.792), (7.694, -10.603)]
346;100;;;0;0,91;[677, 675, 684, 685];[(8.343, -10.603), (7.694, -10.603), (7.694, -12.0), (8.343, -12.0)]
347;100;;;0;0,45;[685, 684, 686, 1003, 687];[(8.343, -12.0), (7.694, -12.0), (7.694, -12.692), (7.906, -12.692), (8.343, -12.692)]
348;100;;;0;0,41;[691, 690, 689, 688];[(11.148, -12.0), (11.148, -12.692), (11.743, -12.692), (11.743, -12.0)]
349;100;;;0;1,94;[685, 687, 690, 691];[(8.343, -12.0), (8.343, -12.692), (11.148, -12.692), (11.148, -12.0)]
350;1;;;0;0,83;[678, 691, 688, 682];[(11.165, -10.603), (11.148, -12.0), (11.743, -12.0), (11.757, -10.603)]
351;100;;;0;2,50;[692, 275, 693, 694];[(7.724, -19.256), (8.322, -19.256), (8.322, -15.079), (7.724, -15.079)]
352;100;;;0;0,21;[694, 693, 695, 1004, 696, 1002];[(7.724, -15.079), (8.322, -15.079), (8.322, -14.727), (7.905, -14.727), (7.724, -14.727), (7.724, -14.863)]
353;100;;;0;0,29;[695, 693, 697, 698];[(8.322, -14.727), (8.322, -15.079), (9.135, -15.079), (9.135, -14.727)]
354;1;;;0;0,30;[698, 697, 699, 700];[(9.135, -14.727), (9.135, -15.079), (9.988, -15.079), (9.988, -14.727)]
355;100;;;0;0,29;[700, 699, 701, 702];[(9.988, -14.727), (9.988, -15.079), (10.801, -15.079), (10.801, -14.727)]
356;100;;;0;0,06;[702, 701, 703, 704];[(10.801, -14.727), (10.801, -15.079), (10.968, -15.079), (10.968, -14.727)]
357;100;;;0;0,09;[704, 703, 705, 706];[(10.968, -14.727), (10.968, -15.079), (11.222, -15.079), (11.222, -14.727)]
358;1;;;0;0,45;[706, 705, 707, 708];[(11.222, -14.727), (11.222, -15.079), (12.506, -15.079), (12.506, -14.727)]
359;100;;;0;1,98;[708, 707, 709, 710];[(12.506, -14.727), (12.506, -15.079), (18.107, -15.079), (18.107, -14.727)]
360;100;;;0;0,06;[710, 709, 711, 712];[(18.107, -14.727), (18.107, -15.079), (18.277, -15.079), (18.277, -14.727)]
361;100;;;0;0,98;[712, 711, 713, 714];[(18.277, -14.727), (18.277, -15.079), (21.061, -15.079), (21.061, -14.727)]
362;100;;;0;0,17;[714, 713, 715, 716];[(21.061, -14.727), (21.061, -15.079), (21.629, -14.864), (21.629, -14.629)]
363;100;;;0;0,12;[714, 716, 718, 905, 717];[(21.061, -14.727), (21.629, -14.629), (21.629, -14.472), (21.15, -14.472), (21.061, -14.472)]
364;100;;;0;2,76;[259, 715, 713, 261];[(21.61, -20.048), (21.629, -14.864), (21.061, -15.079), (21.093, -20.048)]
365;100;;;0;0,79;[716, 715, 719, 720];[(21.629, -14.629), (21.629, -14.864), (25.009, -14.864), (25.009, -14.629)]
366;1;;;0;0,21;[720, 719, 721, 722];[(25.009, -14.629), (25.009, -14.864), (25.921, -14.864), (25.921, -14.629)]
367;100;;;0;0,19;[722, 721, 723, 724];[(25.921, -14.629), (25.921, -14.864), (26.714, -14.864), (26.714, -14.629)]
368;100;;;0;0,04;[724, 723, 725, 726];[(26.714, -14.629), (26.714, -14.864), (26.891, -14.864), (26.891, -14.629)]
369;100;;;0;1,48;[726, 725, 727, 728];[(26.891, -14.629), (26.891, -14.864), (33.172, -14.864), (33.172, -14.629)]
370;1;;;0;0,22;[728, 727, 729, 730];[(33.172, -14.629), (33.172, -14.864), (34.103, -14.864), (34.103, -14.629)]
371;100;;;0;0,39;[730, 729, 731, 732];[(34.103, -14.629), (34.103, -14.864), (35.759, -14.864), (35.759, -14.629)]
372;100;;;0;0,10;[732, 731, 733, 734];[(35.759, -14.629), (35.759, -14.864), (36.19, -14.864), (36.19, -14.629)]
373;100;;;0;0,15;[734, 733, 735, 736];[(36.19, -14.629), (36.19, -14.864), (36.846, -14.864), (36.846, -14.629)]
374;1;;;0;0,21;[736, 735, 737, 738];[(36.846, -14.629), (36.846, -14.864), (37.738, -14.864), (37.738, -14.629)]
375;100;;;0;1,52;[738, 737, 739, 740];[(37.738, -14.629), (37.738, -14.864), (44.205, -14.864), (44.205, -14.629)]
376;100;;;0;0,04;[740, 739, 741, 742];[(44.205, -14.629), (44.205, -14.864), (44.362, -14.864), (44.362, -14.629)]
377;100;;;0;0,52;[742, 741, 743, 744];[(44.362, -14.629), (44.362, -14.864), (46.586, -14.864), (46.586, -14.629)]
378;100;;;0;0,04;[744, 743, 745, 746];[(46.586, -14.629), (46.586, -14.864), (46.762, -14.864), (46.762, -14.629)]
379;100;;;0;0,81;[746, 745, 747, 748];[(46.762, -14.629), (46.762, -14.864), (50.202, -14.864), (50.202, -14.629)]
380;1;;;0;0,21;[748, 747, 749, 750];[(50.202, -14.629), (50.202, -14.864), (51.113, -14.864), (51.113, -14.629)]
381;100;;;0;0,25;[750, 749, 751, 752];[(51.113, -14.629), (51.113, -14.864), (52.162, -14.864), (52.162, -14.629)]
382;100;;;0;0,03;[752, 751, 753, 754];[(52.162, -14.629), (52.162, -14.864), (52.289, -14.864), (52.289, -14.629)]
383;100;;;0;0,62;[754, 753, 755, 756];[(52.289, -14.629), (52.289, -14.864), (54.944, -14.864), (54.944, -14.629)]
384;100;;;0;0,03;[756, 755, 757, 758];[(54.944, -14.629), (54.944, -14.864), (55.072, -14.864), (55.072, -14.629)]
385;100;;;0;0,15;[758, 757, 759, 760];[(55.072, -14.629), (55.072, -14.864), (55.718, -14.864), (55.718, -14.629)]
386;1;;;0;0,20;[760, 759, 761, 762];[(55.718, -14.629), (55.718, -14.864), (56.581, -14.864), (56.581, -14.629)]
387;100;;;0;0,21;[762, 761, 763, 764];[(56.581, -14.629), (56.581, -14.864), (57.472, -14.864), (57.472, -14.629)]
388;100;;;0;0,03;[764, 763, 765, 766];[(57.472, -14.629), (57.472, -14.864), (57.59, -14.864), (57.59, -14.629)]
389;100;;;0;0,25;[766, 765, 767, 768];[(57.59, -14.629), (57.59, -14.864), (58.658, -14.864), (58.658, -14.629)]
390;1;;;0;0,21;[768, 767, 769, 770];[(58.658, -14.629), (58.658, -14.864), (59.53, -14.864), (59.53, -14.629)]
391;100;;;0;0,19;[770, 769, 771, 772];[(59.53, -14.629), (59.53, -14.864), (60.334, -14.864), (60.334, -14.629)]
392;100;;;0;0,03;[772, 771, 773, 774];[(60.334, -14.629), (60.334, -14.864), (60.471, -14.864), (60.471, -14.629)]
393;100;;;0;0,60;[774, 773, 775, 776];[(60.471, -14.629), (60.471, -14.864), (63.038, -14.864), (63.038, -14.629)]
394;100;;;0;0,79;[778, 782, 783, 777];[(63.43, -14.629), (63.43, -15.148), (64.949, -15.148), (64.949, -14.629)]
395;100;;;0;0,06;[776, 778, 780, 779];[(63.038, -14.629), (63.43, -14.629), (63.43, -14.472), (63.038, -14.472)]
396;1;;;0;0,48;[777, 783, 785, 784];[(64.949, -14.629), (64.949, -15.148), (65.88, -15.148), (65.88, -14.629)]
397;100;;;0;0,20;[775, 781, 782, 778, 776];[(63.038, -14.864), (63.038, -15.148), (63.43, -15.148), (63.43, -14.629), (63.038, -14.629)]
398;100;;;0;0,21;[784, 785, 787, 786];[(65.88, -14.629), (65.88, -15.148), (66.291, -15.148), (66.291, -14.629)]
399;100;;;0;0,09;[786, 787, 789, 788];[(66.291, -14.629), (66.291, -15.148), (66.468, -15.148), (66.468, -14.629)]
400;100;;;0;0,97;[788, 789, 791, 790];[(66.468, -14.629), (66.468, -15.148), (68.339, -15.148), (68.339, -14.629)]
401;1;;;0;0,44;[790, 791, 793, 792];[(68.339, -14.629), (68.339, -15.148), (69.192, -15.148), (69.192, -14.629)]
402;100;;;0;0,72;[792, 793, 795, 796, 794];[(69.192, -14.629), (69.192, -15.148), (70.573, -15.148), (70.573, -14.802), (70.573, -14.629)]
403;100;;;0;1,52;[211, 796, 795, 213];[(74.845, -14.786), (70.573, -14.802), (70.573, -15.148), (74.845, -15.152)]
404;100;;;0;0,83;[219, 789, 787, 221];[(66.473, -20.048), (66.468, -15.148), (66.291, -15.148), (66.311, -20.048)]
405;100;;;0;0,43;[209, 207, 797, 798];[(74.845, -12.632), (74.845, -12.144), (73.956, -12.144), (73.956, -12.632)]
406;1;;;0;0,43;[798, 797, 799, 800];[(73.956, -12.632), (73.956, -12.144), (73.081, -12.144), (73.081, -12.632)]
407;100;;;0;0,34;[800, 799, 801, 802];[(73.081, -12.632), (73.081, -12.144), (72.375, -12.144), (72.375, -12.632)]
408;100;;;0;0,21;[802, 801, 803, 804];[(72.375, -12.632), (72.375, -12.144), (71.952, -12.144), (71.952, -12.632)]
409;100;;;0;2,99;[804, 803, 805, 806];[(71.952, -12.632), (71.952, -12.144), (65.814, -12.144), (65.814, -12.632)]
410;100;;;0;0,19;[806, 805, 807, 808];[(65.814, -12.632), (65.814, -12.144), (65.419, -12.144), (65.419, -12.632)]
411;100;;;0;1,00;[808, 807, 809, 810];[(65.419, -12.632), (65.419, -12.144), (63.359, -12.144), (63.359, -12.632)]
412;100;;;0;0,23;[810, 809, 811, 812];[(63.359, -12.632), (63.359, -12.144), (62.879, -12.144), (62.879, -12.632)]
413;100;;;0;0,38;[812, 811, 813, 814];[(62.879, -12.632), (62.879, -12.144), (62.103, -12.144), (62.103, -12.632)]
414;1;;;0;0,66;[814, 813, 815, 816];[(62.103, -12.632), (62.103, -12.144), (60.749, -12.144), (60.749, -12.632)]
415;100;;;0;0,42;[816, 815, 817, 818];[(60.749, -12.632), (60.749, -12.144), (59.888, -12.144), (59.888, -12.632)]
416;100;;;0;1,06;[943, 942, 819, 820];[(59.432, -12.632), (59.432, -12.144), (57.264, -12.144), (57.264, -12.632)]
417;1;;;0;0,42;[820, 819, 821, 822];[(57.264, -12.632), (57.264, -12.144), (56.403, -12.144), (56.403, -12.632)]
418;100;;;0;0,10;[822, 821, 823, 824];[(56.403, -12.632), (56.403, -12.144), (56.205, -12.144), (56.205, -12.632)]
419;100;;;0;0,06;[824, 823, 825, 826];[(56.205, -12.632), (56.205, -12.144), (56.078, -12.144), (56.078, -12.632)]
420;100;;;0;0,10;[826, 825, 827, 828];[(56.078, -12.632), (56.078, -12.144), (55.867, -12.144), (55.867, -12.632)]
421;1;;;0;0,47;[828, 827, 829, 830];[(55.867, -12.632), (55.867, -12.144), (54.907, -12.144), (54.907, -12.632)]
422;100;;;0;0,85;[830, 829, 831, 832];[(54.907, -12.632), (54.907, -12.144), (53.172, -12.144), (53.172, -12.632)]
423;100;;;0;0,10;[832, 831, 833, 834];[(53.172, -12.632), (53.172, -12.144), (52.96, -12.144), (52.96, -12.632)]
424;100;;;0;0,51;[834, 833, 835, 836];[(52.96, -12.632), (52.96, -12.144), (51.916, -12.144), (51.916, -12.632)]
425;1;;;0;0,47;[836, 835, 837, 838];[(51.916, -12.632), (51.916, -12.144), (50.956, -12.144), (50.956, -12.632)]
426;100;;;0;0,56;[838, 837, 839, 840];[(50.956, -12.632), (50.956, -12.144), (49.799, -12.144), (49.799, -12.632)]
427;100;;;0;0,07;[840, 839, 841, 842];[(49.799, -12.632), (49.799, -12.144), (49.658, -12.144), (49.658, -12.632)]
428;100;;;0;1,64;[842, 841, 843, 844];[(49.658, -12.632), (49.658, -12.144), (46.3, -12.144), (46.3, -12.632)]
429;1;;;0;0,49;[844, 843, 845, 846];[(46.3, -12.632), (46.3, -12.144), (45.298, -12.144), (45.298, -12.632)]
430;100;;;0;1,75;[846, 845, 847, 848];[(45.298, -12.632), (45.298, -12.144), (41.714, -12.144), (41.714, -12.632)]
431;100;;;0;0,06;[848, 847, 849, 850];[(41.714, -12.632), (41.714, -12.144), (41.587, -12.144), (41.587, -12.632)]
432;100;;;0;1,30;[850, 849, 851, 852];[(41.587, -12.632), (41.587, -12.144), (38.92, -12.144), (38.92, -12.632)]
433;100;;;0;0,06;[852, 851, 853, 854];[(38.92, -12.632), (38.92, -12.144), (38.793, -12.144), (38.793, -12.632)]
434;100;;;0;1,04;[141, 143, 1172, 1171];[(62.863, -5.073), (63.556, -5.073), (63.556, -3.568), (62.863, -3.568)]
435;100;;;0;0,21;[856, 855, 857, 858];[(36.127, -12.632), (36.127, -12.144), (35.703, -12.144), (35.703, -12.632)]
436;100;;;0;0,47;[858, 857, 859, 860];[(35.703, -12.632), (35.703, -12.144), (34.73, -12.144), (34.73, -12.632)]
437;1;;;0;0,47;[860, 859, 861, 862];[(34.73, -12.632), (34.73, -12.144), (33.756, -12.144), (33.756, -12.632)]
438;100;;;0;0,28;[862, 861, 863, 864];[(33.756, -12.632), (33.756, -12.144), (33.192, -12.144), (33.192, -12.632)]
439;100;;;0;0,07;[864, 863, 865, 866];[(33.192, -12.632), (33.192, -12.144), (33.051, -12.144), (33.051, -12.632)]
440;100;;;0;0,14;[866, 865, 867, 868];[(33.051, -12.632), (33.051, -12.144), (32.768, -12.144), (32.768, -12.632)]
441;1;;;0;0,47;[868, 867, 869, 870];[(32.768, -12.632), (32.768, -12.144), (31.795, -12.144), (31.795, -12.632)]
442;100;;;0;2,11;[870, 869, 871, 872];[(31.795, -12.632), (31.795, -12.144), (27.477, -12.144), (27.477, -12.632)]
443;100;;;0;0,08;[872, 871, 873, 874];[(27.477, -12.632), (27.477, -12.144), (27.322, -12.144), (27.322, -12.632)]
444;100;;;0;1,45;[874, 873, 875, 876];[(27.322, -12.632), (27.322, -12.144), (24.345, -12.144), (24.345, -12.632)]
445;100;;;0;0,06;[876, 875, 877, 878];[(24.345, -12.632), (24.345, -12.144), (24.218, -12.144), (24.218, -12.632)]
446;100;;;0;0,12;[878, 877, 879, 880];[(24.218, -12.632), (24.218, -12.144), (23.964, -12.144), (23.964, -12.632)]
447;1;;;0;0,48;[880, 879, 881, 882];[(23.964, -12.632), (23.964, -12.144), (22.976, -12.144), (22.976, -12.632)]
448;100;;;0;0,67;[882, 881, 883, 884];[(22.976, -12.632), (22.976, -12.144), (21.593, -12.144), (21.593, -12.632)]
449;100;;;0;0,30;[884, 883, 885, 886];[(21.593, -12.632), (21.593, -12.144), (20.987, -12.144), (20.987, -12.632)]
450;100;;;0;1,13;[895, 894, 887, 888];[(20.42, -12.632), (20.42, -12.144), (18.108, -12.144), (18.108, -12.632)]
451;1;;;0;3,60;[689, 893, 889, 688];[(11.743, -12.692), (17.572, -12.689), (17.572, -12.144), (11.743, -12.0)]
452;100;;;0;0,13;[895, 888, 892, 896];[(20.42, -12.632), (18.108, -12.632), (18.108, -12.689), (20.42, -12.689)]
453;100;;;0;0,03;[884, 886, 891, 890];[(21.593, -12.632), (20.987, -12.632), (20.987, -12.689), (21.593, -12.689)]
454;100;;;0;0,03;[886, 895, 896, 891];[(20.987, -12.632), (20.42, -12.632), (20.42, -12.689), (20.987, -12.689)]
455;100;;;0;0,28;[886, 885, 894, 895];[(20.987, -12.632), (20.987, -12.144), (20.42, -12.144), (20.42, -12.632)]
456;100;;;0;0,12;[891, 896, 899, 898];[(20.987, -12.689), (20.42, -12.689), (20.42, -12.893), (21.061, -12.893)]
457;100;;;0;0,12;[890, 891, 898, 900, 897];[(21.593, -12.689), (20.987, -12.689), (21.061, -12.893), (21.148, -12.893), (21.593, -12.893)]
458;100;;;0;0,01;[900, 898, 901, 902];[(21.148, -12.893), (21.061, -12.893), (21.061, -12.995), (21.148, -12.995)]
459;1;;;0;0,12;[902, 901, 903, 904];[(21.148, -12.995), (21.061, -12.995), (21.061, -14.344), (21.148, -14.344)]
460;100;;;0;0,01;[905, 904, 903, 717];[(21.15, -14.472), (21.148, -14.344), (21.061, -14.344), (21.061, -14.472)]
461;100;;;0;0,25;[889, 887, 906, 907];[(17.572, -12.144), (18.108, -12.144), (18.108, -11.686), (17.572, -11.686)]
462;1;;;0;0,43;[907, 906, 908, 909];[(17.572, -11.686), (18.108, -11.686), (18.108, -10.886), (17.572, -10.886)]
463;100;;;0;0,18;[909, 908, 910, 911];[(17.572, -10.886), (18.108, -10.886), (18.108, -10.545), (17.572, -10.545)]
464;100;;;0;1,54;[917, 916, 912, 919];[(18.202, -9.993), (18.202, -10.545), (20.989, -10.545), (20.989, -9.993)]
465;100;;;0;0,96;[883, 920, 912, 885];[(21.593, -12.144), (21.589, -10.545), (20.989, -10.545), (20.987, -12.144)]
466;100;;;0;1,69;[89, 915, 918, 914];[(17.558, -7.131), (17.572, -9.746), (18.202, -9.746), (18.219, -7.131)]
467;100;;;0;0,50;[915, 913, 911, 910, 916, 917, 918];[(17.572, -9.746), (17.572, -9.993), (17.572, -10.545), (18.108, -10.545), (18.202, -10.545), (18.202, -9.993), (18.202, -9.746)]
468;100;;;0;0,33;[919, 912, 920, 921, 922];[(20.989, -9.993), (20.989, -10.545), (21.589, -10.545), (21.589, -9.993), (21.207, -9.993)]
469;100;;;0;0,10;[922, 921, 923, 924];[(21.207, -9.993), (21.589, -9.993), (21.589, -9.727), (21.207, -9.727)]
470;100;;;0;0,03;[923, 921, 925, 926];[(21.589, -9.727), (21.589, -9.993), (21.704, -9.993), (21.704, -9.727)]
471;100;;;0;0,12;[923, 926, 928, 927];[(21.589, -9.727), (21.704, -9.727), (21.704, -8.7), (21.589, -8.7)]
472;8;;;0;0,10;[927, 928, 930, 929];[(21.589, -8.7), (21.704, -8.7), (21.704, -7.795), (21.589, -7.795)]
473;100;;;0;0,09;[92, 929, 930, 94];[(21.567, -7.131), (21.589, -7.795), (21.704, -7.795), (21.708, -7.131)]
474;100;;;0;0,47;[98, 96, 931, 932];[(24.354, -7.131), (24.213, -7.131), (24.213, -10.431), (24.354, -10.431)]
475;100;;;0;0,11;[932, 931, 933, 934];[(24.354, -10.431), (24.213, -10.431), (24.213, -11.227), (24.354, -11.227)]
476;100;;;0;0,12;[875, 934, 933, 877];[(24.345, -12.144), (24.354, -11.227), (24.213, -11.227), (24.218, -12.144)]
477;100;;;0;0,83;[100, 873, 871, 102];[(27.294, -7.131), (27.322, -12.144), (27.477, -12.144), (27.47, -7.131)]
478;100;;;0;0,62;[104, 865, 863, 106];[(33.079, -7.131), (33.051, -12.144), (33.192, -12.144), (33.184, -7.131)]
479;100;;;0;2,09;[108, 857, 855, 110];[(35.724, -7.131), (35.703, -12.144), (36.127, -12.144), (36.136, -7.131)]
480;100;;;0;0,08;[853, 851, 935, 936];[(38.793, -12.144), (38.92, -12.144), (38.92, -11.478), (38.793, -11.478)]
481;8;;;0;0,11;[936, 935, 937, 938];[(38.793, -11.478), (38.92, -11.478), (38.92, -10.586), (38.793, -10.586)]
482;100;;;0;0,50;[112, 938, 937, 114];[(38.77, -7.131), (38.793, -10.586), (38.92, -10.586), (38.934, -7.131)]
483;100;;;0;0,67;[116, 849, 847, 118];[(41.592, -7.131), (41.587, -12.144), (41.714, -12.144), (41.733, -7.131)]
484;100;;;0;0,68;[120, 841, 839, 122];[(49.646, -7.131), (49.658, -12.144), (49.799, -12.144), (49.776, -7.131)]
485;100;;;0;1,12;[124, 833, 831, 126];[(52.927, -7.131), (52.96, -12.144), (53.172, -12.144), (53.162, -7.131)]
486;100;;;0;1,10;[130, 128, 939, 941, 940];[(56.207, -7.131), (55.866, -7.131), (55.866, -10.348), (56.078, -10.348), (56.207, -10.348)]
487;100;;;0;0,23;[823, 940, 941, 825];[(56.205, -12.144), (56.207, -10.348), (56.078, -10.348), (56.078, -12.144)]
488;100;;;0;0,22;[818, 817, 942, 943];[(59.888, -12.632), (59.888, -12.144), (59.432, -12.144), (59.432, -12.632)]
489;100;;;0;2,26;[134, 942, 817, 1167, 1162, 136];[(59.429, -7.131), (59.432, -12.144), (59.888, -12.144), (59.884, -10.443), (59.878, -7.786), (59.876, -7.131)]
490;100;;;0;0,18;[811, 809, 944, 945];[(62.879, -12.144), (63.359, -12.144), (63.359, -11.777), (62.879, -11.777)]
491;1;;;0;0,42;[945, 944, 946, 947];[(62.879, -11.777), (63.359, -11.777), (63.359, -10.911), (62.879, -10.911)]
492;100;;;0;0,95;[142, 140, 948, 950, 949, 955];[(63.556, -5.802), (62.863, -5.802), (62.863, -7.166), (63.35, -7.166), (63.556, -7.166), (63.556, -6.337)]
493;100;;;0;0,00;[950, 948, 953, 954];[(63.35, -7.166), (62.863, -7.166), (62.863, -7.166), (63.35, -7.166)]
494;100;;;0;0,00;[947, 946, 951, 952];[(62.879, -10.911), (63.359, -10.911), (63.359, -10.911), (62.879, -10.911)]
495;100;;;0;1,81;[951, 954, 953, 1161, 1168, 952];[(63.359, -10.911), (63.35, -7.166), (62.863, -7.166), (62.865, -7.786), (62.877, -10.443), (62.879, -10.911)]
496;100;;;0;0,18;[955, 949, 956, 957];[(63.556, -6.337), (63.556, -7.166), (63.772, -7.166), (63.772, -6.337)]
497;1;;;0;0,74;[957, 956, 958, 959];[(63.772, -6.337), (63.772, -7.166), (64.664, -7.166), (64.664, -6.337)]
498;100;;;0;0,63;[959, 958, 960, 961];[(64.664, -6.337), (64.664, -7.166), (65.418, -7.166), (65.418, -6.337)]
499;100;;;0;0,32;[961, 960, 962, 963];[(65.418, -6.337), (65.418, -7.166), (65.81, -7.166), (65.81, -6.337)]
500;100;;;0;5,09;[963, 962, 964, 965];[(65.81, -6.337), (65.81, -7.166), (71.954, -7.166), (71.954, -6.337)]
501;100;;;0;0,34;[965, 964, 966, 967];[(71.954, -6.337), (71.954, -7.166), (72.365, -7.166), (72.365, -6.337)]
502;100;;;0;1,95;[201, 967, 966, 203];[(74.678, -6.313), (72.365, -6.337), (72.365, -7.166), (74.678, -7.166)]
503;100;;;0;2,08;[801, 966, 964, 803];[(72.375, -12.144), (72.365, -7.166), (71.954, -7.166), (71.952, -12.144)]
504;100;;;0;0,03;[807, 805, 968, 969];[(65.419, -12.144), (65.814, -12.144), (65.814, -12.076), (65.419, -12.076)]
505;1;;;0;0,29;[969, 968, 970, 971];[(65.419, -12.076), (65.814, -12.076), (65.814, -11.348), (65.419, -11.348)]
506;100;;;0;1,65;[960, 971, 970, 962];[(65.418, -7.166), (65.419, -11.348), (65.814, -11.348), (65.81, -7.166)]
507;100;;;0;0,35;[782, 781, 972, 973];[(63.43, -15.148), (63.038, -15.148), (63.038, -16.051), (63.43, -16.051)]
508;8;;;0;0,35;[973, 972, 974, 975];[(63.43, -16.051), (63.038, -16.051), (63.038, -16.94), (63.43, -16.94)]
509;100;;;0;1,30;[223, 975, 974, 225];[(63.466, -20.048), (63.43, -16.94), (63.038, -16.94), (63.019, -20.048)]
510;100;;;0;0,72;[227, 773, 771, 229];[(60.48, -20.048), (60.471, -14.864), (60.334, -14.864), (60.337, -20.048)]
511;100;;;0;0,67;[231, 765, 763, 233];[(57.615, -20.048), (57.59, -14.864), (57.472, -14.864), (57.472, -20.048)]
512;100;;;0;0,35;[237, 235, 976, 977];[(54.944, -20.048), (55.054, -20.048), (55.054, -16.888), (54.944, -16.888)]
513;8;;;0;0,09;[977, 976, 978, 979];[(54.944, -16.888), (55.054, -16.888), (55.054, -16.069), (54.944, -16.069)]
514;100;;;0;0,14;[755, 979, 978, 757];[(54.944, -14.864), (54.944, -16.069), (55.054, -16.069), (55.072, -14.864)]
515;100;;;0;0,65;[239, 753, 751, 241];[(52.271, -20.048), (52.289, -14.864), (52.162, -14.864), (52.149, -20.048)]
516;100;;;0;0,06;[745, 743, 980, 981];[(46.762, -14.864), (46.586, -14.864), (46.586, -15.217), (46.762, -15.217)]
517;100;;;0;0,06;[981, 980, 982, 983];[(46.762, -15.217), (46.586, -15.217), (46.586, -15.569), (46.762, -15.569)]
518;17;;;0;0,16;[983, 982, 984, 985];[(46.762, -15.569), (46.586, -15.569), (46.586, -16.486), (46.762, -16.486)]
519;100;;;0;0,60;[243, 985, 984, 245];[(46.762, -20.048), (46.762, -16.486), (46.586, -16.486), (46.6, -20.048)]
520;100;;;0;0,83;[247, 741, 739, 249];[(44.356, -20.048), (44.362, -14.864), (44.205, -14.864), (44.193, -20.048)]
521;100;;;0;2,22;[251, 733, 731, 253];[(36.179, -20.048), (36.19, -14.864), (35.759, -14.864), (35.752, -20.048)]
522;100;;;0;0,93;[255, 725, 723, 257];[(26.913, -20.048), (26.891, -14.864), (26.714, -14.864), (26.73, -20.048)]
523;100;;;0;0,13;[711, 709, 986, 987];[(18.277, -15.079), (18.107, -15.079), (18.107, -15.841), (18.277, -15.841)]
524;17;;;0;0,14;[987, 986, 988, 989];[(18.277, -15.841), (18.107, -15.841), (18.107, -16.66), (18.277, -16.66)]
525;100;;;0;0,53;[263, 989, 988, 265];[(18.258, -20.048), (18.277, -16.66), (18.107, -16.66), (18.115, -20.048)]
526;100;;;0;0,82;[267, 703, 701, 269];[(10.943, -20.048), (10.968, -15.079), (10.801, -15.079), (10.78, -20.048)]
527;100;;;0;0,60;[564, 566, 991, 990];[(-7.744, -14.705), (-7.744, -14.846), (-3.464, -14.846), (-3.464, -14.705)]
528;1;;;0;0,13;[990, 991, 993, 992];[(-3.464, -14.705), (-3.464, -14.846), (-2.571, -14.846), (-2.571, -14.705)]
529;100;;;0;0,48;[992, 993, 995, 994];[(-2.571, -14.705), (-2.571, -14.846), (0.851, -14.846), (0.851, -14.705)]
530;100;;;0;0,02;[994, 995, 997, 996];[(0.851, -14.705), (0.851, -14.846), (1.016, -14.846), (1.016, -14.705)]
531;100;;;0;0,37;[996, 997, 999, 998];[(1.016, -14.705), (1.016, -14.846), (3.661, -14.846), (3.661, -14.705)]
532;1;;;0;0,12;[998, 999, 1001, 1000];[(3.661, -14.705), (3.661, -14.846), (4.484, -14.846), (4.484, -14.705)]
533;100;;;0;0,45;[1001, 1002, 696, 1000];[(4.484, -14.846), (7.724, -14.863), (7.724, -14.727), (4.484, -14.705)]
534;100;;;0;0,03;[696, 1004, 1006, 1005];[(7.724, -14.727), (7.905, -14.727), (7.905, -14.568), (7.724, -14.568)]
535;1;;;0;0,32;[1005, 1006, 1008, 1007];[(7.724, -14.568), (7.905, -14.568), (7.905, -12.785), (7.724, -12.785)]
536;100;;;0;0,02;[686, 1007, 1008, 1003];[(7.694, -12.692), (7.724, -12.785), (7.905, -12.785), (7.906, -12.692)]
537;100;;;0;3,69;[80, 681, 683, 1160, 82];[(10.961, -4.603), (10.939, -9.199), (11.757, -9.199), (11.753, -6.825), (11.749, -4.603)]
538;100;;;0;0,67;[649, 651, 1010, 1009];[(-3.451, -10.095), (-3.235, -10.095), (-3.235, -6.999), (-3.451, -6.999)]
539;100;;;0;0,04;[1009, 1010, 1012, 1011];[(-3.451, -6.999), (-3.235, -6.999), (-3.235, -6.813), (-3.451, -6.813)]
540;100;;;0;1,15;[1012, 1010, 1013, 1014];[(-3.235, -6.813), (-3.235, -6.999), (2.919, -6.999), (2.919, -6.813)]
541;100;;;0;0,04;[1014, 1013, 1015, 1016];[(2.919, -6.813), (2.919, -6.999), (3.115, -6.999), (3.115, -6.813)]
542;100;;;0;0,06;[1016, 1015, 1017, 1018];[(3.115, -6.813), (3.115, -6.999), (3.418, -6.999), (3.418, -6.813)]
543;1;;;0;0,21;[1018, 1017, 1019, 1020];[(3.418, -6.813), (3.418, -6.999), (4.565, -6.999), (4.565, -6.813)]
544;100;;;0;0,20;[669, 1020, 1019, 667];[(5.626, -6.806), (4.565, -6.813), (4.565, -6.999), (5.627, -7.001)]
545;100;;;0;0,32;[1015, 1013, 1021, 1022];[(3.115, -6.999), (2.919, -6.999), (2.919, -8.626), (3.115, -8.626)]
546;1;;;0;0,16;[1022, 1021, 1023, 1024];[(3.115, -8.626), (2.919, -8.626), (2.919, -9.449), (3.115, -9.449)]
547;100;;;0;0,12;[655, 1024, 1023, 653];[(3.095, -10.095), (3.115, -9.449), (2.919, -9.449), (2.919, -10.095)]
548;100;;;0;1,22;[58, 623, 625, 60];[(-13.405, -4.204), (-13.418, -10.095), (-13.214, -10.095), (-13.194, -4.204)]
549;100;;;0;1,72;[54, 615, 617, 56];[(-22.365, -4.204), (-22.358, -10.095), (-22.07, -10.095), (-22.069, -4.204)]
550;100;;;0;2,61;[50, 607, 609, 52];[(-32.849, -4.204), (-32.846, -10.095), (-32.397, -10.095), (-32.412, -4.204)]
551;100;;;0;0,98;[46, 599, 601, 48];[(-35.77, -4.204), (-35.783, -10.095), (-35.606, -10.095), (-35.615, -4.204)]
552;100;;;0;0,91;[42, 591, 593, 44];[(-47.016, -4.204), (-47.018, -10.095), (-46.865, -10.095), (-46.86, -4.204)]
553;100;;;0;0,86;[38, 583, 585, 40];[(-52.011, -4.204), (-52.03, -10.095), (-51.877, -10.095), (-51.869, -4.204)]
554;100;;;0;0,73;[36, 34, 1025, 1026];[(-54.409, -4.204), (-54.564, -4.204), (-54.564, -8.878), (-54.409, -8.878)]
555;2;;;0;0,14;[1026, 1025, 1027, 1028];[(-54.409, -8.878), (-54.564, -8.878), (-54.564, -9.792), (-54.409, -9.792)]
556;100;;;0;0,04;[577, 1028, 1027, 575];[(-54.4, -10.095), (-54.409, -9.792), (-54.564, -9.792), (-54.536, -10.095)]
557;100;;;0;0,50;[1029, 426, 1030, 1031];[(-63.363, -8.182), (-63.488, -8.182), (-63.488, -12.183), (-63.363, -12.183)]
558;100;;;0;0,01;[1031, 1030, 1032, 1033];[(-63.363, -12.183), (-63.488, -12.183), (-63.488, -12.298), (-63.363, -12.298)]
559;100;;;0;0,07;[1032, 1030, 1034, 1035];[(-63.488, -12.298), (-63.488, -12.183), (-64.076, -12.183), (-64.076, -12.298)]
560;1;;;0;0,10;[1035, 1034, 1036, 1037];[(-64.076, -12.298), (-64.076, -12.183), (-64.95, -12.183), (-64.95, -12.298)]
561;100;;;0;0,17;[1037, 1036, 1038, 1039];[(-64.95, -12.298), (-64.95, -12.183), (-66.469, -12.183), (-66.469, -12.298)]
562;100;;;0;0,01;[1039, 1038, 1040, 1041];[(-66.469, -12.298), (-66.469, -12.183), (-66.566, -12.183), (-66.566, -12.298)]
563;100;;;0;0,44;[1042, 1040, 1038, 422];[(-66.593, -8.182), (-66.566, -12.183), (-66.469, -12.183), (-66.471, -8.182)]
564;100;;;0;0,04;[1039, 1041, 1044, 1043];[(-66.469, -12.298), (-66.566, -12.298), (-66.566, -12.747), (-66.469, -12.747)]
565;100;;;0;0,01;[1043, 1044, 1046, 1045];[(-66.469, -12.747), (-66.566, -12.747), (-66.566, -12.894), (-66.469, -12.894)]
566;100;;;0;0,23;[1046, 1044, 1047, 1048];[(-66.566, -12.894), (-66.566, -12.747), (-68.126, -12.747), (-68.126, -12.894)]
567;1;;;0;0,14;[1048, 1047, 1049, 1050];[(-68.126, -12.894), (-68.126, -12.747), (-69.106, -12.224), (-69.106, -12.371)]
568;100;;;0;0,25;[1050, 1049, 1051, 1052];[(-69.106, -12.371), (-69.106, -12.224), (-70.796, -12.224), (-70.796, -12.371)]
569;100;;;0;0,02;[1052, 1051, 1053, 1054];[(-70.796, -12.371), (-70.796, -12.224), (-70.911, -12.224), (-70.911, -12.371)]
570;100;;;0;0,16;[487, 1052, 1054, 485];[(-70.799, -13.786), (-70.796, -12.371), (-70.911, -12.371), (-70.918, -13.786)]
571;100;;;0;0,78;[336, 492, 490, 338];[(-68.429, -19.95), (-68.463, -14.383), (-68.581, -14.383), (-68.592, -19.95)]
572;100;;;0;2,96;[332, 500, 498, 334];[(-57.396, -19.95), (-57.389, -14.383), (-57.924, -14.383), (-57.924, -19.95)]
573;100;;;0;0,86;[328, 510, 508, 330];[(-49.228, -19.95), (-49.245, -14.094), (-49.397, -14.094), (-49.37, -19.95)]
574;100;;;0;0,97;[324, 518, 516, 326];[(-38.337, -19.95), (-38.341, -14.094), (-38.51, -14.094), (-38.5, -19.95)]
575;100;;;0;2,55;[320, 526, 524, 322];[(-32.404, -19.95), (-32.414, -14.094), (-32.838, -14.094), (-32.851, -19.95)]
576;100;;;0;0,64;[316, 534, 532, 318];[(-21.961, -19.95), (-21.967, -14.094), (-22.086, -14.094), (-22.062, -19.95)]
577;100;;;0;0,86;[312, 542, 540, 314];[(-19.136, -19.95), (-19.123, -14.094), (-19.275, -14.094), (-19.278, -19.95)]
578;100;;;0;0,70;[306, 550, 548, 308];[(-13.65, -19.95), (-13.637, -14.094), (-13.755, -14.094), (-13.772, -19.95)]
579;100;;;0;0,14;[569, 567, 1055, 1056];[(-8.439, -16.587), (-8.439, -16.446), (-9.455, -16.446), (-9.455, -16.587)]
580;8;;;0;0,11;[1056, 1055, 1057, 1058];[(-9.455, -16.587), (-9.455, -16.446), (-10.259, -16.446), (-10.259, -16.587)]
581;100;;;0;0,08;[1058, 1057, 1059, 1060];[(-10.259, -16.587), (-10.259, -16.446), (-10.837, -16.446), (-10.837, -16.587)]
582;100;;;0;0,02;[1060, 1059, 1061, 1062];[(-10.837, -16.587), (-10.837, -16.446), (-10.964, -16.446), (-10.964, -16.587)]
583;100;;;0;0,49;[302, 1060, 1062, 304];[(-10.822, -19.95), (-10.837, -16.587), (-10.964, -16.587), (-10.989, -19.95)]
584;100;;;0;0,35;[277, 279, 1064, 1063];[(4.482, -20.048), (3.73, -20.048), (3.934, -20.695), (4.278, -20.695)]
585;100;;;0;0,37;[281, 283, 1066, 1065];[(1.657, -20.048), (0.885, -20.048), (1.095, -20.715), (1.448, -20.715)]
586;100;;;0;0,36;[285, 287, 1068, 1067];[(-1.167, -20.048), (-1.919, -20.048), (-1.715, -20.705), (-1.371, -20.705)]
587;100;;;0;0,36;[289, 291, 1070, 1069];[(-3.971, -20.048), (-4.723, -20.048), (-4.519, -20.705), (-4.175, -20.705)]
588;100;;;0;0,71;[1071, 997, 995, 284];[(0.999, -19.256), (1.016, -14.846), (0.851, -14.846), (0.84, -19.256)]
589;100;;;0;2,23;[149, 147, 1072, 1073];[(62.708, 11.152), (63.556, 11.152), (63.556, 13.777), (62.708, 13.777)]
590;100;;;0;0,72;[1076, 1072, 1074, 1080];[(63.556, 14.309), (63.556, 13.777), (64.909, 13.777), (64.909, 14.309)]
591;100;;;0;0,93;[199, 197, 1081, 1082];[(74.678, 13.817), (74.678, 14.373), (73.009, 14.373), (73.009, 13.817)]
592;100;;;0;0,56;[1077, 1076, 1078, 1087, 1079];[(62.708, 14.403), (63.556, 14.309), (63.556, 15.013), (63.29, 15.013), (62.708, 15.013)]
593;100;;;0;0,49;[1072, 1076, 1077, 1075, 1073];[(63.556, 13.777), (63.556, 14.309), (62.708, 14.403), (62.708, 14.014), (62.708, 13.777)]
594;100;;;0;2,07;[155, 153, 1180, 1177, 1083, 1084];[(56.73, 14.427), (56.73, 14.01), (58.825, 14.01), (61.297, 14.01), (61.698, 14.01), (61.698, 14.427)]
595;1;;;0;0,39;[1084, 1083, 1085, 1086];[(61.698, 14.427), (61.698, 14.01), (62.629, 14.01), (62.629, 14.427)]
596;100;;;0;0,03;[1077, 1086, 1085, 1075];[(62.708, 14.403), (62.629, 14.427), (62.629, 14.01), (62.708, 14.014)]
597;100;;;0;2,82;[1079, 1087, 1089, 1088];[(62.708, 15.013), (63.29, 15.013), (63.29, 19.853), (62.708, 19.853)]
598;100;;;0;0,07;[1088, 1089, 1091, 1090];[(62.708, 19.853), (63.29, 19.853), (63.29, 19.981), (62.708, 19.981)]
599;100;;;0;0,89;[1090, 1091, 1093, 1092];[(62.708, 19.981), (63.29, 19.981), (63.29, 21.509), (62.708, 21.509)]
600;100;;;0;0,06;[1092, 1093, 1095, 1094];[(62.708, 21.509), (63.29, 21.509), (63.29, 21.617), (62.708, 21.617)]
601;100;;;0;1,55;[177, 1094, 1095, 179];[(62.781, 24.446), (62.708, 21.617), (63.29, 21.617), (63.295, 24.446)]
602;100;;;0;0,13;[1088, 1090, 1097, 1096];[(62.708, 19.853), (62.708, 19.981), (61.72, 19.981), (61.72, 19.853)]
603;1;;;0;0,10;[1096, 1097, 1099, 1098];[(61.72, 19.853), (61.72, 19.981), (60.909, 19.981), (60.909, 19.853)]
604;100;;;0;0,01;[1098, 1099, 1101, 1100];[(60.909, 19.853), (60.909, 19.981), (60.791, 19.981), (60.791, 19.853)]
605;100;;;0;0,01;[1100, 1101, 1103, 1102];[(60.791, 19.853), (60.791, 19.981), (60.685, 19.981), (60.685, 19.853)]
606;100;;;0;0,45;[159, 157, 1104, 1105];[(56.73, 17.824), (56.73, 17.709), (60.669, 17.709), (60.669, 17.824)]
607;100;;;0;0,01;[1105, 1104, 1106, 1107];[(60.669, 17.824), (60.669, 17.709), (60.787, 17.709), (60.787, 17.824)]
608;100;;;0;0,23;[1102, 1105, 1107, 1100];[(60.685, 19.853), (60.669, 17.824), (60.787, 17.824), (60.791, 19.853)]
609;100;;;0;0,02;[1103, 1101, 1108, 1109];[(60.685, 19.981), (60.791, 19.981), (60.791, 20.157), (60.685, 20.157)]
610;1;;;0;0,10;[1109, 1108, 1110, 1111];[(60.685, 20.157), (60.791, 20.157), (60.791, 21.059), (60.685, 21.059)]
611;100;;;0;0,08;[1111, 1110, 1112, 1113];[(60.685, 21.059), (60.791, 21.059), (60.791, 21.852), (60.685, 21.852)]
612;100;;;0;0,01;[1113, 1112, 1114, 1115];[(60.685, 21.852), (60.791, 21.852), (60.791, 21.989), (60.685, 21.989)]
613;100;;;0;0,53;[161, 1113, 1115, 163];[(56.73, 21.865), (60.685, 21.852), (60.685, 21.989), (56.73, 21.996)]
614;100;;;0;0,01;[1114, 1112, 1116, 1117];[(60.791, 21.989), (60.791, 21.852), (60.899, 21.852), (60.899, 21.989)]
615;100;;;0;0,09;[1114, 1117, 1119, 1118];[(60.791, 21.989), (60.899, 21.989), (60.899, 22.846), (60.791, 22.846)]
616;1;;;0;0,09;[1118, 1119, 1121, 1120];[(60.791, 22.846), (60.899, 22.846), (60.899, 23.708), (60.791, 23.708)]
617;100;;;0;0,09;[169, 1120, 1121, 171];[(60.78, 24.446), (60.791, 23.708), (60.899, 23.708), (60.911, 24.446)]
618;100;;;0;0,01;[1095, 1093, 1122, 1123];[(63.29, 21.617), (63.29, 21.509), (63.355, 21.509), (63.355, 21.617)]
619;7;;;0;0,11;[1123, 1122, 1124, 1125];[(63.355, 21.617), (63.355, 21.509), (64.351, 21.509), (64.351, 21.617)]
620;100;;;0;0,05;[1125, 1124, 1126, 1127];[(64.351, 21.617), (64.351, 21.509), (64.776, 21.509), (64.776, 21.617)]
621;100;;;0;0,01;[1127, 1126, 1128, 1129];[(64.776, 21.617), (64.776, 21.509), (64.882, 21.509), (64.882, 21.617)]
622;100;;;0;0,53;[1129, 1128, 1130, 1131];[(64.882, 21.617), (64.882, 21.509), (69.773, 21.509), (69.773, 21.617)]
623;100;;;0;0,01;[1131, 1130, 1132, 1133];[(69.773, 21.617), (69.773, 21.509), (69.88, 21.509), (69.88, 21.617)]
624;100;;;0;0,58;[193, 1133, 1132, 195];[(74.678, 21.618), (69.88, 21.617), (69.88, 21.509), (74.678, 21.483)]
625;100;;;0;0,10;[1127, 1129, 1135, 1134];[(64.776, 21.617), (64.882, 21.617), (64.882, 22.605), (64.776, 22.605)]
626;1;;;0;0,10;[1134, 1135, 1137, 1136];[(64.776, 22.605), (64.882, 22.605), (64.882, 23.503), (64.776, 23.503)]
627;100;;;0;0,11;[181, 1136, 1137, 183];[(64.773, 24.446), (64.776, 23.503), (64.882, 23.503), (64.896, 24.446)]
628;100;;;0;0,11;[187, 185, 1138, 1139];[(69.869, 24.446), (69.754, 24.446), (69.754, 23.505), (69.869, 23.505)]
629;2;;;0;0,10;[1139, 1138, 1140, 1141];[(69.869, 23.505), (69.754, 23.505), (69.754, 22.613), (69.869, 22.613)]
630;100;;;0;0,11;[1133, 1141, 1140, 1131];[(69.88, 21.617), (69.869, 22.613), (69.754, 22.613), (69.773, 21.617)]
631;1;;;0;1,46;[406, 454, 452, 404];[(-66.507, 4.043), (-64.047, 3.945), (-64.047, 4.487), (-66.507, 4.686)]
632;17;429;;0;38,35;[1, 380, 379, 378, 384, 383, 395, 387, 385, 4];[(-73.835, 16.305), (-73.861, 10.912), (-73.732, 10.912), (-72.899, 10.912), (-72.713, 10.912), (-72.713, 10.441), (-67.217, 10.443), (-67.217, 14.287), (-67.217, 15.796), (-67.217, 16.305)]
633;17;428;;0;31,98;[369, 403, 401, 399, 397, 382, 381, 372, 370];[(-72.899, 4.668), (-67.217, 4.686), (-67.217, 7.903), (-67.217, 9.444), (-67.217, 10.325), (-72.713, 10.312), (-72.713, 9.924), (-72.899, 9.924), (-72.899, 4.868)]
634;17;426;;0;49,57;[360, 411, 409, 407, 405, 368, 366, 364, 362];[(-72.899, -4.668), (-67.217, -4.677), (-67.217, 2.146), (-67.217, 3.637), (-67.217, 4.043), (-72.899, 4.057), (-72.899, 3.951), (-72.899, -1.129), (-72.899, -2.199)]
635;14;425;;0;15,22;[355, 419, 417, 415, 413, 358, 356];[(-72.899, -7.502), (-67.217, -7.488), (-67.217, -6.811), (-67.217, -5.829), (-67.217, -4.813), (-72.899, -4.821), (-72.899, -7.349)]
636;1;;;0;28,82;[8, 6, 386, 388, 396, 398, 400, 402, 404, 452, 450, 448, 446, 444, 442, 440];[(-64.047, 16.305), (-66.507, 16.305), (-66.507, 15.796), (-66.507, 14.287), (-66.507, 10.443), (-66.507, 10.325), (-66.507, 9.444), (-66.507, 7.903), (-66.507, 4.686), (-64.047, 4.487), (-64.047, 5.164), (-64.047, 6.214), (-64.047, 6.942), (-64.047, 7.145), (-64.047, 14.307), (-64.047, 15.814)]
637;17;430;;0;49,30;[10, 441, 443, 445, 16, 12];[(-63.322, 16.305), (-63.322, 15.814), (-63.322, 14.307), (-63.322, 7.145), (-57.943, 7.138), (-57.943, 16.305)]
638;17;431;;0;13,25;[18, 447, 449, 451, 453, 471, 469, 20];[(-57.943, 6.943), (-63.322, 6.942), (-63.322, 6.214), (-63.322, 5.164), (-63.322, 4.487), (-61.696, 4.483), (-61.444, 4.482), (-57.943, 4.473)]
639;2;;;0;4,63;[457, 459, 461, 475, 478, 480, 472, 455];[(-63.322, 3.572), (-63.322, 2.523), (-63.322, 1.1), (-61.695, 1.096), (-61.695, 2.925), (-61.695, 3.805), (-61.696, 3.943), (-63.322, 3.945)]
640;2;427;Препараторская;0;9,97;[22, 470, 479, 477, 473, 28, 24];[(-57.943, 3.937), (-61.444, 3.942), (-61.443, 3.805), (-61.443, 2.924), (-61.443, 1.096), (-58.041, 1.087), (-57.943, 1.087)]
641;1;;;0;11,87;[29, 474, 476, 463, 464, 1151, 1155, 1157, 1150];[(-58.041, 0.607), (-61.443, 0.609), (-61.695, 0.609), (-63.322, 0.609), (-63.429, 0.609), (-63.429, -1.595), (-61.652, -1.595), (-59.755, -1.595), (-58.041, -1.595)]
642;1;;;0;28,24;[406, 408, 410, 412, 414, 416, 418, 420, 423, 467, 465, 462, 460, 458, 456, 454];[(-66.507, 4.043), (-66.507, 3.637), (-66.507, 2.146), (-66.507, -4.677), (-66.507, -4.813), (-66.507, -5.829), (-66.507, -6.811), (-66.507, -7.488), (-64.035, -7.488), (-64.047, -6.942), (-64.047, -5.351), (-64.047, 0.609), (-64.047, 1.1), (-64.047, 2.523), (-64.047, 3.572), (-64.047, 3.945)]
643;1;;;0;1,68;[503, 574, 573, 502];[(-57.389, -13.498), (-57.431, -10.603), (-58.058, -10.603), (-57.924, -13.498)]
644;8;424а;;0;29,61;[349, 482, 483, 485, 1054, 1053, 1051, 1049, 1047, 1044, 1041, 1040, 1042, 421, 354, 352];[(-72.899, -13.428), (-72.628, -13.428), (-72.628, -13.786), (-70.918, -13.786), (-70.911, -12.371), (-70.911, -12.224), (-70.796, -12.224), (-69.106, -12.224), (-68.126, -12.747), (-66.566, -12.747), (-66.566, -12.298), (-66.566, -12.183), (-66.593, -8.182), (-67.217, -8.182), (-72.899, -8.184), (-72.899, -8.49)]
645;17;425а;;0;11,93;[422, 1038, 1036, 1034, 1030, 426, 424];[(-66.471, -8.182), (-66.469, -12.183), (-64.95, -12.183), (-64.076, -12.183), (-63.488, -12.183), (-63.488, -8.182), (-64.035, -8.182)]
646;100;;;0;0,20;[497, 496, 1142, 1143];[(-66.533, -13.786), (-66.533, -14.383), (-66.194, -14.383), (-66.194, -13.786)]
647;100;;;0;0,08;[1143, 1142, 1144, 1145];[(-66.194, -13.786), (-66.194, -14.383), (-66.053, -14.383), (-66.053, -13.786)]
648;1;;;0;0,11;[1046, 1143, 1145, 1045];[(-66.566, -12.894), (-66.194, -13.786), (-66.053, -13.786), (-66.469, -12.894)]
649;1;;;0;5,08;[489, 491, 493, 495, 497, 1143, 1046, 1048, 1050, 1052, 487];[(-69.242, -13.786), (-68.581, -13.786), (-68.463, -13.786), (-68.09, -13.786), (-66.533, -13.786), (-66.194, -13.786), (-66.566, -12.894), (-68.126, -12.894), (-69.106, -12.371), (-70.796, -12.371), (-70.799, -13.786)]
650;1;;;0;34,40;[1029, 1031, 1033, 1032, 1035, 1037, 1039, 1043, 1045, 1145, 499, 502, 573, 571, 436, 434, 432, 430, 428];[(-63.363, -8.182), (-63.363, -12.183), (-63.363, -12.298), (-63.488, -12.298), (-64.076, -12.298), (-64.95, -12.298), (-66.469, -12.298), (-66.469, -12.747), (-66.469, -12.894), (-66.053, -13.786), (-57.924, -13.786), (-57.924, -13.498), (-58.058, -10.603), (-58.058, -10.095), (-58.058, -8.182), (-58.345, -8.182), (-59.954, -8.182), (-61.427, -8.182), (-63.019, -8.182)]
651;14;424;;0;29,44;[338, 490, 488, 486, 484, 481, 348, 350, 344, 340];[(-68.592, -19.95), (-68.581, -14.383), (-69.242, -14.383), (-70.799, -14.383), (-70.918, -14.383), (-72.628, -14.383), (-72.899, -14.383), (-73.732, -14.383), (-73.874, -14.383), (-73.874, -19.95)]
652;8;423;Аудитория;0;58,58;[334, 498, 1144, 1142, 496, 494, 492, 336];[(-57.924, -19.95), (-57.924, -14.383), (-66.053, -14.383), (-66.194, -14.383), (-66.533, -14.383), (-68.09, -14.383), (-68.463, -14.383), (-68.429, -19.95)]
653;8;422;;0;46,90;[330, 508, 506, 504, 501, 500, 332];[(-49.37, -19.95), (-49.397, -14.094), (-54.849, -14.094), (-56.323, -14.094), (-57.389, -14.094), (-57.389, -14.383), (-57.396, -19.95)]
654;100;;;0;0,11;[515, 514, 1146, 1147];[(-47.23, -13.498), (-47.23, -14.094), (-47.043, -14.094), (-47.043, -13.498)]
655;100;;;0;0,10;[1147, 1146, 1148, 1149];[(-47.043, -13.498), (-47.043, -14.094), (-46.877, -14.094), (-46.877, -13.498)]
656;1;;;0;0,46;[592, 1147, 1149, 594];[(-47.018, -10.603), (-47.043, -13.498), (-46.877, -13.498), (-46.865, -10.603)]
657;1;;;0;1,26;[527, 610, 608, 525];[(-32.414, -13.498), (-32.397, -10.603), (-32.846, -10.603), (-32.838, -13.498)]
658;1;;;0;0,47;[551, 626, 624, 549];[(-13.637, -13.498), (-13.214, -10.603), (-13.418, -10.603), (-13.755, -13.498)]
659;1;;;0;30,05;[505, 507, 509, 511, 513, 515, 1147, 592, 590, 588, 586, 584, 582, 580, 578, 576, 574, 503];[(-56.323, -13.498), (-54.849, -13.498), (-49.397, -13.498), (-49.245, -13.498), (-48.703, -13.498), (-47.23, -13.498), (-47.043, -13.498), (-47.018, -10.603), (-47.475, -10.603), (-48.931, -10.603), (-51.877, -10.603), (-52.03, -10.603), (-52.707, -10.603), (-53.706, -10.603), (-54.4, -10.603), (-54.536, -10.603), (-57.431, -10.603), (-57.389, -13.498)]
660;8;432;;0;28,61;[40, 585, 587, 589, 591, 42];[(-51.869, -4.204), (-51.877, -10.095), (-48.931, -10.095), (-47.475, -10.095), (-47.018, -10.095), (-47.016, -4.204)]
661;2;;Курилка;0;14,07;[36, 1026, 1028, 577, 579, 581, 583, 38];[(-54.409, -4.204), (-54.409, -8.878), (-54.409, -9.792), (-54.4, -10.095), (-53.706, -10.095), (-52.707, -10.095), (-52.03, -10.095), (-52.011, -4.204)]
662;3;;;0;16,89;[31, 439, 437, 438, 572, 575, 1027, 1025, 34];[(-57.09, -4.204), (-57.43, -4.204), (-57.431, -7.488), (-57.431, -8.182), (-57.431, -10.095), (-54.536, -10.095), (-54.564, -9.792), (-54.564, -8.878), (-54.564, -4.204)]
663;17;433;;0;65,31;[44, 593, 595, 597, 599, 46];[(-46.86, -4.204), (-46.865, -10.095), (-38.01, -10.095), (-36.52, -10.095), (-35.783, -10.095), (-35.77, -4.204)]
664;1;;;0;40,62;[519, 521, 523, 525, 608, 606, 604, 602, 600, 598, 596, 594, 1149, 517];[(-38.341, -13.498), (-37.308, -13.498), (-35.75, -13.498), (-32.838, -13.498), (-32.846, -10.603), (-34.25, -10.603), (-35.246, -10.603), (-35.606, -10.603), (-35.783, -10.603), (-36.52, -10.603), (-38.01, -10.603), (-46.865, -10.603), (-46.877, -13.498), (-38.51, -13.498)]
665;8;434;;0;16,28;[48, 601, 603, 605, 607, 50];[(-35.615, -4.204), (-35.606, -10.095), (-35.246, -10.095), (-34.25, -10.095), (-32.846, -10.095), (-32.849, -4.204)]
666;8;435;Аудитория;0;59,16;[52, 609, 611, 613, 615, 54];[(-32.412, -4.204), (-32.397, -10.095), (-31.654, -10.095), (-30.163, -10.095), (-22.358, -10.095), (-22.365, -4.204)]
667;17;436;;0;51,00;[56, 617, 619, 621, 623, 58];[(-22.069, -4.204), (-22.07, -10.095), (-15.619, -10.095), (-14.129, -10.095), (-13.418, -10.095), (-13.405, -4.204)]
668;8;437;;0;36,73;[60, 625, 627, 629, 631, 633, 642, 62];[(-13.194, -4.204), (-13.214, -10.095), (-10.048, -10.095), (-8.473, -10.095), (-8.426, -10.095), (-7.752, -10.095), (-6.968, -10.095), (-6.971, -4.204)]
669;1;;;0;54,48;[529, 531, 533, 535, 537, 539, 541, 543, 545, 547, 549, 624, 622, 620, 618, 616, 614, 612, 610, 527];[(-31.822, -13.498), (-30.315, -13.498), (-22.086, -13.498), (-21.967, -13.498), (-21.019, -13.498), (-19.986, -13.498), (-19.275, -13.498), (-19.123, -13.498), (-18.615, -13.498), (-17.142, -13.498), (-13.755, -13.498), (-13.418, -10.603), (-14.129, -10.603), (-15.619, -10.603), (-22.07, -10.603), (-22.358, -10.603), (-30.163, -10.603), (-31.654, -10.603), (-32.397, -10.603), (-32.414, -13.498)]
670;8;421;Аудитория;0;62,85;[326, 516, 1148, 1146, 514, 512, 510, 328];[(-38.5, -19.95), (-38.51, -14.094), (-46.877, -14.094), (-47.043, -14.094), (-47.23, -14.094), (-48.703, -14.094), (-49.245, -14.094), (-49.228, -19.95)]
671;8;420;;0;32,18;[322, 524, 522, 520, 518, 324];[(-32.851, -19.95), (-32.838, -14.094), (-35.75, -14.094), (-37.308, -14.094), (-38.341, -14.094), (-38.337, -19.95)]
672;17;419;;0;60,53;[318, 532, 530, 528, 526, 320];[(-22.062, -19.95), (-22.086, -14.094), (-30.315, -14.094), (-31.822, -14.094), (-32.414, -14.094), (-32.404, -19.95)]
673;8;418;;0;15,74;[314, 540, 538, 536, 534, 316];[(-19.278, -19.95), (-19.275, -14.094), (-19.986, -14.094), (-21.019, -14.094), (-21.967, -14.094), (-21.961, -19.95)]
674;17;417;;0;31,42;[308, 548, 546, 544, 542, 312, 310];[(-13.772, -19.95), (-13.755, -14.094), (-17.142, -14.094), (-18.615, -14.094), (-19.123, -14.094), (-19.136, -19.95), (-19.136, -19.95)]
675;8;417а;;0;21,59;[304, 1062, 1061, 1059, 1057, 1055, 567, 565, 563, 556, 554, 552, 550, 306];[(-10.989, -19.95), (-10.964, -16.587), (-10.964, -16.446), (-10.837, -16.446), (-10.259, -16.446), (-9.455, -16.446), (-8.439, -16.446), (-8.439, -14.846), (-8.439, -14.705), (-8.439, -14.094), (-12.401, -14.094), (-13.349, -14.094), (-13.637, -14.094), (-13.65, -19.95)]
676;8;;;0;8,04;[298, 569, 1056, 1058, 1060, 302, 297];[(-8.441, -19.256), (-8.439, -16.587), (-9.455, -16.587), (-10.259, -16.587), (-10.837, -16.587), (-10.822, -19.95), (-8.441, -19.95)]
677;1;;;0;16,06;[553, 555, 557, 560, 562, 641, 639, 637, 635, 632, 630, 628, 626, 551];[(-13.349, -13.498), (-12.401, -13.498), (-8.439, -13.498), (-8.439, -13.396), (-7.819, -13.396), (-7.819, -13.274), (-7.826, -10.889), (-7.826, -10.76), (-8.426, -10.76), (-8.426, -10.603), (-8.473, -10.603), (-10.048, -10.603), (-13.214, -10.603), (-13.637, -13.498)]
678;8;416б;;0;37,88;[284, 995, 993, 991, 566, 568, 570, 296, 294, 292, 290, 288, 286];[(0.84, -19.256), (0.851, -14.846), (-2.571, -14.846), (-3.464, -14.846), (-7.744, -14.846), (-7.744, -16.446), (-7.744, -16.587), (-7.75, -19.256), (-6.754, -19.256), (-4.723, -19.256), (-3.971, -19.256), (-1.919, -19.256), (-1.167, -19.256)]
679;8;416а;;0;29,59;[692, 694, 1002, 1001, 999, 997, 1071, 282, 280, 278, 276];[(7.724, -19.256), (7.724, -15.079), (7.724, -14.863), (4.484, -14.846), (3.661, -14.846), (1.016, -14.846), (0.999, -19.256), (1.657, -19.256), (3.73, -19.256), (4.482, -19.256), (6.534, -19.256)]
680;1;;;0;63,43;[558, 564, 990, 992, 994, 996, 998, 1000, 696, 1005, 1007, 686, 684, 675, 673, 671, 664, 662, 660, 658, 656, 654, 652, 650, 648, 646, 645, 643, 634, 636, 638, 640, 561, 559];[(-7.744, -14.094), (-7.744, -14.705), (-3.464, -14.705), (-2.571, -14.705), (0.851, -14.705), (1.016, -14.705), (3.661, -14.705), (4.484, -14.705), (7.724, -14.727), (7.724, -14.568), (7.724, -12.785), (7.694, -12.692), (7.694, -12.0), (7.694, -10.603), (7.397, -10.603), (6.466, -10.603), (6.24, -10.603), (5.643, -10.603), (4.927, -10.603), (3.311, -10.603), (3.095, -10.603), (2.919, -10.603), (-3.235, -10.603), (-3.451, -10.603), (-3.558, -10.603), (-5.185, -10.603), (-5.881, -10.603), (-6.968, -10.603), (-7.752, -10.603), (-7.752, -10.76), (-7.752, -10.889), (-7.744, -13.274), (-7.744, -13.396), (-7.744, -13.498)]
681;8;438;Аудитория;0;163,20;[644, 64, 647, 649, 1009, 1011, 1012, 1014, 1016, 1018, 1020, 669, 77, 75, 71, 68, 65, 66];[(-5.881, -10.095), (-5.185, -10.095), (-3.558, -10.095), (-3.451, -10.095), (-3.451, -6.999), (-3.451, -6.813), (-3.235, -6.813), (2.919, -6.813), (3.115, -6.813), (3.418, -6.813), (4.565, -6.813), (5.626, -6.806), (5.613, -4.603), (5.613, -3.733), (5.613, 6.703), (-5.871, 6.703), (-5.871, -3.386), (-5.871, -4.204)]
682;17;439;;0;19,05;[653, 1023, 1021, 1013, 1010, 651];[(2.919, -10.095), (2.919, -9.449), (2.919, -8.626), (2.919, -6.999), (-3.235, -6.999), (-3.235, -10.095)]
683;1;;;0;7,81;[655, 657, 659, 661, 665, 667, 1019, 1017, 1015, 1022, 1024];[(3.095, -10.095), (3.311, -10.095), (4.927, -10.095), (5.643, -10.095), (5.643, -9.792), (5.627, -7.001), (4.565, -6.999), (3.418, -6.999), (3.115, -6.999), (3.115, -8.626), (3.115, -9.449)]
684;8;440;;0;22,45;[663, 670, 668, 666, 672, 674, 676, 679, 680, 681, 80, 78];[(6.264, -4.603), (6.254, -6.806), (6.253, -7.001), (6.24, -9.792), (6.466, -9.792), (7.397, -9.792), (7.694, -9.792), (7.694, -9.199), (8.343, -9.199), (10.939, -9.199), (10.961, -4.603), (6.54, -4.603)]
685;100;;;0;0,29;[889, 893, 892, 888, 887];[(17.572, -12.144), (17.572, -12.689), (18.108, -12.689), (18.108, -12.632), (18.108, -12.144)]
686;1;;;0;12,90;[82, 1160, 1159, 87, 84];[(11.749, -4.603), (11.753, -6.825), (17.558, -6.825), (17.558, -6.343), (17.558, -4.603)]
687;10;;;0;3,93;[677, 685, 691, 678];[(8.343, -10.603), (8.343, -12.0), (11.148, -12.0), (11.165, -10.603)]
688;8;;;0;9,56;[914, 918, 917, 919, 922, 924, 923, 927, 929, 92, 90];[(18.219, -7.131), (18.202, -9.746), (18.202, -9.993), (20.989, -9.993), (21.207, -9.993), (21.207, -9.727), (21.589, -9.727), (21.589, -8.7), (21.589, -7.795), (21.567, -7.131), (18.416, -7.131)]
689;2;;;0;4,60;[894, 885, 912, 916, 910, 908, 906, 887];[(20.42, -12.144), (20.987, -12.144), (20.989, -10.545), (18.202, -10.545), (18.108, -10.545), (18.108, -10.886), (18.108, -11.686), (18.108, -12.144)]
690;1;;;0;26,66;[1003, 1008, 1006, 1004, 695, 698, 700, 702, 704, 706, 708, 710, 712, 714, 717, 903, 901, 898, 899, 896, 892, 893, 689, 690, 687];[(7.906, -12.692), (7.905, -12.785), (7.905, -14.568), (7.905, -14.727), (8.322, -14.727), (9.135, -14.727), (9.988, -14.727), (10.801, -14.727), (10.968, -14.727), (11.222, -14.727), (12.506, -14.727), (18.107, -14.727), (18.277, -14.727), (21.061, -14.727), (21.061, -14.472), (21.061, -14.344), (21.061, -12.995), (21.061, -12.893), (20.42, -12.893), (20.42, -12.689), (18.108, -12.689), (17.572, -12.689), (11.743, -12.692), (11.148, -12.692), (8.343, -12.692)]
691;8;416;;0;12,27;[269, 701, 699, 697, 693, 275, 271];[(10.78, -20.048), (10.801, -15.079), (9.988, -15.079), (9.135, -15.079), (8.322, -15.079), (8.322, -19.256), (8.322, -20.048)]
692;17;415;;0;35,55;[265, 988, 986, 709, 707, 705, 703, 267];[(18.115, -20.048), (18.107, -16.66), (18.107, -15.841), (18.107, -15.079), (12.506, -15.079), (11.222, -15.079), (10.968, -15.079), (10.943, -20.048)]
693;17;;;0;13,95;[261, 713, 711, 987, 989, 263];[(21.093, -20.048), (21.061, -15.079), (18.277, -15.079), (18.277, -15.841), (18.277, -16.66), (18.258, -20.048)]
694;1;;;0;0,85;[734, 856, 858, 732];[(36.19, -14.629), (36.127, -12.632), (35.703, -12.632), (35.759, -14.629)]
695;1;;;0;0,34;[754, 832, 834, 752];[(52.289, -14.629), (53.172, -12.632), (52.96, -12.632), (52.162, -14.629)]
696;1;;;0;0,80;[780, 810, 812, 779];[(63.43, -14.472), (63.359, -12.632), (62.879, -12.632), (63.038, -14.472)]
697;1;;;0;0,57;[766, 818, 943, 764];[(57.59, -14.629), (59.888, -12.632), (59.432, -12.632), (57.472, -14.629)]
698;1;;;0;28,92;[716, 720, 722, 724, 726, 728, 730, 732, 858, 860, 862, 864, 866, 868, 870, 872, 874, 876, 878, 880, 882, 884, 890, 897, 900, 902, 904, 905, 718];[(21.629, -14.629), (25.009, -14.629), (25.921, -14.629), (26.714, -14.629), (26.891, -14.629), (33.172, -14.629), (34.103, -14.629), (35.759, -14.629), (35.703, -12.632), (34.73, -12.632), (33.756, -12.632), (33.192, -12.632), (33.051, -12.632), (32.768, -12.632), (31.795, -12.632), (27.477, -12.632), (27.322, -12.632), (24.345, -12.632), (24.218, -12.632), (23.964, -12.632), (22.976, -12.632), (21.593, -12.632), (21.593, -12.689), (21.593, -12.893), (21.148, -12.893), (21.148, -12.995), (21.148, -14.344), (21.15, -14.472), (21.629, -14.472)]
699;8;400;;0;12,82;[94, 930, 928, 926, 925, 921, 920, 883, 881, 879, 877, 933, 931, 96];[(21.708, -7.131), (21.704, -7.795), (21.704, -8.7), (21.704, -9.727), (21.704, -9.993), (21.589, -9.993), (21.589, -10.545), (21.593, -12.144), (22.976, -12.144), (23.964, -12.144), (24.218, -12.144), (24.213, -11.227), (24.213, -10.431), (24.213, -7.131)]
700;8;;;0;14,81;[98, 932, 934, 875, 873, 100];[(24.354, -7.131), (24.354, -10.431), (24.354, -11.227), (24.345, -12.144), (27.322, -12.144), (27.294, -7.131)]
701;8;401;;0;28,03;[102, 871, 869, 867, 865, 104];[(27.47, -7.131), (27.477, -12.144), (31.795, -12.144), (32.768, -12.144), (33.051, -12.144), (33.079, -7.131)]
702;8;402;;0;12,66;[106, 863, 861, 859, 857, 108];[(33.184, -7.131), (33.192, -12.144), (33.756, -12.144), (34.73, -12.144), (35.703, -12.144), (35.724, -7.131)]
703;17;413;;0;45,90;[253, 731, 729, 727, 725, 255];[(35.752, -20.048), (35.759, -14.864), (34.103, -14.864), (33.172, -14.864), (26.891, -14.864), (26.913, -20.048)]
704;17;414;;0;26,46;[257, 723, 721, 719, 715, 259];[(26.73, -20.048), (26.714, -14.864), (25.921, -14.864), (25.009, -14.864), (21.629, -14.864), (21.61, -20.048)]
705;8;412;;0;41,55;[249, 739, 737, 735, 733, 251];[(44.193, -20.048), (44.205, -14.864), (37.738, -14.864), (36.846, -14.864), (36.19, -14.864), (36.179, -20.048)]
706;100;;;0;0,24;[1171, 1172, 1169, 1170];[(62.863, -3.568), (63.556, -3.568), (63.556, -3.226), (62.863, -3.226)]
707;9;;;0;7,95;[1161, 1162, 1167, 1168];[(62.865, -7.786), (59.878, -7.786), (59.884, -10.443), (62.877, -10.443)]
708;8;;;0;13,36;[114, 937, 935, 851, 849, 116];[(38.934, -7.131), (38.92, -10.586), (38.92, -11.478), (38.92, -12.144), (41.587, -12.144), (41.592, -7.131)]
709;8;404;Аудитория;0;39,75;[118, 847, 845, 843, 841, 120];[(41.733, -7.131), (41.714, -12.144), (45.298, -12.144), (46.3, -12.144), (49.658, -12.144), (49.646, -7.131)]
710;8;405;;0;15,82;[122, 839, 837, 835, 833, 124];[(49.776, -7.131), (49.799, -12.144), (50.956, -12.144), (51.916, -12.144), (52.96, -12.144), (52.927, -7.131)]
711;17;411;;0;27,96;[241, 751, 749, 747, 745, 981, 983, 985, 243];[(52.149, -20.048), (52.162, -14.864), (51.113, -14.864), (50.202, -14.864), (46.762, -14.864), (46.762, -15.217), (46.762, -15.569), (46.762, -16.486), (46.762, -20.048)]
712;17;;;0;11,57;[245, 984, 982, 980, 743, 741, 247];[(46.6, -20.048), (46.586, -16.486), (46.586, -15.569), (46.586, -15.217), (46.586, -14.864), (44.362, -14.864), (44.356, -20.048)]
713;8;;;0;13,81;[237, 977, 979, 755, 753, 239];[(54.944, -20.048), (54.944, -16.888), (54.944, -16.069), (54.944, -14.864), (52.289, -14.864), (52.271, -20.048)]
714;8;410;;0;12,53;[233, 763, 761, 759, 757, 978, 976, 235];[(57.472, -20.048), (57.472, -14.864), (56.581, -14.864), (55.718, -14.864), (55.072, -14.864), (55.054, -16.069), (55.054, -16.888), (55.054, -20.048)]
715;8;409;;0;14,17;[229, 771, 769, 767, 765, 231];[(60.337, -20.048), (60.334, -14.864), (59.53, -14.864), (58.658, -14.864), (57.59, -14.864), (57.615, -20.048)]
716;8;;;0;13,26;[225, 974, 972, 781, 775, 773, 227];[(63.019, -20.048), (63.038, -16.94), (63.038, -16.051), (63.038, -15.148), (63.038, -14.864), (60.471, -14.864), (60.48, -20.048)]
717;1;;;0;11,42;[756, 758, 760, 762, 764, 943, 820, 822, 824, 826, 828, 830, 832, 754];[(54.944, -14.629), (55.072, -14.629), (55.718, -14.629), (56.581, -14.629), (57.472, -14.629), (59.432, -12.632), (57.264, -12.632), (56.403, -12.632), (56.205, -12.632), (56.078, -12.632), (55.867, -12.632), (54.907, -12.632), (53.172, -12.632), (52.289, -14.629)]
718;1;;;0;8,44;[768, 770, 772, 774, 776, 779, 812, 814, 816, 818, 766];[(58.658, -14.629), (59.53, -14.629), (60.334, -14.629), (60.471, -14.629), (63.038, -14.629), (63.038, -14.472), (62.879, -12.632), (62.103, -12.632), (60.749, -12.632), (59.888, -12.632), (57.59, -14.629)]
719;3;;;0;13,91;[126, 831, 829, 827, 825, 941, 939, 128];[(53.162, -7.131), (53.172, -12.144), (54.907, -12.144), (55.867, -12.144), (56.078, -12.144), (56.078, -10.348), (55.866, -10.348), (55.866, -7.131)]
720;8;;;0;16,16;[130, 940, 823, 821, 819, 942, 134, 132];[(56.207, -7.131), (56.207, -10.348), (56.205, -12.144), (56.403, -12.144), (57.264, -12.144), (59.432, -12.144), (59.429, -7.131), (59.253, -7.131)]
721;1;;;0;5,93;[135, 136, 1162, 1161, 953, 948, 140, 137];[(59.876, -6.343), (59.876, -7.131), (59.878, -7.786), (62.865, -7.786), (62.863, -7.166), (62.863, -7.166), (62.863, -5.802), (59.876, -5.802)]
722;1;;;0;10,27;[807, 969, 971, 960, 958, 956, 949, 950, 954, 951, 946, 944, 809];[(65.419, -12.144), (65.419, -12.076), (65.419, -11.348), (65.418, -7.166), (64.664, -7.166), (63.772, -7.166), (63.556, -7.166), (63.35, -7.166), (63.35, -7.166), (63.359, -10.911), (63.359, -10.911), (63.359, -11.777), (63.359, -12.144)]
723;7;;Телестудия;0;30,57;[805, 803, 964, 962, 970, 968];[(65.814, -12.144), (71.952, -12.144), (71.954, -7.166), (65.81, -7.166), (65.814, -11.348), (65.814, -12.076)]
724;17;406;;0;12,32;[203, 966, 801, 799, 797, 207, 204];[(74.678, -7.166), (72.365, -7.166), (72.375, -12.144), (73.081, -12.144), (73.956, -12.144), (74.845, -12.144), (74.845, -7.166)]
725;1;;;0;23,56;[209, 798, 800, 802, 804, 806, 808, 810, 780, 778, 777, 784, 786, 788, 790, 792, 794, 796, 211];[(74.845, -12.632), (73.956, -12.632), (73.081, -12.632), (72.375, -12.632), (71.952, -12.632), (65.814, -12.632), (65.419, -12.632), (63.359, -12.632), (63.43, -14.472), (63.43, -14.629), (64.949, -14.629), (65.88, -14.629), (66.291, -14.629), (66.468, -14.629), (68.339, -14.629), (69.192, -14.629), (70.573, -14.629), (70.573, -14.802), (74.845, -14.786)]
726;8;408;;0;14,01;[221, 787, 785, 783, 782, 973, 975, 223];[(66.311, -20.048), (66.291, -15.148), (65.88, -15.148), (64.949, -15.148), (63.43, -15.148), (63.43, -16.051), (63.43, -16.94), (63.466, -20.048)]
727;8;407;Аудитория;0;41,03;[213, 795, 793, 791, 789, 219, 215];[(74.845, -15.152), (70.573, -15.148), (69.192, -15.148), (68.339, -15.148), (66.468, -15.148), (66.473, -20.048), (74.845, -20.048)]
728;7;;;0;4,41;[1074, 1082, 1081, 1080];[(64.909, 13.777), (73.009, 13.817), (73.009, 14.373), (64.909, 14.309)]
729;7;;Верх актового зала;0;189,38;[1169, 1173, 199, 1082, 1074, 1072, 147, 145];[(63.556, -3.226), (74.678, -3.234), (74.678, 13.817), (73.009, 13.817), (64.909, 13.777), (63.556, 13.777), (63.556, 11.152), (63.556, 10.589)]
730;1;;;0;5,99;[150, 1179, 1180, 153];[(56.73, 11.152), (58.825, 11.152), (58.825, 14.01), (56.73, 14.01)]
731;1;;;0;23,74;[155, 1084, 1086, 1077, 1079, 1088, 1096, 1098, 1100, 1107, 1106, 1104, 157];[(56.73, 14.427), (61.698, 14.427), (62.629, 14.427), (62.708, 14.403), (62.708, 15.013), (62.708, 19.853), (61.72, 19.853), (60.909, 19.853), (60.791, 19.853), (60.787, 17.824), (60.787, 17.709), (60.669, 17.709), (56.73, 17.709)]
732;8;;;0;15,94;[159, 1105, 1102, 1103, 1109, 1111, 1113, 161];[(56.73, 17.824), (60.669, 17.824), (60.685, 19.853), (60.685, 19.981), (60.685, 20.157), (60.685, 21.059), (60.685, 21.852), (56.73, 21.865)]
733;8;;;0;9,96;[163, 1115, 1114, 1118, 1120, 169, 165];[(56.73, 21.996), (60.685, 21.989), (60.791, 21.989), (60.791, 22.846), (60.791, 23.708), (60.78, 24.446), (56.73, 24.446)]
734;1;;;0;8,38;[171, 1121, 1119, 1117, 1116, 1112, 1110, 1108, 1101, 1099, 1097, 1090, 1092, 1094, 177, 175, 173];[(60.911, 24.446), (60.899, 23.708), (60.899, 22.846), (60.899, 21.989), (60.899, 21.852), (60.791, 21.852), (60.791, 21.059), (60.791, 20.157), (60.791, 19.981), (60.909, 19.981), (61.72, 19.981), (62.708, 19.981), (62.708, 21.509), (62.708, 21.617), (62.781, 24.446), (62.528, 24.446), (61.246, 24.446)]
735;1;;;0;4,19;[179, 1095, 1123, 1125, 1127, 1134, 1136, 181];[(63.295, 24.446), (63.29, 21.617), (63.355, 21.617), (64.351, 21.617), (64.776, 21.617), (64.776, 22.605), (64.776, 23.503), (64.773, 24.446)]
736;2;;;0;13,79;[183, 1137, 1135, 1129, 1131, 1140, 1138, 185];[(64.896, 24.446), (64.882, 23.503), (64.882, 22.605), (64.882, 21.617), (69.773, 21.617), (69.754, 22.613), (69.754, 23.505), (69.754, 24.446)]
737;2;;;0;13,60;[187, 1139, 1141, 1133, 193, 189];[(69.869, 24.446), (69.869, 23.505), (69.869, 22.613), (69.88, 21.617), (74.678, 21.618), (74.678, 24.446)]
738;7;;Сцена;0;81,38;[195, 1132, 1130, 1128, 1126, 1124, 1122, 1093, 1091, 1089, 1087, 1078, 1076, 1080, 1081, 197];[(74.678, 21.483), (69.88, 21.509), (69.773, 21.509), (64.882, 21.509), (64.776, 21.509), (64.351, 21.509), (63.355, 21.509), (63.29, 21.509), (63.29, 19.981), (63.29, 19.853), (63.29, 15.013), (63.556, 15.013), (63.556, 14.309), (64.909, 14.309), (73.009, 14.373), (74.678, 14.373)]
739;1;;;0;5,09;[1168, 1167, 817, 815, 813, 811, 945, 947, 952];[(62.877, -10.443), (59.884, -10.443), (59.888, -12.144), (60.749, -12.144), (62.103, -12.144), (62.879, -12.144), (62.879, -11.777), (62.879, -10.911), (62.879, -10.911)]
740;9;;;0;4,76;[1150, 1157, 1156, 1153, 32, 30];[(-58.041, -1.595), (-59.755, -1.595), (-59.755, -4.372), (-58.042, -4.372), (-58.041, -4.204), (-58.041, -3.386)]
741;1;;;0;16,76;[1153, 1156, 1154, 1152, 466, 468, 425, 427, 429, 431, 433, 435];[(-58.042, -4.372), (-59.755, -4.372), (-61.652, -4.372), (-63.429, -4.372), (-63.429, -5.351), (-63.429, -6.942), (-63.425, -7.488), (-63.019, -7.488), (-61.427, -7.488), (-59.954, -7.488), (-58.345, -7.488), (-58.058, -7.488)]
742;9;;;0;4,94;[1154, 1155, 1151, 1152];[(-61.652, -4.372), (-61.652, -1.595), (-63.429, -1.595), (-63.429, -4.372)]
743;10;;;0;5,27;[1156, 1157, 1155, 1154];[(-59.755, -4.372), (-59.755, -1.595), (-61.652, -1.595), (-61.652, -4.372)]
744;1;;;0;12,10;[913, 1158, 682, 688, 889, 907, 909, 911];[(17.572, -9.993), (11.757, -9.993), (11.757, -10.603), (11.743, -12.0), (17.572, -12.144), (17.572, -11.686), (17.572, -10.886), (17.572, -10.545)]
745;9;;;0;18,40;[1159, 1160, 683, 1158, 913, 915, 89];[(17.558, -6.825), (11.753, -6.825), (11.757, -9.199), (11.757, -9.993), (17.572, -9.993), (17.572, -9.746), (17.558, -7.131)]
746;1;;;0;0,42;[1163, 1166, 1165, 1164];[(37.408, -12.144), (37.408, -12.632), (38.277, -12.632), (38.277, -12.144)]
747;8;403;;0;13,31;[110, 855, 1163, 1164, 853, 936, 938, 112];[(36.136, -7.131), (36.127, -12.144), (37.408, -12.144), (38.277, -12.144), (38.793, -12.144), (38.793, -11.478), (38.793, -10.586), (38.77, -7.131)]
748;100;;;0;0,25;[854, 853, 1164, 1165];[(38.793, -12.632), (38.793, -12.144), (38.277, -12.144), (38.277, -12.632)]
749;100;;;0;0,62;[1166, 1163, 855, 856];[(37.408, -12.632), (37.408, -12.144), (36.127, -12.144), (36.127, -12.632)]
750;1;;;0;32,75;[736, 738, 740, 742, 744, 746, 748, 750, 752, 834, 836, 838, 840, 842, 844, 846, 848, 850, 852, 854, 1165, 1166, 856, 734];[(36.846, -14.629), (37.738, -14.629), (44.205, -14.629), (44.362, -14.629), (46.586, -14.629), (46.762, -14.629), (50.202, -14.629), (51.113, -14.629), (52.162, -14.629), (52.96, -12.632), (51.916, -12.632), (50.956, -12.632), (49.799, -12.632), (49.658, -12.632), (46.3, -12.632), (45.298, -12.632), (41.714, -12.632), (41.587, -12.632), (38.92, -12.632), (38.793, -12.632), (38.277, -12.632), (37.408, -12.632), (36.127, -12.632), (36.19, -14.629)]
751;100;;;0;12,11;[200, 199, 1173, 1174];[(75.389, 13.817), (74.678, 13.817), (74.678, -3.234), (75.389, -3.234)]
752;100;;;0;0,25;[1174, 1173, 1175, 1176];[(75.389, -3.234), (74.678, -3.234), (74.678, -3.59), (75.389, -3.59)]
753;2;;;0;3,88;[1172, 1175, 1173, 1169];[(63.556, -3.568), (74.678, -3.59), (74.678, -3.234), (63.556, -3.226)]
754;7;;Балкон;0;30,65;[142, 955, 957, 959, 961, 963, 965, 967, 201, 1175, 1172, 143];[(63.556, -5.802), (63.556, -6.337), (63.772, -6.337), (64.664, -6.337), (65.418, -6.337), (65.81, -6.337), (71.954, -6.337), (72.365, -6.337), (74.678, -6.313), (74.678, -3.59), (63.556, -3.568), (63.556, -5.073)]
755;1;;;0;4,03;[1177, 1178, 149, 1073, 1075, 1085, 1083];[(61.297, 14.01), (61.297, 11.152), (62.708, 11.152), (62.708, 13.777), (62.708, 14.014), (62.629, 14.01), (61.698, 14.01)]
756;9;;;0;7,07;[1180, 1179, 1178, 1177];[(58.825, 14.01), (58.825, 11.152), (61.297, 11.152), (61.297, 14.01)]
