ID;roomID;roomNo;Description;areClosed;Area (m2);Vertex_Indices;World_Coords_XY
0;100;;;0;0,56;[3, 2, 0, 1];[(-25.038, 36.837), (-24.294, 36.837), (-24.294, 37.593), (-25.038, 37.593)]
1;100;;;0;1,93;[0, 2, 5, 4];[(-24.294, 37.593), (-24.294, 36.837), (-21.737, 36.837), (-21.737, 37.593)]
2;100;;;0;0,31;[4, 5, 7, 6];[(-21.737, 37.593), (-21.737, 36.837), (-21.325, 36.837), (-21.325, 37.593)]
3;100;;;0;2,56;[6, 7, 9, 8];[(-21.325, 37.593), (-21.325, 36.837), (-17.943, 36.837), (-17.943, 37.593)]
4;100;;;0;0,11;[8, 9, 11, 10];[(-17.943, 37.593), (-17.943, 36.837), (-17.8, 36.837), (-17.8, 37.593)]
5;100;;;0;2,59;[10, 11, 13, 12];[(-17.8, 37.593), (-17.8, 36.837), (-14.378, 36.837), (-14.378, 37.593)]
6;100;;;0;0,31;[12, 13, 15, 14];[(-14.378, 37.593), (-14.378, 36.837), (-13.969, 36.837), (-13.969, 37.593)]
7;100;;;0;2,10;[14, 15, 17, 16];[(-13.969, 37.593), (-13.969, 36.837), (-11.186, 36.837), (-11.186, 37.593)]
8;100;;;0;0,13;[16, 17, 19, 18];[(-11.186, 37.593), (-11.186, 36.837), (-11.016, 36.837), (-11.016, 37.593)]
9;100;;;0;2,15;[18, 19, 21, 20];[(-11.016, 37.593), (-11.016, 36.837), (-8.179, 36.837), (-8.179, 37.593)]
10;100;;;0;0,28;[20, 21, 23, 22];[(-8.179, 37.593), (-8.179, 36.837), (-7.811, 36.837), (-7.811, 37.593)]
11;100;;;0;4,38;[22, 23, 25, 24];[(-7.811, 37.593), (-7.811, 36.837), (-2.014, 36.837), (-2.014, 37.593)]
12;100;;;0;0,54;[24, 25, 27, 26];[(-2.014, 37.593), (-2.014, 36.837), (-1.299, 36.837), (-1.299, 37.593)]
13;100;;;0;2,91;[27, 25, 28, 29];[(-1.299, 36.837), (-2.014, 36.837), (-2.014, 32.762), (-1.299, 32.762)]
14;100;;;0;0,16;[29, 28, 30, 31];[(-1.299, 32.762), (-2.014, 32.762), (-2.014, 32.543), (-1.299, 32.543)]
15;100;;;0;2,78;[30, 32, 33, 31];[(-2.014, 32.543), (-2.014, 28.648), (-1.299, 28.648), (-1.299, 32.543)]
16;100;;;0;0,30;[33, 32, 34, 35];[(-1.299, 28.648), (-2.014, 28.648), (-2.014, 28.235), (-1.299, 28.235)]
17;100;;;0;0,32;[37, 36, 38, 39];[(-1.299, 22.698), (-2.014, 22.698), (-2.014, 22.249), (-1.299, 22.249)]
18;100;;;0;6,02;[38, 42, 43, 39];[(-2.014, 22.249), (-2.014, 13.831), (-1.299, 13.831), (-1.299, 22.249)]
19;100;;;0;0,13;[751, 752, 41, 40];[(-19.871, -44.168), (-20.285, -44.168), (-20.285, -44.476), (-19.871, -44.476)]
20;100;;;0;0,29;[43, 42, 44, 45];[(-1.299, 13.831), (-2.014, 13.831), (-2.014, 13.422), (-1.299, 13.422)]
21;100;;;0;2,06;[52, 53, 46, 47];[(-1.299, 10.201), (-2.014, 10.201), (-2.014, 7.313), (-1.299, 7.313)]
22;100;;;0;0,28;[47, 46, 48, 49];[(-1.299, 7.313), (-2.014, 7.313), (-2.014, 6.921), (-1.299, 6.921)]
23;100;;;0;0,10;[56, 57, 50, 51];[(-1.299, 4.788), (-2.014, 4.788), (-2.014, 4.651), (-1.299, 4.651)]
24;100;;;0;2,18;[45, 44, 55, 54];[(-1.299, 13.422), (-2.014, 13.422), (-2.014, 10.367), (-1.299, 10.367)]
25;100;;;0;0,47;[53, 55, 392, 393];[(-2.014, 10.201), (-2.014, 10.367), (-4.855, 10.367), (-4.855, 10.201)]
26;100;;;0;1,51;[50, 58, 59, 51];[(-2.014, 4.651), (-2.014, 2.536), (-1.299, 2.536), (-1.299, 4.651)]
27;100;;;0;1,52;[49, 48, 57, 56];[(-1.299, 6.921), (-2.014, 6.921), (-2.014, 4.788), (-1.299, 4.788)]
28;100;;;0;0,30;[59, 58, 60, 61];[(-1.299, 2.536), (-2.014, 2.536), (-2.014, 2.119), (-1.299, 2.119)]
29;100;;;0;3,97;[941, 948, 439, 441, 61, 60];[(-2.014, 0.776), (-2.014, -2.257), (-2.014, -3.421), (-1.294, -3.421), (-1.299, 2.119), (-2.014, 2.119)]
30;100;;;0;0,20;[476, 477, 479, 478];[(-13.52, -12.226), (-13.52, -11.075), (-13.696, -11.075), (-13.696, -12.226)]
31;100;;;0;1,05;[62, 63, 65, 64];[(13.787, -11.672), (13.787, -12.219), (15.702, -12.219), (15.702, -11.672)]
32;100;;;0;0,08;[64, 65, 67, 66];[(15.702, -11.672), (15.702, -12.219), (15.843, -12.219), (15.843, -11.672)]
33;100;;;0;3,40;[66, 67, 69, 68];[(15.843, -11.672), (15.843, -12.219), (21.977, -12.219), (22.154, -11.672)]
34;100;;;0;6,32;[68, 69, 75, 76, 74, 73, 72, 71, 70];[(22.154, -11.672), (21.977, -12.219), (21.977, -13.746), (22.392, -13.746), (23.091, -13.746), (24.205, -14.762), (24.943, -15.424), (27.206, -17.623), (27.682, -17.11)]
35;100;;;0;0,12;[70, 71, 78, 77];[(27.682, -17.11), (27.206, -17.623), (27.328, -17.741), (27.804, -17.228)]
36;100;;;0;2,06;[77, 78, 80, 79];[(27.804, -17.228), (27.328, -17.741), (29.364, -19.714), (30.025, -19.405)]
37;100;;;0;0,10;[79, 80, 81];[(30.025, -19.405), (29.364, -19.714), (30.025, -19.714)]
38;100;;;0;0,23;[81, 80, 82, 83];[(30.025, -19.714), (29.364, -19.714), (29.364, -20.06), (30.025, -20.06)]
39;100;;;0;0,11;[83, 82, 84, 85];[(30.025, -20.06), (29.364, -20.06), (29.364, -20.218), (30.025, -20.218)]
40;100;;;0;2,93;[85, 84, 86, 87];[(30.025, -20.218), (29.364, -20.218), (29.364, -24.647), (30.025, -24.647)]
41;100;;;0;0,09;[87, 86, 88, 89];[(30.025, -24.647), (29.364, -24.647), (29.364, -24.784), (30.025, -24.784)]
42;1;;;0;4,26;[613, 82, 80, 78, 639];[(26.161, -19.653), (29.364, -20.06), (29.364, -19.714), (27.328, -17.741), (26.159, -18.614)]
43;1;;;0;29,64;[91, 88, 1213, 672, 671, 668, 667, 664, 612, 1192, 1194];[(29.364, -33.288), (29.364, -24.784), (27.219, -25.054), (26.161, -25.054), (26.161, -25.211), (26.161, -26.044), (26.161, -27.592), (26.161, -27.71), (26.161, -33.736), (26.161, -34.598), (26.161, -35.147)]
44;1;;;0;3,77;[615, 637, 635, 633, 631, 629, 621, 617];[(26.014, -19.653), (26.014, -18.614), (24.336, -18.614), (24.189, -18.614), (23.29, -18.614), (22.515, -18.614), (22.384, -18.614), (22.384, -19.653)]
45;1;;;0;0,63;[1196, 92, 91, 1194];[(26.161, -35.323), (29.364, -33.508), (29.364, -33.288), (26.161, -35.147)]
46;100;;;0;5,63;[88, 91, 90, 89];[(29.364, -24.784), (29.364, -33.288), (30.025, -33.288), (30.025, -24.784)]
47;100;;;0;4,02;[92, 929, 930, 93];[(29.364, -33.508), (29.364, -39.589), (30.025, -39.589), (30.025, -33.508)]
48;1;;;0;0,55;[643, 644, 641, 642];[(21.97, -45.047), (22.379, -45.047), (22.379, -43.707), (21.97, -43.707)]
49;100;;;0;0,25;[95, 94, 96, 97];[(30.025, -45.467), (29.364, -45.467), (29.364, -45.848), (30.025, -45.848)]
50;100;;;0;1,76;[96, 98, 99, 97];[(29.364, -45.848), (29.364, -48.513), (30.025, -48.513), (30.025, -45.848)]
51;2;207;Электрощитовая;0;14,05;[1195, 1208, 1206, 1201, 1199, 1197];[(26.014, -35.323), (22.376, -35.316), (22.376, -39.178), (26.014, -39.184), (26.014, -38.165), (26.014, -37.322)]
52;1;;;0;14,39;[614, 675, 1214, 86, 84];[(26.161, -19.812), (26.161, -24.437), (27.219, -24.437), (29.364, -24.647), (29.364, -20.218)]
53;100;;;0;0,48;[99, 98, 100, 101];[(30.025, -48.513), (29.364, -48.513), (29.364, -49.239), (30.025, -49.239)]
54;100;;;0;1,71;[100, 98, 102, 103];[(29.364, -49.239), (29.364, -48.513), (27.007, -48.513), (27.007, -49.239)]
55;100;;;0;0,17;[103, 102, 104, 105];[(27.007, -49.239), (27.007, -48.513), (26.768, -48.513), (26.768, -49.239)]
56;100;;;0;3,19;[105, 104, 951, 106, 107];[(26.768, -49.239), (26.768, -48.513), (24.379, -48.513), (22.379, -48.513), (22.379, -49.239)]
57;100;;;0;0,30;[107, 106, 108, 109];[(22.379, -49.239), (22.379, -48.513), (21.97, -48.513), (21.97, -49.239)]
58;1;;;0;41,14;[1204, 1203, 1205, 709, 711, 927, 641, 644, 607, 605, 610, 1189, 1190, 94, 928];[(26.161, -39.36), (26.014, -39.36), (22.376, -39.369), (22.376, -39.593), (22.376, -40.416), (22.379, -42.496), (22.379, -43.707), (22.379, -45.047), (22.379, -45.271), (22.379, -45.474), (26.765, -45.474), (27.517, -45.474), (29.063, -45.469), (29.364, -45.467), (29.364, -40.325)]
59;2;208;Аппаратная;0;27,01;[611, 665, 1212, 682, 683, 685, 687, 1207, 1193, 1191];[(26.014, -33.736), (26.014, -27.71), (22.38, -27.734), (22.376, -30.295), (22.376, -30.695), (22.376, -34.67), (22.376, -35.078), (22.376, -35.153), (26.014, -35.147), (26.014, -34.598)]
60;1;;;0;1,46;[1204, 928, 929, 1202];[(26.161, -39.36), (29.364, -40.325), (29.364, -39.589), (26.161, -39.184)]
61;100;;;0;0,34;[110, 112, 111, 1215];[(-25.83, -48.513), (-26.302, -48.513), (-26.302, -49.239), (-25.83, -49.239)]
62;100;;;0;1,78;[116, 110, 1215, 115];[(-23.373, -48.513), (-25.83, -48.513), (-25.83, -49.239), (-23.373, -49.239)]
63;100;;;0;26,01;[756, 757, 758, 755];[(16.028, -48.513), (-19.809, -48.513), (-19.809, -49.239), (16.028, -49.239)]
64;100;;;0;0,05;[113, 114, 116, 115];[(-23.298, -49.239), (-23.298, -48.513), (-23.373, -48.513), (-23.373, -49.239)]
65;100;;;0;5,03;[112, 118, 117, 111];[(-26.302, -48.513), (-33.225, -48.513), (-33.225, -49.239), (-26.302, -49.239)]
66;100;;;0;0,28;[117, 118, 120, 119];[(-33.225, -49.239), (-33.225, -48.513), (-33.606, -48.513), (-33.606, -49.239)]
67;100;;;0;4,64;[119, 120, 955, 952, 122, 121];[(-33.606, -49.239), (-33.606, -48.513), (-34.96, -48.513), (-38.109, -48.513), (-39.998, -48.513), (-39.998, -49.239)]
68;100;;;0;0,43;[121, 122, 124, 123];[(-39.998, -49.239), (-39.998, -48.513), (-40.591, -48.513), (-40.591, -49.239)]
69;100;;;0;0,19;[124, 122, 125, 126];[(-40.591, -48.513), (-39.998, -48.513), (-39.998, -48.197), (-40.591, -48.197)]
70;1;;;0;0,89;[126, 125, 127, 128];[(-40.591, -48.197), (-39.998, -48.197), (-39.998, -46.701), (-40.591, -46.701)]
71;100;;;0;0,48;[128, 127, 129, 130];[(-40.591, -46.701), (-39.998, -46.701), (-39.998, -45.883), (-40.591, -45.883)]
72;100;;;0;0,25;[130, 129, 131, 132];[(-40.591, -45.883), (-39.998, -45.883), (-39.998, -45.46), (-40.591, -45.46)]
73;100;;;0;0,02;[133, 134, 597, 598];[(-27.968, -28.592), (-27.826, -28.592), (-27.826, -28.441), (-27.968, -28.441)]
74;100;;;0;0,73;[589, 596, 595, 590];[(-26.328, -26.797), (-26.321, -28.428), (-25.875, -28.428), (-25.875, -26.797)]
75;100;;;0;0,27;[136, 135, 134, 133];[(-27.968, -30.473), (-27.826, -30.473), (-27.826, -28.592), (-27.968, -28.592)]
76;100;;;0;5,66;[131, 141, 142, 132];[(-39.998, -45.46), (-39.998, -35.91), (-40.591, -35.91), (-40.591, -45.46)]
77;100;;;0;0,01;[571, 570, 138, 137];[(-27.968, -31.437), (-27.826, -31.437), (-27.826, -31.352), (-27.968, -31.352)]
78;100;;;0;0,08;[142, 141, 143, 144];[(-40.591, -35.91), (-39.998, -35.91), (-39.998, -35.769), (-40.591, -35.769)]
79;100;;;0;2,18;[1146, 1145, 145, 146];[(-40.591, -28.479), (-39.998, -28.479), (-39.998, -24.794), (-40.591, -24.794)]
80;100;;;0;0,25;[146, 145, 147, 148];[(-40.591, -24.794), (-39.998, -24.794), (-39.998, -24.365), (-40.591, -24.365)]
81;100;;;0;1,51;[147, 149, 150, 148];[(-39.998, -24.365), (-39.998, -21.82), (-40.591, -21.82), (-40.591, -24.365)]
82;100;;;0;0,31;[150, 149, 151, 152];[(-40.591, -21.82), (-39.998, -21.82), (-39.998, -21.306), (-40.591, -21.306)]
83;100;;;0;3,20;[151, 149, 560, 561, 153, 154];[(-39.998, -21.306), (-39.998, -21.82), (-38.782, -21.82), (-34.87, -21.82), (-33.779, -21.82), (-33.779, -21.306)]
84;100;;;0;0,72;[154, 158, 159, 156];[(-33.779, -21.306), (-33.234, -21.306), (-33.234, -20.108), (-33.779, -19.856)]
85;100;;;0;0,24;[502, 500, 499, 501];[(-25.549, -12.22), (-24.85, -12.226), (-24.85, -11.65), (-25.001, -11.657)]
86;100;;;0;0,28;[155, 157, 158, 154, 153];[(-33.629, -21.82), (-33.234, -21.82), (-33.234, -21.306), (-33.779, -21.306), (-33.779, -21.82)]
87;100;;;0;0,63;[160, 161, 163, 162];[(-22.102, -8.009), (-21.878, -8.451), (-20.569, -8.451), (-20.569, -8.009)]
88;100;;;0;0,29;[162, 163, 165, 164];[(-20.569, -8.009), (-20.569, -8.451), (-19.891, -8.623), (-19.891, -8.199)]
89;100;;;0;1,54;[162, 164, 167, 166];[(-20.569, -8.009), (-19.891, -8.199), (-19.891, -5.825), (-20.569, -5.825)]
90;100;;;0;0,11;[166, 167, 169, 168];[(-20.569, -5.825), (-19.891, -5.825), (-19.891, -5.655), (-20.569, -5.655)]
91;100;;;0;2,98;[1075, 171, 170, 1076];[(-19.891, -4.618), (-19.891, -0.226), (-20.569, -0.226), (-20.569, -4.618)]
92;100;;;0;0,14;[170, 171, 173, 172];[(-20.569, -0.226), (-19.891, -0.226), (-19.891, -0.023), (-20.569, -0.023)]
93;100;;;0;1,30;[172, 173, 175, 174];[(-20.569, -0.023), (-19.891, -0.023), (-19.891, 1.896), (-20.569, 1.896)]
94;100;;;0;0,28;[174, 175, 177, 176];[(-20.569, 1.896), (-19.891, 1.896), (-19.891, 2.303), (-20.569, 2.303)]
95;100;;;0;1,35;[176, 177, 179, 178];[(-20.569, 2.303), (-19.891, 2.303), (-19.891, 4.3), (-20.569, 4.3)]
96;100;;;0;0,13;[178, 179, 181, 180];[(-20.569, 4.3), (-19.891, 4.3), (-19.891, 4.496), (-20.569, 4.496)]
97;100;;;0;1,63;[180, 181, 183, 182];[(-20.569, 4.496), (-19.891, 4.496), (-19.891, 6.898), (-20.569, 6.898)]
98;100;;;0;0,29;[182, 183, 185, 184];[(-20.569, 6.898), (-19.891, 6.898), (-19.891, 7.32), (-20.569, 7.32)]
99;100;;;0;4,14;[184, 185, 187, 186];[(-20.569, 7.32), (-19.891, 7.32), (-19.891, 13.424), (-20.569, 13.424)]
100;100;;;0;0,27;[186, 187, 189, 188];[(-20.569, 13.424), (-19.891, 13.424), (-19.891, 13.826), (-20.569, 13.826)]
101;100;;;0;4,74;[188, 189, 191, 190];[(-20.569, 13.826), (-19.891, 13.826), (-19.891, 20.824), (-20.569, 20.824)]
102;100;;;0;0,26;[190, 191, 193, 192];[(-20.569, 20.824), (-19.891, 20.824), (-19.891, 21.214), (-20.569, 21.214)]
103;100;;;0;4,55;[193, 195, 194, 192];[(-19.891, 21.214), (-19.891, 27.93), (-20.569, 27.93), (-20.569, 21.214)]
104;100;;;0;0,50;[194, 195, 285, 197, 218, 196];[(-20.569, 27.93), (-19.891, 27.93), (-19.891, 28.238), (-19.891, 28.664), (-20.031, 28.664), (-20.569, 28.664)]
105;100;;;0;0,56;[194, 196, 199, 198];[(-20.569, 27.93), (-20.569, 28.664), (-21.331, 28.664), (-21.331, 27.93)]
106;100;;;0;0,30;[198, 199, 201, 200];[(-21.331, 27.93), (-21.331, 28.664), (-21.74, 28.664), (-21.74, 27.93)]
107;100;;;0;1,88;[200, 201, 203, 202];[(-21.74, 27.93), (-21.74, 28.664), (-24.308, 28.664), (-24.308, 27.93)]
108;100;;;0;0,52;[202, 203, 205, 204];[(-24.308, 27.93), (-24.308, 28.664), (-25.013, 28.664), (-25.013, 27.93)]
109;100;;;0;5,91;[203, 936, 2, 3, 205];[(-24.308, 28.664), (-24.303, 32.756), (-24.294, 36.837), (-25.038, 36.837), (-25.013, 28.664)]
110;100;;;0;0,87;[199, 217, 216, 201];[(-21.331, 28.664), (-21.325, 30.792), (-21.737, 30.792), (-21.74, 28.664)]
111;100;;;0;1,55;[7, 5, 206, 207];[(-21.325, 36.837), (-21.737, 36.837), (-21.737, 33.061), (-21.325, 33.061)]
112;100;;;0;0,06;[207, 206, 208, 209];[(-21.325, 33.061), (-21.737, 33.061), (-21.737, 32.925), (-21.325, 32.925)]
113;100;;;0;0,20;[209, 208, 935, 210, 211];[(-21.325, 32.925), (-21.737, 32.925), (-21.737, 32.756), (-21.737, 32.446), (-21.325, 32.446)]
114;1;;;0;0,53;[211, 210, 212, 213];[(-21.325, 32.446), (-21.737, 32.446), (-21.737, 31.159), (-21.325, 31.159)]
115;100;;;0;0,10;[213, 212, 214, 215];[(-21.325, 31.159), (-21.737, 31.159), (-21.737, 30.91), (-21.325, 30.91)]
116;100;;;0;0,05;[215, 214, 216, 217];[(-21.325, 30.91), (-21.737, 30.91), (-21.737, 30.792), (-21.325, 30.792)]
117;100;;;0;0,15;[218, 197, 219, 220];[(-20.031, 28.664), (-19.891, 28.664), (-19.891, 29.712), (-20.031, 29.712)]
118;100;;;0;0,02;[220, 219, 221, 222];[(-20.031, 29.712), (-19.891, 29.712), (-19.891, 29.841), (-20.031, 29.841)]
119;100;;;0;0,13;[222, 221, 223, 224];[(-20.031, 29.841), (-19.891, 29.841), (-19.891, 30.774), (-20.031, 30.774)]
120;100;;;0;0,02;[224, 223, 225, 226];[(-20.031, 30.774), (-19.891, 30.774), (-19.891, 30.91), (-20.031, 30.91)]
121;100;;;0;0,08;[221, 219, 227, 228];[(-19.891, 29.841), (-19.891, 29.712), (-19.299, 29.712), (-19.299, 29.841)]
122;3;;;0;0,10;[228, 227, 229, 230];[(-19.299, 29.841), (-19.299, 29.712), (-18.51, 29.712), (-18.51, 29.841)]
123;100;;;0;0,01;[230, 229, 231, 232];[(-18.51, 29.841), (-18.51, 29.712), (-18.428, 29.712), (-18.428, 29.841)]
124;100;;;0;0,03;[232, 231, 233, 234];[(-18.428, 29.841), (-18.428, 29.712), (-18.231, 29.712), (-18.231, 29.841)]
125;100;;;0;0,01;[224, 226, 236, 235];[(-20.031, 30.774), (-20.031, 30.91), (-20.127, 30.91), (-20.127, 30.774)]
126;1;;;0;0,11;[235, 236, 238, 237];[(-20.127, 30.774), (-20.127, 30.91), (-20.916, 30.91), (-20.916, 30.774)]
127;100;;;0;0,05;[217, 237, 238, 215];[(-21.325, 30.792), (-20.916, 30.774), (-20.916, 30.91), (-21.325, 30.91)]
128;100;;;0;0,21;[207, 209, 240, 239];[(-21.325, 33.061), (-21.325, 32.925), (-19.787, 32.925), (-19.787, 33.061)]
129;1;;;0;0,12;[239, 240, 242, 241];[(-19.787, 33.061), (-19.787, 32.925), (-18.888, 32.925), (-18.888, 33.061)]
130;100;;;0;0,13;[241, 242, 244, 243];[(-18.888, 33.061), (-18.888, 32.925), (-17.936, 32.925), (-17.936, 33.061)]
131;100;;;0;0,02;[243, 244, 246, 245];[(-17.936, 33.061), (-17.936, 32.925), (-17.8, 32.925), (-17.8, 33.061)]
132;100;;;0;0,31;[245, 246, 248, 247];[(-17.8, 33.061), (-17.8, 32.925), (-15.523, 32.925), (-15.523, 33.061)]
133;1;;;0;0,12;[247, 248, 250, 249];[(-15.523, 33.061), (-15.523, 32.925), (-14.666, 32.925), (-14.666, 33.061)]
134;100;;;0;0,04;[249, 250, 252, 251];[(-14.666, 33.061), (-14.666, 32.925), (-14.384, 32.925), (-14.384, 33.061)]
135;100;;;0;0,06;[251, 252, 254, 253];[(-14.384, 33.061), (-14.384, 32.925), (-13.949, 32.925), (-13.949, 33.061)]
136;100;;;0;0,12;[253, 254, 256, 255];[(-13.949, 33.061), (-13.949, 32.925), (-13.071, 32.925), (-13.071, 33.061)]
137;1;;;0;0,12;[255, 256, 258, 257];[(-13.071, 33.061), (-13.071, 32.925), (-12.214, 32.925), (-12.214, 33.061)]
138;100;;;0;0,14;[257, 258, 260, 259];[(-12.214, 33.061), (-12.214, 32.925), (-11.193, 32.925), (-11.193, 33.061)]
139;100;;;0;0,02;[259, 260, 262, 261];[(-11.193, 33.061), (-11.193, 32.925), (-11.009, 32.925), (-11.009, 33.061)]
140;100;;;0;0,12;[261, 262, 264, 263];[(-11.009, 33.061), (-11.009, 32.925), (-10.097, 32.925), (-10.097, 33.061)]
141;1;;;0;0,11;[263, 264, 266, 265];[(-10.097, 33.061), (-10.097, 32.925), (-9.281, 32.925), (-9.281, 33.061)]
142;100;;;0;0,15;[265, 266, 268, 267];[(-9.281, 33.061), (-9.281, 32.925), (-8.165, 32.925), (-8.165, 33.061)]
143;100;;;0;0,05;[267, 268, 270, 269];[(-8.165, 33.061), (-8.165, 32.925), (-7.811, 32.925), (-7.811, 33.061)]
144;100;;;0;0,30;[969, 272, 970, 971];[(-5.613, 34.403), (-5.613, 34.206), (-4.103, 34.206), (-4.103, 34.403)]
145;100;;;0;0,27;[274, 273, 272, 271];[(-5.797, 32.743), (-5.613, 32.743), (-5.613, 34.206), (-5.797, 34.206)]
146;100;;;0;0,04;[271, 272, 969, 968];[(-5.797, 34.206), (-5.613, 34.206), (-5.613, 34.403), (-5.797, 34.403)]
147;100;;;0;0,00;[32, 283, 281, 278, 277, 33];[(-2.014, 28.648), (-4.586, 28.664), (-5.239, 28.664), (-5.613, 28.664), (-5.797, 28.664), (-1.299, 28.648)]
148;100;;;0;0,53;[993, 990, 277, 278];[(-5.613, 31.553), (-5.797, 31.553), (-5.797, 28.664), (-5.613, 28.664)]
149;100;;;0;0,08;[278, 277, 279, 280];[(-5.613, 28.664), (-5.797, 28.664), (-5.797, 28.25), (-5.613, 28.25)]
150;100;;;0;0,15;[278, 280, 282, 281];[(-5.613, 28.664), (-5.613, 28.25), (-5.239, 28.25), (-5.239, 28.664)]
151;100;;;0;0,27;[281, 282, 284, 283];[(-5.239, 28.664), (-5.239, 28.25), (-4.586, 28.25), (-4.586, 28.664)]
152;100;;;0;1,06;[32, 283, 284, 34];[(-2.014, 28.648), (-4.586, 28.664), (-4.586, 28.25), (-2.014, 28.235)]
153;8;207;;0;13,98;[30, 981, 980, 276, 992, 993, 278, 281, 283, 32];[(-2.014, 32.543), (-3.96, 32.538), (-4.103, 32.538), (-5.613, 32.545), (-5.613, 32.31), (-5.613, 31.553), (-5.613, 28.664), (-5.239, 28.664), (-4.586, 28.664), (-2.014, 28.648)]
154;100;;;0;0,40;[984, 267, 269, 985];[(-8.169, 34.189), (-8.165, 33.061), (-7.811, 33.061), (-7.811, 34.189)]
155;100;;;0;0,67;[17, 259, 261, 19];[(-11.186, 36.837), (-11.193, 33.061), (-11.009, 33.061), (-11.016, 36.837)]
156;100;;;0;1,59;[13, 251, 253, 15];[(-14.378, 36.837), (-14.384, 33.061), (-13.949, 33.061), (-13.969, 36.837)]
157;100;;;0;0,53;[9, 243, 245, 11];[(-17.943, 36.837), (-17.936, 33.061), (-17.8, 33.061), (-17.8, 36.837)]
158;100;;;0;0,61;[285, 287, 286, 197];[(-19.891, 28.238), (-18.46, 28.238), (-18.46, 28.664), (-19.891, 28.664)]
159;100;;;0;0,10;[286, 287, 289, 288];[(-18.46, 28.664), (-18.46, 28.238), (-18.235, 28.238), (-18.235, 28.664)]
160;100;;;0;0,46;[289, 291, 290, 288];[(-18.235, 28.238), (-17.164, 28.238), (-17.164, 28.664), (-18.235, 28.664)]
161;100;;;0;0,03;[348, 342, 340, 349];[(-16.962, 30.642), (-16.968, 30.774), (-17.172, 30.774), (-17.164, 30.642)]
162;100;;;0;0,27;[290, 294, 292, 295];[(-17.164, 28.664), (-16.962, 28.664), (-16.962, 29.98), (-17.164, 29.98)]
163;100;;;0;0,07;[296, 297, 299, 298];[(-15.605, 28.664), (-15.605, 28.238), (-15.434, 28.238), (-15.434, 28.664)]
164;100;;;0;0,45;[298, 299, 301, 300];[(-15.434, 28.664), (-15.434, 28.238), (-14.371, 28.238), (-14.371, 28.664)]
165;100;;;0;0,17;[300, 301, 303, 302];[(-14.371, 28.664), (-14.371, 28.238), (-13.965, 28.238), (-13.965, 28.664)]
166;100;;;0;2,47;[303, 305, 304, 302];[(-13.965, 28.238), (-8.181, 28.238), (-8.181, 28.664), (-13.965, 28.664)]
167;100;;;0;0,17;[304, 305, 307, 306];[(-8.181, 28.664), (-8.181, 28.238), (-7.793, 28.238), (-7.793, 28.664)]
168;100;;;0;0,20;[306, 307, 309, 308];[(-7.793, 28.664), (-7.793, 28.238), (-7.325, 28.238), (-7.325, 28.664)]
169;1;;;0;0,60;[308, 309, 311, 310];[(-7.325, 28.664), (-7.325, 28.238), (-5.923, 28.238), (-5.923, 28.664)]
170;100;;;0;0,05;[277, 310, 311, 279];[(-5.797, 28.664), (-5.923, 28.664), (-5.923, 28.238), (-5.797, 28.25)]
171;19;;Трибуны;0;0,78;[843, 844, 1852, 1851, 841, 839];[(-24.886, -30.469), (-24.743, -30.469), (-23.787, -30.469), (-23.787, -30.095), (-25.875, -30.095), (-25.875, -30.469)]
172;100;;;0;0,05;[312, 313, 315, 314];[(-8.181, 30.776), (-7.793, 30.776), (-7.793, 30.917), (-8.181, 30.917)]
173;100;;;0;0,17;[314, 315, 317, 316];[(-8.181, 30.917), (-7.793, 30.917), (-7.793, 31.345), (-8.181, 31.345)]
174;1;;;0;0,51;[316, 317, 319, 318];[(-8.181, 31.345), (-7.793, 31.345), (-7.793, 32.65), (-8.181, 32.65)]
175;100;;;0;0,10;[268, 318, 319, 270];[(-8.165, 32.925), (-8.181, 32.65), (-7.793, 32.65), (-7.811, 32.925)]
176;100;;;0;0,07;[254, 252, 320, 321];[(-13.949, 32.925), (-14.384, 32.925), (-14.384, 32.772), (-13.949, 32.772)]
177;1;;;0;0,72;[321, 320, 322, 323];[(-13.949, 32.772), (-14.384, 32.772), (-14.384, 31.114), (-13.949, 31.114)]
178;100;;;0;0,08;[323, 322, 324, 325];[(-13.949, 31.114), (-14.384, 31.114), (-14.384, 30.922), (-13.949, 30.922)]
179;100;;;0;0,07;[325, 324, 326, 327];[(-13.949, 30.922), (-14.384, 30.922), (-14.384, 30.769), (-13.949, 30.769)]
180;100;;;0;0,48;[327, 326, 328, 329];[(-13.949, 30.769), (-14.384, 30.769), (-14.384, 29.668), (-13.949, 29.668)]
181;2;;;0;0,36;[329, 328, 330, 331];[(-13.949, 29.668), (-14.384, 29.668), (-14.384, 28.845), (-13.949, 28.845)]
182;100;;;0;0,08;[302, 331, 330, 300];[(-13.965, 28.664), (-13.949, 28.845), (-14.384, 28.845), (-14.371, 28.664)]
183;100;;;0;0,08;[225, 223, 332, 333];[(-19.891, 30.91), (-19.891, 30.774), (-19.303, 30.774), (-19.303, 30.91)]
184;1;;;0;0,11;[333, 332, 334, 335];[(-19.303, 30.91), (-19.303, 30.774), (-18.511, 30.774), (-18.511, 30.91)]
185;100;;;0;0,01;[335, 334, 336, 337];[(-18.511, 30.91), (-18.511, 30.774), (-18.446, 30.774), (-18.446, 30.91)]
186;100;;;0;0,03;[337, 336, 338, 339];[(-18.446, 30.91), (-18.446, 30.774), (-18.242, 30.774), (-18.242, 30.91)]
187;100;;;0;0,03;[341, 340, 342, 343];[(-17.172, 30.91), (-17.172, 30.774), (-16.968, 30.774), (-16.968, 30.91)]
188;100;;;0;0,18;[343, 342, 344, 345];[(-16.968, 30.91), (-16.968, 30.774), (-15.612, 30.774), (-15.612, 30.91)]
189;100;;;0;0,02;[345, 344, 346, 347];[(-15.612, 30.91), (-15.612, 30.774), (-15.441, 30.774), (-15.441, 30.91)]
190;100;;;0;0,15;[324, 347, 346, 326];[(-14.384, 30.922), (-15.441, 30.91), (-15.441, 30.774), (-14.384, 30.769)]
191;100;;;0;0,85;[327, 312, 314, 325];[(-13.949, 30.769), (-8.181, 30.776), (-8.181, 30.917), (-13.949, 30.922)]
192;1;;;0;9,07;[760, 884, 886, 41, 748, 114];[(-20.348, -48.513), (-20.285, -45.664), (-20.285, -45.466), (-20.285, -44.476), (-21.797, -44.461), (-23.298, -48.513)]
193;100;;;0;0,19;[234, 338, 336, 232];[(-18.231, 29.841), (-18.242, 30.774), (-18.446, 30.774), (-18.428, 29.841)]
194;100;;;0;0,22;[231, 286, 288, 233];[(-18.428, 29.712), (-18.46, 28.664), (-18.235, 28.664), (-18.231, 29.712)]
195;1;;;0;0,13;[295, 292, 348, 349];[(-17.164, 29.98), (-16.962, 29.98), (-16.962, 30.642), (-17.164, 30.642)]
196;100;;;0;0,36;[298, 346, 344, 296];[(-15.434, 28.664), (-15.441, 30.774), (-15.612, 30.774), (-15.605, 28.664)]
197;1;;;0;1,03;[379, 362, 381, 378];[(-5.012, 22.24), (-5.012, 22.705), (-7.763, 21.081), (-7.763, 20.802)]
198;1;;;0;0,52;[350, 351, 353, 352];[(-8.175, 26.384), (-7.759, 26.384), (-7.759, 27.646), (-8.175, 27.646)]
199;100;;;0;0,24;[305, 352, 353, 307];[(-8.181, 28.238), (-8.175, 27.646), (-7.759, 27.646), (-7.793, 28.238)]
200;1;;;0;2,34;[379, 366, 364, 363];[(-5.012, 22.24), (-5.782, 13.823), (-5.651, 13.823), (-4.586, 22.24)]
201;100;;;0;0,11;[284, 282, 354, 355];[(-4.586, 28.25), (-5.239, 28.25), (-5.239, 28.081), (-4.586, 28.081)]
202;1;;;0;0,84;[355, 354, 356, 357, 938];[(-4.586, 28.081), (-5.239, 28.081), (-5.239, 26.797), (-4.586, 26.797), (-4.586, 26.897)]
203;100;;;0;0,06;[357, 356, 358, 360, 359];[(-4.586, 26.797), (-5.239, 26.797), (-5.239, 26.712), (-5.012, 26.712), (-4.586, 26.712)]
204;100;;;0;1,71;[359, 360, 362, 361, 939];[(-4.586, 26.712), (-5.012, 26.712), (-5.012, 22.705), (-4.586, 22.705), (-4.586, 23.899)]
205;100;;;0;0,20;[361, 362, 379, 363];[(-4.586, 22.705), (-5.012, 22.705), (-5.012, 22.24), (-4.586, 22.24)]
206;100;;;0;1,18;[363, 38, 36, 361];[(-4.586, 22.24), (-2.014, 22.249), (-2.014, 22.698), (-4.586, 22.705)]
207;1;;;0;17,97;[379, 378, 996, 997, 998, 999, 372, 370, 368, 366];[(-5.012, 22.24), (-7.763, 20.802), (-7.765, 20.322), (-7.768, 19.044), (-7.769, 15.191), (-7.772, 13.912), (-7.772, 13.823), (-7.494, 13.823), (-6.23, 13.823), (-5.782, 13.823)]
208;100;;;0;1,50;[364, 365, 44, 42];[(-5.651, 13.823), (-5.651, 13.409), (-2.014, 13.422), (-2.014, 13.831)]
209;100;;;0;0,05;[365, 364, 366, 367];[(-5.651, 13.409), (-5.651, 13.823), (-5.782, 13.823), (-5.782, 13.409)]
210;100;;;0;0,19;[367, 366, 368, 369];[(-5.782, 13.409), (-5.782, 13.823), (-6.23, 13.823), (-6.23, 13.409)]
211;1;;;0;0,52;[369, 368, 370, 371];[(-6.23, 13.409), (-6.23, 13.823), (-7.494, 13.823), (-7.494, 13.409)]
212;100;;;0;0,12;[371, 370, 372, 373];[(-7.494, 13.409), (-7.494, 13.823), (-7.772, 13.823), (-7.772, 13.409)]
213;100;;;0;0,17;[373, 372, 374, 375];[(-7.772, 13.409), (-7.772, 13.823), (-8.18, 13.823), (-8.18, 13.409)]
214;100;;;0;4,78;[374, 189, 187, 375];[(-8.18, 13.823), (-19.891, 13.826), (-19.891, 13.424), (-8.18, 13.409)]
215;100;;;0;4,73;[191, 376, 380, 377, 193];[(-19.891, 20.824), (-8.171, 20.802), (-8.171, 21.081), (-8.171, 21.219), (-19.891, 21.214)]
216;100;;;0;0,11;[380, 376, 378, 381];[(-8.171, 21.081), (-8.171, 20.802), (-7.763, 20.802), (-7.763, 21.081)]
217;1;;;0;17,12;[362, 360, 356, 354, 282, 280, 279, 311, 309, 307, 353, 351, 1004, 1005, 381];[(-5.012, 22.705), (-5.012, 26.712), (-5.239, 26.797), (-5.239, 28.081), (-5.239, 28.25), (-5.613, 28.25), (-5.797, 28.25), (-5.923, 28.238), (-7.325, 28.238), (-7.793, 28.238), (-7.759, 27.646), (-7.759, 26.384), (-7.762, 22.601), (-7.763, 21.268), (-7.763, 21.081)]
218;1;;;0;11,95;[389, 1008, 415, 413, 411, 409, 407, 403, 401, 399, 395, 386];[(-5.012, 4.802), (-5.012, 6.965), (-7.766, 6.91), (-7.766, 6.632), (-7.766, 5.336), (-7.766, 4.496), (-7.766, 4.286), (-7.766, 2.532), (-7.432, 2.532), (-6.116, 2.532), (-5.186, 2.532), (-5.012, 4.645)]
219;1;;;0;0,14;[384, 385, 382, 383];[(-3.866, 4.802), (-3.866, 4.645), (-3.003, 4.645), (-3.003, 4.802)]
220;100;;;0;0,15;[57, 383, 382, 50];[(-2.014, 4.788), (-3.003, 4.802), (-3.003, 4.645), (-2.014, 4.651)]
221;100;;;0;0,02;[388, 389, 386, 387];[(-4.855, 4.802), (-5.012, 4.802), (-5.012, 4.645), (-4.855, 4.645)]
222;1;;;0;1,08;[1009, 417, 415, 1008];[(-5.012, 7.334), (-7.766, 7.324), (-7.766, 6.91), (-5.012, 6.965)]
223;100;;;0;0,03;[393, 392, 391, 390];[(-4.855, 10.201), (-4.855, 10.367), (-5.012, 10.367), (-5.012, 10.201)]
224;100;;;0;0,12;[54, 55, 53, 52];[(-1.299, 10.367), (-2.014, 10.367), (-2.014, 10.201), (-1.299, 10.201)]
225;100;;;0;0,15;[394, 395, 397, 396];[(-4.676, 2.532), (-5.186, 2.532), (-5.186, 2.124), (-4.96, 2.124)]
226;100;;;0;1,16;[398, 60, 58, 394, 396];[(-4.483, 2.124), (-2.014, 2.119), (-2.014, 2.536), (-4.676, 2.532), (-4.96, 2.124)]
227;100;;;0;0,38;[397, 395, 399, 400];[(-5.186, 2.124), (-5.186, 2.532), (-6.116, 2.532), (-6.116, 2.124)]
228;1;;;0;0,54;[400, 399, 401, 402];[(-6.116, 2.124), (-6.116, 2.532), (-7.432, 2.532), (-7.432, 2.124)]
229;100;;;0;0,14;[402, 401, 403, 404];[(-7.432, 2.124), (-7.432, 2.532), (-7.766, 2.532), (-7.766, 2.124)]
230;100;;;0;0,17;[404, 403, 405, 1050, 406];[(-7.766, 2.124), (-7.766, 2.532), (-8.175, 2.532), (-8.175, 2.296), (-8.175, 2.124)]
231;100;;;0;0,72;[405, 403, 407, 408];[(-8.175, 2.532), (-7.766, 2.532), (-7.766, 4.286), (-8.175, 4.286)]
232;100;;;0;0,09;[408, 407, 409, 410];[(-8.175, 4.286), (-7.766, 4.286), (-7.766, 4.496), (-8.175, 4.496)]
233;100;;;0;0,34;[410, 409, 411, 412];[(-8.175, 4.496), (-7.766, 4.496), (-7.766, 5.336), (-8.175, 5.336)]
234;1;;;0;0,53;[412, 411, 413, 414];[(-8.175, 5.336), (-7.766, 5.336), (-7.766, 6.632), (-8.175, 6.632)]
235;100;;;0;0,11;[414, 413, 415, 416];[(-8.175, 6.632), (-7.766, 6.632), (-7.766, 6.91), (-8.175, 6.91)]
236;100;;;0;0,17;[416, 415, 417, 418];[(-8.175, 6.91), (-7.766, 6.91), (-7.766, 7.324), (-8.175, 7.324)]
237;100;;;0;1,77;[418, 417, 419, 420];[(-8.175, 7.324), (-7.766, 7.324), (-7.766, 11.663), (-8.175, 11.663)]
238;1;;;0;0,53;[420, 419, 421, 422];[(-8.175, 11.663), (-7.766, 11.663), (-7.766, 12.95), (-8.175, 12.95)]
239;100;;;0;0,19;[375, 422, 421, 373];[(-8.18, 13.409), (-8.175, 12.95), (-7.766, 12.95), (-7.772, 13.409)]
240;1;;;0;0,70;[387, 386, 395, 394];[(-4.855, 4.645), (-5.012, 4.645), (-5.186, 2.532), (-4.676, 2.532)]
241;1;;;0;0,44;[367, 391, 392, 365];[(-5.782, 13.409), (-5.012, 10.367), (-4.855, 10.367), (-5.651, 13.409)]
242;1;;;0;5,81;[58, 50, 382, 385, 387, 394];[(-2.014, 2.536), (-2.014, 4.651), (-3.003, 4.645), (-3.866, 4.645), (-4.855, 4.645), (-4.676, 2.532)]
243;100;;;0;2,40;[1053, 185, 183, 1054];[(-14.18, 7.322), (-19.891, 7.32), (-19.891, 6.898), (-14.18, 6.904)]
244;100;;;0;0,09;[404, 406, 423, 424];[(-7.766, 2.124), (-8.175, 2.124), (-8.175, 1.896), (-7.766, 1.896)]
245;100;;;0;0,79;[423, 425, 426, 424];[(-8.175, 1.896), (-8.175, -0.032), (-7.766, -0.032), (-7.766, 1.896)]
246;100;;;0;0,08;[426, 425, 427, 428];[(-7.766, -0.032), (-8.175, -0.032), (-8.175, -0.233), (-7.766, -0.233)]
247;100;;;0;1,23;[427, 429, 430, 428];[(-8.175, -0.233), (-8.175, -3.243), (-7.766, -3.243), (-7.766, -0.233)]
248;100;;;0;0,25;[429, 432, 433, 434, 431, 430];[(-8.175, -3.243), (-8.175, -3.695), (-8.175, -3.865), (-7.766, -3.865), (-7.766, -3.416), (-7.766, -3.243)]
249;100;;;0;0,20;[436, 435, 437, 438];[(-4.483, -3.421), (-4.96, -3.421), (-4.96, -3.845), (-4.483, -3.845)]
250;100;;;0;1,05;[436, 438, 440, 439];[(-4.483, -3.421), (-4.483, -3.845), (-2.014, -3.845), (-2.014, -3.421)]
251;100;;;0;0,30;[439, 440, 442, 441];[(-2.014, -3.421), (-2.014, -3.845), (-1.294, -3.845), (-1.294, -3.421)]
252;100;;;0;0,28;[437, 435, 443, 444];[(-4.96, -3.845), (-4.96, -3.421), (-5.629, -3.421), (-5.629, -3.845)]
253;100;;;0;0,07;[444, 443, 445, 446];[(-5.629, -3.845), (-5.629, -3.421), (-5.801, -3.421), (-5.801, -3.845)]
254;100;;;0;0,13;[446, 445, 447, 448];[(-5.801, -3.845), (-5.801, -3.421), (-6.119, -3.421), (-6.119, -3.845)]
255;1;;;0;0,56;[448, 447, 449, 450];[(-6.119, -3.845), (-6.119, -3.421), (-7.434, -3.421), (-7.434, -3.845)]
256;100;;;0;0,15;[434, 450, 449, 431];[(-7.766, -3.865), (-7.434, -3.845), (-7.434, -3.421), (-7.766, -3.416)]
257;100;;;0;1,69;[442, 440, 451, 452];[(-1.294, -3.845), (-2.014, -3.845), (-2.014, -6.198), (-1.294, -6.198)]
258;100;;;0;0,26;[452, 451, 453, 454];[(-1.294, -6.198), (-2.014, -6.198), (-2.014, -6.554), (-1.294, -6.554)]
259;100;;;0;1,17;[454, 453, 455, 456];[(-1.294, -6.554), (-2.014, -6.554), (-2.014, -8.183), (-1.294, -8.183)]
260;100;;;0;0,33;[456, 455, 457, 458];[(-1.294, -8.183), (-2.014, -8.183), (-2.014, -8.636), (-1.294, -8.636)]
261;100;;;0;0,16;[463, 464, 462, 461];[(-3.452, -12.226), (-3.452, -11.075), (-3.59, -11.075), (-3.59, -12.226)]
262;100;;;0;0,06;[460, 534, 533, 459];[(-3.457, -8.183), (-3.593, -8.183), (-3.593, -8.627), (-3.457, -8.628)]
263;100;;;0;1,97;[457, 465, 466, 458];[(-2.014, -8.636), (-2.014, -11.075), (-1.294, -11.672), (-1.294, -8.636)]
264;100;;;0;1,66;[467, 465, 464, 463];[(-2.014, -12.226), (-2.014, -11.075), (-3.452, -11.075), (-3.452, -12.226)]
265;100;;;0;0,61;[466, 465, 467, 468];[(-1.294, -11.672), (-2.014, -11.075), (-2.014, -12.226), (-1.294, -12.226)]
266;100;;;0;2,56;[466, 468, 470, 469];[(-1.294, -11.672), (-1.294, -12.226), (3.328, -12.226), (3.328, -11.672)]
267;100;;;0;0,08;[469, 470, 472, 471];[(3.328, -11.672), (3.328, -12.226), (3.464, -12.226), (3.464, -11.672)]
268;100;;;0;2,64;[471, 472, 474, 473];[(3.464, -11.672), (3.464, -12.226), (8.222, -12.226), (8.222, -11.672)]
269;100;;;0;3,06;[63, 62, 473, 475];[(13.787, -12.219), (13.787, -11.672), (8.222, -11.672), (8.222, -12.226)]
270;100;;;0;11,43;[461, 462, 477, 476];[(-3.59, -12.226), (-3.59, -11.075), (-13.52, -11.075), (-13.52, -12.226)]
271;100;;;0;5,92;[478, 479, 932, 481, 480];[(-13.696, -12.226), (-13.696, -11.075), (-15.054, -11.075), (-18.842, -11.075), (-18.842, -12.226)]
272;1;;;0;0,97;[480, 481, 483, 482];[(-18.842, -12.226), (-18.842, -11.075), (-19.686, -11.075), (-19.686, -12.226)]
273;100;;;0;0,15;[482, 483, 485, 484];[(-19.686, -12.226), (-19.686, -11.075), (-19.814, -11.075), (-19.814, -12.226)]
274;100;;;0;0,09;[484, 485, 487, 486];[(-19.814, -12.226), (-19.814, -11.075), (-19.892, -11.075), (-19.892, -12.226)]
275;100;;;0;0,78;[486, 487, 489, 490, 488];[(-19.892, -12.226), (-19.892, -11.075), (-20.568, -11.075), (-20.568, -11.65), (-20.568, -12.226)]
276;100;;;0;1,72;[487, 165, 163, 489];[(-19.892, -11.075), (-19.891, -8.623), (-20.569, -8.451), (-20.568, -11.075)]
277;100;;;0;0,64;[488, 490, 492, 491];[(-20.568, -12.226), (-20.568, -11.65), (-21.675, -11.65), (-21.675, -12.226)]
278;100;;;0;0,12;[491, 492, 494, 493];[(-21.675, -12.226), (-21.675, -11.65), (-21.891, -11.65), (-21.891, -12.226)]
279;100;;;0;0,36;[493, 494, 496, 495];[(-21.891, -12.226), (-21.891, -11.65), (-22.518, -11.65), (-22.518, -12.226)]
280;100;;;0;0,73;[495, 496, 498, 497];[(-22.518, -12.226), (-22.518, -11.65), (-23.782, -11.65), (-23.782, -12.226)]
281;100;;;0;0,61;[497, 498, 499, 500];[(-23.782, -12.226), (-23.782, -11.65), (-24.85, -11.65), (-24.85, -12.226)]
282;100;;;0;0,34;[501, 504, 503, 502];[(-25.001, -11.657), (-25.317, -11.271), (-25.712, -11.672), (-25.549, -12.22)]
283;100;;;0;2,19;[504, 501, 161, 160];[(-25.317, -11.271), (-25.001, -11.657), (-21.878, -8.451), (-22.102, -8.009)]
284;100;;;0;0,30;[880, 879, 502, 503];[(-26.211, -12.179), (-25.879, -12.558), (-25.549, -12.22), (-25.712, -11.672)]
285;100;;;0;0,08;[479, 477, 505, 506];[(-13.696, -11.075), (-13.52, -11.075), (-13.52, -10.617), (-13.696, -10.617)]
286;1;;;0;0,23;[506, 505, 507, 508];[(-13.696, -10.617), (-13.52, -10.617), (-13.52, -9.331), (-13.696, -9.331)]
287;100;;;0;0,13;[508, 507, 509, 510];[(-13.696, -9.331), (-13.52, -9.331), (-13.52, -8.619), (-13.696, -8.619)]
288;100;;;0;0,08;[510, 509, 511, 512];[(-13.696, -8.619), (-13.52, -8.619), (-13.52, -8.183), (-13.696, -8.183)]
289;100;;;0;2,66;[165, 934, 933, 510, 512, 1103, 1104, 164];[(-19.891, -8.623), (-18.842, -8.622), (-15.054, -8.62), (-13.696, -8.619), (-13.696, -8.183), (-15.609, -8.188), (-15.78, -8.189), (-19.891, -8.199)]
290;100;;;0;0,93;[1115, 517, 518, 1116];[(-10.327, -8.619), (-8.188, -8.619), (-8.188, -8.183), (-10.327, -8.183)]
291;100;;;0;0,18;[514, 513, 1014, 1015];[(-15.388, 4.496), (-15.388, 4.3), (-14.494, 4.3), (-14.494, 4.496)]
292;100;;;0;0,73;[181, 179, 516, 515];[(-19.891, 4.496), (-19.891, 4.3), (-16.175, 4.3), (-16.175, 4.496)]
293;100;;;0;0,18;[518, 517, 519, 520];[(-8.188, -8.183), (-8.188, -8.619), (-7.771, -8.619), (-7.771, -8.183)]
294;100;;;0;0,13;[520, 519, 521, 522];[(-7.771, -8.183), (-7.771, -8.619), (-7.469, -8.619), (-7.469, -8.183)]
295;1;;;0;0,55;[522, 521, 523, 524];[(-7.469, -8.183), (-7.469, -8.619), (-6.203, -8.619), (-6.203, -8.183)]
296;100;;;0;0,18;[524, 523, 525, 526];[(-6.203, -8.183), (-6.203, -8.619), (-5.787, -8.619), (-5.787, -8.183)]
297;100;;;0;0,06;[526, 525, 527, 528];[(-5.787, -8.183), (-5.787, -8.619), (-5.64, -8.619), (-5.64, -8.183)]
298;100;;;0;0,20;[528, 527, 529, 530];[(-5.64, -8.183), (-5.64, -8.619), (-5.183, -8.619), (-5.183, -8.183)]
299;100;;;0;0,07;[530, 529, 531, 532];[(-5.183, -8.183), (-5.183, -8.619), (-5.011, -8.619), (-5.011, -8.183)]
300;100;;;0;0,62;[534, 532, 531, 533];[(-3.593, -8.183), (-5.011, -8.183), (-5.011, -8.619), (-3.593, -8.627)]
301;100;;;0;0,65;[455, 460, 459, 457];[(-2.014, -8.183), (-3.457, -8.183), (-3.457, -8.628), (-2.014, -8.636)]
302;2;;;0;3,52;[459, 538, 535, 464, 465, 457];[(-3.457, -8.628), (-3.457, -8.77), (-3.457, -9.513), (-3.452, -11.075), (-2.014, -11.075), (-2.014, -8.636)]
303;1;;;0;0,10;[538, 537, 536, 535];[(-3.457, -8.77), (-3.593, -8.769), (-3.593, -9.512), (-3.457, -9.513)]
304;100;;;0;0,02;[459, 533, 537, 538];[(-3.457, -8.628), (-3.593, -8.627), (-3.593, -8.769), (-3.457, -8.77)]
305;100;;;0;0,85;[539, 518, 520, 540];[(-8.181, -6.124), (-8.188, -8.183), (-7.771, -8.183), (-7.769, -6.124)]
306;100;;;0;0,07;[541, 539, 540, 542];[(-8.18, -5.947), (-8.181, -6.124), (-7.769, -6.124), (-7.768, -5.947)]
307;100;;;0;0,47;[1099, 541, 542, 1100];[(-8.177, -4.8), (-8.18, -5.947), (-7.768, -5.947), (-7.767, -4.8)]
308;100;;;0;0,52;[444, 446, 544, 543];[(-5.629, -3.845), (-5.801, -3.845), (-5.801, -6.89), (-5.629, -6.89)]
309;1;;;0;0,14;[543, 544, 546, 545];[(-5.629, -6.89), (-5.801, -6.89), (-5.801, -7.69), (-5.629, -7.69)]
310;100;;;0;0,08;[528, 545, 546, 526];[(-5.64, -8.183), (-5.629, -7.69), (-5.801, -7.69), (-5.787, -8.183)]
311;100;;;0;2,73;[145, 547, 548, 562, 559, 147];[(-39.998, -24.794), (-33.637, -24.794), (-33.637, -24.365), (-34.87, -24.365), (-38.782, -24.365), (-39.998, -24.365)]
312;100;;;0;0,17;[548, 547, 549, 550];[(-33.637, -24.365), (-33.637, -24.794), (-33.237, -24.794), (-33.237, -24.365)]
313;100;;;0;0,05;[548, 550, 552, 551];[(-33.637, -24.365), (-33.237, -24.365), (-33.237, -24.228), (-33.637, -24.228)]
314;1;;;0;0,52;[551, 552, 554, 553];[(-33.637, -24.228), (-33.237, -24.228), (-33.237, -22.921), (-33.637, -22.921)]
315;100;;;0;0,22;[553, 554, 556, 555];[(-33.637, -22.921), (-33.237, -22.921), (-33.237, -22.383), (-33.637, -22.383)]
316;100;;;0;0,05;[555, 556, 558, 557];[(-33.637, -22.383), (-33.237, -22.383), (-33.237, -22.259), (-33.637, -22.259)]
317;100;;;0;0,17;[155, 557, 558, 157];[(-33.629, -21.82), (-33.637, -22.259), (-33.237, -22.259), (-33.234, -21.82)]
318;100;;;0;0,64;[1222, 563, 564, 1223];[(-33.637, -34.159), (-33.637, -35.753), (-33.237, -35.753), (-33.237, -34.159)]
319;1;;;0;3,14;[561, 562, 548, 551, 553, 555, 557, 155, 153];[(-34.87, -21.82), (-34.87, -24.365), (-33.637, -24.365), (-33.637, -24.228), (-33.637, -22.921), (-33.637, -22.383), (-33.637, -22.259), (-33.629, -21.82), (-33.779, -21.82)]
320;1;;;0;3,09;[147, 559, 560, 149];[(-39.998, -24.365), (-38.782, -24.365), (-38.782, -21.82), (-39.998, -21.82)]
321;100;;;0;0,07;[564, 563, 565, 566];[(-33.237, -35.753), (-33.637, -35.753), (-33.637, -35.917), (-33.237, -35.917)]
322;7;;VIP зал;0;60,74;[131, 579, 577, 575, 565, 601, 599, 141];[(-39.998, -45.46), (-33.637, -45.46), (-33.637, -45.249), (-33.637, -44.381), (-33.637, -35.917), (-34.098, -35.91), (-35.035, -35.91), (-39.998, -35.91)]
323;3;;;0;0,12;[137, 138, 135, 136];[(-27.968, -31.352), (-27.826, -31.352), (-27.826, -30.473), (-27.968, -30.473)]
324;7;;Конференц зал;0;45,23;[1147, 1151, 1153, 866, 143, 600, 602, 563, 1222, 1220, 1181, 1179];[(-33.637, -28.659), (-34.425, -28.659), (-35.319, -28.659), (-39.998, -28.656), (-39.998, -35.769), (-35.035, -35.769), (-34.098, -35.769), (-33.637, -35.753), (-33.637, -34.159), (-33.637, -33.104), (-33.637, -29.071), (-33.637, -28.964)]
325;100;;;0;3,39;[565, 575, 576, 566];[(-33.637, -35.917), (-33.637, -44.381), (-33.237, -44.381), (-33.237, -35.917)]
326;8;;;0;23,41;[1145, 1154, 1152, 1150, 547, 145];[(-39.998, -28.479), (-35.319, -28.472), (-34.425, -28.472), (-33.637, -28.472), (-33.637, -24.794), (-39.998, -24.794)]
327;1;;;0;0,35;[576, 575, 577, 578];[(-33.237, -44.381), (-33.637, -44.381), (-33.637, -45.249), (-33.237, -45.249)]
328;100;;;0;0,08;[578, 577, 579, 580];[(-33.237, -45.249), (-33.637, -45.249), (-33.637, -45.46), (-33.237, -45.46)]
329;100;;;0;0,17;[580, 579, 581, 582];[(-33.237, -45.46), (-33.637, -45.46), (-33.637, -45.883), (-33.237, -45.883)]
330;100;;;0;0,20;[582, 581, 583, 584];[(-33.237, -45.883), (-33.637, -45.883), (-33.637, -46.377), (-33.237, -46.377)]
331;1;;;0;0,59;[584, 583, 585, 586];[(-33.237, -46.377), (-33.637, -46.377), (-33.637, -47.855), (-33.237, -47.855)]
332;100;;;0;0,26;[118, 586, 585, 120];[(-33.225, -48.513), (-33.237, -47.855), (-33.637, -47.855), (-33.606, -48.513)]
333;100;;;0;2,69;[129, 953, 954, 581, 579, 131];[(-39.998, -45.883), (-38.109, -45.883), (-34.96, -45.883), (-33.637, -45.883), (-33.637, -45.46), (-39.998, -45.46)]
334;100;;;0;0,33;[862, 1155, 1156, 860];[(-26.336, -24.652), (-26.334, -25.37), (-25.875, -25.37), (-25.875, -24.652)]
335;100;;;0;0,37;[588, 1155, 1158, 1157];[(-26.333, -25.573), (-26.334, -25.37), (-28.137, -25.37), (-28.136, -25.573)]
336;100;;;0;0,47;[588, 592, 591, 587];[(-26.333, -25.573), (-26.329, -26.601), (-25.875, -26.601), (-25.875, -25.573)]
337;100;;;0;0,07;[596, 594, 593, 595];[(-26.321, -28.428), (-26.321, -28.584), (-25.875, -28.584), (-25.875, -28.428)]
338;100;;;0;0,23;[597, 134, 594, 596];[(-27.826, -28.441), (-27.826, -28.592), (-26.321, -28.584), (-26.321, -28.428)]
339;100;;;0;0,29;[901, 900, 133, 598];[(-29.903, -28.438), (-29.903, -28.585), (-27.968, -28.592), (-27.968, -28.441)]
340;100;;;0;0,09;[592, 589, 590, 591];[(-26.329, -26.601), (-26.328, -26.797), (-25.875, -26.797), (-25.875, -26.601)]
341;100;;;0;0,70;[141, 599, 600, 143];[(-39.998, -35.91), (-35.035, -35.91), (-35.035, -35.769), (-39.998, -35.769)]
342;7;;;0;0,13;[600, 599, 601, 602];[(-35.035, -35.769), (-35.035, -35.91), (-34.098, -35.91), (-34.098, -35.769)]
343;100;;;0;0,07;[563, 602, 601, 565];[(-33.637, -35.753), (-34.098, -35.769), (-34.098, -35.91), (-33.637, -35.917)]
344;100;;;0;1,08;[106, 603, 604, 108];[(22.379, -48.513), (22.379, -45.863), (21.97, -45.863), (21.97, -48.513)]
345;1;;;0;10,57;[643, 642, 645, 710, 778, 776, 774, 925, 606, 608];[(21.97, -45.047), (21.97, -43.707), (21.97, -42.496), (21.965, -40.416), (21.709, -40.425), (19.713, -42.529), (19.435, -42.824), (17.983, -44.349), (21.97, -45.474), (21.97, -45.271)]
346;100;;;0;0,16;[604, 603, 605, 606];[(21.97, -45.863), (22.379, -45.863), (22.379, -45.474), (21.97, -45.474)]
347;100;;;0;0,08;[606, 605, 607, 608];[(21.97, -45.474), (22.379, -45.474), (22.379, -45.271), (21.97, -45.271)]
348;100;;;0;1,71;[605, 603, 950, 609, 610];[(22.379, -45.474), (22.379, -45.863), (24.379, -45.863), (26.765, -45.863), (26.765, -45.474)]
349;1;;;0;0,13;[612, 611, 1191, 1192];[(26.161, -33.736), (26.014, -33.736), (26.014, -34.598), (26.161, -34.598)]
350;100;;;0;0,03;[1194, 1193, 1195, 1196];[(26.161, -35.147), (26.014, -35.147), (26.014, -35.323), (26.161, -35.323)]
351;100;;;0;0,02;[614, 613, 615, 616];[(26.161, -19.812), (26.161, -19.653), (26.014, -19.653), (26.014, -19.812)]
352;100;;;0;0,58;[616, 615, 617, 618];[(26.014, -19.812), (26.014, -19.653), (22.384, -19.653), (22.384, -19.812)]
353;100;;;0;0,06;[618, 617, 619, 620];[(22.384, -19.812), (22.384, -19.653), (22.0, -19.653), (22.0, -19.812)]
354;100;;;0;0,40;[619, 617, 621, 622];[(22.0, -19.653), (22.384, -19.653), (22.384, -18.614), (22.0, -18.614)]
355;100;;;0;0,05;[622, 621, 623, 624];[(22.0, -18.614), (22.384, -18.614), (22.384, -18.484), (22.0, -18.484)]
356;100;;;0;0,03;[624, 623, 625, 626];[(22.0, -18.484), (22.384, -18.484), (22.384, -18.418), (22.0, -18.418)]
357;100;;;0;0,16;[626, 625, 627, 628];[(22.0, -18.418), (22.384, -18.418), (22.384, -17.994), (22.0, -17.994)]
358;100;;;0;1,70;[75, 628, 627, 76];[(21.977, -13.746), (22.0, -17.994), (22.384, -17.994), (22.392, -13.746)]
359;100;;;0;0,02;[623, 621, 629, 630];[(22.384, -18.484), (22.384, -18.614), (22.515, -18.614), (22.515, -18.484)]
360;1;;;0;0,10;[630, 629, 631, 632];[(22.515, -18.484), (22.515, -18.614), (23.29, -18.614), (23.29, -18.484)]
361;100;;;0;0,12;[632, 631, 633, 634];[(23.29, -18.484), (23.29, -18.614), (24.189, -18.614), (24.189, -18.484)]
362;100;;;0;0,02;[634, 633, 635, 636];[(24.189, -18.484), (24.189, -18.614), (24.336, -18.614), (24.336, -18.484)]
363;100;;;0;0,22;[635, 637, 638, 636];[(24.336, -18.614), (26.014, -18.614), (26.014, -18.484), (24.336, -18.484)]
364;1;;;0;0,15;[613, 639, 637, 615];[(26.161, -19.653), (26.159, -18.614), (26.014, -18.614), (26.014, -19.653)]
365;100;;;0;0,01;[638, 637, 639, 640];[(26.014, -18.484), (26.014, -18.614), (26.159, -18.614), (26.085, -18.48)]
366;100;;;0;0,23;[71, 640, 639, 78];[(27.206, -17.623), (26.085, -18.48), (26.159, -18.614), (27.328, -17.741)]
367;100;;;0;0,85;[927, 711, 710, 645];[(22.379, -42.496), (22.376, -40.416), (21.965, -40.416), (21.97, -42.496)]
368;100;;;0;0,50;[642, 641, 927, 645];[(21.97, -43.707), (22.379, -43.707), (22.379, -42.496), (21.97, -42.496)]
369;100;;;0;1,75;[620, 647, 646, 618];[(22.0, -19.812), (22.0, -24.381), (22.384, -24.381), (22.384, -19.812)]
370;100;;;0;0,15;[646, 647, 649, 648];[(22.384, -24.381), (22.0, -24.381), (22.0, -24.781), (22.384, -24.781)]
371;19;;;0;0,39;[649, 647, 650, 651];[(22.0, -24.781), (22.0, -24.381), (21.012, -24.381), (21.012, -24.781)]
372;19;;;0;0,06;[651, 650, 652, 653];[(21.012, -24.781), (21.012, -24.381), (20.86, -24.381), (20.86, -24.781)]
373;19;;;0;0,52;[653, 652, 654, 655];[(20.86, -24.781), (20.86, -24.381), (19.554, -24.381), (19.554, -24.781)]
374;100;;;0;1,48;[655, 654, 656, 657];[(19.554, -24.781), (19.554, -24.381), (15.851, -24.381), (15.851, -24.781)]
375;100;;;0;0,06;[657, 656, 658, 659];[(15.851, -24.781), (15.851, -24.381), (15.709, -24.381), (15.709, -24.781)]
376;100;;;0;0,84;[658, 656, 660, 661];[(15.709, -24.381), (15.851, -24.381), (15.851, -18.431), (15.709, -18.431)]
377;100;;;0;0,06;[661, 660, 662, 663];[(15.709, -18.431), (15.851, -18.431), (15.851, -17.996), (15.709, -17.996)]
378;100;;;0;0,82;[65, 663, 662, 67];[(15.702, -12.219), (15.709, -17.996), (15.851, -17.996), (15.843, -12.219)]
379;19;;;0;2,64;[660, 626, 628, 662];[(15.851, -18.431), (22.0, -18.418), (22.0, -17.994), (15.851, -17.996)]
380;100;;;0;0,02;[667, 666, 665, 664];[(26.161, -27.592), (26.014, -27.592), (26.014, -27.71), (26.161, -27.71)]
381;100;;;0;0,89;[664, 665, 611, 612];[(26.161, -27.71), (26.014, -27.71), (26.014, -33.736), (26.161, -33.736)]
382;1;;;0;0,12;[671, 670, 669, 668];[(26.161, -25.211), (26.014, -25.211), (26.014, -26.044), (26.161, -26.044)]
383;100;;;0;0,02;[672, 673, 670, 671];[(26.161, -25.054), (26.014, -25.054), (26.014, -25.211), (26.161, -25.211)]
384;100;;;0;0,09;[675, 674, 673, 672];[(26.161, -24.437), (26.014, -24.437), (26.014, -25.054), (26.161, -25.054)]
385;100;;;0;0,68;[614, 616, 674, 675];[(26.161, -19.812), (26.014, -19.812), (26.014, -24.437), (26.161, -24.437)]
386;100;;;0;1,04;[1211, 680, 682, 1212];[(21.981, -27.734), (21.965, -30.295), (22.376, -30.295), (22.38, -27.734)]
387;19;;;0;0,06;[676, 677, 679, 678];[(21.012, -30.295), (20.86, -30.295), (20.86, -30.695), (21.012, -30.695)]
388;19;;;0;0,38;[676, 678, 681, 680];[(21.012, -30.295), (21.012, -30.695), (21.965, -30.695), (21.965, -30.295)]
389;100;;;0;0,16;[680, 681, 683, 682];[(21.965, -30.295), (21.965, -30.695), (22.376, -30.695), (22.376, -30.295)]
390;100;;;0;1,64;[681, 684, 685, 683];[(21.965, -30.695), (21.965, -34.67), (22.376, -34.67), (22.376, -30.695)]
391;100;;;0;0,17;[685, 684, 686, 687];[(22.376, -34.67), (21.965, -34.67), (21.965, -35.078), (22.376, -35.078)]
392;19;;;0;2,49;[684, 688, 689, 686];[(21.965, -34.67), (15.854, -34.67), (15.854, -35.078), (21.965, -35.078)]
393;100;;;0;0,06;[689, 688, 690, 691];[(15.854, -35.078), (15.854, -34.67), (15.698, -34.67), (15.698, -35.078)]
394;100;;;0;0,62;[690, 688, 692, 693];[(15.698, -34.67), (15.854, -34.67), (15.854, -30.696), (15.698, -30.696)]
395;100;;;0;0,06;[693, 692, 694, 695];[(15.698, -30.696), (15.854, -30.696), (15.854, -30.288), (15.698, -30.288)]
396;100;;;0;2,02;[677, 694, 692, 679];[(20.86, -30.295), (15.854, -30.288), (15.854, -30.696), (20.86, -30.695)]
397;100;;;0;0,28;[695, 694, 696, 697];[(15.698, -30.288), (15.854, -30.288), (15.854, -28.484), (15.698, -28.484)]
398;100;;;0;0,05;[697, 696, 698, 699];[(15.698, -28.484), (15.854, -28.484), (15.854, -28.178), (15.698, -28.178)]
399;100;;;0;1,13;[698, 696, 700, 701];[(15.854, -28.178), (15.854, -28.484), (19.556, -28.484), (19.556, -28.178)]
400;100;;;0;0,25;[657, 659, 703, 702];[(15.851, -24.781), (15.709, -24.781), (15.709, -26.557), (15.851, -26.557)]
401;100;;;0;0,04;[702, 703, 705, 704];[(15.851, -26.557), (15.709, -26.557), (15.709, -26.87), (15.851, -26.87)]
402;100;;;0;1,16;[702, 704, 707, 706];[(15.851, -26.557), (15.851, -26.87), (19.559, -26.87), (19.559, -26.557)]
403;100;;;0;1,86;[687, 686, 790, 708, 709, 1205, 1206, 1208, 1207];[(22.376, -35.078), (21.965, -35.078), (21.965, -39.437), (21.965, -39.593), (22.376, -39.593), (22.376, -39.369), (22.376, -39.178), (22.376, -35.316), (22.376, -35.153)]
404;100;;;0;0,34;[709, 708, 710, 711];[(22.376, -39.593), (21.965, -39.593), (21.965, -40.416), (22.376, -40.416)]
405;100;;;0;0,27;[689, 691, 713, 712];[(15.854, -35.078), (15.698, -35.078), (15.698, -36.809), (15.854, -36.809)]
406;100;;;0;0,03;[712, 713, 715, 714];[(15.854, -36.809), (15.698, -36.809), (15.698, -36.973), (15.854, -37.006)]
407;100;;;0;0,33;[714, 715, 717, 716, 784];[(15.854, -37.006), (15.698, -36.973), (14.207, -38.573), (14.321, -38.685), (15.707, -37.167)]
408;100;;;0;0,03;[716, 717, 719, 718];[(14.321, -38.685), (14.207, -38.573), (14.103, -38.682), (14.197, -38.82)]
409;100;;;0;0,02;[718, 719, 721, 720];[(14.197, -38.82), (14.103, -38.682), (13.983, -38.675), (13.983, -38.813)]
410;100;;;0;0,51;[720, 721, 723, 722];[(13.983, -38.813), (13.983, -38.675), (10.308, -38.675), (10.308, -38.813)]
411;100;;;0;0,06;[722, 723, 725, 724];[(10.308, -38.813), (10.308, -38.675), (9.887, -38.675), (9.887, -38.813)]
412;100;;;0;0,79;[724, 725, 727, 726];[(9.887, -38.813), (9.887, -38.675), (4.204, -38.675), (4.204, -38.813)]
413;100;;;0;0,05;[726, 727, 729, 728];[(4.204, -38.813), (4.204, -38.675), (3.826, -38.675), (3.826, -38.813)]
414;100;;;0;0,36;[728, 729, 731, 730];[(3.826, -38.813), (3.826, -38.675), (1.208, -38.675), (1.208, -38.813)]
415;100;;;0;0,06;[730, 731, 733, 732];[(1.208, -38.813), (1.208, -38.675), (0.792, -38.675), (0.792, -38.813)]
416;100;;;0;0,24;[732, 733, 735, 734];[(0.792, -38.813), (0.792, -38.675), (-0.961, -38.675), (-0.961, -38.813)]
417;100;;;0;0,05;[734, 735, 737, 736];[(-0.961, -38.813), (-0.961, -38.675), (-1.301, -38.675), (-1.301, -38.813)]
418;100;;;0;1,25;[734, 736, 739, 738];[(-0.961, -38.813), (-1.301, -38.813), (-1.301, -42.48), (-0.961, -42.48)]
419;100;;;0;2,35;[730, 732, 741, 740];[(1.208, -38.813), (0.792, -38.813), (0.792, -44.468), (1.208, -44.468)]
420;19;;;0;0,05;[740, 741, 743, 742];[(1.208, -44.468), (0.792, -44.468), (0.792, -44.586), (1.208, -44.586)]
421;19;;;0;0,64;[741, 744, 745, 743];[(0.792, -44.468), (-4.685, -44.468), (-4.685, -44.586), (0.792, -44.586)]
422;19;;;0;0,05;[745, 744, 746, 747];[(-4.685, -44.586), (-4.685, -44.468), (-5.087, -44.468), (-5.087, -44.586)]
423;1;;;0;1,46;[804, 756, 753, 803];[(16.083, -45.664), (16.028, -48.513), (16.627, -48.513), (16.509, -45.664)]
424;1;;;0;15,92;[1196, 1198, 1200, 1202, 929, 92];[(26.161, -35.323), (26.161, -37.322), (26.161, -38.165), (26.161, -39.184), (29.364, -39.589), (29.364, -33.508)]
425;100;;;0;0,43;[748, 41, 752, 750];[(-21.797, -44.461), (-20.285, -44.476), (-20.285, -44.168), (-21.627, -44.168)]
426;1;;;0;1,36;[884, 760, 757, 885];[(-20.285, -45.664), (-20.348, -48.513), (-19.809, -48.513), (-19.871, -45.664)]
427;100;;;0;0,39;[757, 760, 759, 758];[(-19.809, -48.513), (-20.348, -48.513), (-20.348, -49.239), (-19.809, -49.239)]
428;19;;;0;0,36;[747, 801, 766, 745];[(-5.087, -44.586), (-5.102, -45.466), (-4.695, -45.466), (-4.685, -44.586)]
429;19;;;0;0,37;[743, 764, 762, 742];[(0.792, -44.586), (0.794, -45.466), (1.21, -45.466), (1.208, -44.586)]
430;1;;;0;102,28;[756, 804, 761, 763, 765, 769, 885, 757];[(16.028, -48.513), (16.083, -45.664), (1.21, -45.664), (0.794, -45.664), (-4.695, -45.664), (-5.102, -45.664), (-19.871, -45.664), (-19.809, -48.513)]
431;100;;;0;0,08;[764, 763, 761, 762];[(0.794, -45.466), (0.794, -45.664), (1.21, -45.664), (1.21, -45.466)]
432;100;;;0;0,08;[801, 769, 765, 766];[(-5.102, -45.466), (-5.102, -45.664), (-4.695, -45.664), (-4.695, -45.466)]
433;100;;;0;0,17;[770, 768, 767, 771];[(16.083, -44.196), (16.083, -44.593), (16.509, -44.593), (16.509, -44.196)]
434;100;;;0;0,46;[771, 767, 772, 773];[(16.509, -44.196), (16.509, -44.593), (17.751, -44.593), (17.569, -44.196)]
435;100;;;0;0,37;[768, 883, 802, 767];[(16.083, -44.593), (16.083, -45.466), (16.509, -45.466), (16.509, -44.593)]
436;100;;;0;0,83;[926, 925, 774, 775];[(17.786, -43.968), (17.983, -44.349), (19.435, -42.824), (19.14, -42.541)]
437;100;;;0;0,17;[775, 774, 776, 777];[(19.14, -42.541), (19.435, -42.824), (19.713, -42.529), (19.418, -42.246)]
438;100;;;0;1,19;[777, 776, 778, 779];[(19.418, -42.246), (19.713, -42.529), (21.709, -40.425), (21.414, -40.142)]
439;100;;;0;0,26;[708, 789, 779, 778, 710];[(21.965, -39.593), (21.788, -39.769), (21.414, -40.142), (21.709, -40.425), (21.965, -40.416)]
440;100;;;0;1,08;[766, 765, 763, 764];[(-4.695, -45.466), (-4.695, -45.664), (0.794, -45.664), (0.794, -45.466)]
441;19;;;0;0,30;[780, 782, 783, 781];[(15.98, -42.958), (15.676, -43.107), (15.999, -43.941), (16.303, -43.792)]
442;19;;;0;0,13;[771, 781, 783, 770];[(16.509, -44.196), (16.303, -43.792), (15.999, -43.941), (16.083, -44.196)]
443;19;;;0;1,59;[716, 718, 720, 782, 780];[(14.321, -38.685), (14.197, -38.82), (13.983, -38.813), (15.676, -43.107), (15.98, -42.958)]
444;19;;;0;0,32;[785, 787, 788, 786];[(20.853, -38.971), (20.704, -39.297), (21.531, -39.647), (21.68, -39.321)]
445;19;;;0;0,12;[790, 786, 788, 789, 708];[(21.965, -39.437), (21.68, -39.321), (21.531, -39.647), (21.788, -39.769), (21.965, -39.593)]
446;19;;;0;2,01;[712, 714, 784, 787, 785];[(15.854, -36.809), (15.854, -37.006), (15.707, -37.167), (20.704, -39.297), (20.853, -38.971)]
447;100;;;0;2,27;[746, 744, 791, 792];[(-5.087, -44.468), (-4.685, -44.468), (-4.685, -38.812), (-5.087, -38.812)]
448;100;;;0;0,07;[792, 791, 793, 794];[(-5.087, -38.812), (-4.685, -38.812), (-4.685, -38.636), (-5.087, -38.636)]
449;100;;;0;0,31;[793, 791, 795, 796];[(-4.685, -38.636), (-4.685, -38.812), (-2.914, -38.812), (-2.914, -38.636)]
450;100;;;0;0,05;[796, 795, 797, 798];[(-2.914, -38.636), (-2.914, -38.812), (-2.644, -38.812), (-2.644, -38.636)]
451;100;;;0;0,99;[797, 795, 799, 800];[(-2.644, -38.812), (-2.914, -38.812), (-2.914, -42.47), (-2.644, -42.47)]
452;100;;;0;0,08;[883, 804, 803, 802];[(16.083, -45.466), (16.083, -45.664), (16.509, -45.664), (16.509, -45.466)]
453;100;;;0;2,94;[762, 761, 804, 883];[(1.21, -45.466), (1.21, -45.664), (16.083, -45.664), (16.083, -45.466)]
454;100;;;0;0,07;[806, 805, 807, 808];[(-8.174, -38.818), (-7.772, -38.818), (-7.772, -38.638), (-8.174, -38.638)]
455;100;;;0;0,48;[794, 807, 805, 792];[(-5.087, -38.636), (-7.772, -38.638), (-7.772, -38.818), (-5.087, -38.812)]
456;100;;;0;1,02;[806, 808, 810, 809];[(-8.174, -38.818), (-8.174, -38.638), (-13.824, -38.638), (-13.824, -38.818)]
457;100;;;0;0,08;[809, 810, 812, 811];[(-13.824, -38.818), (-13.824, -38.638), (-14.282, -38.638), (-14.282, -38.818)]
458;100;;;0;0,63;[811, 812, 814, 813];[(-14.282, -38.818), (-14.282, -38.638), (-17.801, -38.638), (-17.801, -38.818)]
459;100;;;0;0,06;[813, 814, 816, 815];[(-17.801, -38.818), (-17.801, -38.638), (-18.089, -38.638), (-18.172, -38.818)]
460;100;;;0;0,36;[815, 816, 818, 817];[(-18.172, -38.818), (-18.089, -38.638), (-19.408, -37.229), (-19.546, -37.345)]
461;100;;;0;0,08;[817, 818, 820, 819];[(-19.546, -37.345), (-19.408, -37.229), (-19.68, -36.882), (-19.818, -36.999)]
462;100;;;0;0,26;[819, 820, 822, 821];[(-19.818, -36.999), (-19.68, -36.882), (-19.684, -35.086), (-19.822, -35.086)]
463;100;;;0;0,05;[821, 822, 824, 823];[(-19.822, -35.086), (-19.684, -35.086), (-19.684, -34.7), (-19.822, -34.7)]
464;100;;;0;0,87;[823, 824, 826, 825, 1850, 949];[(-19.822, -34.7), (-19.684, -34.7), (-19.684, -28.399), (-19.822, -28.399), (-19.822, -30.095), (-19.822, -30.469)]
465;100;;;0;0,05;[825, 826, 828, 827];[(-19.822, -28.399), (-19.684, -28.399), (-19.684, -28.056), (-19.822, -28.056)]
466;100;;;0;1,23;[825, 827, 830, 829];[(-19.822, -28.399), (-19.822, -28.056), (-23.406, -28.056), (-23.406, -28.399)]
467;19;;;0;2,34;[821, 823, 832, 831];[(-19.822, -35.086), (-19.822, -34.7), (-25.875, -34.7), (-25.875, -35.086)]
468;100;;;0;0,17;[831, 832, 834, 833];[(-25.875, -35.086), (-25.875, -34.7), (-26.313, -34.7), (-26.313, -35.086)]
469;100;;;0;0,42;[838, 839, 840, 837];[(-25.875, -31.438), (-25.875, -30.469), (-26.313, -30.469), (-26.313, -31.44)]
470;100;;;0;0,02;[835, 837, 567, 568];[(-26.313, -31.597), (-26.313, -31.44), (-26.422, -31.44), (-26.422, -31.597)]
471;100;;;0;0,07;[836, 838, 837, 835];[(-25.875, -31.599), (-25.875, -31.438), (-26.313, -31.44), (-26.313, -31.597)]
472;100;;;0;0,16;[840, 839, 841, 842];[(-26.313, -30.469), (-25.875, -30.469), (-25.875, -30.095), (-26.313, -30.095)]
473;19;;Трибуны;0;11,36;[841, 1851, 1853, 847, 846, 860, 1156, 587, 591, 590, 595, 593];[(-25.875, -30.095), (-23.787, -30.095), (-23.787, -24.652), (-24.743, -24.652), (-24.886, -24.652), (-25.875, -24.652), (-25.875, -25.37), (-25.875, -25.573), (-25.875, -26.601), (-25.875, -26.797), (-25.875, -28.428), (-25.875, -28.584)]
474;19;;;0;0,05;[846, 847, 849, 848];[(-24.886, -24.652), (-24.743, -24.652), (-24.743, -24.315), (-24.886, -24.315)]
475;19;;;0;0,32;[847, 1853, 1854, 849];[(-24.743, -24.652), (-23.787, -24.652), (-23.787, -24.315), (-24.743, -24.315)]
476;100;;;0;0,05;[851, 850, 852, 853];[(-19.811, -24.315), (-19.811, -24.652), (-19.672, -24.652), (-19.672, -24.315)]
477;100;;;0;0,25;[852, 850, 854, 855];[(-19.672, -24.652), (-19.811, -24.652), (-19.811, -26.463), (-19.672, -26.463)]
478;100;;;0;0,05;[855, 854, 856, 857];[(-19.672, -26.463), (-19.811, -26.463), (-19.811, -26.798), (-19.672, -26.798)]
479;100;;;0;1,21;[856, 854, 858, 859];[(-19.811, -26.798), (-19.811, -26.463), (-23.42, -26.463), (-23.42, -26.798)]
480;19;;;0;0,33;[846, 848, 861, 860];[(-24.886, -24.652), (-24.886, -24.315), (-25.875, -24.315), (-25.875, -24.652)]
481;100;;;0;0,16;[860, 861, 863, 864, 862];[(-25.875, -24.652), (-25.875, -24.315), (-26.336, -24.315), (-26.336, -24.385), (-26.336, -24.652)]
482;9;;;0;9,95;[560, 559, 562, 561];[(-38.782, -21.82), (-38.782, -24.365), (-34.87, -24.365), (-34.87, -21.82)]
483;100;;;0;0,60;[863, 861, 867, 868];[(-26.336, -24.315), (-25.875, -24.315), (-25.875, -23.02), (-26.336, -23.02)]
484;100;;;0;0,08;[868, 867, 869, 870];[(-26.336, -23.02), (-25.875, -23.02), (-25.875, -22.843), (-26.336, -22.843)]
485;100;;;0;0,26;[875, 876, 873, 874];[(-28.443, -23.02), (-28.443, -22.843), (-29.903, -22.843), (-29.903, -23.02)]
486;100;;;0;0,08;[874, 871, 918, 917];[(-29.903, -23.02), (-30.099, -23.02), (-30.099, -23.441), (-29.903, -23.441)]
487;3;;;0;0,18;[878, 877, 876, 875];[(-27.443, -23.02), (-27.443, -22.843), (-28.443, -22.843), (-28.443, -23.02)]
488;100;;;0;0,20;[868, 870, 877, 878];[(-26.336, -23.02), (-26.336, -22.843), (-27.443, -22.843), (-27.443, -23.02)]
489;100;;;0;4,66;[869, 879, 882, 870];[(-25.875, -22.843), (-25.879, -12.558), (-26.346, -13.037), (-26.336, -22.843)]
490;3;;;0;4,98;[133, 900, 897, 916, 913, 574, 571, 137, 136];[(-27.968, -28.592), (-29.903, -28.585), (-29.903, -28.948), (-29.903, -29.075), (-29.903, -30.388), (-28.899, -31.437), (-27.968, -31.437), (-27.968, -31.352), (-27.968, -30.473)]
491;100;;;0;3,22;[920, 882, 881, 919];[(-31.121, -17.799), (-26.346, -13.037), (-26.712, -12.687), (-31.439, -17.483)]
492;1;;;0;33,71;[569, 572, 573, 914, 915, 1186, 1184, 1182, 1221, 1223, 564, 834, 835, 568, 139];[(-27.826, -31.596), (-27.968, -31.596), (-28.965, -31.596), (-30.099, -30.439), (-30.099, -29.075), (-31.248, -29.071), (-32.316, -29.071), (-33.237, -29.071), (-33.237, -33.104), (-33.237, -34.159), (-33.237, -35.753), (-26.313, -34.7), (-26.313, -31.597), (-26.422, -31.597), (-27.353, -31.597)]
493;100;;;0;0,35;[881, 882, 879, 880];[(-26.712, -12.687), (-26.346, -13.037), (-25.879, -12.558), (-26.211, -12.179)]
494;3;;;0;4,31;[135, 138, 570, 140, 567, 837, 840, 842, 594, 134];[(-27.826, -30.473), (-27.826, -31.352), (-27.826, -31.437), (-27.353, -31.44), (-26.422, -31.44), (-26.313, -31.44), (-26.313, -30.469), (-26.313, -30.095), (-26.321, -28.584), (-27.826, -28.592)]
495;100;;;0;1,61;[484, 851, 853, 482];[(-19.814, -12.226), (-19.811, -24.315), (-19.672, -24.315), (-19.686, -12.226)]
496;100;;;0;0,08;[749, 886, 884, 885];[(-19.871, -45.466), (-20.285, -45.466), (-20.285, -45.664), (-19.871, -45.664)]
497;100;;;0;0,41;[40, 41, 886, 749];[(-19.871, -44.476), (-20.285, -44.476), (-20.285, -45.466), (-19.871, -45.466)]
498;19;;;0;2,10;[813, 815, 752, 751];[(-17.801, -38.818), (-18.172, -38.818), (-20.285, -44.168), (-19.871, -44.168)]
499;100;;;0;1,02;[924, 923, 888, 887];[(-21.921, -44.461), (-21.741, -44.05), (-23.315, -42.415), (-23.638, -42.73)]
500;100;;;0;0,20;[887, 888, 890, 889];[(-23.638, -42.73), (-23.315, -42.415), (-23.625, -42.105), (-23.948, -42.42)]
501;100;;;0;1,27;[889, 890, 892, 891];[(-23.948, -42.42), (-23.625, -42.105), (-25.715, -39.957), (-25.834, -40.468)]
502;100;;;0;0,27;[891, 892, 894, 893];[(-25.834, -40.468), (-25.715, -39.957), (-26.32, -39.957), (-26.321, -40.449)]
503;100;;;0;0,17;[894, 892, 895, 896];[(-26.32, -39.957), (-25.715, -39.957), (-25.873, -39.636), (-26.32, -39.636)]
504;19;;;0;2,60;[892, 817, 819, 895];[(-25.715, -39.957), (-19.546, -37.345), (-19.818, -36.999), (-25.873, -39.636)]
505;100;;;0;2,01;[833, 896, 895, 831];[(-26.313, -35.086), (-26.32, -39.636), (-25.873, -39.636), (-25.875, -35.086)]
506;100;;;0;0,26;[916, 915, 914, 913];[(-29.903, -29.075), (-30.099, -29.075), (-30.099, -30.439), (-29.903, -30.388)]
507;100;;;0;0,26;[913, 914, 573, 574];[(-29.903, -30.388), (-30.099, -30.439), (-28.965, -31.596), (-28.899, -31.437)]
508;100;;;0;0,07;[900, 899, 898, 897];[(-29.903, -28.585), (-30.099, -28.585), (-30.099, -28.948), (-29.903, -28.948)]
509;100;;;0;0,03;[901, 902, 899, 900];[(-29.903, -28.438), (-30.099, -28.438), (-30.099, -28.585), (-29.903, -28.585)]
510;1;;;0;0,15;[905, 906, 903, 904];[(-29.903, -25.744), (-30.099, -25.744), (-30.099, -26.518), (-29.903, -26.518)]
511;100;;;0;0,04;[908, 907, 906, 905];[(-29.903, -25.557), (-30.099, -25.557), (-30.099, -25.744), (-29.903, -25.744)]
512;100;;;0;0,04;[909, 910, 907, 908];[(-29.903, -25.361), (-30.099, -25.361), (-30.099, -25.557), (-29.903, -25.557)]
513;100;;;0;0,38;[904, 903, 902, 901];[(-29.903, -26.518), (-30.099, -26.518), (-30.099, -28.438), (-29.903, -28.438)]
514;100;;;0;0,18;[912, 911, 910, 909];[(-29.903, -24.421), (-30.099, -24.421), (-30.099, -25.361), (-29.903, -25.361)]
515;1;;;0;0,15;[568, 567, 140, 139];[(-26.422, -31.597), (-26.422, -31.44), (-27.353, -31.44), (-27.353, -31.597)]
516;100;;;0;0,07;[140, 570, 569, 139];[(-27.353, -31.44), (-27.826, -31.437), (-27.826, -31.596), (-27.353, -31.597)]
517;100;;;0;0,15;[574, 573, 572, 571];[(-28.899, -31.437), (-28.965, -31.596), (-27.968, -31.596), (-27.968, -31.437)]
518;1;;;0;0,19;[917, 918, 911, 912];[(-29.903, -23.441), (-30.099, -23.441), (-30.099, -24.421), (-29.903, -24.421)]
519;100;;;0;0,08;[921, 922, 920, 919];[(-31.558, -17.604), (-31.235, -17.919), (-31.121, -17.799), (-31.439, -17.483)]
520;100;;;0;1,56;[156, 159, 922, 921];[(-33.779, -19.856), (-33.234, -20.108), (-31.235, -17.919), (-31.558, -17.604)]
521;100;;;0;0,03;[874, 873, 872, 871];[(-29.903, -23.02), (-29.903, -22.843), (-30.099, -22.843), (-30.099, -23.02)]
522;9;;;0;10,45;[2, 936, 935, 208, 206, 5];[(-24.294, 36.837), (-24.303, 32.756), (-21.737, 32.756), (-21.737, 32.925), (-21.737, 33.061), (-21.737, 36.837)]
523;2;;;0;2,74;[218, 220, 222, 224, 235, 237, 217, 199, 196];[(-20.031, 28.664), (-20.031, 29.712), (-20.031, 29.841), (-20.031, 30.774), (-20.127, 30.774), (-20.916, 30.774), (-21.325, 30.792), (-21.331, 28.664), (-20.569, 28.664)]
524;3;;;0;1,36;[223, 221, 228, 230, 232, 336, 334, 332];[(-19.891, 30.774), (-19.891, 29.841), (-19.299, 29.841), (-18.51, 29.841), (-18.428, 29.841), (-18.446, 30.774), (-18.511, 30.774), (-19.303, 30.774)]
525;3;;;0;1,52;[197, 286, 231, 229, 227, 219];[(-19.891, 28.664), (-18.46, 28.664), (-18.428, 29.712), (-18.51, 29.712), (-19.299, 29.712), (-19.891, 29.712)]
526;4;;;0;2,86;[292, 294, 296, 344, 342, 348];[(-16.962, 29.98), (-16.962, 28.664), (-15.605, 28.664), (-15.612, 30.774), (-16.968, 30.774), (-16.962, 30.642)]
527;2;;;0;2,22;[300, 330, 328, 326, 346, 298];[(-14.371, 28.664), (-14.384, 28.845), (-14.384, 29.668), (-14.384, 30.769), (-15.441, 30.774), (-15.434, 28.664)]
528;1;;;0;11,57;[254, 321, 323, 325, 314, 316, 318, 268, 266, 264, 262, 260, 258, 256];[(-13.949, 32.925), (-13.949, 32.772), (-13.949, 31.114), (-13.949, 30.922), (-8.181, 30.917), (-8.181, 31.345), (-8.181, 32.65), (-8.165, 32.925), (-9.281, 32.925), (-10.097, 32.925), (-11.009, 32.925), (-11.193, 32.925), (-12.214, 32.925), (-13.071, 32.925)]
529;8;203;;0;10,46;[15, 253, 255, 257, 259, 17];[(-13.969, 36.837), (-13.949, 33.061), (-13.071, 33.061), (-12.214, 33.061), (-11.193, 33.061), (-11.186, 36.837)]
530;8;202;;0;12,91;[11, 245, 247, 249, 251, 13];[(-17.8, 36.837), (-17.8, 33.061), (-15.523, 33.061), (-14.666, 33.061), (-14.384, 33.061), (-14.378, 36.837)]
531;8;201;;0;12,78;[7, 207, 239, 241, 243, 9];[(-21.325, 36.837), (-21.325, 33.061), (-19.787, 33.061), (-18.888, 33.061), (-17.936, 33.061), (-17.943, 36.837)]
532;8;204;;0;10,73;[19, 261, 263, 265, 267, 984, 982, 21];[(-11.016, 36.837), (-11.009, 33.061), (-10.097, 33.061), (-9.281, 33.061), (-8.165, 33.061), (-8.169, 34.189), (-8.17, 34.399), (-8.179, 36.837)]
533;100;;;0;0,03;[971, 970, 972, 973];[(-4.103, 34.403), (-4.103, 34.206), (-3.96, 34.206), (-3.96, 34.403)]
534;100;;;0;0,04;[275, 276, 273, 274];[(-5.797, 32.545), (-5.613, 32.545), (-5.613, 32.743), (-5.797, 32.743)]
535;100;;;0;0,66;[293, 297, 296, 294, 290, 291];[(-16.814, 28.238), (-15.605, 28.238), (-15.605, 28.664), (-16.962, 28.664), (-17.164, 28.664), (-17.164, 28.238)]
536;1;;;0;2,87;[948, 947, 436, 439];[(-2.014, -2.257), (-4.483, -2.257), (-4.483, -3.421), (-2.014, -3.421)]
537;19;;;0;25,61;[949, 845, 1852, 844, 843, 839, 838, 836, 832, 823];[(-19.822, -30.469), (-21.694, -30.469), (-23.787, -30.469), (-24.743, -30.469), (-24.886, -30.469), (-25.875, -30.469), (-25.875, -31.438), (-25.875, -31.599), (-25.875, -34.7), (-19.822, -34.7)]
538;8;219;Аудитория;0;71,41;[185, 1053, 1052, 418, 420, 422, 375, 187];[(-19.891, 7.32), (-14.18, 7.322), (-14.065, 7.322), (-8.175, 7.324), (-8.175, 11.663), (-8.175, 12.95), (-8.18, 13.409), (-19.891, 13.424)]
539;100;;;0;0,16;[388, 387, 385, 384];[(-4.855, 4.802), (-4.855, 4.645), (-3.866, 4.645), (-3.866, 4.802)]
540;8;237;;0;15,69;[437, 444, 543, 545, 528, 530, 532, 534, 460, 455, 453, 451, 440, 438];[(-4.96, -3.845), (-5.629, -3.845), (-5.629, -6.89), (-5.629, -7.69), (-5.64, -8.183), (-5.183, -8.183), (-5.011, -8.183), (-3.593, -8.183), (-3.457, -8.183), (-2.014, -8.183), (-2.014, -6.554), (-2.014, -6.198), (-2.014, -3.845), (-4.483, -3.845)]
541;1;;;0;8,54;[448, 450, 434, 1102, 1100, 542, 540, 520, 522, 524, 526, 546, 544, 446];[(-6.119, -3.845), (-7.434, -3.845), (-7.766, -3.865), (-7.767, -4.615), (-7.767, -4.8), (-7.768, -5.947), (-7.769, -6.124), (-7.771, -8.183), (-7.469, -8.183), (-6.203, -8.183), (-5.787, -8.183), (-5.801, -7.69), (-5.801, -6.89), (-5.801, -3.845)]
542;1;;;0;2,57;[481, 934, 165, 487, 485, 483];[(-18.842, -11.075), (-18.842, -8.622), (-19.891, -8.623), (-19.892, -11.075), (-19.814, -11.075), (-19.686, -11.075)]
543;100;;;0;0,21;[462, 464, 535, 536];[(-3.59, -11.075), (-3.452, -11.075), (-3.457, -9.513), (-3.593, -9.512)]
544;2;;;0;9,17;[498, 496, 494, 492, 490, 489, 163, 161, 501, 499];[(-23.782, -11.65), (-22.518, -11.65), (-21.891, -11.65), (-21.675, -11.65), (-20.568, -11.65), (-20.568, -11.075), (-20.569, -8.451), (-21.878, -8.451), (-25.001, -11.657), (-24.85, -11.65)]
545;100;;;0;0,02;[571, 572, 569, 570];[(-27.968, -31.437), (-27.968, -31.596), (-27.826, -31.596), (-27.826, -31.437)]
546;100;;;0;0,02;[897, 898, 915, 916];[(-29.903, -28.948), (-30.099, -28.948), (-30.099, -29.075), (-29.903, -29.075)]
547;100;;;0;1,36;[832, 836, 835, 834];[(-25.875, -34.7), (-25.875, -31.599), (-26.313, -31.597), (-26.313, -34.7)]
548;100;;;0;4,22;[144, 143, 866, 865];[(-40.591, -35.769), (-39.998, -35.769), (-39.998, -28.656), (-40.591, -28.656)]
549;1;;;0;1,91;[566, 833, 834, 564];[(-33.237, -35.917), (-26.313, -35.086), (-26.313, -34.7), (-33.237, -35.753)]
550;100;;;0;0,05;[748, 750, 923, 924];[(-21.797, -44.461), (-21.627, -44.168), (-21.741, -44.05), (-21.921, -44.461)]
551;1;;;0;0,40;[114, 748, 924, 116];[(-23.298, -48.513), (-21.797, -44.461), (-21.921, -44.461), (-23.373, -48.513)]
552;100;;;0;0,10;[865, 866, 1145, 1146];[(-40.591, -28.656), (-39.998, -28.656), (-39.998, -28.479), (-40.591, -28.479)]
553;100;;;0;0,17;[828, 857, 856, 827];[(-19.684, -28.056), (-19.672, -26.798), (-19.811, -26.798), (-19.822, -28.056)]
554;100;;;0;0,21;[737, 798, 797, 736];[(-1.301, -38.675), (-2.644, -38.636), (-2.644, -38.812), (-1.301, -38.813)]
555;100;;;0;0,19;[698, 704, 705, 699];[(15.854, -28.178), (15.851, -26.87), (15.709, -26.87), (15.698, -28.178)]
556;11;;Верхняя часть арены;0;932,53;[63, 475, 474, 472, 470, 468, 467, 463, 461, 476, 478, 480, 482, 853, 852, 855, 857, 828, 826, 824, 822, 820, 818, 816, 814, 812, 810, 808, 807, 794, 793, 796, 798, 737, 735, 733, 731, 729, 727, 725, 723, 721, 719, 717, 715, 713, 691, 690, 693, 695, 697, 699, 705, 703, 659, 658, 661, 663, 65];[(13.787, -12.219), (8.222, -12.226), (8.222, -12.226), (3.464, -12.226), (3.328, -12.226), (-1.294, -12.226), (-2.014, -12.226), (-3.452, -12.226), (-3.59, -12.226), (-13.52, -12.226), (-13.696, -12.226), (-18.842, -12.226), (-19.686, -12.226), (-19.672, -24.315), (-19.672, -24.652), (-19.672, -26.463), (-19.672, -26.798), (-19.684, -28.056), (-19.684, -28.399), (-19.684, -34.7), (-19.684, -35.086), (-19.68, -36.882), (-19.408, -37.229), (-18.089, -38.638), (-17.801, -38.638), (-14.282, -38.638), (-13.824, -38.638), (-8.174, -38.638), (-7.772, -38.638), (-5.087, -38.636), (-4.685, -38.636), (-2.914, -38.636), (-2.644, -38.636), (-1.301, -38.675), (-0.961, -38.675), (0.792, -38.675), (1.208, -38.675), (3.826, -38.675), (4.204, -38.675), (9.887, -38.675), (10.308, -38.675), (13.983, -38.675), (14.103, -38.682), (14.207, -38.573), (15.698, -36.973), (15.698, -36.809), (15.698, -35.078), (15.698, -34.67), (15.698, -30.696), (15.698, -30.288), (15.698, -28.484), (15.698, -28.178), (15.709, -26.87), (15.709, -26.557), (15.709, -24.781), (15.709, -24.381), (15.709, -18.431), (15.709, -17.996), (15.702, -12.219)]
557;100;;;0;0,67;[594, 842, 841, 593];[(-26.321, -28.584), (-26.313, -30.095), (-25.875, -30.095), (-25.875, -28.584)]
558;100;;;0;0,09;[1155, 588, 587, 1156];[(-26.334, -25.37), (-26.333, -25.573), (-25.875, -25.573), (-25.875, -25.37)]
559;1;;;0;3,49;[120, 585, 583, 581, 954, 955];[(-33.606, -48.513), (-33.637, -47.855), (-33.637, -46.377), (-33.637, -45.883), (-34.96, -45.883), (-34.96, -48.513)]
560;100;;;0;0,13;[773, 772, 925, 926];[(17.569, -44.196), (17.751, -44.593), (17.983, -44.349), (17.786, -43.968)]
561;1;;;0;1,44;[606, 925, 772, 604];[(21.97, -45.474), (17.983, -44.349), (17.751, -44.593), (21.97, -45.863)]
562;100;;;0;0,49;[928, 931, 930, 929];[(29.364, -40.325), (30.025, -40.325), (30.025, -39.589), (29.364, -39.589)]
563;100;;;0;3,40;[931, 928, 94, 95];[(30.025, -40.325), (29.364, -40.325), (29.364, -45.467), (30.025, -45.467)]
564;100;;;0;0,15;[91, 92, 93, 90];[(29.364, -33.288), (29.364, -33.508), (30.025, -33.508), (30.025, -33.288)]
565;19;;;0;19,57;[821, 831, 895, 819];[(-19.822, -35.086), (-25.875, -35.086), (-25.873, -39.636), (-19.818, -36.999)]
566;19;;;0;28,12;[752, 815, 817, 892, 890, 888, 923, 750];[(-20.285, -44.168), (-18.172, -38.818), (-19.546, -37.345), (-25.715, -39.957), (-23.625, -42.105), (-23.315, -42.415), (-21.741, -44.05), (-21.627, -44.168)]
567;19;;Трибуны;0;28,75;[734, 738, 739, 736, 797, 800, 799, 795, 791, 744, 741, 732];[(-0.961, -38.813), (-0.961, -42.48), (-1.301, -42.48), (-1.301, -38.813), (-2.644, -38.812), (-2.644, -42.47), (-2.914, -42.47), (-2.914, -38.812), (-4.685, -38.812), (-4.685, -44.468), (0.792, -44.468), (0.792, -38.813)]
568;100;;;0;0,43;[753, 756, 755, 754];[(16.627, -48.513), (16.028, -48.513), (16.028, -49.239), (16.627, -49.239)]
569;100;;;0;3,88;[108, 753, 754, 109];[(21.97, -48.513), (16.627, -48.513), (16.627, -49.239), (21.97, -49.239)]
570;100;;;0;2,92;[749, 885, 769, 801];[(-19.871, -45.466), (-19.871, -45.664), (-5.102, -45.664), (-5.102, -45.466)]
571;19;;;0;28,27;[773, 926, 775, 777, 779, 789, 788, 787, 784, 716, 780, 781, 771];[(17.569, -44.196), (17.786, -43.968), (19.14, -42.541), (19.418, -42.246), (21.414, -40.142), (21.788, -39.769), (21.531, -39.647), (20.704, -39.297), (15.707, -37.167), (14.321, -38.685), (15.98, -42.958), (16.303, -43.792), (16.509, -44.196)]
572;19;;;0;18,65;[686, 689, 712, 785, 786, 790];[(21.965, -35.078), (15.854, -35.078), (15.854, -36.809), (20.853, -38.971), (21.68, -39.321), (21.965, -39.437)]
573;19;;;0;24,29;[679, 692, 688, 684, 681, 678];[(20.86, -30.695), (15.854, -30.696), (15.854, -34.67), (21.965, -34.67), (21.965, -30.695), (21.012, -30.695)]
574;100;;;0;0,23;[668, 669, 666, 667];[(26.161, -26.044), (26.014, -26.044), (26.014, -27.592), (26.161, -27.592)]
575;19;;;0;36,63;[619, 622, 624, 626, 660, 656, 654, 652, 650, 647, 620];[(22.0, -19.653), (22.0, -18.614), (22.0, -18.484), (22.0, -18.418), (15.851, -18.431), (15.851, -24.381), (19.554, -24.381), (20.86, -24.381), (21.012, -24.381), (22.0, -24.381), (22.0, -19.812)]
576;19;;;0;35,46;[67, 662, 628, 75, 69];[(15.843, -12.219), (15.851, -17.996), (22.0, -17.994), (21.977, -13.746), (21.977, -12.219)]
577;1;;;0;0,51;[614, 84, 82, 613];[(26.161, -19.812), (29.364, -20.218), (29.364, -20.06), (26.161, -19.653)]
578;100;;;0;0,09;[608, 607, 644, 643];[(21.97, -45.271), (22.379, -45.271), (22.379, -45.047), (21.97, -45.047)]
579;1;;;0;3,33;[933, 932, 479, 506, 508, 510];[(-15.054, -8.62), (-15.054, -11.075), (-13.696, -11.075), (-13.696, -10.617), (-13.696, -9.331), (-13.696, -8.619)]
580;9;;;0;9,29;[934, 481, 932, 933];[(-18.842, -8.622), (-18.842, -11.075), (-15.054, -11.075), (-15.054, -8.62)]
581;1;;;0;10,51;[216, 214, 212, 210, 935, 936, 203, 201];[(-21.737, 30.792), (-21.737, 30.91), (-21.737, 31.159), (-21.737, 32.446), (-21.737, 32.756), (-24.303, 32.756), (-24.308, 28.664), (-21.74, 28.664)]
582;9;;;0;7,71;[937, 938, 357, 359, 939, 940];[(-2.014, 26.897), (-4.586, 26.897), (-4.586, 26.797), (-4.586, 26.712), (-4.586, 23.899), (-2.014, 23.899)]
583;1;;;0;3,08;[940, 939, 361, 36];[(-2.014, 23.899), (-4.586, 23.899), (-4.586, 22.705), (-2.014, 22.698)]
584;9;;;0;7,49;[941, 942, 947, 948];[(-2.014, 0.776), (-4.483, 0.776), (-4.483, -2.257), (-2.014, -2.257)]
585;1;;;0;0,78;[945, 944, 943, 946];[(-2.014, 27.046), (-1.299, 27.046), (-1.299, 28.136), (-2.014, 28.136)]
586;100;;;0;0,07;[35, 34, 946, 943];[(-1.299, 28.235), (-2.014, 28.235), (-2.014, 28.136), (-1.299, 28.136)]
587;100;;;0;3,11;[944, 945, 937, 940, 36, 37];[(-1.299, 27.046), (-2.014, 27.046), (-2.014, 26.897), (-2.014, 23.899), (-2.014, 22.698), (-1.299, 22.698)]
588;1;;;0;3,46;[34, 284, 355, 938, 937, 945, 946];[(-2.014, 28.235), (-4.586, 28.25), (-4.586, 28.081), (-4.586, 26.897), (-2.014, 26.897), (-2.014, 27.046), (-2.014, 28.136)]
589;1;;;0;5,30;[951, 950, 603, 106];[(24.379, -48.513), (24.379, -45.863), (22.379, -45.863), (22.379, -48.513)]
590;1;;;0;4,97;[952, 953, 129, 127, 125, 122];[(-38.109, -48.513), (-38.109, -45.883), (-39.998, -45.883), (-39.998, -46.701), (-39.998, -48.197), (-39.998, -48.513)]
591;9;;;0;8,28;[955, 954, 953, 952];[(-34.96, -48.513), (-34.96, -45.883), (-38.109, -45.883), (-38.109, -48.513)]
592;3;;;0;14,50;[72, 73, 74, 76, 627, 625, 623, 630, 632, 634, 636, 638, 640, 71];[(24.943, -15.424), (24.205, -14.762), (23.091, -13.746), (22.392, -13.746), (22.384, -17.994), (22.384, -18.418), (22.384, -18.484), (22.515, -18.484), (23.29, -18.484), (24.189, -18.484), (24.336, -18.484), (26.014, -18.484), (26.085, -18.48), (27.206, -17.623)]
593;1;;;0;0,81;[86, 1214, 1213, 88];[(29.364, -24.647), (27.219, -24.437), (27.219, -25.054), (29.364, -24.784)]
594;200;;TITLE;0;4,00;[956, 957, 959, 958];[(9.055, 50.115), (11.055, 50.115), (11.055, 52.115), (9.055, 52.115)]
595;100;;;0;0,54;[963, 962, 960, 961];[(18.211, 37.551), (18.958, 37.551), (18.958, 38.271), (18.211, 38.271)]
596;100;;;0;0,10;[964, 967, 966, 965];[(-17.336, 30.774), (-17.336, 30.91), (-18.063, 30.91), (-18.063, 30.774)]
597;1;;;0;2,26;[233, 288, 290, 295, 349, 340, 964, 965, 338, 234];[(-18.231, 29.712), (-18.235, 28.664), (-17.164, 28.664), (-17.164, 29.98), (-17.164, 30.642), (-17.172, 30.774), (-17.336, 30.774), (-18.063, 30.774), (-18.242, 30.774), (-18.231, 29.841)]
598;100;;;0;0,02;[339, 338, 965, 966];[(-18.242, 30.91), (-18.242, 30.774), (-18.063, 30.774), (-18.063, 30.91)]
599;100;;;0;0,02;[967, 964, 340, 341];[(-17.336, 30.91), (-17.336, 30.774), (-17.172, 30.774), (-17.172, 30.91)]
600;1;;;0;13,98;[211, 213, 215, 238, 236, 226, 225, 333, 335, 337, 339, 966, 967, 341, 343, 345, 347, 324, 322, 320, 252, 250, 248, 246, 244, 242, 240, 209];[(-21.325, 32.446), (-21.325, 31.159), (-21.325, 30.91), (-20.916, 30.91), (-20.127, 30.91), (-20.031, 30.91), (-19.891, 30.91), (-19.303, 30.91), (-18.511, 30.91), (-18.446, 30.91), (-18.242, 30.91), (-18.063, 30.91), (-17.336, 30.91), (-17.172, 30.91), (-16.968, 30.91), (-15.612, 30.91), (-15.441, 30.91), (-14.384, 30.922), (-14.384, 31.114), (-14.384, 32.772), (-14.384, 32.925), (-14.666, 32.925), (-15.523, 32.925), (-17.8, 32.925), (-17.936, 32.925), (-18.888, 32.925), (-19.787, 32.925), (-21.325, 32.925)]
601;100;;;0;0,04;[972, 970, 974, 975];[(-3.96, 34.206), (-4.103, 34.206), (-4.103, 33.906), (-3.96, 33.906)]
602;8;;;0;0,13;[975, 974, 976, 977];[(-3.96, 33.906), (-4.103, 33.906), (-4.103, 33.022), (-3.96, 33.022)]
603;100;;;0;0,04;[977, 976, 978, 979];[(-3.96, 33.022), (-4.103, 33.022), (-4.103, 32.749), (-3.96, 32.749)]
604;100;;;0;0,03;[979, 978, 980, 981];[(-3.96, 32.749), (-4.103, 32.749), (-4.103, 32.538), (-3.96, 32.538)]
605;100;;;0;0,31;[276, 980, 978, 273];[(-5.613, 32.545), (-4.103, 32.538), (-4.103, 32.749), (-5.613, 32.743)]
606;100;;;0;0,42;[28, 979, 981, 30];[(-2.014, 32.762), (-3.96, 32.749), (-3.96, 32.538), (-2.014, 32.543)]
607;100;;;0;0,89;[21, 982, 983, 23];[(-8.179, 36.837), (-8.17, 34.399), (-7.811, 34.399), (-7.811, 36.837)]
608;100;;;0;0,08;[982, 984, 985, 983];[(-8.17, 34.399), (-8.169, 34.189), (-7.811, 34.189), (-7.811, 34.399)]
609;100;;;0;0,12;[983, 985, 987, 986];[(-7.811, 34.399), (-7.811, 34.189), (-7.226, 34.189), (-7.226, 34.399)]
610;1;;;0;0,18;[986, 987, 989, 988];[(-7.226, 34.399), (-7.226, 34.189), (-6.375, 34.189), (-6.375, 34.399)]
611;100;;;0;0,12;[271, 968, 988, 989];[(-5.797, 34.206), (-5.797, 34.403), (-6.375, 34.399), (-6.375, 34.189)]
612;13;;;0;2,20;[273, 978, 976, 974, 970, 272];[(-5.613, 32.743), (-4.103, 32.749), (-4.103, 33.022), (-4.103, 33.906), (-4.103, 34.206), (-5.613, 34.206)]
613;8;205;;0;17,32;[986, 988, 968, 969, 971, 973, 972, 975, 977, 979, 28, 25, 23, 983];[(-7.226, 34.399), (-6.375, 34.399), (-5.797, 34.403), (-5.613, 34.403), (-4.103, 34.403), (-3.96, 34.403), (-3.96, 34.206), (-3.96, 33.906), (-3.96, 33.022), (-3.96, 32.749), (-2.014, 32.762), (-2.014, 36.837), (-7.811, 36.837), (-7.811, 34.399)]
614;1;;;0;0,14;[990, 993, 992, 991];[(-5.797, 31.553), (-5.613, 31.553), (-5.613, 32.31), (-5.797, 32.31)]
615;100;;;0;0,04;[276, 275, 991, 992];[(-5.613, 32.545), (-5.797, 32.545), (-5.797, 32.31), (-5.613, 32.31)]
616;1;;;0;0,52;[994, 997, 996, 995];[(-8.176, 19.044), (-7.768, 19.044), (-7.765, 20.322), (-8.173, 20.322)]
617;1;;;0;0,52;[1000, 999, 998, 1001];[(-8.18, 13.912), (-7.772, 13.912), (-7.769, 15.191), (-8.178, 15.191)]
618;100;;;0;1,57;[994, 1001, 998, 997];[(-8.176, 19.044), (-8.178, 15.191), (-7.769, 15.191), (-7.768, 19.044)]
619;8;217;Аудитория;0;81,87;[191, 189, 374, 1000, 1001, 994, 995, 376];[(-19.891, 20.824), (-19.891, 13.826), (-8.18, 13.823), (-8.18, 13.912), (-8.178, 15.191), (-8.176, 19.044), (-8.173, 20.322), (-8.171, 20.802)]
620;100;;;0;0,20;[376, 995, 996, 378];[(-8.171, 20.802), (-8.173, 20.322), (-7.765, 20.322), (-7.763, 20.802)]
621;100;;;0;0,04;[1000, 374, 372, 999];[(-8.18, 13.912), (-8.18, 13.823), (-7.772, 13.823), (-7.772, 13.912)]
622;1;;;0;0,54;[1004, 1003, 1002, 1005];[(-7.762, 22.601), (-8.172, 22.601), (-8.171, 21.268), (-7.763, 21.268)]
623;8;215;Аудитория;0;82,27;[293, 291, 289, 287, 285, 195, 193, 377, 1002, 1003, 350, 352, 305, 303, 301, 299, 297];[(-16.814, 28.238), (-17.164, 28.238), (-18.235, 28.238), (-18.46, 28.238), (-19.891, 28.238), (-19.891, 27.93), (-19.891, 21.214), (-8.171, 21.219), (-8.171, 21.268), (-8.172, 22.601), (-8.175, 26.384), (-8.175, 27.646), (-8.181, 28.238), (-13.965, 28.238), (-14.371, 28.238), (-15.434, 28.238), (-15.605, 28.238)]
624;100;;;0;1,56;[1003, 1004, 351, 350];[(-8.172, 22.601), (-7.762, 22.601), (-7.759, 26.384), (-8.175, 26.384)]
625;100;;;0;0,08;[381, 1005, 1002, 377, 380];[(-7.763, 21.081), (-7.763, 21.268), (-8.171, 21.268), (-8.171, 21.219), (-8.171, 21.081)]
626;1;;;0;26,13;[363, 364, 42, 38];[(-4.586, 22.24), (-5.651, 13.823), (-2.014, 13.831), (-2.014, 22.249)]
627;100;;;0;0,06;[1008, 1007, 1006, 1009];[(-5.012, 6.965), (-4.855, 6.965), (-4.855, 7.334), (-5.012, 7.334)]
628;100;;;0;0,45;[393, 390, 1009, 1006];[(-4.855, 10.201), (-5.012, 10.201), (-5.012, 7.334), (-4.855, 7.334)]
629;20;220;Кабинет врача;0;15,35;[53, 393, 1006, 1007, 388, 384, 383, 57, 48, 46];[(-2.014, 10.201), (-4.855, 10.201), (-4.855, 7.334), (-4.855, 6.965), (-4.855, 4.802), (-3.866, 4.802), (-3.003, 4.802), (-2.014, 4.788), (-2.014, 6.921), (-2.014, 7.313)]
630;100;;;0;0,34;[1007, 1008, 389, 388];[(-4.855, 6.965), (-5.012, 6.965), (-5.012, 4.802), (-4.855, 4.802)]
631;1;;;0;15,58;[369, 371, 373, 421, 419, 417, 1009, 390, 391, 367];[(-6.23, 13.409), (-7.494, 13.409), (-7.772, 13.409), (-7.766, 12.95), (-7.766, 11.663), (-7.766, 7.324), (-5.012, 7.334), (-5.012, 10.201), (-5.012, 10.367), (-5.782, 13.409)]
632;1;;;0;9,88;[55, 44, 365, 392];[(-2.014, 10.367), (-2.014, 13.422), (-5.651, 13.409), (-4.855, 10.367)]
633;1;;;0;0,57;[1012, 1011, 1010, 1013];[(-4.96, 0.81), (-4.483, 0.81), (-4.483, 2.008), (-4.96, 2.008)]
634;100;;;0;2,02;[1011, 1012, 435, 436, 947, 942];[(-4.483, 0.81), (-4.96, 0.81), (-4.96, -3.421), (-4.483, -3.421), (-4.483, -2.257), (-4.483, 0.776)]
635;1;;;0;3,32;[60, 398, 1010, 1011, 942, 941];[(-2.014, 2.119), (-4.483, 2.124), (-4.483, 2.008), (-4.483, 0.81), (-4.483, 0.776), (-2.014, 0.776)]
636;100;;;0;0,06;[398, 396, 1013, 1010];[(-4.483, 2.124), (-4.96, 2.124), (-4.96, 2.008), (-4.483, 2.008)]
637;1;;;0;15,56;[397, 400, 402, 404, 424, 426, 428, 430, 431, 449, 447, 445, 443, 435, 1012, 1013, 396];[(-5.186, 2.124), (-6.116, 2.124), (-7.432, 2.124), (-7.766, 2.124), (-7.766, 1.896), (-7.766, -0.032), (-7.766, -0.233), (-7.766, -3.243), (-7.766, -3.416), (-7.434, -3.421), (-6.119, -3.421), (-5.801, -3.421), (-5.629, -3.421), (-4.96, -3.421), (-4.96, 0.81), (-4.96, 2.008), (-4.96, 2.124)]
638;8;;;0;0,15;[515, 516, 513, 514];[(-16.175, 4.496), (-16.175, 4.3), (-15.388, 4.3), (-15.388, 4.496)]
639;100;;;0;0,04;[1015, 1014, 1016, 1017];[(-14.494, 4.496), (-14.494, 4.3), (-14.306, 4.3), (-14.306, 4.496)]
640;100;;;0;0,03;[1017, 1016, 1018, 1019];[(-14.306, 4.496), (-14.306, 4.3), (-14.176, 4.3), (-14.176, 4.496)]
641;100;;;0;0,02;[1019, 1018, 1020, 1021];[(-14.176, 4.496), (-14.176, 4.3), (-14.059, 4.3), (-14.059, 4.496)]
642;100;;;0;0,11;[1021, 1020, 1022, 1023];[(-14.059, 4.496), (-14.059, 4.3), (-13.483, 4.3), (-13.483, 4.496)]
643;1;;;0;0,16;[1023, 1022, 1024, 1025];[(-13.483, 4.496), (-13.483, 4.3), (-12.671, 4.3), (-12.671, 4.496)]
644;100;;;0;0,26;[1025, 1024, 1026, 1027];[(-12.671, 4.496), (-12.671, 4.3), (-11.331, 4.3), (-11.331, 4.496)]
645;100;;;0;0,03;[1027, 1026, 1028, 1029];[(-11.331, 4.496), (-11.331, 4.3), (-11.166, 4.3), (-11.166, 4.496)]
646;100;;;0;0,26;[1029, 1028, 1030, 1031];[(-11.166, 4.496), (-11.166, 4.3), (-9.861, 4.3), (-9.861, 4.496)]
647;1;;;0;0,16;[1031, 1030, 1032, 1033];[(-9.861, 4.496), (-9.861, 4.3), (-9.05, 4.3), (-9.05, 4.496)]
648;100;;;0;0,18;[410, 1033, 1032, 408];[(-8.175, 4.496), (-9.05, 4.496), (-9.05, 4.3), (-8.175, 4.286)]
649;100;;;0;2,45;[418, 1052, 1051, 416];[(-8.175, 7.324), (-14.065, 7.322), (-14.065, 6.904), (-8.175, 6.91)]
650;100;;;0;0,08;[1035, 1034, 1036, 1037];[(-14.485, 2.303), (-14.485, 1.896), (-14.298, 1.896), (-14.298, 2.303)]
651;100;;;0;0,32;[1037, 1036, 1038, 1039];[(-14.298, 2.303), (-14.298, 1.896), (-13.506, 1.896), (-13.506, 2.303)]
652;3;;;0;0,36;[1039, 1038, 1040, 1041];[(-13.506, 2.303), (-13.506, 1.896), (-12.632, 1.896), (-12.632, 2.303)]
653;100;;;0;0,52;[1041, 1040, 1042, 1043];[(-12.632, 2.303), (-12.632, 1.896), (-11.35, 1.896), (-11.35, 2.303)]
654;100;;;0;0,08;[1043, 1042, 1044, 1045];[(-11.35, 2.303), (-11.35, 1.896), (-11.154, 1.896), (-11.154, 2.303)]
655;100;;;0;0,54;[1045, 1044, 1046, 1047];[(-11.154, 2.303), (-11.154, 1.896), (-9.823, 1.896), (-9.823, 2.303)]
656;3;;;0;0,32;[1047, 1046, 1048, 1049];[(-9.823, 2.303), (-9.823, 1.896), (-9.031, 1.896), (-9.031, 2.303)]
657;100;;;0;0,34;[1050, 1049, 1048, 423, 406];[(-8.175, 2.296), (-9.031, 2.303), (-9.031, 1.896), (-8.175, 1.896), (-8.175, 2.124)]
658;100;;;0;0,05;[1052, 1053, 1054, 1051];[(-14.065, 7.322), (-14.18, 7.322), (-14.18, 6.904), (-14.065, 6.904)]
659;100;;;0;0,06;[1051, 1054, 1056, 1055];[(-14.065, 6.904), (-14.18, 6.904), (-14.18, 6.398), (-14.065, 6.398)]
660;1;;;0;0,10;[1055, 1056, 1058, 1057];[(-14.065, 6.398), (-14.18, 6.398), (-14.18, 5.549), (-14.065, 5.549)]
661;100;;;0;0,12;[1021, 1057, 1058, 1019];[(-14.059, 4.496), (-14.065, 5.549), (-14.18, 5.549), (-14.176, 4.496)]
662;100;;;0;0,38;[1014, 1035, 1037, 1016];[(-14.494, 4.3), (-14.485, 2.303), (-14.298, 2.303), (-14.306, 4.3)]
663;100;;;0;0,36;[1026, 1043, 1045, 1028];[(-11.331, 4.3), (-11.35, 2.303), (-11.154, 2.303), (-11.166, 4.3)]
664;100;;;0;1,10;[173, 171, 1059, 1060];[(-19.891, -0.023), (-19.891, -0.226), (-14.494, -0.226), (-14.494, -0.023)]
665;100;;;0;0,04;[1060, 1059, 1061, 1062];[(-14.494, -0.023), (-14.494, -0.226), (-14.298, -0.226), (-14.298, -0.023)]
666;100;;;0;0,04;[1062, 1061, 1063, 1064];[(-14.298, -0.023), (-14.298, -0.226), (-14.102, -0.226), (-14.102, -0.023)]
667;100;;;0;0,03;[1064, 1063, 1065, 1066];[(-14.102, -0.023), (-14.102, -0.226), (-13.963, -0.226), (-13.963, -0.023)]
668;100;;;0;0,53;[1066, 1065, 1067, 1068];[(-13.963, -0.023), (-13.963, -0.226), (-11.334, -0.226), (-11.334, -0.023)]
669;100;;;0;0,03;[1068, 1067, 1069, 1070];[(-11.334, -0.023), (-11.334, -0.226), (-11.178, -0.226), (-11.178, -0.023)]
670;100;;;0;0,61;[425, 1070, 1069, 427];[(-8.175, -0.032), (-11.178, -0.023), (-11.178, -0.226), (-8.175, -0.233)]
671;100;;;0;0,34;[1042, 1068, 1070, 1044];[(-11.35, 1.896), (-11.334, -0.023), (-11.178, -0.023), (-11.154, 1.896)]
672;100;;;0;0,37;[1034, 1060, 1062, 1036];[(-14.485, 1.896), (-14.494, -0.023), (-14.298, -0.023), (-14.298, 1.896)]
673;100;;;0;0,61;[1063, 1071, 1072, 1065];[(-14.102, -0.226), (-14.102, -4.624), (-13.963, -4.624), (-13.963, -0.226)]
674;100;;;0;0,02;[1072, 1071, 1073, 1074];[(-13.963, -4.624), (-14.102, -4.624), (-14.102, -4.788), (-13.963, -4.788)]
675;100;;;0;0,13;[1077, 1078, 1075, 1076];[(-20.569, -4.808), (-19.891, -4.808), (-19.891, -4.618), (-20.569, -4.618)]
676;100;;;0;0,57;[168, 169, 1078, 1077];[(-20.569, -5.655), (-19.891, -5.655), (-19.891, -4.808), (-20.569, -4.808)]
677;100;;;0;0,78;[1075, 1078, 1080, 1079];[(-19.891, -4.618), (-19.891, -4.808), (-15.784, -4.808), (-15.784, -4.618)]
678;100;;;0;0,04;[1079, 1080, 1082, 1081];[(-15.784, -4.618), (-15.784, -4.808), (-15.596, -4.808), (-15.596, -4.618)]
679;100;;;0;0,11;[1081, 1082, 1084, 1083];[(-15.596, -4.618), (-15.596, -4.808), (-15.024, -4.808), (-15.024, -4.618)]
680;1;;;0;0,15;[1083, 1084, 1086, 1085];[(-15.024, -4.618), (-15.024, -4.808), (-14.24, -4.808), (-14.24, -4.618)]
681;100;;;0;0,02;[1071, 1085, 1086, 1073];[(-14.102, -4.624), (-14.24, -4.618), (-14.24, -4.808), (-14.102, -4.788)]
682;100;;;0;0,03;[1072, 1074, 1088, 1087];[(-13.963, -4.624), (-13.963, -4.788), (-13.783, -4.788), (-13.783, -4.624)]
683;1;;;0;0,13;[1087, 1088, 1090, 1089];[(-13.783, -4.624), (-13.783, -4.788), (-12.991, -4.788), (-12.991, -4.624)]
684;100;;;0;0,19;[1089, 1090, 1092, 1091];[(-12.991, -4.624), (-12.991, -4.788), (-11.856, -4.788), (-11.856, -4.624)]
685;100;;;0;0,03;[1091, 1092, 1094, 1093];[(-11.856, -4.624), (-11.856, -4.788), (-11.652, -4.788), (-11.652, -4.624)]
686;100;;;0;0,30;[1093, 1094, 1096, 1095];[(-11.652, -4.624), (-11.652, -4.788), (-9.839, -4.788), (-9.839, -4.624)]
687;100;;;0;0,03;[1095, 1096, 1098, 1097];[(-9.839, -4.624), (-9.839, -4.788), (-9.66, -4.788), (-9.66, -4.624)]
688;100;;;0;0,08;[1101, 1099, 1100, 1102];[(-8.177, -4.615), (-8.177, -4.8), (-7.767, -4.8), (-7.767, -4.615)]
689;100;;;0;0,31;[433, 1101, 1102, 434];[(-8.175, -3.865), (-8.177, -4.615), (-7.767, -4.615), (-7.766, -3.865)]
690;100;;;0;0,26;[1098, 1099, 1101, 1097];[(-9.66, -4.788), (-8.177, -4.8), (-8.177, -4.615), (-9.66, -4.624)]
691;100;;;0;0,12;[1104, 1103, 1105, 1106];[(-15.78, -8.189), (-15.609, -8.188), (-15.609, -7.478), (-15.78, -7.478)]
692;1;;;0;0,13;[1106, 1105, 1107, 1108];[(-15.78, -7.478), (-15.609, -7.478), (-15.609, -6.71), (-15.78, -6.711)]
693;100;;;0;0,34;[1082, 1080, 1108, 1107];[(-15.596, -4.808), (-15.784, -4.808), (-15.78, -6.711), (-15.609, -6.71)]
694;100;;;0;0,09;[1109, 1111, 1112, 1110];[(-11.844, -8.619), (-11.63, -8.619), (-11.63, -8.183), (-11.844, -8.183)]
695;100;;;0;0,49;[1111, 1113, 1114, 1112];[(-11.63, -8.619), (-10.499, -8.619), (-10.499, -8.183), (-11.63, -8.183)]
696;100;;;0;0,08;[1113, 1115, 1116, 1114];[(-10.499, -8.619), (-10.327, -8.619), (-10.327, -8.183), (-10.499, -8.183)]
697;100;;;0;0,24;[1110, 1112, 1118, 1117];[(-11.844, -8.183), (-11.63, -8.183), (-11.63, -7.048), (-11.844, -7.048)]
698;1;;;0;0,17;[1117, 1118, 1120, 1119];[(-11.844, -7.048), (-11.63, -7.048), (-11.63, -6.231), (-11.844, -6.231)]
699;100;;;0;0,02;[1119, 1120, 1122, 1121];[(-11.844, -6.231), (-11.63, -6.231), (-11.63, -6.117), (-11.844, -6.117)]
700;100;;;0;0,03;[1121, 1122, 1124, 1123];[(-11.844, -6.117), (-11.63, -6.117), (-11.63, -5.954), (-11.844, -5.954)]
701;100;;;0;0,05;[1123, 1124, 1126, 1125];[(-11.844, -5.954), (-11.63, -5.954), (-11.63, -5.717), (-11.844, -5.717)]
702;1;;;0;0,17;[1125, 1126, 1128, 1127];[(-11.844, -5.717), (-11.63, -5.717), (-11.63, -4.917), (-11.844, -4.917)]
703;100;;;0;0,03;[1092, 1127, 1128, 1094];[(-11.856, -4.788), (-11.844, -4.917), (-11.63, -4.917), (-11.652, -4.788)]
704;100;;;0;0,03;[1098, 1096, 1129, 1130];[(-9.66, -4.788), (-9.839, -4.788), (-9.839, -4.943), (-9.66, -4.943)]
705;3;;;0;0,15;[1130, 1129, 1131, 1132];[(-9.66, -4.943), (-9.839, -4.943), (-9.839, -5.752), (-9.66, -5.752)]
706;100;;;0;0,04;[1132, 1131, 1133, 1134];[(-9.66, -5.752), (-9.839, -5.752), (-9.839, -5.956), (-9.66, -5.956)]
707;100;;;0;0,03;[1134, 1133, 1135, 1136];[(-9.66, -5.956), (-9.839, -5.956), (-9.839, -6.111), (-9.66, -6.111)]
708;100;;;0;0,08;[1135, 1133, 1137, 1138];[(-9.839, -6.111), (-9.839, -5.956), (-10.329, -5.956), (-10.329, -6.111)]
709;100;;;0;0,03;[1138, 1137, 1139, 1140];[(-10.329, -6.111), (-10.329, -5.956), (-10.501, -5.956), (-10.501, -6.111)]
710;100;;;0;0,18;[1122, 1140, 1139, 1124];[(-11.63, -6.117), (-10.501, -6.111), (-10.501, -5.956), (-11.63, -5.954)]
711;100;;;0;0,25;[541, 1134, 1136, 539];[(-8.18, -5.947), (-9.66, -5.956), (-9.66, -6.111), (-8.181, -6.124)]
712;100;;;0;0,05;[1138, 1140, 1142, 1141];[(-10.329, -6.111), (-10.501, -6.111), (-10.501, -6.421), (-10.329, -6.421)]
713;3;;;0;0,15;[1141, 1142, 1144, 1143];[(-10.329, -6.421), (-10.501, -6.421), (-10.501, -7.287), (-10.329, -7.287)]
714;100;;;0;0,15;[1116, 1143, 1144, 1114];[(-10.327, -8.183), (-10.329, -7.287), (-10.501, -7.287), (-10.499, -8.183)]
715;8;223;;0;13,74;[181, 515, 514, 1015, 1017, 1019, 1058, 1056, 1054, 183];[(-19.891, 4.496), (-16.175, 4.496), (-15.388, 4.496), (-14.494, 4.496), (-14.306, 4.496), (-14.176, 4.496), (-14.18, 5.549), (-14.18, 6.398), (-14.18, 6.904), (-19.891, 6.898)]
716;1;;;0;14,20;[412, 414, 416, 1051, 1055, 1057, 1021, 1023, 1025, 1027, 1029, 1031, 1033, 410];[(-8.175, 5.336), (-8.175, 6.632), (-8.175, 6.91), (-14.065, 6.904), (-14.065, 6.398), (-14.065, 5.549), (-14.059, 4.496), (-13.483, 4.496), (-12.671, 4.496), (-11.331, 4.496), (-11.166, 4.496), (-9.861, 4.496), (-9.05, 4.496), (-8.175, 4.496)]
717;8;;;0;23,35;[177, 175, 173, 1060, 1034, 1035, 1014, 513, 516, 179];[(-19.891, 2.303), (-19.891, 1.896), (-19.891, -0.023), (-14.494, -0.023), (-14.485, 1.896), (-14.485, 2.303), (-14.494, 4.3), (-15.388, 4.3), (-16.175, 4.3), (-19.891, 4.3)]
718;3;;;0;5,91;[1016, 1037, 1039, 1041, 1043, 1026, 1024, 1022, 1020, 1018];[(-14.306, 4.3), (-14.298, 2.303), (-13.506, 2.303), (-12.632, 2.303), (-11.35, 2.303), (-11.331, 4.3), (-12.671, 4.3), (-13.483, 4.3), (-14.059, 4.3), (-14.176, 4.3)]
719;3;;;0;5,67;[1036, 1062, 1064, 1066, 1068, 1042, 1040, 1038];[(-14.298, 1.896), (-14.298, -0.023), (-14.102, -0.023), (-13.963, -0.023), (-11.334, -0.023), (-11.35, 1.896), (-12.632, 1.896), (-13.506, 1.896)]
720;3;;;0;5,96;[408, 1032, 1030, 1028, 1045, 1047, 1049, 1050, 405];[(-8.175, 4.286), (-9.05, 4.3), (-9.861, 4.3), (-11.166, 4.3), (-11.154, 2.303), (-9.823, 2.303), (-9.031, 2.303), (-8.175, 2.296), (-8.175, 2.532)]
721;3;;;0;5,76;[423, 1048, 1046, 1044, 1070, 425];[(-8.175, 1.896), (-9.031, 1.896), (-9.823, 1.896), (-11.154, 1.896), (-11.178, -0.023), (-8.175, -0.032)]
722;8;228;;0;25,43;[1071, 1063, 1061, 1059, 171, 1075, 1079, 1081, 1083, 1085];[(-14.102, -4.624), (-14.102, -0.226), (-14.298, -0.226), (-14.494, -0.226), (-19.891, -0.226), (-19.891, -4.618), (-15.784, -4.618), (-15.596, -4.618), (-15.024, -4.618), (-14.24, -4.618)]
723;8;229;;0;25,44;[432, 429, 427, 1069, 1067, 1065, 1072, 1087, 1089, 1091, 1093, 1095, 1097, 1101, 433];[(-8.175, -3.695), (-8.175, -3.243), (-8.175, -0.233), (-11.178, -0.226), (-11.334, -0.226), (-13.963, -0.226), (-13.963, -4.624), (-13.783, -4.624), (-12.991, -4.624), (-11.856, -4.624), (-11.652, -4.624), (-9.839, -4.624), (-9.66, -4.624), (-8.177, -4.615), (-8.175, -3.865)]
724;8;232;;0;13,92;[164, 1104, 1106, 1108, 1080, 1078, 169, 167];[(-19.891, -8.199), (-15.78, -8.189), (-15.78, -7.478), (-15.78, -6.711), (-15.784, -4.808), (-19.891, -4.808), (-19.891, -5.655), (-19.891, -5.825)]
725;3;;;0;2,09;[1094, 1128, 1126, 1124, 1139, 1137, 1133, 1131, 1129, 1096];[(-11.652, -4.788), (-11.63, -4.917), (-11.63, -5.717), (-11.63, -5.954), (-10.501, -5.956), (-10.329, -5.956), (-9.839, -5.956), (-9.839, -5.752), (-9.839, -4.943), (-9.839, -4.788)]
726;3;;;0;1,71;[1099, 1098, 1130, 1132, 1134, 541];[(-8.177, -4.8), (-9.66, -4.788), (-9.66, -4.943), (-9.66, -5.752), (-9.66, -5.956), (-8.18, -5.947)]
727;4;;;0;4,43;[539, 1136, 1135, 1138, 1141, 1143, 1116, 518];[(-8.181, -6.124), (-9.66, -6.111), (-9.839, -6.111), (-10.329, -6.111), (-10.329, -6.421), (-10.329, -7.287), (-10.327, -8.183), (-8.188, -8.183)]
728;3;;;0;2,34;[1114, 1144, 1142, 1140, 1122, 1120, 1118, 1112];[(-10.499, -8.183), (-10.501, -7.287), (-10.501, -6.421), (-10.501, -6.111), (-11.63, -6.117), (-11.63, -6.231), (-11.63, -7.048), (-11.63, -8.183)]
729;19;;;0;73,27;[502, 879, 869, 867, 861, 848, 849, 1854, 851, 484, 486, 488, 491, 493, 495, 497, 500];[(-25.549, -12.22), (-25.879, -12.558), (-25.875, -22.843), (-25.875, -23.02), (-25.875, -24.315), (-24.886, -24.315), (-24.743, -24.315), (-23.787, -24.315), (-19.811, -24.315), (-19.814, -12.226), (-19.892, -12.226), (-20.568, -12.226), (-21.675, -12.226), (-21.891, -12.226), (-22.518, -12.226), (-23.782, -12.226), (-24.85, -12.226)]
730;100;;;0;0,07;[1150, 1147, 1148, 1149];[(-33.637, -28.472), (-33.637, -28.659), (-33.237, -28.659), (-33.237, -28.472)]
731;100;;;0;1,47;[547, 1150, 1149, 549];[(-33.637, -24.794), (-33.637, -28.472), (-33.237, -28.472), (-33.237, -24.794)]
732;100;;;0;0,15;[1147, 1150, 1152, 1151];[(-33.637, -28.659), (-33.637, -28.472), (-34.425, -28.472), (-34.425, -28.659)]
733;8;;;0;0,17;[1151, 1152, 1154, 1153];[(-34.425, -28.659), (-34.425, -28.472), (-35.319, -28.472), (-35.319, -28.659)]
734;100;;;0;0,85;[866, 1153, 1154, 1145];[(-39.998, -28.656), (-35.319, -28.659), (-35.319, -28.472), (-39.998, -28.479)]
735;100;;;0;0,04;[1157, 1158, 1160, 1159];[(-28.136, -25.573), (-28.137, -25.37), (-28.321, -25.37), (-28.32, -25.573)]
736;100;;;0;0,02;[1157, 1159, 1162, 1161];[(-28.136, -25.573), (-28.32, -25.573), (-28.32, -25.702), (-28.136, -25.702)]
737;2;;;0;0,15;[1161, 1162, 1164, 1163];[(-28.136, -25.702), (-28.32, -25.702), (-28.32, -26.491), (-28.136, -26.491)]
738;100;;;0;0,02;[1163, 1164, 1166, 1165];[(-28.136, -26.491), (-28.32, -26.491), (-28.32, -26.607), (-28.136, -26.607)]
739;100;;;0;0,04;[1165, 1166, 1168, 1167];[(-28.136, -26.607), (-28.32, -26.607), (-28.32, -26.811), (-28.136, -26.811)]
740;100;;;0;0,36;[592, 1165, 1167, 589];[(-26.329, -26.601), (-28.136, -26.607), (-28.136, -26.811), (-26.328, -26.797)]
741;100;;;0;0,32;[909, 908, 1159, 1160];[(-29.903, -25.361), (-29.903, -25.557), (-28.32, -25.573), (-28.321, -25.37)]
742;100;;;0;0,64;[1172, 1171, 1170, 1169];[(-30.099, -22.287), (-29.903, -22.287), (-29.903, -19.046), (-30.099, -19.046)]
743;100;;;0;0,25;[922, 1169, 1170, 920];[(-31.235, -17.919), (-30.099, -19.046), (-29.903, -19.046), (-31.121, -17.799)]
744;100;;;0;0,02;[1173, 1174, 1171, 1172];[(-30.099, -22.401), (-29.903, -22.401), (-29.903, -22.287), (-30.099, -22.287)]
745;100;;;0;0,09;[872, 873, 1174, 1173];[(-30.099, -22.843), (-29.903, -22.843), (-29.903, -22.401), (-30.099, -22.401)]
746;100;;;0;0,08;[1173, 1172, 1175, 1176];[(-30.099, -22.401), (-30.099, -22.287), (-30.801, -22.287), (-30.801, -22.401)]
747;1;;;0;0,10;[1176, 1175, 1177, 1178];[(-30.801, -22.401), (-30.801, -22.287), (-31.691, -22.287), (-31.691, -22.401)]
748;100;;;0;0,18;[556, 1178, 1177, 558];[(-33.237, -22.383), (-31.691, -22.401), (-31.691, -22.287), (-33.237, -22.259)]
749;100;;;0;0,12;[1147, 1179, 1180, 1148];[(-33.637, -28.659), (-33.637, -28.964), (-33.237, -28.964), (-33.237, -28.659)]
750;100;;;0;0,04;[1179, 1181, 1182, 1180];[(-33.637, -28.964), (-33.637, -29.071), (-33.237, -29.071), (-33.237, -28.964)]
751;100;;;0;0,10;[1180, 1182, 1184, 1183];[(-33.237, -28.964), (-33.237, -29.071), (-32.316, -29.071), (-32.316, -28.964)]
752;1;;;0;0,11;[1183, 1184, 1186, 1185];[(-32.316, -28.964), (-32.316, -29.071), (-31.248, -29.071), (-31.248, -28.964)]
753;100;;;0;0,14;[898, 1185, 1186, 915];[(-30.099, -28.948), (-31.248, -28.964), (-31.248, -29.071), (-30.099, -29.075)]
754;1;;;0;20,60;[549, 1149, 1148, 1180, 1183, 1185, 898, 899, 902, 903, 906, 907, 910, 911, 918, 871, 872, 1173, 1176, 1178, 556, 554, 552, 550];[(-33.237, -24.794), (-33.237, -28.472), (-33.237, -28.659), (-33.237, -28.964), (-32.316, -28.964), (-31.248, -28.964), (-30.099, -28.948), (-30.099, -28.585), (-30.099, -28.438), (-30.099, -26.518), (-30.099, -25.744), (-30.099, -25.557), (-30.099, -25.361), (-30.099, -24.421), (-30.099, -23.441), (-30.099, -23.02), (-30.099, -22.843), (-30.099, -22.401), (-30.801, -22.401), (-31.691, -22.401), (-33.237, -22.383), (-33.237, -22.921), (-33.237, -24.228), (-33.237, -24.365)]
755;3;;;0;8,38;[862, 863, 868, 878, 875, 874, 917, 912, 909, 1160, 1158, 1155];[(-26.336, -24.652), (-26.336, -24.315), (-26.336, -23.02), (-27.443, -23.02), (-28.443, -23.02), (-29.903, -23.02), (-29.903, -23.441), (-29.903, -24.421), (-29.903, -25.361), (-28.321, -25.37), (-28.137, -25.37), (-26.334, -25.37)]
756;2;205;;0;7,80;[598, 597, 596, 589, 1167, 1168, 1166, 1164, 1162, 1159, 908, 905, 904, 901];[(-27.968, -28.441), (-27.826, -28.441), (-26.321, -28.428), (-26.328, -26.797), (-28.136, -26.811), (-28.32, -26.811), (-28.32, -26.607), (-28.32, -26.491), (-28.32, -25.702), (-28.32, -25.573), (-29.903, -25.557), (-29.903, -25.744), (-29.903, -26.518), (-29.903, -28.438)]
757;2;;;0;1,86;[588, 1157, 1161, 1163, 1165, 592];[(-26.333, -25.573), (-28.136, -25.573), (-28.136, -25.702), (-28.136, -26.491), (-28.136, -26.607), (-26.329, -26.601)]
758;3;;;0;30,12;[873, 876, 877, 870, 882, 920, 1170, 1171, 1174];[(-29.903, -22.843), (-28.443, -22.843), (-27.443, -22.843), (-26.336, -22.843), (-26.346, -13.037), (-31.121, -17.799), (-29.903, -19.046), (-29.903, -22.287), (-29.903, -22.401)]
759;8;203;;0;10,85;[158, 157, 558, 1177, 1175, 1172, 1169, 922, 159];[(-33.234, -21.306), (-33.234, -21.82), (-33.237, -22.259), (-31.691, -22.287), (-30.801, -22.287), (-30.099, -22.287), (-30.099, -19.046), (-31.235, -17.919), (-33.234, -20.108)]
760;9;;;0;6,33;[950, 951, 104, 609];[(24.379, -45.863), (24.379, -48.513), (26.768, -48.513), (26.765, -45.863)]
761;100;;;0;0,08;[1192, 1191, 1193, 1194];[(26.161, -34.598), (26.014, -34.598), (26.014, -35.147), (26.161, -35.147)]
762;100;;;0;0,60;[1187, 1190, 1189, 1188];[(29.063, -45.852), (29.063, -45.469), (27.517, -45.474), (27.517, -45.863)]
763;100;;;0;0,11;[94, 1190, 1187, 96];[(29.364, -45.467), (29.063, -45.469), (29.063, -45.852), (29.364, -45.848)]
764;100;;;0;0,29;[610, 609, 1188, 1189];[(26.765, -45.474), (26.765, -45.863), (27.517, -45.863), (27.517, -45.474)]
765;1;;;0;6,90;[96, 1187, 1188, 609, 104, 102, 98];[(29.364, -45.848), (29.063, -45.852), (27.517, -45.863), (26.765, -45.863), (26.768, -48.513), (27.007, -48.513), (29.364, -48.513)]
766;100;;;0;0,29;[1196, 1195, 1197, 1198];[(26.161, -35.323), (26.014, -35.323), (26.014, -37.322), (26.161, -37.322)]
767;1;;;0;0,12;[1198, 1197, 1199, 1200];[(26.161, -37.322), (26.014, -37.322), (26.014, -38.165), (26.161, -38.165)]
768;100;;;0;0,15;[1200, 1199, 1201, 1202];[(26.161, -38.165), (26.014, -38.165), (26.014, -39.184), (26.161, -39.184)]
769;100;;;0;0,03;[1202, 1201, 1203, 1204];[(26.161, -39.184), (26.014, -39.184), (26.014, -39.36), (26.161, -39.36)]
770;100;;;0;0,67;[1201, 1206, 1205, 1203];[(26.014, -39.184), (22.376, -39.178), (22.376, -39.369), (26.014, -39.36)]
771;100;;;0;0,62;[1193, 1207, 1208, 1195];[(26.014, -35.147), (22.376, -35.153), (22.376, -35.316), (26.014, -35.323)]
772;100;;;0;1,09;[649, 1209, 1210, 648];[(22.0, -24.781), (21.982, -27.577), (22.38, -27.577), (22.384, -24.781)]
773;100;;;0;0,06;[1209, 1211, 1212, 1210];[(21.982, -27.577), (21.981, -27.734), (22.38, -27.734), (22.38, -27.577)]
774;100;;;0;0,50;[665, 666, 1210, 1212];[(26.014, -27.71), (26.014, -27.592), (22.38, -27.577), (22.38, -27.734)]
775;100;;;0;0,65;[675, 672, 1213, 1214];[(26.161, -24.437), (26.161, -25.054), (27.219, -25.054), (27.219, -24.437)]
776;1;;;0;18,56;[108, 604, 772, 767, 802, 803, 753];[(21.97, -48.513), (21.97, -45.863), (17.751, -44.593), (16.509, -44.593), (16.509, -45.466), (16.509, -45.664), (16.627, -48.513)]
777;100;;;0;2,14;[760, 114, 113, 759];[(-20.348, -48.513), (-23.298, -48.513), (-23.298, -49.239), (-20.348, -49.239)]
778;100;;;0;0,49;[112, 110, 1216, 1217];[(-26.302, -48.513), (-25.83, -48.513), (-25.83, -47.48), (-26.302, -47.48)]
779;1;;;0;0,60;[1217, 1216, 1218, 1219];[(-26.302, -47.48), (-25.83, -47.48), (-25.83, -46.21), (-26.302, -46.21)]
780;100;;;0;2,75;[893, 1219, 1218, 891];[(-26.321, -40.449), (-26.302, -46.21), (-25.83, -46.21), (-25.834, -40.468)]
781;1;;;0;90,10;[112, 1217, 1219, 893, 894, 896, 833, 566, 576, 578, 580, 582, 584, 586, 118];[(-26.302, -48.513), (-26.302, -47.48), (-26.302, -46.21), (-26.321, -40.449), (-26.32, -39.957), (-26.32, -39.636), (-26.313, -35.086), (-33.237, -35.917), (-33.237, -44.381), (-33.237, -45.249), (-33.237, -45.46), (-33.237, -45.883), (-33.237, -46.377), (-33.237, -47.855), (-33.225, -48.513)]
782;1;;;0;20,66;[889, 891, 1218, 1216, 110, 116, 924, 887];[(-23.948, -42.42), (-25.834, -40.468), (-25.83, -46.21), (-25.83, -47.48), (-25.83, -48.513), (-23.373, -48.513), (-21.921, -44.461), (-23.638, -42.73)]
783;2;209;Аппаратная;0;28,22;[618, 646, 648, 1210, 666, 669, 670, 673, 674, 616];[(22.384, -19.812), (22.384, -24.381), (22.384, -24.781), (22.38, -27.577), (26.014, -27.592), (26.014, -26.044), (26.014, -25.211), (26.014, -25.054), (26.014, -24.437), (26.014, -19.812)]
784;19;;Трибуны;0;26,64;[651, 653, 655, 657, 702, 706, 700, 696, 694, 677, 676, 680, 1211, 1209, 649];[(21.012, -24.781), (20.86, -24.781), (19.554, -24.781), (15.851, -24.781), (15.851, -26.557), (19.559, -26.557), (19.556, -28.484), (15.854, -28.484), (15.854, -30.288), (20.86, -30.295), (21.012, -30.295), (21.965, -30.295), (21.981, -27.734), (21.982, -27.577), (22.0, -24.781)]
785;19;;;0;4,85;[701, 707, 704, 698];[(19.556, -28.178), (19.559, -26.87), (15.851, -26.87), (15.854, -28.178)]
786;19;;;0;93,37;[720, 722, 724, 726, 728, 730, 740, 742, 762, 883, 768, 770, 783, 782];[(13.983, -38.813), (10.308, -38.813), (9.887, -38.813), (4.204, -38.813), (3.826, -38.813), (1.208, -38.813), (1.208, -44.468), (1.208, -44.586), (1.21, -45.466), (16.083, -45.466), (16.083, -44.593), (16.083, -44.196), (15.999, -43.941), (15.676, -43.107)]
787;19;;;0;4,83;[745, 766, 764, 743];[(-4.685, -44.586), (-4.695, -45.466), (0.794, -45.466), (0.792, -44.586)]
788;19;;;0;92,75;[746, 792, 805, 806, 809, 811, 813, 751, 40, 749, 801, 747];[(-5.087, -44.468), (-5.087, -38.812), (-7.772, -38.818), (-8.174, -38.818), (-13.824, -38.818), (-14.282, -38.818), (-17.801, -38.818), (-19.871, -44.168), (-19.871, -44.476), (-19.871, -45.466), (-5.102, -45.466), (-5.087, -44.586)]
789;100;;;0;1,61;[1181, 1220, 1221, 1182];[(-33.637, -29.071), (-33.637, -33.104), (-33.237, -33.104), (-33.237, -29.071)]
790;100;;;0;0,42;[1220, 1222, 1223, 1221];[(-33.637, -33.104), (-33.637, -34.159), (-33.237, -34.159), (-33.237, -33.104)]
791;100;;;0;10,59;[960, 962, 1225, 1224];[(18.958, 38.271), (18.958, 37.551), (33.668, 37.551), (33.668, 38.271)]
792;100;;;0;0,12;[1224, 1225, 1227, 1226];[(33.668, 38.271), (33.668, 37.551), (33.831, 37.551), (33.831, 38.271)]
793;100;;;0;4,40;[1226, 1227, 1229, 1228];[(33.831, 38.271), (33.831, 37.551), (39.947, 37.551), (39.947, 38.271)]
794;100;;;0;0,12;[1228, 1229, 1231, 1230];[(39.947, 38.271), (39.947, 37.551), (40.111, 37.551), (40.111, 38.271)]
795;100;;;0;4,23;[1230, 1231, 1233, 1232];[(40.111, 38.271), (40.111, 37.551), (45.991, 37.551), (45.991, 38.271)]
796;100;;;0;0,13;[1232, 1233, 1235, 1234];[(45.991, 38.271), (45.991, 37.551), (46.167, 37.551), (46.167, 38.271)]
797;100;;;0;8,20;[1234, 1235, 1237, 1236];[(46.167, 38.271), (46.167, 37.551), (57.561, 37.551), (57.561, 38.271)]
798;100;;;0;0,54;[1236, 1237, 1239, 1238];[(57.561, 38.271), (57.561, 37.551), (58.313, 37.551), (58.313, 38.271)]
799;100;;;0;4,56;[1239, 1237, 1240, 1241];[(58.313, 37.551), (57.561, 37.551), (57.561, 31.496), (58.313, 31.496)]
800;100;;;0;0,35;[1241, 1240, 1242, 1243];[(58.313, 31.496), (57.561, 31.496), (57.561, 31.037), (58.313, 31.037)]
801;100;;;0;1,64;[1243, 1242, 1244, 1245];[(58.313, 31.037), (57.561, 31.037), (57.561, 28.862), (58.313, 28.862)]
802;100;;;0;19,41;[1247, 1249, 1250, 1246];[(58.313, 28.227), (57.196, 28.227), (57.196, 10.847), (58.313, 10.847)]
803;100;;;0;0,82;[1246, 1250, 1252, 1253, 1251];[(58.313, 10.847), (57.196, 10.847), (57.196, 10.112), (57.892, 10.112), (58.313, 10.112)]
804;100;;;0;0,71;[1244, 1248, 1249, 1247, 1245];[(57.561, 28.862), (57.196, 28.862), (57.196, 28.227), (58.313, 28.227), (58.313, 28.862)]
805;100;;;0;3,75;[1253, 1252, 1254, 1255];[(57.892, 10.112), (57.196, 10.112), (57.196, 4.723), (57.892, 4.723)]
806;100;;;0;0,33;[1255, 1254, 1256, 1257];[(57.892, 4.723), (57.196, 4.723), (57.196, 4.253), (57.892, 4.253)]
807;100;;;0;4,34;[1257, 1256, 1834, 1836, 1258, 1259];[(57.892, 4.253), (57.196, 4.253), (57.196, 2.245), (57.196, -0.704), (57.196, -1.989), (57.892, -1.989)]
808;100;;;0;0,57;[1259, 1258, 1260, 1261];[(57.892, -1.989), (57.196, -1.989), (57.196, -2.812), (57.892, -2.812)]
809;100;;;0;2,20;[1260, 1258, 1262, 1263];[(57.196, -2.812), (57.196, -1.989), (54.521, -1.989), (54.521, -2.812)]
810;100;;;0;0,42;[1263, 1262, 1264, 1265];[(54.521, -2.812), (54.521, -1.989), (53.943, -2.185), (53.943, -2.812)]
811;100;;;0;0,40;[1264, 1262, 1266, 1267];[(53.943, -2.185), (54.521, -1.989), (54.521, -1.401), (53.943, -1.401)]
812;100;;;0;5,52;[1264, 1267, 1269, 1268];[(53.943, -2.185), (53.943, -1.401), (46.899, -1.401), (46.899, -2.185)]
813;100;;;0;0,17;[1268, 1269, 1271, 1270];[(46.899, -2.185), (46.899, -1.401), (46.679, -1.401), (46.679, -2.185)]
814;100;;;0;8,40;[1270, 1271, 1273, 1272];[(46.679, -2.185), (46.679, -1.401), (35.961, -1.401), (35.961, -2.185)]
815;100;;;0;0,16;[1272, 1273, 1275, 1274];[(35.961, -2.185), (35.961, -1.401), (35.758, -1.401), (35.758, -2.185)]
816;100;;;0;2,64;[1274, 1275, 1277, 1276];[(35.758, -2.185), (35.758, -1.401), (32.389, -1.401), (32.389, -2.185)]
817;100;;;0;0,11;[1276, 1277, 1279, 1278];[(32.389, -2.185), (32.389, -1.401), (32.253, -1.401), (32.253, -2.185)]
818;100;;;0;2,77;[1278, 1279, 1281, 1280];[(32.253, -2.185), (32.253, -1.401), (28.714, -1.401), (28.714, -2.185)]
819;100;;;0;0,45;[1280, 1281, 1283, 1282];[(28.714, -2.185), (28.714, -1.401), (28.139, -1.401), (28.139, -2.185)]
820;100;;;0;0,36;[1280, 1282, 1285, 1284];[(28.714, -2.185), (28.139, -2.185), (28.139, -2.811), (28.714, -2.811)]
821;100;;;0;1,69;[1285, 1282, 1286, 1287];[(28.139, -2.811), (28.139, -2.185), (25.447, -2.185), (25.447, -2.811)]
822;100;;;0;0,37;[1287, 1286, 1288, 1289];[(25.447, -2.811), (25.447, -2.185), (24.854, -2.185), (24.854, -2.811)]
823;100;;;0;0,26;[1288, 1286, 1290, 1291];[(24.854, -2.185), (25.447, -2.185), (25.447, -1.754), (24.854, -1.754)]
824;100;;;0;0,43;[1291, 1290, 1292, 1293];[(24.854, -1.754), (25.447, -1.754), (25.447, -1.058), (24.803, -1.058)]
825;100;;;0;1,44;[1291, 1293, 1295, 1294];[(24.854, -1.754), (24.803, -1.058), (22.757, -1.058), (22.757, -1.754)]
826;100;;;0;0,10;[1294, 1295, 1297, 1296];[(22.757, -1.754), (22.757, -1.058), (22.62, -1.058), (22.62, -1.754)]
827;100;;;0;2,54;[1296, 1297, 1299, 1298];[(22.62, -1.754), (22.62, -1.058), (18.965, -1.058), (18.965, -1.754)]
828;100;;;0;0,52;[1298, 1299, 1301, 1300];[(18.965, -1.754), (18.965, -1.058), (18.22, -1.058), (18.22, -1.754)]
829;100;;;0;2,03;[1301, 1299, 1302, 1303];[(18.22, -1.058), (18.965, -1.058), (18.965, 1.666), (18.22, 1.666)]
830;100;;;0;0,11;[1303, 1302, 1304, 1305];[(18.22, 1.666), (18.965, 1.666), (18.965, 1.813), (18.22, 1.813)]
831;100;;;0;2,11;[1305, 1304, 1306, 1307];[(18.22, 1.813), (18.965, 1.813), (18.965, 4.645), (18.22, 4.645)]
832;100;;;0;0,35;[1307, 1306, 1308, 1309];[(18.22, 4.645), (18.965, 4.645), (18.965, 5.115), (18.22, 5.115)]
833;100;;;0;3,72;[1309, 1308, 1310, 1311];[(18.22, 5.115), (18.965, 5.115), (18.965, 10.112), (18.22, 10.112)]
834;100;;;0;0,35;[1311, 1310, 1312, 1313];[(18.22, 10.112), (18.965, 10.112), (18.965, 10.583), (18.22, 10.583)]
835;100;;;0;1,77;[1313, 1312, 1314, 1315];[(18.22, 10.583), (18.965, 10.583), (18.965, 12.964), (18.22, 12.964)]
836;100;;;0;0,11;[1315, 1314, 1316, 1317];[(18.22, 12.964), (18.965, 12.964), (18.965, 13.111), (18.22, 13.111)]
837;100;;;0;2,40;[1317, 1316, 1318, 1319];[(18.22, 13.111), (18.965, 13.111), (18.965, 16.335), (18.22, 16.335)]
838;100;;;0;0,32;[1319, 1318, 1320, 1321];[(18.22, 16.335), (18.965, 16.335), (18.965, 16.766), (18.22, 16.766)]
839;100;;;0;4,16;[1321, 1320, 1322, 1323];[(18.22, 16.766), (18.965, 16.766), (18.965, 22.351), (18.22, 22.351)]
840;100;;;0;0,34;[1323, 1322, 1324, 1325];[(18.22, 22.351), (18.965, 22.351), (18.965, 22.802), (18.22, 22.802)]
841;100;;;0;4,08;[1325, 1324, 1829, 1827, 1326, 1327];[(18.22, 22.802), (18.965, 22.802), (18.965, 24.005), (18.965, 27.039), (18.965, 28.279), (18.22, 28.279)]
842;100;;;0;0,32;[1327, 1326, 1328, 1329];[(18.22, 28.279), (18.965, 28.279), (18.965, 28.71), (18.22, 28.71)]
843;100;;;0;1,73;[1329, 1328, 1330, 1331];[(18.22, 28.71), (18.965, 28.71), (18.965, 31.033), (18.22, 31.033)]
844;100;;;0;0,35;[1331, 1330, 1332, 1333];[(18.22, 31.033), (18.965, 31.033), (18.965, 31.503), (18.22, 31.503)]
845;100;;;0;4,51;[963, 1333, 1332, 962];[(18.211, 37.551), (18.22, 31.503), (18.965, 31.503), (18.958, 37.551)]
846;100;;;0;1,74;[1332, 1330, 1334, 1335];[(18.965, 31.503), (18.965, 31.033), (22.656, 31.033), (22.656, 31.503)]
847;100;;;0;0,09;[1335, 1334, 1336, 1337];[(22.656, 31.503), (22.656, 31.033), (22.842, 31.033), (22.842, 31.503)]
848;1;;;0;1,83;[1562, 1374, 1372, 1561];[(24.327, 31.033), (24.327, 29.473), (25.585, 29.473), (25.418, 31.033)]
849;1;;;0;0,68;[1339, 1338, 1340, 1341];[(26.246, 31.503), (26.246, 31.033), (27.685, 31.033), (27.685, 31.503)]
850;100;;;0;2,81;[1341, 1340, 1342, 1343];[(27.685, 31.503), (27.685, 31.033), (33.662, 31.033), (33.662, 31.503)]
851;100;;;0;0,10;[1343, 1342, 1344, 1345];[(33.662, 31.503), (33.662, 31.033), (33.865, 31.033), (33.865, 31.503)]
852;100;;;0;0,65;[1345, 1344, 1346, 1347];[(33.865, 31.503), (33.865, 31.033), (35.237, 31.033), (35.237, 31.503)]
853;1;;;0;0,71;[1347, 1346, 1348, 1349];[(35.237, 31.503), (35.237, 31.033), (36.744, 31.033), (36.744, 31.503)]
854;100;;;0;1,53;[1349, 1348, 1350, 1351];[(36.744, 31.503), (36.744, 31.033), (39.989, 31.033), (39.989, 31.503)]
855;100;;;0;0,06;[1351, 1350, 1352, 1353];[(39.989, 31.503), (39.989, 31.033), (40.118, 31.033), (40.118, 31.503)]
856;100;;;0;0,40;[1353, 1352, 1354, 1355];[(40.118, 31.503), (40.118, 31.033), (40.977, 31.033), (40.977, 31.503)]
857;1;;;0;0,69;[1355, 1354, 1356, 1357];[(40.977, 31.503), (40.977, 31.033), (42.446, 31.033), (42.446, 31.503)]
858;100;;;0;1,67;[1357, 1356, 1358, 1359];[(42.446, 31.503), (42.446, 31.033), (45.997, 31.033), (45.997, 31.503)]
859;100;;;0;0,08;[1359, 1358, 1360, 1361];[(45.997, 31.503), (45.997, 31.033), (46.174, 31.033), (46.174, 31.503)]
860;100;;;0;0,91;[1361, 1360, 1362, 1363];[(46.174, 31.503), (46.174, 31.033), (48.114, 31.033), (48.114, 31.503)]
861;1;;;0;0,67;[1363, 1362, 1364, 1365];[(48.114, 31.503), (48.114, 31.033), (49.537, 31.033), (49.537, 31.503)]
862;100;;;0;3,73;[1240, 1365, 1364, 1242];[(57.561, 31.496), (49.537, 31.503), (49.537, 31.033), (57.561, 31.037)]
863;100;;;0;1,13;[1249, 1248, 1366, 1367];[(57.196, 28.227), (57.196, 28.862), (55.409, 28.862), (55.409, 28.227)]
864;100;;;0;10,02;[1548, 1547, 1372, 1368];[(33.626, 28.227), (33.626, 29.473), (25.585, 29.473), (25.585, 28.227)]
865;100;;;0;1,57;[1368, 1372, 1374, 1373];[(25.585, 28.227), (25.585, 29.473), (24.327, 29.473), (24.327, 28.227)]
866;100;;;0;0,89;[1366, 1370, 1371, 1369, 1367];[(55.409, 28.862), (55.409, 29.473), (54.692, 29.473), (54.692, 28.227), (55.409, 28.227)]
867;100;;;0;0,53;[1368, 1373, 1376, 1377, 1375];[(25.585, 28.227), (24.327, 28.227), (24.327, 27.804), (24.828, 27.804), (25.585, 27.804)]
868;100;;;0;3,78;[1375, 1377, 1379, 1378];[(25.585, 27.804), (24.828, 27.804), (24.828, 22.805), (25.585, 22.805)]
869;100;;;0;0,34;[1378, 1379, 1381, 1380];[(25.585, 22.805), (24.828, 22.805), (24.828, 22.359), (25.585, 22.359)]
870;100;;;0;4,26;[1380, 1381, 1383, 1382];[(25.585, 22.359), (24.828, 22.359), (24.828, 16.738), (25.585, 16.738)]
871;100;;;0;0,32;[1382, 1383, 1385, 1384];[(25.585, 16.738), (24.828, 16.738), (24.828, 16.315), (25.585, 16.315)]
872;100;;;0;4,13;[1384, 1385, 1387, 1386];[(25.585, 16.315), (24.828, 16.315), (24.828, 10.859), (25.585, 10.859)]
873;100;;;0;0,25;[1386, 1390, 1392, 1388];[(25.585, 10.859), (25.585, 10.142), (25.938, 10.142), (25.938, 10.859)]
874;1;;;0;0,68;[1388, 1392, 1394, 1393];[(25.938, 10.859), (25.938, 10.142), (26.89, 10.142), (26.89, 10.859)]
875;100;;;0;0,54;[1389, 1391, 1504, 1390, 1386, 1387];[(24.828, 10.577), (24.828, 10.142), (25.42, 10.142), (25.585, 10.142), (25.585, 10.859), (24.828, 10.859)]
876;100;;;0;2,73;[1393, 1394, 1396, 1395];[(26.89, 10.859), (26.89, 10.142), (30.7, 10.142), (30.7, 10.859)]
877;100;;;0;0,16;[1395, 1396, 1398, 1397];[(30.7, 10.859), (30.7, 10.142), (30.924, 10.142), (30.924, 10.859)]
878;100;;;0;2,23;[1397, 1398, 1400, 1399];[(30.924, 10.859), (30.924, 10.142), (34.028, 10.142), (34.028, 10.859)]
879;100;;;0;0,20;[1399, 1400, 1402, 1401];[(34.028, 10.859), (34.028, 10.142), (34.31, 10.142), (34.31, 10.859)]
880;100;;;0;1,10;[1401, 1402, 1404, 1403];[(34.31, 10.859), (34.31, 10.142), (35.85, 10.142), (35.85, 10.859)]
881;100;;;0;0,16;[1403, 1404, 1406, 1405];[(35.85, 10.859), (35.85, 10.142), (36.074, 10.142), (36.074, 10.859)]
882;100;;;0;2,72;[1405, 1406, 1408, 1407];[(36.074, 10.859), (36.074, 10.142), (39.872, 10.142), (39.872, 10.859)]
883;4;;;0;0,71;[1407, 1408, 1410, 1409];[(39.872, 10.859), (39.872, 10.142), (40.859, 10.142), (40.859, 10.859)]
884;100;;;0;0,20;[1409, 1410, 1412, 1411];[(40.859, 10.859), (40.859, 10.142), (41.142, 10.142), (41.142, 10.859)]
885;100;;;0;0,32;[1411, 1412, 1414, 1413];[(41.142, 10.859), (41.142, 10.142), (41.588, 10.142), (41.588, 10.859)]
886;100;;;0;0,14;[1413, 1414, 1416, 1415];[(41.588, 10.859), (41.588, 10.142), (41.788, 10.142), (41.788, 10.859)]
887;4;;;0;0,68;[1415, 1416, 1418, 1417];[(41.788, 10.859), (41.788, 10.142), (42.741, 10.142), (42.741, 10.859)]
888;100;;;0;6,47;[1417, 1418, 1420, 1419];[(42.741, 10.859), (42.741, 10.142), (51.759, 10.142), (51.759, 10.859)]
889;100;;;0;0,25;[1419, 1420, 1422, 1421];[(51.759, 10.859), (51.759, 10.142), (52.112, 10.142), (52.112, 10.859)]
890;100;;;0;3,69;[1250, 1421, 1422, 1252];[(57.196, 10.847), (52.112, 10.859), (52.112, 10.142), (57.196, 10.112)]
891;100;;;0;0,69;[1328, 1326, 1423, 1424];[(18.965, 28.71), (18.965, 28.279), (20.576, 28.279), (20.576, 28.71)]
892;1;;;0;0,66;[1424, 1423, 1425, 1426];[(20.576, 28.71), (20.576, 28.279), (22.104, 28.279), (22.104, 28.71)]
893;100;;;0;0,08;[1426, 1425, 1427, 1428];[(22.104, 28.71), (22.104, 28.279), (22.281, 28.279), (22.281, 28.71)]
894;100;;;0;0,16;[1428, 1427, 1429, 1430];[(22.281, 28.71), (22.281, 28.279), (22.657, 28.279), (22.657, 28.71)]
895;100;;;0;0,08;[1430, 1429, 1431, 1432];[(22.657, 28.71), (22.657, 28.279), (22.833, 28.279), (22.833, 28.71)]
896;100;;;0;2,07;[1429, 1427, 1826, 1828, 1433, 1434];[(22.657, 28.279), (22.281, 28.279), (22.281, 27.039), (22.281, 24.005), (22.281, 22.788), (22.657, 22.788)]
897;100;;;0;0,16;[1434, 1433, 1435, 1436];[(22.657, 22.788), (22.281, 22.788), (22.281, 22.365), (22.657, 22.365)]
898;100;;;0;1,45;[1322, 1435, 1433, 1324];[(18.965, 22.351), (22.281, 22.365), (22.281, 22.788), (18.965, 22.802)]
899;100;;;0;0,19;[1434, 1436, 1438, 1437];[(22.657, 22.788), (22.657, 22.365), (23.104, 22.365), (23.104, 22.788)]
900;100;;;0;0,11;[1437, 1438, 1440, 1439];[(23.104, 22.788), (23.104, 22.365), (23.363, 22.365), (23.363, 22.788)]
901;100;;;0;0,61;[1440, 1438, 1441, 1442];[(23.363, 22.365), (23.104, 22.365), (23.104, 20.025), (23.363, 20.025)]
902;1;;;0;0,22;[1442, 1441, 1443, 1444];[(23.363, 20.025), (23.104, 20.025), (23.104, 19.19), (23.363, 19.19)]
903;100;;;0;0,63;[1444, 1443, 1445, 1446];[(23.363, 19.19), (23.104, 19.19), (23.104, 16.756), (23.363, 16.756)]
904;100;;;0;0,11;[1446, 1445, 1447, 1448];[(23.363, 16.756), (23.104, 16.756), (23.104, 16.333), (23.363, 16.333)]
905;100;;;0;0,53;[1448, 1447, 1449, 1450];[(23.363, 16.333), (23.104, 16.333), (23.104, 14.287), (23.363, 14.287)]
906;100;;;0;0,06;[1450, 1449, 1451, 1452];[(23.363, 14.287), (23.104, 14.287), (23.104, 14.063), (23.363, 14.063)]
907;100;;;0;0,90;[1452, 1451, 1453, 1454];[(23.363, 14.063), (23.104, 14.063), (23.104, 10.583), (23.363, 10.583)]
908;100;;;0;0,12;[1454, 1453, 1455, 1456];[(23.363, 10.583), (23.104, 10.583), (23.104, 10.112), (23.363, 10.112)]
909;100;;;0;0,62;[1456, 1455, 1457, 1458];[(23.363, 10.112), (23.104, 10.112), (23.104, 7.726), (23.363, 7.726)]
910;1;;;0;0,22;[1458, 1457, 1459, 1460];[(23.363, 7.726), (23.104, 7.726), (23.104, 6.867), (23.363, 6.867)]
911;100;;;0;0,45;[1460, 1459, 1461, 1462];[(23.363, 6.867), (23.104, 6.867), (23.104, 5.115), (23.363, 5.115)]
912;100;;;0;0,03;[1462, 1461, 1463, 1464];[(23.363, 5.115), (23.104, 5.115), (23.104, 4.986), (23.363, 4.986)]
913;100;;;0;0,09;[1464, 1463, 1465, 1466];[(23.363, 4.986), (23.104, 4.986), (23.104, 4.657), (23.363, 4.657)]
914;100;;;0;0,28;[1466, 1465, 1467, 1468];[(23.363, 4.657), (23.104, 4.657), (23.104, 3.587), (23.363, 3.587)]
915;1;;;0;0,21;[1468, 1467, 1469, 1470];[(23.363, 3.587), (23.104, 3.587), (23.104, 2.775), (23.363, 2.775)]
916;100;;;0;0,25;[1470, 1469, 1471, 1472];[(23.363, 2.775), (23.104, 2.775), (23.104, 1.823), (23.363, 1.823)]
917;100;;;0;0,04;[1472, 1471, 1473, 1474];[(23.363, 1.823), (23.104, 1.823), (23.104, 1.682), (23.363, 1.682)]
918;100;;;0;0,05;[1473, 1471, 1475, 1476];[(23.104, 1.682), (23.104, 1.823), (22.763, 1.823), (22.763, 1.682)]
919;100;;;0;0,02;[1476, 1475, 1477, 1478];[(22.763, 1.682), (22.763, 1.823), (22.622, 1.823), (22.622, 1.682)]
920;100;;;0;0,53;[1302, 1478, 1477, 1304];[(18.965, 1.666), (22.622, 1.682), (22.622, 1.823), (18.965, 1.813)]
921;100;;;0;0,13;[1476, 1478, 1480, 1479];[(22.763, 1.682), (22.622, 1.682), (22.622, 0.729), (22.763, 0.729)]
922;1;;;0;0,14;[1479, 1480, 1482, 1481];[(22.763, 0.729), (22.622, 0.729), (22.622, -0.235), (22.763, -0.235)]
923;100;;;0;0,11;[1295, 1481, 1482, 1297];[(22.757, -1.058), (22.763, -0.235), (22.622, -0.235), (22.62, -1.058)]
924;100;;;0;0,01;[1462, 1464, 1484, 1483];[(23.363, 5.115), (23.363, 4.986), (23.441, 4.986), (23.441, 5.115)]
925;1;;;0;0,09;[1483, 1484, 1486, 1485];[(23.441, 5.115), (23.441, 4.986), (24.156, 4.986), (24.156, 5.115)]
926;100;;;0;0,01;[1485, 1486, 1488, 1487];[(24.156, 5.115), (24.156, 4.986), (24.244, 4.986), (24.244, 5.115)]
927;100;;;0;0,29;[1489, 1492, 1493, 1490];[(24.803, 5.115), (24.803, 4.653), (25.42, 4.653), (25.42, 5.115)]
928;100;;;0;0,38;[1493, 1492, 1494, 1495];[(25.42, 4.653), (24.803, 4.653), (24.803, 4.045), (25.42, 4.045)]
929;100;;;0;0,26;[1488, 1491, 1492, 1489, 1487];[(24.244, 4.986), (24.244, 4.653), (24.803, 4.653), (24.803, 5.115), (24.244, 5.115)]
930;100;;;0;0,27;[1495, 1494, 1496, 1497];[(25.42, 4.045), (24.803, 4.045), (24.803, 3.604), (25.42, 3.604)]
931;1;;;0;0,50;[1497, 1496, 1498, 1499];[(25.42, 3.604), (24.803, 3.604), (24.803, 2.801), (25.42, 2.801)]
932;100;;;0;2,43;[1292, 1833, 1830, 1499, 1498, 1293];[(25.447, -1.058), (25.445, -0.893), (25.425, 2.155), (25.42, 2.801), (24.803, 2.801), (24.803, -1.058)]
933;100;;;0;1,87;[1489, 1490, 1501, 1500];[(24.803, 5.115), (25.42, 5.115), (25.42, 8.143), (24.803, 8.143)]
934;100;;;0;0,08;[1500, 1501, 1503, 1502];[(24.803, 8.143), (25.42, 8.143), (25.42, 8.28), (24.803, 8.28)]
935;100;;;0;1,13;[1503, 1504, 1391, 1502];[(25.42, 8.28), (25.42, 10.142), (24.828, 10.142), (24.803, 8.28)]
936;100;;;0;0,26;[1391, 1389, 1505, 1506];[(24.828, 10.142), (24.828, 10.577), (24.24, 10.577), (24.24, 10.142)]
937;1;;;0;0,40;[1456, 1506, 1505, 1454];[(23.363, 10.112), (24.24, 10.142), (24.24, 10.577), (23.363, 10.583)]
938;100;;;0;0,18;[1385, 1383, 1507, 1508];[(24.828, 16.315), (24.828, 16.738), (24.403, 16.738), (24.403, 16.315)]
939;1;;;0;0,44;[1448, 1508, 1507, 1446];[(23.363, 16.333), (24.403, 16.315), (24.403, 16.738), (23.363, 16.756)]
940;100;;;0;0,21;[1381, 1379, 1509, 1510];[(24.828, 22.359), (24.828, 22.805), (24.348, 22.805), (24.348, 22.359)]
941;1;;;0;0,43;[1440, 1510, 1509, 1439];[(23.363, 22.365), (24.348, 22.359), (24.348, 22.805), (23.363, 22.788)]
942;100;;;0;0,06;[1336, 1334, 1511, 1512];[(22.842, 31.033), (22.656, 31.033), (22.656, 30.722), (22.842, 30.722)]
943;1;;;0;0,24;[1512, 1511, 1513, 1514];[(22.842, 30.722), (22.656, 30.722), (22.656, 29.44), (22.842, 29.44)]
944;100;;;0;0,13;[1432, 1514, 1513, 1430];[(22.833, 28.71), (22.842, 29.44), (22.656, 29.44), (22.657, 28.71)]
945;100;;;0;1,11;[1225, 1343, 1345, 1227];[(33.668, 37.551), (33.662, 31.503), (33.865, 31.503), (33.831, 37.551)]
946;100;;;0;0,89;[1229, 1351, 1353, 1231];[(39.947, 37.551), (39.989, 31.503), (40.118, 31.503), (40.111, 37.551)]
947;100;;;0;1,07;[1233, 1359, 1361, 1235];[(45.991, 37.551), (45.997, 31.503), (46.174, 31.503), (46.167, 37.551)]
948;100;;;0;0,15;[1320, 1318, 1515, 1516];[(18.965, 16.766), (18.965, 16.335), (19.306, 16.335), (19.306, 16.766)]
949;2;;;0;0,37;[1516, 1515, 1517, 1518];[(19.306, 16.766), (19.306, 16.335), (20.152, 16.335), (20.152, 16.766)]
950;100;;;0;0,16;[1518, 1517, 1519, 1520];[(20.152, 16.766), (20.152, 16.335), (20.517, 16.335), (20.517, 16.766)]
951;100;;;0;0,11;[1520, 1519, 1521, 1522];[(20.517, 16.766), (20.517, 16.335), (20.776, 16.335), (20.776, 16.766)]
952;100;;;0;0,99;[1445, 1522, 1521, 1447];[(23.104, 16.756), (20.776, 16.766), (20.776, 16.335), (23.104, 16.333)]
953;100;;;0;0,13;[1451, 1449, 1523, 1524];[(23.104, 14.063), (23.104, 14.287), (22.504, 14.287), (22.504, 14.063)]
954;2;;;0;0,25;[1524, 1523, 1525, 1526];[(22.504, 14.063), (22.504, 14.287), (21.364, 14.287), (21.364, 14.063)]
955;100;;;0;0,12;[1526, 1525, 1527, 1528];[(21.364, 14.063), (21.364, 14.287), (20.811, 14.287), (20.811, 14.063)]
956;100;;;0;0,06;[1528, 1527, 1529, 1530];[(20.811, 14.063), (20.811, 14.287), (20.552, 14.287), (20.552, 14.063)]
957;100;;;0;0,53;[1519, 1529, 1527, 1521];[(20.517, 16.335), (20.552, 14.287), (20.811, 14.287), (20.776, 16.335)]
958;100;;;0;0,24;[1528, 1530, 1532, 1531];[(20.811, 14.063), (20.552, 14.063), (20.552, 13.134), (20.811, 13.134)]
959;100;;;0;0,04;[1531, 1532, 1534, 1533];[(20.811, 13.134), (20.552, 13.134), (20.552, 12.97), (20.811, 12.97)]
960;100;;;0;0,06;[1534, 1532, 1535, 1536];[(20.552, 12.97), (20.552, 13.134), (20.164, 13.134), (20.164, 12.97)]
961;2;;;0;0,14;[1536, 1535, 1537, 1538];[(20.164, 12.97), (20.164, 13.134), (19.294, 13.134), (19.294, 12.97)]
962;100;;;0;0,05;[1314, 1538, 1537, 1316];[(18.965, 12.964), (19.294, 12.97), (19.294, 13.134), (18.965, 13.111)]
963;100;;;0;0,15;[1312, 1310, 1539, 1540];[(18.965, 10.583), (18.965, 10.112), (19.282, 10.112), (19.282, 10.583)]
964;8;;;0;0,41;[1540, 1539, 1541, 1542];[(19.282, 10.583), (19.282, 10.112), (20.164, 10.112), (20.164, 10.583)]
965;100;;;0;0,85;[1542, 1541, 1543, 1544];[(20.164, 10.583), (20.164, 10.112), (21.963, 10.112), (21.963, 10.583)]
966;8;;;0;0,44;[1544, 1543, 1545, 1546];[(21.963, 10.583), (21.963, 10.112), (22.892, 10.112), (22.892, 10.583)]
967;100;;;0;0,10;[1453, 1546, 1545, 1455];[(23.104, 10.583), (22.892, 10.583), (22.892, 10.112), (23.104, 10.112)]
968;100;;;0;1,92;[1306, 1465, 1463, 1461, 1308];[(18.965, 4.645), (23.104, 4.657), (23.104, 4.986), (23.104, 5.115), (18.965, 5.115)]
969;100;;;0;0,36;[1549, 1550, 1547, 1548];[(33.919, 28.227), (33.919, 29.473), (33.626, 29.473), (33.626, 28.227)]
970;100;;;0;7,57;[1551, 1552, 1550, 1549];[(39.99, 28.227), (39.99, 29.473), (33.919, 29.473), (33.919, 28.227)]
971;100;;;0;0,33;[1553, 1554, 1552, 1551];[(40.257, 28.227), (40.257, 29.473), (39.99, 29.473), (39.99, 28.227)]
972;100;;;0;7,21;[1555, 1556, 1554, 1553];[(46.041, 28.227), (46.041, 29.473), (40.257, 29.473), (40.257, 28.227)]
973;100;;;0;0,27;[1557, 1558, 1556, 1555];[(46.26, 28.227), (46.26, 29.473), (46.041, 29.473), (46.041, 28.227)]
974;100;;;0;10,51;[1369, 1371, 1558, 1557];[(54.692, 28.227), (54.692, 29.473), (46.26, 29.473), (46.26, 28.227)]
975;1;;;0;0,31;[1358, 1556, 1558, 1360];[(45.997, 31.033), (46.041, 29.473), (46.26, 29.473), (46.174, 31.033)]
976;1;;;0;0,31;[1350, 1552, 1554, 1352];[(39.989, 31.033), (39.99, 29.473), (40.257, 29.473), (40.118, 31.033)]
977;1;;;0;0,39;[1342, 1547, 1550, 1344];[(33.662, 31.033), (33.626, 29.473), (33.919, 29.473), (33.865, 31.033)]
978;1;;;0;0,64;[1373, 1432, 1431, 1376];[(24.327, 28.227), (22.833, 28.71), (22.833, 28.279), (24.327, 27.804)]
979;100;;;0;0,51;[1561, 1564, 1563, 1562];[(25.418, 31.033), (25.418, 31.503), (24.327, 31.503), (24.327, 31.033)]
980;100;;;0;0,39;[1564, 1561, 1338, 1339];[(25.418, 31.503), (25.418, 31.033), (26.246, 31.033), (26.246, 31.503)]
981;100;;;0;0,70;[1337, 1336, 1562, 1563];[(22.842, 31.503), (22.842, 31.033), (24.327, 31.033), (24.327, 31.503)]
982;100;;;0;0,33;[1493, 1495, 1559, 1560];[(25.42, 4.653), (25.42, 4.045), (25.956, 4.045), (25.956, 4.653)]
983;1;;;0;0,89;[1560, 1559, 1565, 1566];[(25.956, 4.653), (25.956, 4.045), (27.424, 4.045), (27.424, 4.653)]
984;100;;;0;0,43;[1566, 1565, 1567, 1568];[(27.424, 4.653), (27.424, 4.045), (28.129, 4.045), (28.129, 4.653)]
985;100;;;0;0,36;[1568, 1567, 1569, 1627, 1570];[(28.129, 4.653), (28.129, 4.045), (28.722, 4.045), (28.722, 4.202), (28.722, 4.653)]
986;100;;;0;0,27;[1569, 1567, 1571, 1572];[(28.722, 4.045), (28.129, 4.045), (28.129, 3.594), (28.722, 3.594)]
987;1;;;0;0,48;[1572, 1571, 1573, 1574];[(28.722, 3.594), (28.129, 3.594), (28.129, 2.789), (28.722, 2.789)]
988;100;;;0;0,18;[1574, 1573, 1575, 1576];[(28.722, 2.789), (28.129, 2.789), (28.129, 2.493), (28.722, 2.493)]
989;100;;;0;0,08;[1576, 1575, 1577, 1578];[(28.722, 2.493), (28.129, 2.493), (28.129, 2.352), (28.722, 2.352)]
990;100;;;0;2,19;[1281, 1578, 1577, 1831, 1832, 1283];[(28.714, -1.401), (28.722, 2.352), (28.129, 2.352), (28.13, 2.155), (28.137, -0.893), (28.139, -1.401)]
991;100;;;0;0,08;[1576, 1578, 1580, 1579];[(28.722, 2.493), (28.722, 2.352), (29.286, 2.352), (29.286, 2.493)]
992;1;;;0;0,12;[1579, 1580, 1582, 1581];[(29.286, 2.493), (29.286, 2.352), (30.121, 2.352), (30.121, 2.493)]
993;100;;;0;0,10;[1581, 1582, 1584, 1583];[(30.121, 2.493), (30.121, 2.352), (30.839, 2.352), (30.839, 2.493)]
994;100;;;0;0,03;[1583, 1584, 1586, 1585];[(30.839, 2.493), (30.839, 2.352), (31.027, 2.352), (31.027, 2.493)]
995;100;;;0;0,18;[1585, 1586, 1588, 1587];[(31.027, 2.493), (31.027, 2.352), (32.285, 2.352), (32.285, 2.493)]
996;100;;;0;0,01;[1587, 1588, 1590, 1589];[(32.285, 2.493), (32.285, 2.352), (32.391, 2.352), (32.391, 2.493)]
997;100;;;0;0,45;[1277, 1590, 1588, 1279];[(32.389, -1.401), (32.391, 2.352), (32.285, 2.352), (32.253, -1.401)]
998;100;;;0;0,31;[1589, 1590, 1592, 1591];[(32.391, 2.493), (32.391, 2.352), (34.589, 2.352), (34.589, 2.493)]
999;1;;;0;0,11;[1591, 1592, 1594, 1593];[(34.589, 2.493), (34.589, 2.352), (35.377, 2.352), (35.377, 2.493)]
1000;100;;;0;0,05;[1593, 1594, 1596, 1595];[(35.377, 2.493), (35.377, 2.352), (35.754, 2.352), (35.754, 2.493)]
1001;100;;;0;0,03;[1595, 1596, 1598, 1597];[(35.754, 2.493), (35.754, 2.352), (35.977, 2.352), (35.977, 2.493)]
1002;100;;;0;0,80;[1273, 1598, 1596, 1275];[(35.961, -1.401), (35.977, 2.352), (35.754, 2.352), (35.758, -1.401)]
1003;100;;;0;0,05;[1595, 1597, 1600, 1599];[(35.754, 2.493), (35.977, 2.493), (35.977, 2.738), (35.754, 2.738)]
1004;1;;;0;0,18;[1599, 1600, 1602, 1601];[(35.754, 2.738), (35.977, 2.738), (35.977, 3.561), (35.754, 3.561)]
1005;100;;;0;0,14;[1601, 1602, 1604, 1603];[(35.754, 3.561), (35.977, 3.561), (35.977, 4.208), (35.754, 4.208)]
1006;100;;;0;0,08;[1603, 1604, 1606, 1605];[(35.754, 4.208), (35.977, 4.208), (35.873, 4.668), (35.754, 4.668)]
1007;100;;;0;0,14;[1603, 1605, 1608, 1607];[(35.754, 4.208), (35.754, 4.668), (35.45, 4.668), (35.45, 4.208)]
1008;1;;;0;0,46;[1607, 1608, 1610, 1609];[(35.45, 4.208), (35.45, 4.668), (34.441, 4.668), (34.441, 4.208)]
1009;100;;;0;0,06;[1609, 1610, 1612, 1611];[(34.441, 4.208), (34.441, 4.668), (34.303, 4.668), (34.303, 4.208)]
1010;100;;;0;0,09;[1611, 1612, 1614, 1613];[(34.303, 4.208), (34.303, 4.668), (34.098, 4.668), (34.098, 4.208)]
1011;100;;;0;0,93;[1613, 1614, 1616, 1615];[(34.098, 4.208), (34.098, 4.668), (32.089, 4.668), (32.089, 4.208)]
1012;1;;;0;0,41;[1615, 1616, 1618, 1617];[(32.089, 4.208), (32.089, 4.668), (31.207, 4.668), (31.207, 4.208)]
1013;100;;;0;0,08;[1617, 1618, 1620, 1619];[(31.207, 4.208), (31.207, 4.668), (31.04, 4.668), (31.04, 4.208)]
1014;100;;;0;0,32;[1626, 1622, 1621, 1624];[(30.707, 4.668), (30.903, 4.668), (30.903, 6.291), (30.707, 6.291)]
1015;100;;;0;0,15;[1622, 1626, 1625, 1623, 1619, 1620];[(30.903, 4.668), (30.707, 4.668), (30.707, 4.208), (30.874, 4.208), (31.04, 4.208), (31.04, 4.668)]
1016;100;;;0;0,03;[1629, 1628, 1630, 1631];[(30.707, 6.495), (30.903, 6.495), (30.903, 6.633), (30.707, 6.633)]
1017;100;;;0;0,90;[1627, 1625, 1626, 1570];[(28.722, 4.202), (30.707, 4.208), (30.707, 4.668), (28.722, 4.653)]
1018;100;;;0;0,04;[1624, 1621, 1628, 1629];[(30.707, 6.291), (30.903, 6.291), (30.903, 6.495), (30.707, 6.495)]
1019;12;;;0;0,12;[1631, 1630, 1632, 1633];[(30.707, 6.633), (30.903, 6.633), (30.903, 7.248), (30.707, 7.248)]
1020;100;;;0;0,03;[1633, 1632, 1634, 1635];[(30.707, 7.248), (30.903, 7.248), (30.903, 7.425), (30.707, 7.425)]
1021;100;;;0;0,04;[1635, 1634, 1636, 1637];[(30.707, 7.425), (30.903, 7.425), (30.903, 7.641), (30.707, 7.641)]
1022;100;;;0;0,10;[1637, 1636, 1638, 1639];[(30.707, 7.641), (30.903, 7.641), (30.903, 8.142), (30.707, 8.142)]
1023;100;;;0;0,03;[1639, 1638, 1640, 1641];[(30.707, 8.142), (30.903, 8.142), (30.903, 8.291), (30.707, 8.291)]
1024;100;;;0;0,39;[1396, 1641, 1640, 1398];[(30.7, 10.142), (30.707, 8.291), (30.903, 8.291), (30.924, 10.142)]
1025;100;;;0;0,08;[1503, 1501, 1642, 1643];[(25.42, 8.28), (25.42, 8.143), (26.008, 8.143), (26.008, 8.28)]
1026;1;;;0;0,13;[1643, 1642, 1644, 1645];[(26.008, 8.28), (26.008, 8.143), (26.955, 8.143), (26.955, 8.28)]
1027;100;;;0;0,54;[1641, 1645, 1644, 1639];[(30.707, 8.291), (26.955, 8.28), (26.955, 8.143), (30.707, 8.142)]
1028;100;;;0;0,34;[1628, 1621, 1646, 1647];[(30.903, 6.495), (30.903, 6.291), (32.585, 6.291), (32.585, 6.495)]
1029;100;;;0;0,03;[1647, 1646, 1648, 1649];[(32.585, 6.495), (32.585, 6.291), (32.726, 6.291), (32.726, 6.495)]
1030;100;;;0;0,28;[1649, 1648, 1650, 1651];[(32.726, 6.495), (32.726, 6.291), (34.078, 6.291), (34.078, 6.495)]
1031;100;;;0;0,05;[1651, 1650, 1652, 1653];[(34.078, 6.495), (34.078, 6.291), (34.301, 6.291), (34.301, 6.495)]
1032;100;;;0;0,35;[1612, 1652, 1650, 1614];[(34.303, 4.668), (34.301, 6.291), (34.078, 6.291), (34.098, 4.668)]
1033;100;;;0;0,20;[1651, 1653, 1655, 1654];[(34.078, 6.495), (34.301, 6.495), (34.301, 7.401), (34.078, 7.401)]
1034;100;;;0;0,06;[1654, 1655, 1657, 1656];[(34.078, 7.401), (34.301, 7.401), (34.301, 7.648), (34.078, 7.648)]
1035;100;;;0;0,63;[1400, 1656, 1657, 1402];[(34.028, 10.142), (34.078, 7.648), (34.301, 7.648), (34.31, 10.142)]
1036;100;;;0;0,55;[1406, 1404, 1658, 1659];[(36.074, 10.142), (35.85, 10.142), (35.85, 7.672), (36.074, 7.672)]
1037;100;;;0;0,06;[1659, 1658, 1660, 1661];[(36.074, 7.672), (35.85, 7.672), (35.85, 7.414), (36.074, 7.414)]
1038;100;;;0;0,15;[1661, 1660, 1662, 1663];[(36.074, 7.414), (35.85, 7.414), (35.85, 6.755), (36.074, 6.755)]
1039;100;;;0;0,10;[1663, 1662, 1664, 1665];[(36.074, 6.755), (35.85, 6.755), (35.85, 6.308), (36.074, 6.308)]
1040;100;;;0;0,04;[1665, 1664, 1666, 1667];[(36.074, 6.308), (35.85, 6.308), (35.85, 6.12), (36.074, 6.12)]
1041;1;;;0;0,21;[1667, 1666, 1668, 1669];[(36.074, 6.12), (35.85, 6.12), (35.85, 5.18), (36.074, 5.18)]
1042;100;;;0;0,08;[1606, 1604, 1670, 1671];[(35.873, 4.668), (35.977, 4.208), (36.106, 4.208), (36.106, 4.668)]
1043;100;;;0;1,74;[1671, 1670, 1672, 1673];[(36.106, 4.668), (36.106, 4.208), (39.881, 4.208), (39.881, 4.668)]
1044;100;;;0;0,12;[1673, 1672, 1674, 1675];[(39.881, 4.668), (39.881, 4.208), (40.151, 4.208), (40.151, 4.668)]
1045;100;;;0;0,04;[1657, 1655, 1676, 1677];[(34.301, 7.648), (34.301, 7.401), (34.454, 7.401), (34.454, 7.648)]
1046;1;;;0;0,26;[1677, 1676, 1678, 1679];[(34.454, 7.648), (34.454, 7.401), (35.489, 7.401), (35.489, 7.648)]
1047;100;;;0;0,09;[1658, 1679, 1678, 1660];[(35.85, 7.672), (35.489, 7.648), (35.489, 7.401), (35.85, 7.414)]
1048;100;;;0;0,08;[1636, 1634, 1680, 1681];[(30.903, 7.641), (30.903, 7.425), (31.268, 7.425), (31.268, 7.641)]
1049;3;;;0;0,18;[1681, 1680, 1682, 1683];[(31.268, 7.641), (31.268, 7.425), (32.079, 7.425), (32.079, 7.641)]
1050;100;;;0;0,11;[1683, 1682, 1684, 1685];[(32.079, 7.641), (32.079, 7.425), (32.585, 7.425), (32.585, 7.641)]
1051;100;;;0;0,03;[1685, 1684, 1686, 1687];[(32.585, 7.641), (32.585, 7.425), (32.714, 7.425), (32.714, 7.641)]
1052;100;;;0;0,32;[1656, 1687, 1686, 1654];[(34.078, 7.648), (32.714, 7.641), (32.714, 7.425), (34.078, 7.401)]
1053;100;;;0;0,01;[1686, 1684, 1688, 1689];[(32.714, 7.425), (32.585, 7.425), (32.585, 7.319), (32.714, 7.319)]
1054;3;;;0;0,08;[1689, 1688, 1690, 1691];[(32.714, 7.319), (32.585, 7.319), (32.585, 6.684), (32.714, 6.684)]
1055;100;;;0;0,03;[1649, 1691, 1690, 1647];[(32.726, 6.495), (32.714, 6.684), (32.585, 6.684), (32.585, 6.495)]
1056;100;;;0;0,44;[1673, 1675, 1693, 1692];[(39.881, 4.668), (40.151, 4.668), (40.151, 6.279), (39.881, 6.279)]
1057;100;;;0;0,14;[1692, 1693, 1695, 1694];[(39.881, 6.279), (40.151, 6.279), (40.151, 6.797), (39.881, 6.797)]
1058;100;;;0;1,84;[1665, 1692, 1694, 1663];[(36.074, 6.308), (39.881, 6.279), (39.881, 6.797), (36.074, 6.755)]
1059;100;;;0;0,15;[1695, 1693, 1696, 1697];[(40.151, 6.797), (40.151, 6.279), (40.433, 6.279), (40.433, 6.797)]
1060;1;;;0;0,32;[1697, 1696, 1698, 1699];[(40.433, 6.797), (40.433, 6.279), (41.045, 6.279), (41.045, 6.797)]
1061;100;;;0;0,06;[1699, 1698, 1700, 1701];[(41.045, 6.797), (41.045, 6.279), (41.162, 6.279), (41.162, 6.797)]
1062;100;;;0;0,22;[1701, 1700, 1702, 1703];[(41.162, 6.797), (41.162, 6.279), (41.586, 6.279), (41.586, 6.797)]
1063;100;;;0;2,65;[1703, 1702, 1704, 1705];[(41.586, 6.797), (41.586, 6.279), (46.701, 6.279), (46.701, 6.797)]
1064;100;;;0;1,46;[1412, 1701, 1703, 1414];[(41.142, 10.142), (41.162, 6.797), (41.586, 6.797), (41.588, 10.142)]
1065;100;;;0;3,01;[1675, 1674, 1706, 1707];[(40.151, 4.668), (40.151, 4.208), (46.677, 4.208), (46.677, 4.668)]
1066;100;;;0;0,04;[1750, 1710, 1706, 1751];[(46.899, 4.031), (46.912, 4.208), (46.677, 4.208), (46.679, 4.031)]
1067;100;;;0;0,15;[1706, 1710, 1712, 1713, 1709, 1707];[(46.677, 4.208), (46.912, 4.208), (46.995, 4.208), (46.995, 4.668), (46.771, 4.668), (46.677, 4.668)]
1068;100;;;0;0,05;[1709, 1713, 1708, 1711];[(46.771, 4.668), (46.995, 4.668), (46.995, 4.905), (46.771, 4.905)]
1069;100;;;0;0,10;[1713, 1712, 1714, 1715];[(46.995, 4.668), (46.995, 4.208), (47.218, 4.208), (47.218, 4.668)]
1070;1;;;0;0,43;[1715, 1714, 1716, 1717];[(47.218, 4.668), (47.218, 4.208), (48.159, 4.208), (48.159, 4.668)]
1071;100;;;0;0,15;[1717, 1716, 1718, 1719];[(48.159, 4.668), (48.159, 4.208), (48.476, 4.208), (48.476, 4.668)]
1072;100;;;0;0,08;[1719, 1718, 1720, 1721];[(48.476, 4.668), (48.476, 4.208), (48.652, 4.208), (48.652, 4.668)]
1073;100;;;0;0,72;[1721, 1720, 1722, 1723];[(48.652, 4.668), (48.652, 4.208), (50.216, 4.208), (50.216, 4.668)]
1074;1;;;0;0,43;[1723, 1722, 1724, 1725];[(50.216, 4.668), (50.216, 4.208), (51.145, 4.208), (51.145, 4.668)]
1075;100;;;0;0,27;[1725, 1724, 1726, 1727];[(51.145, 4.668), (51.145, 4.208), (51.721, 4.208), (51.721, 4.668)]
1076;100;;;0;0,18;[1727, 1726, 1728, 1729];[(51.721, 4.668), (51.721, 4.208), (52.109, 4.208), (52.109, 4.668)]
1077;100;;;0;0,81;[1729, 1728, 1730, 1731];[(52.109, 4.668), (52.109, 4.208), (53.873, 4.208), (53.873, 4.668)]
1078;100;;;0;0,30;[1731, 1730, 1732, 1733];[(53.873, 4.668), (53.873, 4.208), (54.532, 4.208), (54.532, 4.668)]
1079;100;;;0;0,33;[1733, 1732, 1734, 1735];[(54.532, 4.668), (54.532, 4.208), (55.249, 4.208), (55.249, 4.668)]
1080;1;;;0;0,68;[1735, 1734, 1736, 1737];[(55.249, 4.668), (55.249, 4.208), (56.719, 4.208), (56.719, 4.668)]
1081;100;;;0;0,22;[1254, 1737, 1736, 1256];[(57.196, 4.723), (56.719, 4.668), (56.719, 4.208), (57.196, 4.253)]
1082;100;;;0;0,07;[1732, 1730, 1738, 1739];[(54.532, 4.208), (53.873, 4.208), (53.873, 4.102), (54.532, 4.102)]
1083;1;;;0;0,92;[1739, 1738, 1740, 1741];[(54.532, 4.102), (53.873, 4.102), (53.873, 2.703), (54.532, 2.703)]
1084;100;;;0;0,19;[1741, 1740, 1742, 1743];[(54.532, 2.703), (53.873, 2.703), (53.873, 2.409), (54.532, 2.409)]
1085;100;;;0;2,36;[1266, 1837, 1835, 1743, 1742, 1267];[(54.521, -1.401), (54.523, -0.704), (54.531, 2.245), (54.532, 2.409), (53.873, 2.409), (53.943, -1.401)]
1086;100;;;0;0,84;[1271, 1269, 1744, 1745];[(46.679, -1.401), (46.899, -1.401), (46.899, 2.432), (46.679, 2.432)]
1087;100;;;0;0,05;[1745, 1744, 1746, 1747];[(46.679, 2.432), (46.899, 2.432), (46.899, 2.667), (46.679, 2.667)]
1088;100;;;0;0,12;[1747, 1746, 1748, 1749];[(46.679, 2.667), (46.899, 2.667), (46.899, 3.232), (46.679, 3.232)]
1089;1;;;0;0,18;[1749, 1748, 1750, 1751];[(46.679, 3.232), (46.899, 3.232), (46.899, 4.031), (46.679, 4.031)]
1090;1;;;0;0,14;[1711, 1708, 1752, 1753];[(46.771, 4.905), (46.995, 4.905), (46.995, 5.552), (46.771, 5.552)]
1091;100;;;0;0,01;[1753, 1752, 1754, 1755];[(46.771, 5.552), (46.995, 5.552), (46.995, 5.618), (46.771, 5.618)]
1092;100;;;0;0,03;[1755, 1754, 1756, 1757];[(46.771, 5.618), (46.995, 5.618), (46.995, 5.769), (46.771, 5.769)]
1093;100;;;0;0,11;[1757, 1756, 1758, 1759];[(46.771, 5.769), (46.995, 5.769), (46.995, 6.28), (46.771, 6.28)]
1094;100;;;0;0,26;[1760, 1764, 1766, 1765];[(46.701, 7.297), (47.292, 7.296), (47.292, 7.73), (46.701, 7.732)]
1095;100;;;0;0,20;[1761, 1763, 1762, 1705, 1704, 1759, 1758];[(46.995, 6.626), (47.292, 6.626), (47.292, 6.795), (46.701, 6.797), (46.701, 6.279), (46.771, 6.28), (46.995, 6.28)]
1096;100;;;0;0,30;[1705, 1762, 1764, 1760];[(46.701, 6.797), (47.292, 6.795), (47.292, 7.296), (46.701, 7.297)]
1097;100;;;0;0,51;[1766, 1764, 1767, 1768];[(47.292, 7.73), (47.292, 7.296), (48.469, 7.296), (48.469, 7.73)]
1098;100;;;0;0,10;[1768, 1767, 1769, 1771, 1770];[(48.469, 7.73), (48.469, 7.296), (48.696, 7.296), (48.696, 7.442), (48.696, 7.73)]
1099;100;;;0;0,57;[1770, 1771, 1773, 1772];[(48.696, 7.73), (48.696, 7.442), (50.661, 7.442), (50.661, 7.73)]
1100;100;;;0;0,19;[1772, 1773, 1775, 1774];[(50.661, 7.73), (50.661, 7.442), (51.337, 7.442), (51.337, 7.73)]
1101;100;;;0;0,12;[1774, 1775, 1777, 1776];[(51.337, 7.73), (51.337, 7.442), (51.758, 7.442), (51.758, 7.73)]
1102;100;;;0;0,87;[1420, 1776, 1780, 1422];[(51.759, 10.142), (51.758, 7.73), (52.126, 7.73), (52.112, 10.142)]
1103;100;;;0;0,04;[1781, 1779, 1778, 1782];[(52.126, 7.442), (51.866, 7.442), (51.866, 7.286), (52.126, 7.286)]
1104;100;;;0;0,11;[1779, 1781, 1780, 1776, 1777];[(51.866, 7.442), (52.126, 7.442), (52.126, 7.73), (51.758, 7.73), (51.758, 7.442)]
1105;2;;;0;0,18;[1782, 1778, 1783, 1784];[(52.126, 7.286), (51.866, 7.286), (51.866, 6.596), (52.126, 6.596)]
1106;100;;;0;0,03;[1784, 1783, 1785, 1786];[(52.126, 6.596), (51.866, 6.596), (51.866, 6.469), (52.126, 6.469)]
1107;100;;;0;0,28;[1812, 1788, 1790, 1813];[(52.119, 5.649), (52.126, 6.336), (51.715, 6.336), (51.718, 5.649)]
1108;100;;;0;0,22;[1756, 1754, 1787, 1791];[(46.995, 5.769), (46.995, 5.618), (48.464, 5.618), (48.464, 5.769)]
1109;100;;;0;0,05;[1785, 1789, 1790, 1788, 1786];[(51.866, 6.469), (51.715, 6.469), (51.715, 6.336), (52.126, 6.336), (52.126, 6.469)]
1110;100;;;0;0,03;[1791, 1787, 1792, 1793];[(48.464, 5.769), (48.464, 5.618), (48.667, 5.648), (48.667, 5.769)]
1111;100;;;0;0,14;[1791, 1793, 1795, 1794];[(48.464, 5.769), (48.667, 5.769), (48.667, 6.464), (48.464, 6.464)]
1112;100;;;0;0,04;[1794, 1795, 1797, 1796];[(48.464, 6.464), (48.667, 6.464), (48.667, 6.639), (48.464, 6.639)]
1113;100;;;0;0,01;[1796, 1797, 1799, 1798];[(48.464, 6.639), (48.667, 6.639), (48.667, 6.691), (48.464, 6.691)]
1114;2;;;0;0,11;[1798, 1799, 1801, 1800];[(48.464, 6.691), (48.667, 6.691), (48.667, 7.244), (48.464, 7.244)]
1115;100;;;0;0,01;[1767, 1800, 1801, 1769];[(48.469, 7.296), (48.464, 7.244), (48.667, 7.244), (48.696, 7.296)]
1116;100;;;0;0,23;[1797, 1795, 1802, 1803];[(48.667, 6.639), (48.667, 6.464), (50.005, 6.464), (50.005, 6.639)]
1117;100;;;0;0,08;[1803, 1802, 1804, 1805];[(50.005, 6.639), (50.005, 6.464), (50.472, 6.464), (50.472, 6.639)]
1118;100;;;0;0,06;[1804, 1802, 1806, 1807];[(50.472, 6.464), (50.005, 6.464), (50.005, 6.341), (50.472, 6.341)]
1119;100;;;0;0,03;[1808, 1792, 1787, 1809];[(48.666, 5.509), (48.667, 5.648), (48.464, 5.618), (48.466, 5.509)]
1120;100;;;0;0,16;[1721, 1808, 1809, 1719];[(48.652, 4.668), (48.666, 5.509), (48.466, 5.509), (48.476, 4.668)]
1121;100;;;0;0,33;[1729, 1810, 1811, 1727];[(52.109, 4.668), (52.118, 5.511), (51.718, 5.511), (51.721, 4.668)]
1122;100;;;0;0,06;[1810, 1812, 1813, 1811];[(52.118, 5.511), (52.119, 5.649), (51.718, 5.649), (51.718, 5.511)]
1123;100;;;0;0,42;[1792, 1808, 1811, 1813];[(48.667, 5.648), (48.666, 5.509), (51.718, 5.511), (51.718, 5.649)]
1124;100;;;0;0,26;[1746, 1744, 1814, 1815];[(46.899, 2.667), (46.899, 2.432), (47.997, 2.432), (47.997, 2.667)]
1125;1;;;0;0,21;[1815, 1814, 1816, 1817];[(47.997, 2.667), (47.997, 2.432), (48.908, 2.432), (48.908, 2.667)]
1126;100;;;0;0,68;[1817, 1816, 1818, 1819];[(48.908, 2.667), (48.908, 2.432), (51.818, 2.432), (51.818, 2.667)]
1127;1;;;0;0,22;[1819, 1818, 1820, 1821];[(51.818, 2.667), (51.818, 2.432), (52.749, 2.432), (52.749, 2.667)]
1128;100;;;0;0,30;[1740, 1821, 1820, 1742];[(53.873, 2.703), (52.749, 2.667), (52.749, 2.432), (53.873, 2.409)]
1129;100;;;0;0,10;[1619, 1623, 1823, 1822];[(31.04, 4.208), (30.874, 4.208), (30.874, 3.581), (31.04, 3.581)]
1130;1;;;0;0,14;[1822, 1823, 1825, 1824];[(31.04, 3.581), (30.874, 3.581), (30.874, 2.718), (31.04, 2.718)]
1131;100;;;0;0,04;[1585, 1824, 1825, 1583];[(31.027, 2.493), (31.04, 2.718), (30.874, 2.718), (30.839, 2.493)]
1132;8;257;Аудитория;0;88,94;[962, 1332, 1335, 1337, 1563, 1564, 1339, 1341, 1343, 1225];[(18.958, 37.551), (18.965, 31.503), (22.656, 31.503), (22.842, 31.503), (24.327, 31.503), (25.418, 31.503), (26.246, 31.503), (27.685, 31.503), (33.662, 31.503), (33.668, 37.551)]
1133;8;258;Аудитория;0;37,02;[1227, 1345, 1347, 1349, 1351, 1229];[(33.831, 37.551), (33.865, 31.503), (35.237, 31.503), (36.744, 31.503), (39.989, 31.503), (39.947, 37.551)]
1134;8;259;Аудитория;0;35,56;[1231, 1353, 1355, 1357, 1359, 1233];[(40.111, 37.551), (40.118, 31.503), (40.977, 31.503), (42.446, 31.503), (45.997, 31.503), (45.991, 37.551)]
1135;8;260;Аудитория;0;68,92;[1235, 1361, 1363, 1365, 1240, 1237];[(46.167, 37.551), (46.174, 31.503), (48.114, 31.503), (49.537, 31.503), (57.561, 31.496), (57.561, 37.551)]
1136;1;;;0;19,02;[1242, 1364, 1362, 1360, 1558, 1371, 1370, 1366, 1248, 1244];[(57.561, 31.037), (49.537, 31.033), (48.114, 31.033), (46.174, 31.033), (46.26, 29.473), (54.692, 29.473), (55.409, 29.473), (55.409, 28.862), (57.196, 28.862), (57.561, 28.862)]
1137;1;;;0;9,09;[1352, 1554, 1556, 1358, 1356, 1354];[(40.118, 31.033), (40.257, 29.473), (46.041, 29.473), (45.997, 31.033), (42.446, 31.033), (40.977, 31.033)]
1138;1;;;0;9,51;[1344, 1550, 1552, 1350, 1348, 1346];[(33.865, 31.033), (33.919, 29.473), (39.99, 29.473), (39.989, 31.033), (36.744, 31.033), (35.237, 31.033)]
1139;1;;;0;12,70;[1338, 1561, 1372, 1547, 1342, 1340];[(26.246, 31.033), (25.418, 31.033), (25.585, 29.473), (33.626, 29.473), (33.662, 31.033), (27.685, 31.033)]
1140;1;;;0;3,81;[1562, 1336, 1512, 1514, 1432, 1373, 1374];[(24.327, 31.033), (22.842, 31.033), (22.842, 30.722), (22.842, 29.44), (22.833, 28.71), (24.327, 28.227), (24.327, 29.473)]
1141;1;;;0;8,57;[1330, 1328, 1424, 1426, 1428, 1430, 1513, 1511, 1334];[(18.965, 31.033), (18.965, 28.71), (20.576, 28.71), (22.104, 28.71), (22.281, 28.71), (22.657, 28.71), (22.656, 29.44), (22.656, 30.722), (22.656, 31.033)]
1142;1;;;0;11,31;[1376, 1431, 1429, 1434, 1437, 1439, 1509, 1379, 1377];[(24.327, 27.804), (22.833, 28.279), (22.657, 28.279), (22.657, 22.788), (23.104, 22.788), (23.363, 22.788), (24.348, 22.805), (24.828, 22.805), (24.828, 27.804)]
1143;1;;;0;4,01;[1324, 1433, 1828, 1829];[(18.965, 22.802), (22.281, 22.788), (22.281, 24.005), (18.965, 24.005)]
1144;8;256;Аудитория;0;23,16;[1320, 1516, 1518, 1520, 1522, 1445, 1443, 1441, 1438, 1436, 1435, 1322];[(18.965, 16.766), (19.306, 16.766), (20.152, 16.766), (20.517, 16.766), (20.776, 16.766), (23.104, 16.756), (23.104, 19.19), (23.104, 20.025), (23.104, 22.365), (22.657, 22.365), (22.281, 22.365), (18.965, 22.351)]
1145;1;;;0;8,23;[1381, 1510, 1440, 1442, 1444, 1446, 1507, 1383];[(24.828, 22.359), (24.348, 22.359), (23.363, 22.365), (23.363, 20.025), (23.363, 19.19), (23.363, 16.756), (24.403, 16.738), (24.828, 16.738)]
1146;2;;;0;4,73;[1447, 1521, 1527, 1525, 1523, 1449];[(23.104, 16.333), (20.776, 16.335), (20.811, 14.287), (21.364, 14.287), (22.504, 14.287), (23.104, 14.287)]
1147;2;;;0;5,05;[1316, 1537, 1535, 1532, 1530, 1529, 1519, 1517, 1515, 1318];[(18.965, 13.111), (19.294, 13.134), (20.164, 13.134), (20.552, 13.134), (20.552, 14.063), (20.552, 14.287), (20.517, 16.335), (20.152, 16.335), (19.306, 16.335), (18.965, 16.335)]
1148;1;;;0;8,42;[1385, 1508, 1448, 1450, 1452, 1454, 1505, 1389, 1387];[(24.828, 16.315), (24.403, 16.315), (23.363, 16.333), (23.363, 14.287), (23.363, 14.063), (23.363, 10.583), (24.24, 10.577), (24.828, 10.577), (24.828, 10.859)]
1149;8;;;0;12,39;[1312, 1540, 1542, 1544, 1546, 1453, 1451, 1524, 1526, 1528, 1531, 1533, 1534, 1536, 1538, 1314];[(18.965, 10.583), (19.282, 10.583), (20.164, 10.583), (21.963, 10.583), (22.892, 10.583), (23.104, 10.583), (23.104, 14.063), (22.504, 14.063), (21.364, 14.063), (20.811, 14.063), (20.811, 13.134), (20.811, 12.97), (20.552, 12.97), (20.164, 12.97), (19.294, 12.97), (18.965, 12.964)]
1150;8;254;;0;20,68;[1310, 1308, 1461, 1459, 1457, 1455, 1545, 1543, 1541, 1539];[(18.965, 10.112), (18.965, 5.115), (23.104, 5.115), (23.104, 6.867), (23.104, 7.726), (23.104, 10.112), (22.892, 10.112), (21.963, 10.112), (20.164, 10.112), (19.282, 10.112)]
1151;8;253;;0;11,72;[1304, 1477, 1475, 1471, 1469, 1467, 1465, 1306];[(18.965, 1.813), (22.622, 1.823), (22.763, 1.823), (23.104, 1.823), (23.104, 2.775), (23.104, 3.587), (23.104, 4.657), (18.965, 4.645)]
1152;8;252;;0;9,99;[1297, 1482, 1480, 1478, 1302, 1299];[(22.62, -1.058), (22.622, -0.235), (22.622, 0.729), (22.622, 1.682), (18.965, 1.666), (18.965, -1.058)]
1153;1;;;0;10,16;[1293, 1498, 1496, 1494, 1492, 1491, 1488, 1486, 1484, 1464, 1466, 1468, 1470, 1472, 1474, 1473, 1476, 1479, 1481, 1295];[(24.803, -1.058), (24.803, 2.801), (24.803, 3.604), (24.803, 4.045), (24.803, 4.653), (24.244, 4.653), (24.244, 4.986), (24.156, 4.986), (23.441, 4.986), (23.363, 4.986), (23.363, 4.657), (23.363, 3.587), (23.363, 2.775), (23.363, 1.823), (23.363, 1.682), (23.104, 1.682), (22.763, 1.682), (22.763, 0.729), (22.763, -0.235), (22.757, -1.058)]
1154;1;;;0;7,25;[1458, 1460, 1462, 1483, 1485, 1487, 1489, 1500, 1502, 1391, 1506, 1456];[(23.363, 7.726), (23.363, 6.867), (23.363, 5.115), (23.441, 5.115), (24.156, 5.115), (24.244, 5.115), (24.803, 5.115), (24.803, 8.143), (24.803, 8.28), (24.828, 10.142), (24.24, 10.142), (23.363, 10.112)]
1155;12;249;;0;18,43;[1493, 1560, 1566, 1568, 1570, 1626, 1624, 1629, 1631, 1633, 1635, 1637, 1639, 1644, 1642, 1501, 1490];[(25.42, 4.653), (25.956, 4.653), (27.424, 4.653), (28.129, 4.653), (28.722, 4.653), (30.707, 4.668), (30.707, 6.291), (30.707, 6.495), (30.707, 6.633), (30.707, 7.248), (30.707, 7.425), (30.707, 7.641), (30.707, 8.142), (26.955, 8.143), (26.008, 8.143), (25.42, 8.143), (25.42, 5.115)]
1156;1;;;0;9,81;[1390, 1504, 1503, 1643, 1645, 1641, 1396, 1394, 1392];[(25.585, 10.142), (25.42, 10.142), (25.42, 8.28), (26.008, 8.28), (26.955, 8.28), (30.707, 8.291), (30.7, 10.142), (26.89, 10.142), (25.938, 10.142)]
1157;3;;;0;7,85;[1398, 1640, 1638, 1636, 1681, 1683, 1685, 1687, 1656, 1400];[(30.924, 10.142), (30.903, 8.291), (30.903, 8.142), (30.903, 7.641), (31.268, 7.641), (32.079, 7.641), (32.585, 7.641), (32.714, 7.641), (34.078, 7.648), (34.028, 10.142)]
1158;4;;;0;3,85;[1402, 1657, 1677, 1679, 1658, 1404];[(34.31, 10.142), (34.301, 7.648), (34.454, 7.648), (35.489, 7.648), (35.85, 7.672), (35.85, 10.142)]
1159;3;;;0;1,25;[1651, 1654, 1686, 1689, 1691, 1649];[(34.078, 6.495), (34.078, 7.401), (32.714, 7.425), (32.714, 7.319), (32.714, 6.684), (32.726, 6.495)]
1160;3;;;0;1,56;[1628, 1647, 1690, 1688, 1684, 1682, 1680, 1634, 1632, 1630];[(30.903, 6.495), (32.585, 6.495), (32.585, 6.684), (32.585, 7.319), (32.585, 7.425), (32.079, 7.425), (31.268, 7.425), (30.903, 7.425), (30.903, 7.248), (30.903, 6.633)]
1161;3;;;0;5,17;[1614, 1650, 1648, 1646, 1621, 1622, 1620, 1618, 1616];[(34.098, 4.668), (34.078, 6.291), (32.726, 6.291), (32.585, 6.291), (30.903, 6.291), (30.903, 4.668), (31.04, 4.668), (31.207, 4.668), (32.089, 4.668)]
1162;100;;;0;0,12;[1668, 1606, 1671, 1669];[(35.85, 5.18), (35.873, 4.668), (36.106, 4.668), (36.074, 5.18)]
1163;1;;;0;4,24;[1606, 1668, 1666, 1664, 1662, 1660, 1678, 1676, 1655, 1653, 1652, 1612, 1610, 1608, 1605];[(35.873, 4.668), (35.85, 5.18), (35.85, 6.12), (35.85, 6.308), (35.85, 6.755), (35.85, 7.414), (35.489, 7.401), (34.454, 7.401), (34.301, 7.401), (34.301, 6.495), (34.301, 6.291), (34.303, 4.668), (34.441, 4.668), (35.45, 4.668), (35.754, 4.668)]
1164;2;;;0;6,18;[1667, 1669, 1671, 1673, 1692, 1665];[(36.074, 6.12), (36.074, 5.18), (36.106, 4.668), (39.881, 4.668), (39.881, 6.279), (36.074, 6.308)]
1165;4;;;0;17,07;[1406, 1659, 1661, 1663, 1694, 1695, 1697, 1699, 1701, 1412, 1410, 1408];[(36.074, 10.142), (36.074, 7.672), (36.074, 7.414), (36.074, 6.755), (39.881, 6.797), (40.151, 6.797), (40.433, 6.797), (41.045, 6.797), (41.162, 6.797), (41.142, 10.142), (40.859, 10.142), (39.872, 10.142)]
1166;4;;;0;29,30;[1414, 1703, 1705, 1760, 1765, 1766, 1768, 1770, 1772, 1774, 1776, 1420, 1418, 1416];[(41.588, 10.142), (41.586, 6.797), (46.701, 6.797), (46.701, 7.297), (46.701, 7.732), (47.292, 7.73), (48.469, 7.73), (48.696, 7.73), (50.661, 7.73), (51.337, 7.73), (51.758, 7.73), (51.759, 10.142), (42.741, 10.142), (41.788, 10.142)]
1167;2;;;0;2,04;[1756, 1791, 1794, 1796, 1798, 1800, 1767, 1764, 1762, 1763, 1761, 1758];[(46.995, 5.769), (48.464, 5.769), (48.464, 6.464), (48.464, 6.639), (48.464, 6.691), (48.464, 7.244), (48.469, 7.296), (47.292, 7.296), (47.292, 6.795), (47.292, 6.626), (46.995, 6.626), (46.995, 6.28)]
1168;1;;;0;1,40;[1708, 1713, 1715, 1717, 1719, 1809, 1787, 1754, 1752];[(46.995, 4.905), (46.995, 4.668), (47.218, 4.668), (48.159, 4.668), (48.476, 4.668), (48.466, 5.509), (48.464, 5.618), (46.995, 5.618), (46.995, 5.552)]
1169;3;;;0;2,58;[1721, 1723, 1725, 1727, 1811, 1808];[(48.652, 4.668), (50.216, 4.668), (51.145, 4.668), (51.721, 4.668), (51.718, 5.511), (48.666, 5.509)]
1170;1;;;0;10,66;[1675, 1707, 1709, 1711, 1753, 1755, 1757, 1759, 1704, 1702, 1700, 1698, 1696, 1693];[(40.151, 4.668), (46.677, 4.668), (46.771, 4.668), (46.771, 4.905), (46.771, 5.552), (46.771, 5.618), (46.771, 5.769), (46.771, 6.28), (46.701, 6.279), (41.586, 6.279), (41.162, 6.279), (41.045, 6.279), (40.433, 6.279), (40.151, 6.279)]
1171;11;240;Тренажёрный зал;0;60,06;[1271, 1745, 1747, 1749, 1751, 1706, 1674, 1672, 1670, 1604, 1602, 1600, 1597, 1598, 1273];[(46.679, -1.401), (46.679, 2.432), (46.679, 2.667), (46.679, 3.232), (46.679, 4.031), (46.677, 4.208), (40.151, 4.208), (39.881, 4.208), (36.106, 4.208), (35.977, 4.208), (35.977, 3.561), (35.977, 2.738), (35.977, 2.493), (35.977, 2.352), (35.961, -1.401)]
1172;12;246;;0;12,63;[1275, 1596, 1594, 1592, 1590, 1277];[(35.758, -1.401), (35.754, 2.352), (35.377, 2.352), (34.589, 2.352), (32.391, 2.352), (32.389, -1.401)]
1173;1;;;0;8,08;[1587, 1589, 1591, 1593, 1595, 1599, 1601, 1603, 1607, 1609, 1611, 1613, 1615, 1617, 1619, 1822, 1824, 1585];[(32.285, 2.493), (32.391, 2.493), (34.589, 2.493), (35.377, 2.493), (35.754, 2.493), (35.754, 2.738), (35.754, 3.561), (35.754, 4.208), (35.45, 4.208), (34.441, 4.208), (34.303, 4.208), (34.098, 4.208), (32.089, 4.208), (31.207, 4.208), (31.04, 4.208), (31.04, 3.581), (31.04, 2.718), (31.027, 2.493)]
1174;8;;;0;13,33;[1279, 1588, 1586, 1584, 1582, 1580, 1578, 1281];[(32.253, -1.401), (32.285, 2.352), (31.027, 2.352), (30.839, 2.352), (30.121, 2.352), (29.286, 2.352), (28.722, 2.352), (28.714, -1.401)]
1175;1;;;0;3,68;[1569, 1572, 1574, 1576, 1579, 1581, 1583, 1825, 1823, 1623, 1625, 1627];[(28.722, 4.045), (28.722, 3.594), (28.722, 2.789), (28.722, 2.493), (29.286, 2.493), (30.121, 2.493), (30.839, 2.493), (30.874, 2.718), (30.874, 3.581), (30.874, 4.208), (30.707, 4.208), (28.722, 4.202)]
1176;1;;;0;3,48;[1283, 1832, 1833, 1292, 1290, 1286, 1282];[(28.139, -1.401), (28.137, -0.893), (25.445, -0.893), (25.447, -1.058), (25.447, -1.754), (25.447, -2.185), (28.139, -2.185)]
1177;12;;;0;26,85;[1267, 1742, 1820, 1818, 1816, 1814, 1744, 1269];[(53.943, -1.401), (53.873, 2.409), (52.749, 2.432), (51.818, 2.432), (48.908, 2.432), (47.997, 2.432), (46.899, 2.432), (46.899, -1.401)]
1178;1;;;0;10,72;[1750, 1748, 1746, 1815, 1817, 1819, 1821, 1740, 1738, 1730, 1728, 1726, 1724, 1722, 1720, 1718, 1716, 1714, 1712, 1710];[(46.899, 4.031), (46.899, 3.232), (46.899, 2.667), (47.997, 2.667), (48.908, 2.667), (51.818, 2.667), (52.749, 2.667), (53.873, 2.703), (53.873, 4.102), (53.873, 4.208), (52.109, 4.208), (51.721, 4.208), (51.145, 4.208), (50.216, 4.208), (48.652, 4.208), (48.476, 4.208), (48.159, 4.208), (47.218, 4.208), (46.995, 4.208), (46.912, 4.208)]
1179;12;242;;0;27,69;[1252, 1422, 1780, 1781, 1782, 1784, 1786, 1788, 1812, 1810, 1729, 1731, 1733, 1735, 1737, 1254];[(57.196, 10.112), (52.112, 10.142), (52.126, 7.73), (52.126, 7.442), (52.126, 7.286), (52.126, 6.596), (52.126, 6.469), (52.126, 6.336), (52.119, 5.649), (52.118, 5.511), (52.109, 4.668), (53.873, 4.668), (54.532, 4.668), (55.249, 4.668), (56.719, 4.668), (57.196, 4.723)]
1180;1;;;0;5,24;[1256, 1736, 1734, 1732, 1739, 1741, 1743, 1835, 1834];[(57.196, 4.253), (56.719, 4.208), (55.249, 4.208), (54.532, 4.208), (54.532, 4.102), (54.532, 2.703), (54.532, 2.409), (54.531, 2.245), (57.196, 2.245)]
1181;21;;Бассейн;0;549,06;[1249, 1367, 1369, 1557, 1555, 1553, 1551, 1549, 1548, 1368, 1375, 1378, 1380, 1382, 1384, 1386, 1388, 1393, 1395, 1397, 1399, 1401, 1403, 1405, 1407, 1409, 1411, 1413, 1415, 1417, 1419, 1421, 1250];[(57.196, 28.227), (55.409, 28.227), (54.692, 28.227), (46.26, 28.227), (46.041, 28.227), (40.257, 28.227), (39.99, 28.227), (33.919, 28.227), (33.626, 28.227), (25.585, 28.227), (25.585, 27.804), (25.585, 22.805), (25.585, 22.359), (25.585, 16.738), (25.585, 16.315), (25.585, 10.859), (25.938, 10.859), (26.89, 10.859), (30.7, 10.859), (30.924, 10.859), (34.028, 10.859), (34.31, 10.859), (35.85, 10.859), (36.074, 10.859), (39.872, 10.859), (40.859, 10.859), (41.142, 10.859), (41.588, 10.859), (41.788, 10.859), (42.741, 10.859), (51.759, 10.859), (52.112, 10.859), (57.196, 10.847)]
1182;1;;;0;4,11;[1827, 1826, 1427, 1425, 1423, 1326];[(18.965, 27.039), (22.281, 27.039), (22.281, 28.279), (22.104, 28.279), (20.576, 28.279), (18.965, 28.279)]
1183;9;;;0;10,06;[1829, 1828, 1826, 1827];[(18.965, 24.005), (22.281, 24.005), (22.281, 27.039), (18.965, 27.039)]
1184;1;;;0;5,12;[1830, 1831, 1577, 1575, 1573, 1571, 1567, 1565, 1559, 1495, 1497, 1499];[(25.425, 2.155), (28.13, 2.155), (28.129, 2.352), (28.129, 2.493), (28.129, 2.789), (28.129, 3.594), (28.129, 4.045), (27.424, 4.045), (25.956, 4.045), (25.42, 4.045), (25.42, 3.604), (25.42, 2.801)]
1185;9;;;0;8,23;[1833, 1832, 1831, 1830];[(25.445, -0.893), (28.137, -0.893), (28.13, 2.155), (25.425, 2.155)]
1186;9;;;0;7,87;[1834, 1835, 1837, 1836];[(57.196, 2.245), (54.531, 2.245), (54.523, -0.704), (57.196, -0.704)]
1187;1;;;0;3,44;[1836, 1837, 1266, 1262, 1258];[(57.196, -0.704), (54.523, -0.704), (54.521, -1.401), (54.521, -1.989), (57.196, -1.989)]
1188;2;;;0;0,10;[1838, 1841, 1840, 1839];[(50.712, 6.465), (50.712, 6.34), (51.459, 6.337), (51.459, 6.468)]
1189;2;;;0;2,80;[1769, 1801, 1799, 1797, 1803, 1805, 1804, 1838, 1839, 1789, 1785, 1783, 1778, 1779, 1777, 1775, 1773, 1771];[(48.696, 7.296), (48.667, 7.244), (48.667, 6.691), (48.667, 6.639), (50.005, 6.639), (50.472, 6.639), (50.472, 6.464), (50.712, 6.465), (51.459, 6.468), (51.715, 6.469), (51.866, 6.469), (51.866, 6.596), (51.866, 7.286), (51.866, 7.442), (51.758, 7.442), (51.337, 7.442), (50.661, 7.442), (48.696, 7.442)]
1190;100;;;0;0,03;[1789, 1839, 1840, 1790];[(51.715, 6.469), (51.459, 6.468), (51.459, 6.337), (51.715, 6.336)]
1191;100;;;0;0,03;[1838, 1804, 1807, 1841];[(50.712, 6.465), (50.472, 6.464), (50.472, 6.341), (50.712, 6.34)]
1192;3;;;0;2,27;[1790, 1840, 1841, 1807, 1806, 1802, 1795, 1793, 1792, 1813];[(51.715, 6.336), (51.459, 6.337), (50.712, 6.34), (50.472, 6.341), (50.005, 6.341), (50.005, 6.464), (48.667, 6.464), (48.667, 5.769), (48.667, 5.648), (51.718, 5.649)]
1193;1;;;0;0,30;[1842, 1845, 1844, 1843];[(-12.628, -8.619), (-12.628, -8.183), (-13.325, -8.183), (-13.325, -8.619)]
1194;100;;;0;0,34;[1842, 1109, 1110, 1845];[(-12.628, -8.619), (-11.844, -8.619), (-11.844, -8.183), (-12.628, -8.183)]
1195;100;;;0;0,08;[509, 1843, 1844, 511];[(-13.52, -8.619), (-13.325, -8.619), (-13.325, -8.183), (-13.52, -8.183)]
1196;1;;;0;24,37;[462, 536, 537, 533, 531, 529, 527, 525, 523, 521, 519, 517, 1115, 1113, 1111, 1109, 1842, 1843, 509, 507, 505, 477];[(-3.59, -11.075), (-3.593, -9.512), (-3.593, -8.769), (-3.593, -8.627), (-5.011, -8.619), (-5.183, -8.619), (-5.64, -8.619), (-5.787, -8.619), (-6.203, -8.619), (-7.469, -8.619), (-7.771, -8.619), (-8.188, -8.619), (-10.327, -8.619), (-10.499, -8.619), (-11.63, -8.619), (-11.844, -8.619), (-12.628, -8.619), (-13.325, -8.619), (-13.52, -8.619), (-13.52, -9.331), (-13.52, -10.617), (-13.52, -11.075)]
1197;1;;;0;12,75;[511, 1844, 1845, 1110, 1117, 1119, 1121, 1123, 1125, 1127, 1092, 1090, 1088, 1074, 1073, 1086, 1084, 1082, 1107, 1105, 1103, 512];[(-13.52, -8.183), (-13.325, -8.183), (-12.628, -8.183), (-11.844, -8.183), (-11.844, -7.048), (-11.844, -6.231), (-11.844, -6.117), (-11.844, -5.954), (-11.844, -5.717), (-11.844, -4.917), (-11.856, -4.788), (-12.991, -4.788), (-13.783, -4.788), (-13.963, -4.788), (-14.102, -4.788), (-14.24, -4.808), (-15.024, -4.808), (-15.596, -4.808), (-15.609, -6.71), (-15.609, -7.478), (-15.609, -8.188), (-13.696, -8.183)]
1198;1;;;0;0,33;[1848, 1847, 1846, 1849];[(-7.793, 30.154), (-8.181, 30.154), (-8.181, 29.306), (-7.793, 29.306)]
1199;100;;;0;0,24;[1847, 1848, 313, 312];[(-8.181, 30.154), (-7.793, 30.154), (-7.793, 30.776), (-8.181, 30.776)]
1200;2;209;;0;12,17;[312, 327, 329, 331, 302, 304, 1846, 1847];[(-8.181, 30.776), (-13.949, 30.769), (-13.949, 29.668), (-13.949, 28.845), (-13.965, 28.664), (-8.181, 28.664), (-8.181, 29.306), (-8.181, 30.154)]
1201;100;;;0;0,25;[304, 306, 1849, 1846];[(-8.181, 28.664), (-7.793, 28.664), (-7.793, 29.306), (-8.181, 29.306)]
1202;1;;;0;11,06;[270, 319, 317, 315, 313, 1848, 1849, 306, 308, 310, 277, 990, 991, 275, 274, 271, 989, 987, 985, 269];[(-7.811, 32.925), (-7.793, 32.65), (-7.793, 31.345), (-7.793, 30.917), (-7.793, 30.776), (-7.793, 30.154), (-7.793, 29.306), (-7.793, 28.664), (-7.325, 28.664), (-5.923, 28.664), (-5.797, 28.664), (-5.797, 31.553), (-5.797, 32.31), (-5.797, 32.545), (-5.797, 32.743), (-5.797, 34.206), (-6.375, 34.189), (-7.226, 34.189), (-7.811, 34.189), (-7.811, 33.061)]
1203;100;;Трибуны;0;1,48;[1851, 1852, 845, 949, 1850];[(-23.787, -30.095), (-23.787, -30.469), (-21.694, -30.469), (-19.822, -30.469), (-19.822, -30.095)]
1204;19;;Трибуны;0;19,17;[1853, 1851, 1850, 825, 829, 830, 827, 856, 859, 858, 854, 850];[(-23.787, -24.652), (-23.787, -30.095), (-19.822, -30.095), (-19.822, -28.399), (-23.406, -28.399), (-23.406, -28.056), (-19.822, -28.056), (-19.811, -26.798), (-23.42, -26.798), (-23.42, -26.463), (-19.811, -26.463), (-19.811, -24.652)]
1205;100;;;0;1,34;[1854, 1853, 850, 851];[(-23.787, -24.315), (-23.787, -24.652), (-19.811, -24.652), (-19.811, -24.315)]
