ID;roomID;roomNo;Description;areClosed;Area (m2);Vertex_Indices;World_Coords_XY
0;100;;;0;0,84;[0, 1, 3, 2];[(-74.423, -21.004), (-73.575, -21.004), (-73.575, -20.015), (-74.423, -20.015)]
1;100;;;0;4,66;[2, 3, 5, 4];[(-74.423, -20.015), (-73.575, -20.015), (-73.575, -14.513), (-74.423, -14.513)]
2;100;;;0;0,69;[4, 5, 7, 6];[(-74.423, -14.513), (-73.575, -14.513), (-73.575, -13.694), (-74.423, -13.694)]
3;100;;;0;0,96;[7, 5, 8, 9];[(-73.575, -13.694), (-73.575, -14.513), (-72.404, -14.513), (-72.404, -13.694)]
4;100;;;0;5,97;[7, 9, 11, 10];[(-73.575, -13.694), (-72.404, -13.694), (-72.404, -8.601), (-73.575, -8.601)]
5;100;;;0;1,29;[10, 11, 13, 12];[(-73.575, -8.601), (-72.404, -8.601), (-72.404, -7.5), (-73.575, -7.5)]
6;100;;;0;0,72;[10, 12, 15, 14];[(-73.575, -8.601), (-73.575, -7.5), (-74.422, -7.748), (-74.422, -8.352)]
7;100;;;0;6,08;[12, 13, 17, 16];[(-73.575, -7.5), (-72.404, -7.5), (-72.404, -2.308), (-73.575, -2.308)]
8;100;;;0;0,51;[16, 17, 19, 18];[(-73.575, -2.308), (-72.404, -2.308), (-72.404, -1.941), (-74.436, -2.069)]
9;100;;;0;0,75;[18, 19, 21, 20];[(-74.436, -2.069), (-72.404, -1.941), (-72.404, -1.757), (-74.436, -1.516)]
10;100;;;0;0,63;[20, 21, 23, 22];[(-74.436, -1.516), (-72.404, -1.757), (-72.404, -1.278), (-73.575, -1.278)]
11;100;;;0;5,80;[22, 23, 25, 24];[(-73.575, -1.278), (-72.404, -1.278), (-72.404, 3.675), (-73.575, 3.675)]
12;100;;;0;0,53;[24, 25, 27, 26];[(-73.575, 3.675), (-72.404, 3.675), (-72.404, 4.056), (-74.436, 3.915)]
13;100;;;0;1,40;[26, 27, 29, 28];[(-74.436, 3.915), (-72.404, 4.056), (-72.404, 4.677), (-74.436, 4.677)]
14;100;;;0;0,32;[28, 29, 31, 30];[(-74.436, 4.677), (-72.404, 4.677), (-72.404, 4.874), (-73.575, 4.874)]
15;100;;;0;6,03;[30, 31, 33, 32];[(-73.575, 4.874), (-72.404, 4.874), (-72.404, 10.025), (-73.575, 10.025)]
16;100;;;0;1,07;[32, 33, 35, 34];[(-73.575, 10.025), (-72.404, 10.025), (-72.404, 10.942), (-73.575, 10.942)]
17;100;;;0;0,69;[32, 34, 37, 36];[(-73.575, 10.025), (-73.575, 10.942), (-74.422, 10.942), (-74.422, 10.236)]
18;100;;;0;4,56;[37, 34, 38, 39];[(-74.422, 10.942), (-73.575, 10.942), (-73.575, 16.332), (-74.422, 16.332)]
19;100;;;0;0,60;[39, 38, 40, 41];[(-74.422, 16.332), (-73.575, 16.332), (-73.575, 17.037), (-74.422, 17.037)]
20;100;;;0;4,69;[40, 38, 42, 43];[(-73.575, 17.037), (-73.575, 16.332), (-66.929, 16.332), (-66.929, 17.037)]
21;100;;;0;0,57;[43, 42, 44, 45];[(-66.929, 17.037), (-66.929, 16.332), (-66.125, 16.332), (-66.125, 17.037)]
22;100;;;0;1,75;[45, 44, 46, 47];[(-66.125, 17.037), (-66.125, 16.332), (-63.642, 16.332), (-63.642, 17.037)]
23;100;;;0;0,52;[47, 46, 48, 49];[(-63.642, 17.037), (-63.642, 16.332), (-62.908, 16.332), (-62.908, 17.037)]
24;100;;;0;3,79;[49, 48, 50, 51];[(-62.908, 17.037), (-62.908, 16.332), (-57.532, 16.332), (-57.532, 17.037)]
25;100;;;0;0,43;[51, 50, 52, 53];[(-57.532, 17.037), (-57.532, 16.332), (-56.925, 16.332), (-56.925, 17.037)]
26;100;;;0;7,15;[52, 50, 54, 55];[(-56.925, 16.332), (-57.532, 16.332), (-57.532, 4.547), (-56.925, 4.547)]
27;100;;;0;0,35;[55, 54, 56, 57];[(-56.925, 4.547), (-57.532, 4.547), (-57.532, 3.971), (-56.925, 3.971)]
28;100;;;0;1,67;[57, 56, 58, 59];[(-56.925, 3.971), (-57.532, 3.971), (-57.532, 1.219), (-56.925, 1.219)]
29;100;;;0;0,36;[59, 58, 60, 61];[(-56.925, 1.219), (-57.532, 1.219), (-57.532, 0.62), (-56.925, 0.62)]
30;100;;;0;0,12;[61, 60, 62, 63];[(-56.925, 0.62), (-57.532, 0.62), (-57.532, 0.42), (-56.925, 0.42)]
31;1;;;0;0,82;[63, 62, 64, 65];[(-56.925, 0.42), (-57.532, 0.42), (-57.532, -0.932), (-56.925, -0.932)]
32;9;;;0;4,65;[68, 1582, 1584, 66];[(-57.532, -4.307), (-57.532, -1.614), (-59.261, -1.614), (-59.261, -4.307)]
33;10;;;0;5,22;[66, 1584, 1586, 1585];[(-59.261, -4.307), (-59.261, -1.614), (-61.201, -1.614), (-61.201, -4.307)]
34;100;;;0;0,54;[69, 68, 70, 71];[(-56.925, -4.307), (-57.532, -4.307), (-57.532, -5.201), (-56.925, -5.201)]
35;1;;;0;0,54;[71, 70, 72, 73];[(-56.925, -5.201), (-57.532, -5.201), (-57.532, -6.082), (-56.925, -6.082)]
36;100;;;0;0,63;[73, 72, 74, 75];[(-56.925, -6.082), (-57.532, -6.082), (-57.532, -7.129), (-56.925, -7.129)]
37;100;;;0;0,70;[79, 76, 77, 80];[(-56.584, -7.646), (-57.532, -7.646), (-57.532, -8.387), (-56.584, -8.387)]
38;100;;;0;1,60;[80, 77, 81, 82];[(-56.584, -8.387), (-57.532, -8.387), (-57.532, -10.08), (-56.584, -10.08)]
39;100;;;0;0,49;[76, 79, 78, 75, 74];[(-57.532, -7.646), (-56.584, -7.646), (-56.584, -7.129), (-56.925, -7.129), (-57.532, -7.129)]
40;100;;;0;0,65;[82, 81, 83, 84];[(-56.584, -10.08), (-57.532, -10.08), (-57.532, -10.762), (-56.584, -10.762)]
41;100;;;0;2,50;[67, 69, 86, 85];[(-56.925, -3.402), (-56.925, -4.307), (-54.162, -4.307), (-54.162, -3.402)]
42;100;;;0;0,14;[85, 86, 88, 87];[(-54.162, -3.402), (-54.162, -4.307), (-54.009, -4.307), (-54.009, -3.402)]
43;100;;;0;2,28;[87, 88, 90, 89];[(-54.009, -3.402), (-54.009, -4.307), (-51.493, -4.307), (-51.493, -3.402)]
44;100;;;0;0,13;[89, 90, 92, 91];[(-51.493, -3.402), (-51.493, -4.307), (-51.352, -4.307), (-51.352, -3.402)]
45;100;;;0;2,11;[91, 92, 94, 93];[(-51.352, -3.402), (-51.352, -4.307), (-49.024, -4.307), (-49.024, -3.402)]
46;100;;;0;0,11;[93, 94, 96, 95];[(-49.024, -3.402), (-49.024, -4.307), (-48.906, -4.307), (-48.906, -3.402)]
47;100;;;0;2,19;[95, 96, 98, 97];[(-48.906, -3.402), (-48.906, -4.307), (-46.484, -4.307), (-46.484, -3.402)]
48;100;;;0;0,20;[97, 98, 100, 99];[(-46.484, -3.402), (-46.484, -4.307), (-46.267, -4.307), (-46.267, -3.402)]
49;100;;;0;7,06;[99, 100, 102, 101];[(-46.267, -3.402), (-46.267, -4.307), (-38.464, -4.307), (-38.464, -3.402)]
50;100;;;0;0,32;[101, 102, 104, 103];[(-38.464, -3.402), (-38.464, -4.307), (-38.111, -4.307), (-38.111, -3.402)]
51;100;;;0;5,15;[103, 104, 106, 105];[(-38.111, -3.402), (-38.111, -4.307), (-32.425, -4.307), (-32.425, -3.402)]
52;100;;;0;0,59;[105, 106, 108, 107];[(-32.425, -3.402), (-32.425, -4.307), (-31.776, -4.307), (-31.776, -3.402)]
53;100;;;0;2,26;[107, 108, 110, 109];[(-31.776, -3.402), (-31.776, -4.307), (-29.276, -4.307), (-29.276, -3.402)]
54;100;;;0;0,13;[109, 110, 112, 111];[(-29.276, -3.402), (-29.276, -4.307), (-29.135, -4.307), (-29.135, -3.402)]
55;100;;;0;2,38;[111, 112, 114, 113];[(-29.135, -3.402), (-29.135, -4.307), (-26.511, -4.307), (-26.511, -3.402)]
56;100;;;0;0,15;[113, 114, 116, 115];[(-26.511, -3.402), (-26.511, -4.307), (-26.341, -4.307), (-26.341, -3.402)]
57;100;;;0;3,69;[115, 116, 118, 117];[(-26.341, -3.402), (-26.341, -4.307), (-22.266, -4.307), (-22.266, -3.402)]
58;100;;;0;0,14;[117, 118, 120, 119];[(-22.266, -3.402), (-22.266, -4.307), (-22.11, -4.307), (-22.11, -3.402)]
59;100;;;0;8,33;[119, 120, 122, 121];[(-22.11, -3.402), (-22.11, -4.307), (-12.911, -4.307), (-12.911, -3.402)]
60;100;;;0;0,22;[121, 122, 124, 123];[(-12.911, -3.402), (-12.911, -4.307), (-12.671, -4.307), (-12.671, -3.402)]
61;100;;;0;5,40;[123, 124, 126, 125];[(-12.671, -3.402), (-12.671, -4.307), (-6.768, -4.307), (-6.646, -3.402)]
62;100;;;0;0,91;[125, 126, 128, 127];[(-6.646, -3.402), (-6.768, -4.307), (-5.7, -4.307), (-5.7, -3.402)]
63;100;;;0;9,56;[125, 127, 130, 129];[(-6.646, -3.402), (-5.7, -3.402), (-5.7, 6.707), (-6.646, 6.707)]
64;100;;;0;0,75;[129, 130, 132, 131];[(-6.646, 6.707), (-5.7, 6.707), (-5.7, 7.503), (-6.646, 7.503)]
65;100;;;0;9,19;[132, 130, 133, 134];[(-5.7, 7.503), (-5.7, 6.707), (5.847, 6.707), (5.847, 7.503)]
66;100;;;0;0,71;[134, 133, 135, 136];[(5.847, 7.503), (5.847, 6.707), (6.745, 6.707), (6.745, 7.503)]
67;100;;;0;9,54;[135, 133, 137, 138];[(6.745, 6.707), (5.847, 6.707), (5.847, -3.926), (6.745, -3.926)]
68;100;;;0;0,67;[138, 137, 139, 140];[(6.745, -3.926), (5.847, -3.926), (5.847, -4.671), (6.745, -4.671)]
69;100;;;0;3,44;[138, 140, 142, 141];[(6.745, -3.926), (6.745, -4.671), (11.367, -4.671), (11.367, -3.926)]
70;100;;;0;0,62;[141, 142, 144, 143];[(11.367, -3.926), (11.367, -4.671), (12.197, -4.671), (12.197, -3.926)]
71;100;;;0;1,64;[143, 144, 146, 145];[(12.197, -3.926), (12.197, -4.671), (14.398, -4.671), (14.398, -3.926)]
72;1;;;0;1,16;[145, 146, 148, 147];[(14.398, -3.926), (14.398, -4.671), (15.956, -4.671), (15.956, -3.926)]
73;100;;;0;1,63;[147, 148, 150, 149];[(15.956, -3.926), (15.956, -4.671), (18.14, -4.671), (18.14, -3.926)]
74;100;;;0;0,52;[149, 150, 152, 151];[(18.14, -3.926), (18.14, -4.671), (18.834, -4.671), (18.834, -3.926)]
75;100;;;0;1,08;[152, 150, 153, 154];[(18.834, -4.671), (18.14, -4.671), (18.14, -6.229), (18.834, -6.229)]
76;100;;;0;0,22;[154, 153, 155, 156];[(18.834, -6.229), (18.14, -6.229), (18.052, -6.551), (18.834, -6.517)]
77;100;;;0;0,49;[156, 155, 157, 158];[(18.834, -6.517), (18.052, -6.551), (18.052, -7.211), (18.726, -7.211)]
78;100;;;0;2,11;[156, 158, 160, 159];[(18.834, -6.517), (18.726, -7.211), (21.813, -7.211), (21.813, -6.517)]
79;100;;;0;0,09;[159, 160, 162, 161];[(21.813, -6.517), (21.813, -7.211), (21.94, -7.211), (21.94, -6.517)]
80;100;;;0;1,67;[161, 162, 164, 163];[(21.94, -6.517), (21.94, -7.211), (24.351, -7.211), (24.351, -6.517)]
81;100;;;0;0,11;[163, 164, 166, 165];[(24.351, -6.517), (24.351, -7.211), (24.508, -7.211), (24.508, -6.517)]
82;100;;;0;6,31;[165, 166, 168, 167];[(24.508, -6.517), (24.508, -7.211), (33.59, -7.211), (33.59, -6.517)]
83;100;;;0;0,11;[167, 168, 170, 169];[(33.59, -6.517), (33.59, -7.211), (33.746, -7.211), (33.746, -6.517)]
84;100;;;0;1,71;[169, 170, 172, 171];[(33.746, -6.517), (33.746, -7.211), (36.21, -7.211), (36.21, -6.517)]
85;100;;;0;0,28;[171, 172, 174, 173];[(36.21, -6.517), (36.21, -7.211), (36.618, -7.211), (36.618, -6.517)]
86;100;;;0;3,67;[173, 174, 176, 175];[(36.618, -6.517), (36.618, -7.211), (41.901, -7.211), (41.901, -6.517)]
87;100;;;0;0,09;[175, 176, 178, 177];[(41.901, -6.517), (41.901, -7.211), (42.032, -7.211), (42.032, -6.517)]
88;100;;;0;2,06;[177, 178, 180, 179];[(42.032, -6.517), (42.032, -7.211), (45.004, -7.211), (45.004, -6.517)]
89;100;;;0;0,10;[179, 180, 182, 181];[(45.004, -6.517), (45.004, -7.211), (45.143, -7.211), (45.143, -6.517)]
90;100;;;0;1,41;[181, 182, 184, 183];[(45.143, -6.517), (45.143, -7.211), (47.168, -7.211), (47.168, -6.517)]
91;100;;;0;0,09;[183, 184, 186, 185];[(47.168, -6.517), (47.168, -7.211), (47.29, -7.211), (47.29, -6.517)]
92;100;;;0;2,62;[185, 186, 188, 187];[(47.29, -6.517), (47.29, -7.211), (51.063, -7.211), (51.063, -6.517)]
93;100;;;0;0,11;[187, 188, 190, 189];[(51.063, -6.517), (51.063, -7.211), (51.218, -7.211), (51.218, -6.517)]
94;100;;;0;1,39;[189, 190, 192, 191];[(51.218, -6.517), (51.218, -7.211), (53.219, -7.211), (53.219, -6.517)]
95;100;;;0;0,29;[191, 192, 194, 193];[(53.219, -6.517), (53.219, -7.211), (53.643, -7.211), (53.643, -6.517)]
96;100;;;0;1,72;[193, 194, 196, 195];[(53.643, -6.517), (53.643, -7.211), (56.117, -7.211), (56.117, -6.517)]
97;100;;;0;0,42;[195, 196, 198, 197];[(56.117, -6.517), (56.117, -7.211), (56.722, -7.211), (56.722, -6.517)]
98;100;;;0;1,89;[197, 198, 200, 199];[(56.722, -6.517), (56.722, -7.211), (59.449, -7.211), (59.449, -6.517)]
99;100;;;0;0,27;[201, 203, 205, 202];[(59.751, -6.517), (60.282, -6.517), (60.282, -6.003), (59.751, -6.003)]
100;100;;;0;0,39;[202, 205, 207, 206];[(59.751, -6.003), (60.282, -6.003), (60.282, -5.276), (59.751, -5.276)]
101;100;;;0;0,58;[200, 204, 203, 201, 199];[(59.449, -7.211), (60.282, -7.211), (60.282, -6.517), (59.751, -6.517), (59.449, -6.517)]
102;100;;;0;0,24;[207, 205, 208, 209];[(60.282, -5.276), (60.282, -6.003), (60.608, -6.003), (60.608, -5.276)]
103;100;;;0;0,09;[209, 208, 210, 211];[(60.608, -5.276), (60.608, -6.003), (60.739, -6.003), (60.739, -5.276)]
104;100;;;0;0,02;[209, 211, 213, 212];[(60.608, -5.276), (60.739, -5.276), (60.739, -5.121), (60.608, -5.121)]
105;1;;;0;0,13;[212, 213, 215, 214];[(60.608, -5.121), (60.739, -5.121), (60.739, -4.116), (60.608, -4.116)]
106;100;;;0;0,01;[214, 215, 217, 216];[(60.608, -4.116), (60.739, -4.116), (60.739, -4.018), (60.608, -4.018)]
107;100;;;0;0,03;[216, 217, 219, 218];[(60.608, -4.018), (60.739, -4.018), (60.739, -3.765), (60.608, -3.765)]
108;100;;;0;0,61;[216, 218, 221, 220];[(60.608, -4.018), (60.608, -3.765), (58.183, -3.765), (58.183, -4.018)]
109;100;;;0;0,06;[220, 221, 223, 222];[(58.183, -4.018), (58.183, -3.765), (57.946, -3.765), (57.946, -4.018)]
110;100;;;0;0,47;[223, 221, 224, 225];[(57.946, -3.765), (58.183, -3.765), (58.183, -1.773), (57.946, -1.773)]
111;2;;;0;0,22;[225, 224, 226, 227];[(57.946, -1.773), (58.183, -1.773), (58.183, -0.842), (57.946, -0.842)]
112;100;;;0;0,15;[227, 226, 228, 229];[(57.946, -0.842), (58.183, -0.842), (58.183, -0.213), (57.946, -0.213)]
113;100;;;0;0,03;[229, 228, 230, 231];[(57.946, -0.213), (58.183, -0.213), (58.183, -0.099), (57.946, -0.099)]
114;100;;;0;0,46;[231, 230, 232, 233];[(57.946, -0.099), (58.183, -0.099), (58.183, 1.844), (57.946, 1.844)]
115;2;;;0;0,22;[233, 232, 234, 235];[(57.946, 1.844), (58.183, 1.844), (58.183, 2.775), (57.946, 2.775)]
116;100;;;0;0,01;[235, 234, 236, 237];[(57.946, 2.775), (58.183, 2.775), (58.183, 2.832), (57.946, 2.832)]
117;100;;;0;0,04;[237, 236, 238, 239];[(57.946, 2.832), (58.183, 2.832), (58.183, 2.996), (57.946, 2.996)]
118;100;;;0;0,37;[239, 238, 240, 241];[(57.946, 2.996), (58.183, 2.996), (58.183, 4.555), (57.946, 4.555)]
119;2;;;0;0,23;[241, 240, 242, 243];[(57.946, 4.555), (58.183, 4.555), (58.183, 5.543), (57.946, 5.543)]
120;100;;;0;0,35;[243, 242, 244, 245];[(57.946, 5.543), (58.183, 5.543), (58.183, 7.005), (57.946, 7.005)]
121;100;;;0;0,09;[245, 244, 246, 247];[(57.946, 7.005), (58.183, 7.005), (58.183, 7.373), (57.946, 7.373)]
122;100;;;0;0,44;[245, 247, 249, 248];[(57.946, 7.005), (57.946, 7.373), (56.738, 7.373), (56.738, 7.005)]
123;100;;;0;0,09;[248, 249, 251, 250];[(56.738, 7.005), (56.738, 7.373), (56.493, 7.373), (56.493, 7.005)]
124;100;;;0;0,28;[251, 249, 252, 253];[(56.493, 7.373), (56.738, 7.373), (56.738, 8.516), (56.493, 8.516)]
125;2;;;0;0,33;[253, 252, 254, 255];[(56.493, 8.516), (56.738, 8.516), (56.738, 9.863), (56.493, 9.863)]
126;100;;;0;0,13;[255, 254, 256, 257];[(56.493, 9.863), (56.738, 9.863), (56.738, 10.394), (56.493, 10.394)]
127;100;;;0;0,63;[259, 261, 262, 258];[(56.493, 11.08), (57.187, 11.08), (57.187, 11.986), (56.493, 11.986)]
128;1;;;0;0,54;[258, 262, 264, 263];[(56.493, 11.986), (57.187, 11.986), (57.187, 12.77), (56.493, 12.77)]
129;100;;;0;0,48;[256, 260, 261, 259, 257];[(56.738, 10.394), (57.187, 10.394), (57.187, 11.08), (56.493, 11.08), (56.493, 10.394)]
130;100;;;0;0,80;[263, 264, 266, 265];[(56.493, 12.77), (57.187, 12.77), (57.187, 13.929), (56.493, 13.929)]
131;100;;;0;0,29;[265, 266, 268, 267];[(56.493, 13.929), (57.187, 13.929), (57.187, 14.346), (56.493, 14.346)]
132;100;;;0;2,08;[267, 268, 270, 269];[(56.493, 14.346), (57.187, 14.346), (57.187, 17.343), (56.493, 17.343)]
133;100;;;0;0,10;[269, 270, 272, 271];[(56.493, 17.343), (57.187, 17.343), (57.187, 17.49), (56.493, 17.49)]
134;100;;;0;2,86;[271, 272, 274, 273];[(56.493, 17.49), (57.187, 17.49), (57.187, 21.615), (56.493, 21.615)]
135;100;;;0;0,10;[273, 274, 276, 275];[(56.493, 21.615), (57.187, 21.615), (57.187, 21.752), (56.493, 21.752)]
136;100;;;0;1,67;[275, 276, 278, 277];[(56.493, 21.752), (57.187, 21.752), (57.187, 24.163), (56.493, 24.163)]
137;100;;;0;0,48;[277, 278, 280, 279];[(56.493, 24.163), (57.187, 24.163), (57.187, 24.848), (56.493, 24.848)]
138;100;;;0;4,18;[280, 278, 281, 282];[(57.187, 24.848), (57.187, 24.163), (63.282, 24.163), (63.282, 24.848)]
139;100;;;0;0,34;[282, 281, 283, 284];[(63.282, 24.848), (63.282, 24.163), (63.782, 24.163), (63.782, 24.848)]
140;100;;;0;5,35;[284, 283, 285, 286];[(63.782, 24.848), (63.782, 24.163), (71.581, 24.163), (71.581, 24.848)]
141;100;;;0;0,13;[286, 285, 287, 288];[(71.581, 24.848), (71.581, 24.163), (71.767, 24.163), (71.767, 24.848)]
142;100;;;0;2,32;[288, 287, 289, 290];[(71.767, 24.848), (71.767, 24.163), (75.148, 24.163), (75.148, 24.848)]
143;100;;;0;0,50;[290, 289, 291, 292];[(75.148, 24.848), (75.148, 24.163), (75.873, 24.163), (75.873, 24.848)]
144;100;;;0;2,05;[291, 289, 293, 294];[(75.873, 24.163), (75.148, 24.163), (75.148, 21.341), (75.873, 21.341)]
145;100;;;0;0,14;[294, 293, 295, 296];[(75.873, 21.341), (75.148, 21.341), (75.148, 21.142), (75.873, 21.142)]
146;100;;;0;3,23;[296, 295, 297, 298];[(75.873, 21.142), (75.148, 21.142), (75.148, 16.686), (75.873, 16.686)]
147;100;;;0;0,14;[298, 297, 299, 300];[(75.873, 16.686), (75.148, 16.686), (75.148, 16.497), (75.873, 16.497)]
148;100;;;0;1,60;[300, 299, 301, 302];[(75.873, 16.497), (75.148, 16.497), (75.148, 14.287), (75.873, 14.287)]
149;100;;;0;0,43;[302, 301, 303, 304];[(75.873, 14.287), (75.148, 14.287), (75.148, 13.687), (75.873, 13.687)]
150;100;;;0;2,42;[304, 303, 305, 306];[(75.873, 13.687), (75.148, 13.687), (75.148, 10.348), (75.873, 10.348)]
151;100;;;0;0,12;[306, 305, 307, 308];[(75.873, 10.348), (75.148, 10.348), (75.148, 10.183), (75.873, 10.183)]
152;100;;;0;10,49;[308, 307, 309, 310];[(75.873, 10.183), (75.148, 10.183), (75.148, -4.28), (75.873, -4.28)]
153;5;;;0;0,84;[310, 309, 311, 312];[(75.873, -4.28), (75.148, -4.28), (75.148, -5.444), (75.873, -5.444)]
154;100;;;0;0,81;[312, 311, 313, 314];[(75.873, -5.444), (75.148, -5.444), (75.148, -6.561), (75.873, -6.561)]
155;100;;;0;2,27;[318, 316, 319, 320];[(76.066, -7.278), (75.329, -7.278), (75.329, -10.36), (76.066, -10.36)]
156;100;;;0;0,64;[320, 319, 321, 322];[(76.066, -10.36), (75.329, -10.36), (75.329, -11.223), (76.066, -11.223)]
157;100;;;0;0,66;[315, 316, 318, 317, 314, 313];[(75.148, -7.278), (75.329, -7.278), (76.066, -7.278), (76.066, -6.561), (75.873, -6.561), (75.148, -6.561)]
158;100;;;0;0,70;[322, 321, 323, 324];[(76.066, -11.223), (75.329, -11.223), (75.329, -12.171), (76.066, -12.171)]
159;100;;;0;0,47;[324, 323, 325, 326];[(76.066, -12.171), (75.329, -12.171), (75.329, -12.815), (76.066, -12.815)]
160;100;;;0;0,10;[326, 325, 327, 328];[(76.066, -12.815), (75.329, -12.815), (75.329, -12.95), (76.066, -12.95)]
161;1;;;0;1,27;[328, 327, 329, 330];[(76.066, -12.95), (75.329, -12.95), (75.329, -14.677), (76.066, -14.677)]
162;100;;;0;0,12;[330, 329, 331, 332];[(76.066, -14.677), (75.329, -14.677), (75.329, -14.847), (76.066, -14.847)]
163;100;;;0;0,39;[332, 331, 333, 334];[(76.066, -14.847), (75.329, -14.847), (75.329, -15.372), (76.066, -15.372)]
164;100;;;0;3,53;[334, 333, 335, 336];[(76.066, -15.372), (75.329, -15.372), (75.329, -20.163), (76.066, -20.163)]
165;100;;;0;0,56;[336, 335, 337, 338];[(76.066, -20.163), (75.329, -20.163), (75.329, -20.928), (76.066, -20.928)]
166;100;;;0;2,22;[337, 335, 339, 340];[(75.329, -20.928), (75.329, -20.163), (72.429, -20.163), (72.429, -20.928)]
167;100;;;0;0,11;[340, 339, 341, 342];[(72.429, -20.928), (72.429, -20.163), (72.282, -20.163), (72.282, -20.928)]
168;100;;;0;1,89;[342, 341, 343, 344];[(72.282, -20.928), (72.282, -20.163), (69.813, -20.163), (69.813, -20.928)]
169;100;;;0;0,16;[344, 343, 345, 346];[(69.813, -20.928), (69.813, -20.163), (69.607, -20.163), (69.607, -20.928)]
170;100;;;0;4,30;[346, 345, 347, 348];[(69.607, -20.928), (69.607, -20.163), (63.982, -20.163), (63.982, -20.928)]
171;100;;;0;0,43;[348, 347, 349, 350];[(63.982, -20.928), (63.982, -20.163), (63.414, -20.163), (63.414, -20.928)]
172;100;;;0;1,65;[350, 349, 351, 352];[(63.414, -20.928), (63.414, -20.163), (61.255, -20.163), (61.255, -20.928)]
173;100;;;0;0,11;[352, 351, 353, 354];[(61.255, -20.928), (61.255, -20.163), (61.114, -20.163), (61.114, -20.928)]
174;100;;;0;10,57;[354, 353, 355, 356];[(61.114, -20.928), (61.114, -20.163), (47.286, -20.163), (47.286, -20.928)]
175;100;;;0;0,10;[356, 355, 357, 358];[(47.286, -20.928), (47.286, -20.163), (47.159, -20.163), (47.159, -20.928)]
176;100;;;0;2,00;[358, 357, 359, 360];[(47.159, -20.928), (47.159, -20.163), (44.549, -20.163), (44.549, -20.928)]
177;100;;;0;0,12;[360, 359, 361, 362];[(44.549, -20.928), (44.549, -20.163), (44.394, -20.163), (44.394, -20.928)]
178;100;;;0;4,07;[362, 361, 363, 364];[(44.394, -20.928), (44.394, -20.163), (39.074, -20.163), (39.074, -20.928)]
179;100;;;0;0,11;[364, 363, 365, 366];[(39.074, -20.928), (39.074, -20.163), (38.933, -20.163), (38.933, -20.928)]
180;100;;;0;1,75;[366, 365, 367, 368];[(38.933, -20.928), (38.933, -20.163), (36.647, -20.163), (36.647, -20.928)]
181;100;;;0;0,42;[368, 367, 369, 370];[(36.647, -20.928), (36.647, -20.163), (36.097, -20.163), (36.097, -20.928)]
182;100;;;0;6,62;[370, 369, 371, 372];[(36.097, -20.928), (36.097, -20.163), (27.433, -20.163), (27.433, -20.928)]
183;100;;;0;0,10;[372, 371, 373, 374];[(27.433, -20.928), (27.433, -20.163), (27.306, -20.163), (27.306, -20.928)]
184;100;;;0;2,06;[374, 373, 375, 376];[(27.306, -20.928), (27.306, -20.163), (24.612, -20.163), (24.612, -20.928)]
185;100;;;0;0,12;[376, 375, 377, 378];[(24.612, -20.928), (24.612, -20.163), (24.457, -20.163), (24.457, -20.928)]
186;100;;;0;2,02;[378, 377, 379, 380];[(24.457, -20.928), (24.457, -20.163), (21.811, -20.163), (21.811, -20.928)]
187;100;;;0;0,11;[380, 379, 381, 382];[(21.811, -20.928), (21.811, -20.163), (21.664, -20.163), (21.664, -20.928)]
188;100;;;0;3,84;[382, 381, 383, 384];[(21.664, -20.928), (21.664, -20.163), (16.641, -20.163), (16.641, -20.928)]
189;100;;;0;0,12;[384, 383, 385, 386];[(16.641, -20.928), (16.641, -20.163), (16.486, -20.163), (16.486, -20.928)]
190;100;;;0;4,00;[386, 385, 387, 388];[(16.486, -20.928), (16.486, -20.163), (11.253, -20.163), (11.253, -20.928)]
191;100;;;0;0,49;[388, 387, 389, 390];[(11.253, -20.928), (11.253, -20.163), (10.606, -20.163), (10.606, -20.928)]
192;100;;;0;1,24;[390, 389, 391, 392];[(10.606, -20.928), (10.606, -20.163), (8.984, -20.163), (8.984, -20.928)]
193;100;;;0;0,61;[409, 410, 412, 411];[(11.253, -26.6), (10.606, -26.6), (10.606, -27.548), (11.253, -27.548)]
194;100;;;0;0,10;[414, 413, 415, 416];[(8.168, -27.548), (8.168, -26.6), (8.062, -26.6), (8.062, -27.548)]
195;100;;;0;6,21;[394, 451, 392, 391, 399, 403, 404, 405, 401, 402, 398];[(8.052, -20.928), (8.166, -20.928), (8.984, -20.928), (8.984, -20.163), (8.984, -19.13), (8.984, -17.37), (8.069, -17.37), (7.443, -17.37), (7.443, -19.13), (7.037, -19.13), (7.037, -20.928)]
196;100;;;0;0,58;[388, 390, 397, 396];[(11.253, -20.928), (10.606, -20.928), (10.606, -21.825), (11.253, -21.825)]
197;1;;;0;0,83;[393, 406, 408, 407];[(11.253, -24.602), (10.606, -24.602), (10.606, -25.889), (11.253, -25.889)]
198;100;;;0;0,46;[407, 408, 410, 409];[(11.253, -25.889), (10.606, -25.889), (10.606, -26.6), (11.253, -26.6)]
199;1;;;0;0,90;[396, 397, 400, 395];[(11.253, -21.825), (10.606, -21.825), (10.606, -23.213), (11.253, -23.213)]
200;100;;;0;0,90;[395, 400, 406, 393];[(11.253, -23.213), (10.606, -23.213), (10.606, -24.602), (11.253, -24.602)]
201;100;;;0;2,31;[412, 410, 413, 414];[(10.606, -27.548), (10.606, -26.6), (8.168, -26.6), (8.168, -27.548)]
202;100;;;0;14,44;[416, 415, 417, 418];[(8.062, -27.548), (8.062, -26.6), (-7.165, -26.6), (-7.165, -27.548)]
203;100;;;0;0,12;[418, 417, 419, 420];[(-7.165, -27.548), (-7.165, -26.6), (-7.294, -26.6), (-7.294, -27.548)]
204;100;;;0;2,17;[420, 419, 421, 422];[(-7.294, -27.548), (-7.294, -26.6), (-9.587, -26.6), (-9.587, -27.548)]
205;100;;;0;0,68;[422, 421, 423, 424];[(-9.587, -27.548), (-9.587, -26.6), (-10.304, -26.6), (-10.304, -27.548)]
206;100;;;0;0,49;[423, 421, 425, 426];[(-10.304, -26.6), (-9.587, -26.6), (-9.587, -25.918), (-10.304, -25.918)]
207;1;;;0;0,93;[426, 425, 427, 428];[(-10.304, -25.918), (-9.587, -25.918), (-9.587, -24.624), (-10.304, -24.624)]
208;100;;;0;1,06;[428, 427, 429, 430];[(-10.304, -24.624), (-9.587, -24.624), (-9.587, -23.143), (-10.304, -23.143)]
209;1;;;0;0,90;[430, 429, 431, 432];[(-10.304, -23.143), (-9.587, -23.143), (-9.587, -21.885), (-10.304, -21.885)]
210;100;;;0;0,64;[432, 431, 433, 434];[(-10.304, -21.885), (-9.587, -21.885), (-9.587, -20.991), (-10.304, -20.991)]
211;100;;;0;0,70;[434, 433, 435, 436];[(-10.304, -20.991), (-9.587, -20.991), (-9.587, -20.015), (-10.304, -20.015)]
212;100;;;0;3,27;[437, 439, 441, 442, 749, 435, 433];[(-7.294, -20.991), (-7.177, -20.991), (-6.236, -20.991), (-6.236, -20.015), (-7.774, -20.015), (-9.587, -20.015), (-9.587, -20.991)]
213;100;;;0;0,38;[726, 720, 753, 754];[(-7.471, -14.184), (-7.59, -14.184), (-7.59, -17.398), (-7.471, -17.398)]
214;100;;;0;1,05;[749, 442, 440, 438];[(-7.774, -20.015), (-6.236, -20.015), (-6.219, -19.328), (-7.774, -19.339)]
215;100;;;0;0,08;[439, 437, 443, 444];[(-7.177, -20.991), (-7.294, -20.991), (-7.294, -21.673), (-7.177, -21.673)]
216;1;;;0;0,15;[444, 443, 445, 446];[(-7.177, -21.673), (-7.294, -21.673), (-7.294, -22.967), (-7.177, -22.967)]
217;100;;;0;0,17;[446, 445, 447, 448];[(-7.177, -22.967), (-7.294, -22.967), (-7.294, -24.448), (-7.177, -24.448)]
218;1;;;0;0,16;[448, 447, 449, 450];[(-7.177, -24.448), (-7.294, -24.448), (-7.294, -25.777), (-7.177, -25.777)]
219;100;;;0;0,10;[417, 450, 449, 419];[(-7.165, -26.6), (-7.177, -25.777), (-7.294, -25.777), (-7.294, -26.6)]
220;100;;;0;0,08;[451, 394, 452, 453];[(8.166, -20.928), (8.052, -20.928), (8.052, -21.665), (8.166, -21.665)]
221;1;;;0;0,15;[453, 452, 454, 455];[(8.166, -21.665), (8.052, -21.665), (8.052, -22.969), (8.166, -22.969)]
222;100;;;0;0,17;[455, 454, 456, 457];[(8.166, -22.969), (8.052, -22.969), (8.052, -24.466), (8.166, -24.466)]
223;1;;;0;0,15;[457, 456, 458, 459];[(8.166, -24.466), (8.052, -24.466), (8.052, -25.793), (8.166, -25.793)]
224;100;;;0;0,09;[413, 459, 458, 415];[(8.168, -26.6), (8.166, -25.793), (8.052, -25.793), (8.062, -26.6)]
225;100;;;0;13,62;[434, 436, 461, 460];[(-10.304, -20.991), (-10.304, -20.015), (-24.256, -20.015), (-24.256, -20.991)]
226;100;;;0;0,15;[460, 461, 463, 462];[(-24.256, -20.991), (-24.256, -20.015), (-24.409, -20.015), (-24.409, -20.991)]
227;100;;;0;2,40;[462, 463, 465, 464];[(-24.409, -20.991), (-24.409, -20.015), (-26.864, -20.015), (-26.864, -20.991)]
228;100;;;0;0,13;[464, 465, 467, 466];[(-26.864, -20.991), (-26.864, -20.015), (-26.999, -20.015), (-26.999, -20.991)]
229;100;;;0;4,81;[466, 467, 469, 468];[(-26.999, -20.991), (-26.999, -20.015), (-31.927, -20.015), (-31.927, -20.991)]
230;100;;;0;0,46;[468, 469, 471, 470];[(-31.927, -20.991), (-31.927, -20.015), (-32.401, -20.015), (-32.401, -20.991)]
231;100;;;0;2,74;[470, 471, 473, 472];[(-32.401, -20.991), (-32.401, -20.015), (-35.211, -20.015), (-35.211, -20.991)]
232;100;;;0;0,21;[472, 473, 475, 474];[(-35.211, -20.991), (-35.211, -20.015), (-35.431, -20.015), (-35.431, -20.991)]
233;100;;;0;10,44;[474, 475, 477, 476];[(-35.431, -20.991), (-35.431, -20.015), (-46.133, -20.015), (-46.133, -20.991)]
234;100;;;0;0,25;[476, 477, 479, 478];[(-46.133, -20.991), (-46.133, -20.015), (-46.387, -20.015), (-46.387, -20.991)]
235;100;;;0;10,38;[478, 479, 481, 480];[(-46.387, -20.991), (-46.387, -20.015), (-57.02, -20.015), (-57.02, -20.991)]
236;100;;;0;0,51;[480, 481, 483, 482];[(-57.02, -20.991), (-57.02, -20.015), (-57.545, -20.015), (-57.545, -20.991)]
237;100;;;0;2,33;[482, 483, 485, 484];[(-57.545, -20.991), (-57.545, -20.015), (-59.932, -20.015), (-59.932, -20.991)]
238;100;;;0;0,13;[484, 485, 487, 486];[(-59.932, -20.991), (-59.932, -20.015), (-60.068, -20.015), (-60.068, -20.991)]
239;100;;;0;2,63;[486, 487, 489, 488];[(-60.068, -20.991), (-60.068, -20.015), (-62.76, -20.015), (-62.76, -20.991)]
240;100;;;0;0,25;[488, 489, 491, 490];[(-62.76, -20.991), (-62.76, -20.015), (-63.014, -20.015), (-63.014, -20.991)]
241;100;;;0;10,38;[1, 490, 491, 3];[(-73.575, -21.004), (-63.014, -20.991), (-63.014, -20.015), (-73.575, -20.015)]
242;100;;;0;1,79;[9, 8, 492, 493];[(-72.404, -13.694), (-72.404, -14.513), (-70.22, -14.513), (-70.22, -13.694)]
243;8;;;0;0,72;[493, 492, 494, 495];[(-70.22, -13.694), (-70.22, -14.513), (-69.339, -14.513), (-69.339, -13.694)]
244;100;;;0;3,77;[495, 494, 496, 497];[(-69.339, -13.694), (-69.339, -14.513), (-64.734, -14.513), (-64.734, -13.694)]
245;100;;;0;0,10;[497, 496, 498, 499];[(-64.734, -13.694), (-64.734, -14.513), (-64.615, -14.513), (-64.615, -13.694)]
246;100;;;0;0,25;[499, 498, 500, 501];[(-64.615, -13.694), (-64.615, -14.513), (-64.311, -14.513), (-64.311, -13.694)]
247;1;;;0;0,71;[501, 500, 502, 503];[(-64.311, -13.694), (-64.311, -14.513), (-63.447, -14.513), (-63.447, -13.694)]
248;100;;;0;0,35;[503, 502, 504, 505];[(-63.447, -13.694), (-63.447, -14.513), (-63.024, -14.513), (-63.024, -13.694)]
249;100;;;0;0,18;[505, 504, 506, 507];[(-63.024, -13.694), (-63.024, -14.513), (-62.804, -14.513), (-62.804, -13.694)]
250;100;;;0;2,24;[507, 506, 508, 509];[(-62.804, -13.694), (-62.804, -14.513), (-60.064, -14.513), (-60.064, -13.694)]
251;100;;;0;0,10;[509, 508, 510, 511];[(-60.064, -13.694), (-60.064, -14.513), (-59.946, -14.513), (-59.946, -13.694)]
252;100;;;0;0,34;[511, 510, 512, 513];[(-59.946, -13.694), (-59.946, -14.513), (-59.535, -14.513), (-59.535, -13.694)]
253;1;;;0;0,10;[510, 508, 514, 515];[(-59.946, -14.513), (-60.064, -14.513), (-60.064, -15.336), (-59.946, -15.336)]
254;100;;;0;0,09;[515, 514, 516, 517];[(-59.946, -15.336), (-60.064, -15.336), (-60.064, -16.077), (-59.946, -16.077)]
255;100;;;0;0,02;[517, 516, 518, 519];[(-59.946, -16.077), (-60.064, -16.077), (-60.064, -16.241), (-59.946, -16.241)]
256;100;;;0;0,48;[485, 519, 518, 487];[(-59.932, -20.015), (-59.946, -16.241), (-60.064, -16.241), (-60.068, -20.015)]
257;1;;;0;1,16;[513, 512, 520, 521];[(-59.535, -13.694), (-59.535, -14.513), (-58.112, -14.513), (-58.112, -13.694)]
258;100;;;0;0,50;[521, 520, 522, 523];[(-58.112, -13.694), (-58.112, -14.513), (-57.501, -14.513), (-57.501, -13.694)]
259;100;;;0;0,40;[523, 522, 524, 526, 525];[(-57.501, -13.694), (-57.501, -14.513), (-57.007, -14.513), (-57.007, -14.209), (-57.007, -13.694)]
260;100;;;0;0,78;[527, 524, 522, 528];[(-57.01, -16.087), (-57.007, -14.513), (-57.501, -14.513), (-57.513, -16.087)]
261;100;;;0;0,09;[529, 527, 528, 530];[(-57.011, -16.257), (-57.01, -16.087), (-57.513, -16.087), (-57.515, -16.257)]
262;100;;;0;1,93;[481, 529, 530, 483];[(-57.02, -20.015), (-57.011, -16.257), (-57.515, -16.257), (-57.545, -20.015)]
263;100;;;0;0,12;[530, 528, 531, 532];[(-57.515, -16.257), (-57.513, -16.087), (-58.205, -16.087), (-58.206, -16.257)]
264;1;;;0;0,14;[532, 531, 533, 534];[(-58.206, -16.257), (-58.205, -16.087), (-59.023, -16.087), (-59.024, -16.257)]
265;100;;;0;0,15;[517, 519, 534, 533];[(-59.946, -16.077), (-59.946, -16.241), (-59.024, -16.257), (-59.023, -16.087)]
266;100;;;0;1,30;[489, 506, 504, 491];[(-62.76, -20.015), (-62.804, -14.513), (-63.024, -14.513), (-63.014, -20.015)]
267;100;;;0;5,85;[13, 11, 535, 536];[(-72.404, -7.5), (-72.404, -8.601), (-67.087, -8.601), (-67.087, -7.5)]
268;100;;;0;1,08;[536, 535, 537, 539, 538];[(-67.087, -7.5), (-67.087, -8.601), (-66.105, -8.601), (-66.105, -8.05), (-66.105, -7.5)]
269;100;;;0;0,74;[539, 537, 540, 541];[(-66.105, -8.05), (-66.105, -8.601), (-64.753, -8.601), (-64.753, -8.05)]
270;100;;;0;0,06;[541, 540, 542, 543];[(-64.753, -8.05), (-64.753, -8.601), (-64.636, -8.601), (-64.636, -8.05)]
271;100;;;0;0,44;[543, 542, 544, 545];[(-64.636, -8.05), (-64.636, -8.601), (-63.836, -8.601), (-63.836, -8.05)]
272;100;;;0;0,52;[545, 544, 546, 547];[(-63.836, -8.05), (-63.836, -8.601), (-62.884, -8.601), (-62.884, -8.05)]
273;100;;;0;0,25;[547, 546, 548, 549];[(-62.884, -8.05), (-62.884, -8.601), (-62.437, -8.601), (-62.437, -8.05)]
274;1;;;0;0,71;[549, 548, 550, 551];[(-62.437, -8.05), (-62.437, -8.601), (-61.143, -8.601), (-61.143, -8.05)]
275;100;;;0;0,09;[551, 550, 552, 553];[(-61.143, -8.05), (-61.143, -8.601), (-60.979, -8.601), (-60.979, -8.05)]
276;100;;;0;0,34;[557, 554, 555, 559, 558];[(-59.909, -7.662), (-59.909, -8.601), (-59.544, -8.601), (-59.544, -8.386), (-59.544, -7.662)]
277;100;;;0;0,10;[558, 559, 561, 560];[(-59.544, -7.662), (-59.544, -8.386), (-59.402, -8.386), (-59.402, -7.662)]
278;100;;;0;1,00;[554, 557, 556, 553, 552];[(-59.909, -8.601), (-59.909, -7.662), (-60.979, -7.662), (-60.979, -8.05), (-60.979, -8.601)]
279;1;;;0;1,13;[560, 561, 563, 562];[(-59.402, -7.662), (-59.402, -8.386), (-57.843, -8.386), (-57.843, -7.662)]
280;100;;;0;0,23;[76, 562, 563, 77];[(-57.532, -7.646), (-57.843, -7.662), (-57.843, -8.386), (-57.532, -8.387)]
281;100;;;0;0,04;[1604, 1603, 564, 565];[(-59.544, -11.072), (-59.909, -11.072), (-59.909, -11.183), (-59.544, -11.183)]
282;1;;;0;0,51;[565, 564, 566, 567];[(-59.544, -11.183), (-59.909, -11.183), (-59.909, -12.594), (-59.544, -12.594)]
283;100;;;0;0,43;[513, 567, 566, 511];[(-59.535, -13.694), (-59.544, -12.594), (-59.909, -12.594), (-59.946, -13.694)]
284;100;;;0;0,12;[497, 499, 569, 568];[(-64.734, -13.694), (-64.615, -13.694), (-64.615, -12.65), (-64.734, -12.65)]
285;1;;;0;0,09;[568, 569, 571, 570];[(-64.734, -12.65), (-64.615, -12.65), (-64.615, -11.86), (-64.734, -11.86)]
286;100;;;0;0,01;[1599, 570, 571, 1600];[(-64.734, -11.748), (-64.734, -11.86), (-64.615, -11.86), (-64.616, -11.748)]
287;100;;;0;1,03;[536, 538, 573, 572];[(-67.087, -7.5), (-66.105, -7.5), (-66.105, -6.45), (-67.087, -6.45)]
288;1;;;0;0,83;[572, 573, 575, 574];[(-67.087, -6.45), (-66.105, -6.45), (-66.105, -5.604), (-67.087, -5.604)]
289;100;;;0;0,23;[574, 575, 577, 576];[(-67.087, -5.604), (-66.105, -5.604), (-66.105, -5.367), (-67.087, -5.367)]
290;100;;;0;0,13;[576, 577, 579, 578];[(-67.087, -5.367), (-66.105, -5.367), (-66.105, -5.231), (-67.087, -5.231)]
291;100;;;0;2,48;[578, 579, 581, 580];[(-67.087, -5.231), (-66.105, -5.231), (-66.105, -2.708), (-67.087, -2.708)]
292;100;;;0;0,12;[580, 581, 583, 582];[(-67.087, -2.708), (-66.105, -2.708), (-66.105, -2.59), (-67.087, -2.59)]
293;100;;;0;0,62;[582, 583, 585, 584];[(-67.087, -2.59), (-66.105, -2.59), (-66.105, -1.963), (-67.087, -1.963)]
294;100;;;0;0,27;[584, 585, 587, 586];[(-67.087, -1.963), (-66.105, -1.963), (-66.105, -1.692), (-67.087, -1.692)]
295;100;;;0;3,92;[586, 587, 589, 588];[(-67.087, -1.692), (-66.105, -1.692), (-66.105, 2.304), (-67.087, 2.304)]
296;1;;;0;1,05;[588, 589, 591, 590];[(-67.087, 2.304), (-66.105, 2.304), (-66.105, 3.37), (-67.087, 3.37)]
297;100;;;0;0,67;[590, 591, 593, 592];[(-67.087, 3.37), (-66.105, 3.37), (-66.105, 4.048), (-67.087, 4.048)]
298;100;;;0;0,67;[592, 593, 595, 596, 594];[(-67.087, 4.048), (-66.105, 4.048), (-66.105, 4.725), (-66.924, 4.725), (-67.087, 4.725)]
299;100;;;0;0,35;[596, 595, 597, 598];[(-66.924, 4.725), (-66.105, 4.725), (-66.105, 5.149), (-66.924, 5.149)]
300;1;;;0;1,23;[598, 597, 599, 600];[(-66.924, 5.149), (-66.105, 5.149), (-66.105, 6.652), (-66.924, 6.652)]
301;100;;;0;0,94;[600, 599, 601, 602];[(-66.924, 6.652), (-66.105, 6.652), (-66.105, 7.795), (-66.924, 7.795)]
302;100;;;0;0,13;[602, 601, 603, 604];[(-66.924, 7.795), (-66.105, 7.795), (-66.105, 7.95), (-66.924, 7.95)]
303;100;;;0;5,24;[604, 603, 605, 606];[(-66.924, 7.95), (-66.105, 7.95), (-66.105, 14.359), (-66.924, 14.359)]
304;8;;;0;1,25;[606, 605, 607, 608];[(-66.924, 14.359), (-66.105, 14.359), (-66.105, 15.887), (-66.924, 15.887)]
305;100;;;0;0,36;[42, 608, 607, 44];[(-66.929, 16.332), (-66.924, 15.887), (-66.105, 15.887), (-66.125, 16.332)]
306;100;;;0;0,57;[48, 46, 609, 610];[(-62.908, 16.332), (-63.642, 16.332), (-63.642, 15.556), (-62.908, 15.556)]
307;8;;;0;0,72;[610, 609, 611, 612];[(-62.908, 15.556), (-63.642, 15.556), (-63.642, 14.58), (-62.908, 14.58)]
308;100;;;0;4,85;[612, 611, 613, 614];[(-62.908, 14.58), (-63.642, 14.58), (-63.642, 7.972), (-62.908, 7.972)]
309;100;;;0;0,11;[614, 613, 615, 616];[(-62.908, 7.972), (-63.642, 7.972), (-63.642, 7.819), (-62.908, 7.819)]
310;100;;;0;0,13;[603, 601, 617, 618];[(-66.105, 7.95), (-66.105, 7.795), (-65.27, 7.795), (-65.27, 7.95)]
311;100;;;0;0,13;[618, 617, 619, 620];[(-65.27, 7.95), (-65.27, 7.795), (-64.436, 7.795), (-64.436, 7.95)]
312;100;;;0;0,12;[613, 620, 619, 615];[(-63.642, 7.972), (-64.436, 7.95), (-64.436, 7.795), (-63.642, 7.819)]
313;100;;;0;0,82;[616, 615, 621, 622];[(-62.908, 7.819), (-63.642, 7.819), (-63.642, 6.702), (-62.908, 6.702)]
314;1;;;0;1,10;[622, 621, 623, 624];[(-62.908, 6.702), (-63.642, 6.702), (-63.642, 5.208), (-62.908, 5.208)]
315;100;;;0;0,49;[624, 623, 625, 626];[(-62.908, 5.208), (-63.642, 5.208), (-63.642, 4.538), (-62.908, 4.538)]
316;100;;;0;0,43;[626, 625, 627, 628];[(-62.908, 4.538), (-63.642, 4.538), (-63.642, 3.95), (-62.908, 3.95)]
317;100;;;0;0,16;[628, 627, 629, 630];[(-62.908, 3.95), (-63.642, 3.95), (-63.642, 3.739), (-62.908, 3.739)]
318;1;;;0;0,74;[630, 629, 631, 632];[(-62.908, 3.739), (-63.642, 3.739), (-63.642, 2.727), (-62.908, 2.727)]
319;100;;;0;1,10;[632, 631, 633, 634];[(-62.908, 2.727), (-63.642, 2.727), (-63.642, 1.234), (-62.908, 1.234)]
320;100;;;0;0,45;[634, 633, 635, 636];[(-62.908, 1.234), (-63.642, 1.234), (-63.642, 0.623), (-62.908, 0.623)]
321;100;;;0;1,04;[545, 547, 638, 639, 637];[(-63.836, -8.05), (-62.884, -8.05), (-62.884, -6.957), (-63.717, -6.957), (-63.836, -6.957)]
322;1;;;0;1,34;[639, 638, 640, 641];[(-63.717, -6.957), (-62.884, -6.957), (-62.884, -5.346), (-63.717, -5.346)]
323;100;;;0;0,12;[641, 640, 642, 643];[(-63.717, -5.346), (-62.884, -5.346), (-62.884, -5.205), (-63.717, -5.205)]
324;100;;;0;2,27;[1578, 1581, 1580, 645, 644, 1579];[(-62.884, -4.354), (-62.891, -1.609), (-63.694, -1.609), (-63.717, -2.594), (-63.717, -2.7), (-63.717, -4.354)]
325;8;119;;0;20,64;[44, 607, 605, 603, 618, 620, 613, 611, 609, 46];[(-66.125, 16.332), (-66.105, 15.887), (-66.105, 14.359), (-66.105, 7.95), (-65.27, 7.95), (-64.436, 7.95), (-63.642, 7.972), (-63.642, 14.58), (-63.642, 15.556), (-63.642, 16.332)]
326;9;;;0;4,59;[1585, 1586, 1581, 1578];[(-61.201, -4.307), (-61.201, -1.614), (-62.891, -1.609), (-62.884, -4.354)]
327;100;;;0;3,26;[58, 634, 636, 60];[(-57.532, 1.219), (-62.908, 1.234), (-62.908, 0.623), (-57.532, 0.62)]
328;100;;;0;3,13;[54, 626, 628, 56];[(-57.532, 4.547), (-62.908, 4.538), (-62.908, 3.95), (-57.532, 3.971)]
329;100;;;0;3,45;[27, 592, 594, 29];[(-72.404, 4.056), (-67.087, 4.048), (-67.087, 4.725), (-72.404, 4.677)]
330;100;;;0;1,21;[19, 584, 586, 21];[(-72.404, -1.941), (-67.087, -1.963), (-67.087, -1.692), (-72.404, -1.757)]
331;100;;;0;0,08;[579, 577, 646, 647];[(-66.105, -5.231), (-66.105, -5.367), (-65.526, -5.367), (-65.526, -5.231)]
332;1;;;0;0,19;[647, 646, 648, 649];[(-65.526, -5.231), (-65.526, -5.367), (-64.113, -5.367), (-64.113, -5.231)]
333;100;;;0;0,05;[643, 649, 648, 641];[(-63.717, -5.205), (-64.113, -5.231), (-64.113, -5.367), (-63.717, -5.346)]
334;100;;;0;0,08;[583, 581, 650, 651];[(-66.105, -2.59), (-66.105, -2.708), (-65.444, -2.708), (-65.444, -2.59)]
335;1;;;0;0,13;[651, 650, 652, 653];[(-65.444, -2.59), (-65.444, -2.708), (-64.317, -2.708), (-64.317, -2.59)]
336;100;;;0;0,07;[645, 653, 652, 644];[(-63.717, -2.594), (-64.317, -2.59), (-64.317, -2.708), (-63.717, -2.7)]
337;100;;;0;0,55;[525, 526, 655, 654];[(-57.007, -13.694), (-57.007, -14.209), (-55.934, -14.209), (-55.934, -13.694)]
338;1;;;0;0,76;[654, 655, 657, 656];[(-55.934, -13.694), (-55.934, -14.209), (-54.453, -14.209), (-54.453, -13.694)]
339;100;;;0;4,14;[656, 657, 659, 658];[(-54.453, -13.694), (-54.453, -14.209), (-46.396, -14.209), (-46.396, -13.694)]
340;100;;;0;0,13;[658, 659, 661, 660];[(-46.396, -13.694), (-46.396, -14.209), (-46.142, -14.209), (-46.142, -13.694)]
341;100;;;0;0,35;[660, 661, 663, 662];[(-46.142, -13.694), (-46.142, -14.209), (-45.465, -14.209), (-45.465, -13.694)]
342;1;;;0;0,74;[662, 663, 665, 664];[(-45.465, -13.694), (-45.465, -14.209), (-44.025, -14.209), (-44.025, -13.694)]
343;100;;;0;4,42;[664, 665, 667, 666];[(-44.025, -13.694), (-44.025, -14.209), (-35.432, -14.209), (-35.432, -13.694)]
344;100;;;0;0,12;[666, 667, 669, 668];[(-35.432, -13.694), (-35.432, -14.209), (-35.192, -14.209), (-35.192, -13.694)]
345;100;;;0;0,36;[668, 669, 671, 670];[(-35.192, -13.694), (-35.192, -14.209), (-34.501, -14.209), (-34.501, -13.694)]
346;1;;;0;0,52;[670, 671, 673, 672];[(-34.501, -13.694), (-34.501, -14.209), (-33.499, -14.209), (-33.499, -13.694)]
347;100;;;0;0,57;[672, 673, 675, 674];[(-33.499, -13.694), (-33.499, -14.209), (-32.385, -14.209), (-32.385, -13.694)]
348;100;;;0;0,25;[674, 675, 677, 676];[(-32.385, -13.694), (-32.385, -14.209), (-31.905, -14.209), (-31.905, -13.694)]
349;100;;;0;0,30;[676, 677, 679, 678];[(-31.905, -13.694), (-31.905, -14.209), (-31.312, -14.209), (-31.312, -13.694)]
350;1;;;0;0,76;[678, 679, 681, 680];[(-31.312, -13.694), (-31.312, -14.209), (-29.831, -14.209), (-29.831, -13.694)]
351;100;;;0;1,44;[680, 681, 683, 682];[(-29.831, -13.694), (-29.831, -14.209), (-27.037, -14.209), (-27.037, -13.694)]
352;100;;;0;0,09;[682, 683, 685, 684];[(-27.037, -13.694), (-27.037, -14.209), (-26.868, -14.209), (-26.868, -13.694)]
353;100;;;0;0,35;[684, 685, 687, 686];[(-26.868, -13.694), (-26.868, -14.209), (-26.19, -14.209), (-26.19, -13.694)]
354;1;;;0;0,51;[686, 687, 689, 688];[(-26.19, -13.694), (-26.19, -14.209), (-25.203, -14.209), (-25.203, -13.694)]
355;100;;;0;0,41;[688, 689, 691, 690];[(-25.203, -13.694), (-25.203, -14.209), (-24.398, -14.209), (-24.398, -13.694)]
356;100;;;0;0,07;[690, 691, 693, 692];[(-24.398, -13.694), (-24.398, -14.209), (-24.257, -14.209), (-24.257, -13.694)]
357;100;;;0;1,70;[692, 693, 695, 696, 697, 694, 1592, 1591];[(-24.257, -13.694), (-24.257, -14.209), (-20.955, -14.209), (-20.955, -13.952), (-20.955, -13.862), (-20.955, -13.694), (-22.045, -13.694), (-22.296, -13.694)]
358;100;;;0;0,01;[697, 696, 698, 699];[(-20.955, -13.862), (-20.955, -13.952), (-20.893, -13.952), (-20.893, -13.862)]
359;1;;;0;0,07;[699, 698, 700, 701];[(-20.893, -13.862), (-20.893, -13.952), (-20.139, -13.952), (-20.139, -13.862)]
360;100;;;0;0,10;[701, 700, 702, 703];[(-20.139, -13.862), (-20.139, -13.952), (-18.999, -13.952), (-18.999, -13.862)]
361;100;;;0;0,04;[703, 702, 704, 705];[(-18.999, -13.862), (-18.999, -13.952), (-18.557, -13.952), (-18.557, -13.862)]
362;100;;;0;0,17;[705, 704, 706, 707];[(-18.557, -13.862), (-18.557, -13.952), (-16.612, -13.952), (-16.612, -13.862)]
363;100;;;0;0,12;[707, 706, 708, 709];[(-16.612, -13.862), (-16.612, -13.952), (-15.296, -13.952), (-15.296, -13.862)]
364;100;;;0;0,18;[709, 708, 710, 711];[(-15.296, -13.862), (-15.296, -13.952), (-13.329, -13.952), (-13.329, -13.862)]
365;100;;;0;0,05;[711, 710, 712, 713];[(-13.329, -13.862), (-13.329, -13.952), (-12.824, -13.952), (-12.824, -13.862)]
366;100;;;0;0,09;[713, 712, 714, 715];[(-12.824, -13.862), (-12.824, -13.952), (-11.775, -13.952), (-11.775, -13.862)]
367;1;;;0;0,07;[715, 714, 716, 717];[(-11.775, -13.862), (-11.775, -13.952), (-10.964, -13.952), (-10.964, -13.862)]
368;100;;;0;0,00;[717, 716, 718, 719];[(-10.964, -13.862), (-10.964, -13.952), (-10.919, -13.952), (-10.919, -13.862)]
369;100;;;0;1,61;[718, 724, 725, 723, 722, 719];[(-10.919, -13.952), (-10.919, -14.184), (-7.953, -14.184), (-7.953, -13.641), (-10.919, -13.641), (-10.919, -13.862)]
370;100;;;0;0,03;[738, 737, 739, 740];[(-3.655, -13.567), (-3.655, -13.784), (-3.536, -13.784), (-3.536, -13.567)]
371;100;;;0;0,56;[732, 727, 730, 721, 733, 731, 723, 725, 720, 726, 728];[(-7.233, -13.784), (-7.17, -13.784), (-7.17, -13.567), (-7.17, -13.437), (-7.233, -13.437), (-7.953, -13.437), (-7.953, -13.641), (-7.953, -14.184), (-7.59, -14.184), (-7.471, -14.184), (-7.233, -14.184)]
372;100;;;0;0,22;[742, 741, 743, 744];[(-3.536, -19.118), (-3.655, -19.118), (-3.655, -20.924), (-3.536, -20.924)]
373;100;;;0;0,42;[730, 727, 729, 734];[(-7.17, -13.567), (-7.17, -13.784), (-5.22, -13.784), (-5.22, -13.567)]
374;100;;;0;0,15;[736, 735, 737, 738];[(-4.352, -13.567), (-4.352, -13.784), (-3.655, -13.784), (-3.655, -13.567)]
375;1;;;0;0,19;[734, 729, 735, 736];[(-5.22, -13.567), (-5.22, -13.784), (-4.352, -13.784), (-4.352, -13.567)]
376;100;;;0;0,64;[739, 737, 741, 742];[(-3.536, -13.784), (-3.655, -13.784), (-3.655, -19.118), (-3.536, -19.118)]
377;100;;;0;0,20;[742, 744, 746, 745];[(-3.536, -19.118), (-3.536, -20.924), (-3.423, -20.924), (-3.423, -19.118)]
378;100;;;0;1,21;[743, 741, 747, 757, 748];[(-3.655, -20.924), (-3.655, -19.118), (-4.315, -19.107), (-4.315, -19.317), (-4.332, -20.924)]
379;100;;;0;0,33;[438, 440, 751, 752, 750];[(-7.774, -19.339), (-6.219, -19.328), (-6.219, -19.112), (-7.395, -19.123), (-7.774, -19.123)]
380;100;;;0;0,46;[760, 762, 763, 761, 758, 759, 756, 754, 753, 755];[(-7.884, -17.594), (-7.884, -18.349), (-7.777, -18.349), (-7.397, -18.349), (-7.397, -18.006), (-7.304, -18.006), (-7.304, -17.398), (-7.471, -17.398), (-7.59, -17.398), (-7.59, -17.594)]
381;100;;;0;0,29;[752, 761, 763, 750];[(-7.395, -19.123), (-7.397, -18.349), (-7.777, -18.349), (-7.774, -19.123)]
382;100;;;0;0,41;[440, 757, 747, 751];[(-6.219, -19.328), (-4.315, -19.317), (-4.315, -19.107), (-6.219, -19.112)]
383;100;;;0;1,67;[768, 769, 771, 770];[(4.166, -20.924), (5.081, -20.924), (5.081, -19.103), (4.166, -19.103)]
384;100;;;0;1,66;[766, 767, 773, 772];[(1.375, -20.924), (2.28, -20.924), (2.28, -19.095), (1.375, -19.095)]
385;100;;;0;1,69;[764, 765, 775, 774];[(-1.541, -20.924), (-0.612, -20.924), (-0.612, -19.103), (-1.541, -19.103)]
386;100;;;0;0,09;[703, 705, 777, 776];[(-18.999, -13.862), (-18.557, -13.862), (-18.557, -13.658), (-18.999, -13.658)]
387;100;;;0;0,10;[704, 702, 778, 779];[(-18.557, -13.952), (-18.999, -13.952), (-18.999, -14.184), (-18.557, -14.184)]
388;100;;;0;0,26;[707, 709, 781, 780];[(-16.612, -13.862), (-15.296, -13.862), (-15.296, -13.664), (-16.612, -13.664)]
389;100;;;0;0,11;[711, 713, 783, 782];[(-13.329, -13.862), (-12.824, -13.862), (-12.824, -13.647), (-13.329, -13.647)]
390;100;;;0;0,11;[712, 710, 784, 785];[(-12.824, -13.952), (-13.329, -13.952), (-13.329, -14.178), (-12.824, -14.178)]
391;100;;;0;0,31;[708, 706, 786, 787];[(-15.296, -13.952), (-16.612, -13.952), (-16.612, -14.184), (-15.296, -14.184)]
392;100;;;0;0,85;[461, 693, 691, 463];[(-24.256, -20.015), (-24.257, -14.209), (-24.398, -14.209), (-24.409, -20.015)]
393;100;;;0;0,88;[465, 685, 683, 467];[(-26.864, -20.015), (-26.868, -14.209), (-27.037, -14.209), (-26.999, -20.015)]
394;100;;;0;2,77;[469, 677, 675, 471];[(-31.927, -20.015), (-31.905, -14.209), (-32.385, -14.209), (-32.401, -20.015)]
395;100;;;0;1,34;[473, 669, 667, 475];[(-35.211, -20.015), (-35.192, -14.209), (-35.432, -14.209), (-35.431, -20.015)]
396;100;;;0;1,47;[477, 661, 659, 479];[(-46.133, -20.015), (-46.142, -14.209), (-46.396, -14.209), (-46.387, -20.015)]
397;100;;;0;1,65;[82, 84, 789, 788];[(-56.584, -10.08), (-56.584, -10.762), (-54.162, -10.762), (-54.162, -10.08)]
398;100;;;0;0,11;[788, 789, 791, 790];[(-54.162, -10.08), (-54.162, -10.762), (-54.002, -10.762), (-54.002, -10.08)]
399;100;;;0;0,49;[790, 791, 793, 792];[(-54.002, -10.08), (-54.002, -10.762), (-53.283, -10.762), (-53.283, -10.08)]
400;1;;;0;0,67;[792, 793, 795, 794];[(-53.283, -10.08), (-53.283, -10.762), (-52.295, -10.762), (-52.295, -10.08)]
401;100;;;0;0,54;[794, 795, 797, 796];[(-52.295, -10.08), (-52.295, -10.762), (-51.505, -10.762), (-51.505, -10.08)]
402;100;;;0;0,10;[796, 797, 799, 798];[(-51.505, -10.08), (-51.505, -10.762), (-51.364, -10.762), (-51.364, -10.08)]
403;100;;;0;0,19;[798, 799, 801, 800];[(-51.364, -10.08), (-51.364, -10.762), (-51.081, -10.762), (-51.081, -10.08)]
404;1;;;0;0,65;[800, 801, 803, 802];[(-51.081, -10.08), (-51.081, -10.762), (-50.122, -10.762), (-50.122, -10.08)]
405;100;;;0;2,48;[802, 803, 805, 804];[(-50.122, -10.08), (-50.122, -10.762), (-46.481, -10.762), (-46.481, -10.08)]
406;100;;;0;0,14;[804, 805, 807, 806];[(-46.481, -10.08), (-46.481, -10.762), (-46.27, -10.762), (-46.27, -10.08)]
407;100;;;0;2,49;[806, 807, 809, 808];[(-46.27, -10.08), (-46.27, -10.762), (-42.615, -10.762), (-42.615, -10.08)]
408;1;;;0;0,64;[808, 809, 811, 810];[(-42.615, -10.08), (-42.615, -10.762), (-41.67, -10.762), (-41.67, -10.08)]
409;100;;;0;2,19;[810, 811, 813, 812];[(-41.67, -10.08), (-41.67, -10.762), (-38.453, -10.762), (-38.453, -10.08)]
410;100;;;0;0,22;[812, 813, 815, 814];[(-38.453, -10.08), (-38.453, -10.762), (-38.128, -10.762), (-38.128, -10.08)]
411;100;;;0;0,56;[814, 815, 817, 816];[(-38.128, -10.08), (-38.128, -10.762), (-37.31, -10.762), (-37.31, -10.08)]
412;1;;;0;0,68;[816, 817, 819, 818];[(-37.31, -10.08), (-37.31, -10.762), (-36.308, -10.762), (-36.308, -10.08)]
413;100;;;0;2,67;[818, 819, 821, 820];[(-36.308, -10.08), (-36.308, -10.762), (-32.4, -10.762), (-32.4, -10.08)]
414;100;;;0;0,41;[820, 821, 823, 822];[(-32.4, -10.08), (-32.4, -10.762), (-31.793, -10.762), (-31.793, -10.08)]
415;100;;;0;0,65;[822, 823, 825, 824];[(-31.793, -10.08), (-31.793, -10.762), (-30.833, -10.762), (-30.833, -10.08)]
416;1;;;0;0,64;[824, 825, 827, 826];[(-30.833, -10.08), (-30.833, -10.762), (-29.888, -10.762), (-29.888, -10.08)]
417;100;;;0;0,41;[826, 827, 829, 828];[(-29.888, -10.08), (-29.888, -10.762), (-29.281, -10.762), (-29.281, -10.08)]
418;100;;;0;0,10;[828, 829, 831, 830];[(-29.281, -10.08), (-29.281, -10.762), (-29.14, -10.762), (-29.14, -10.08)]
419;100;;;0;1,81;[830, 831, 833, 832];[(-29.14, -10.08), (-29.14, -10.762), (-26.488, -10.762), (-26.488, -10.08)]
420;100;;;0;0,11;[832, 833, 835, 834];[(-26.488, -10.08), (-26.488, -10.762), (-26.332, -10.762), (-26.332, -10.08)]
421;100;;;0;2,78;[834, 835, 837, 836];[(-26.332, -10.08), (-26.332, -10.762), (-22.254, -10.762), (-22.254, -10.08)]
422;100;;;0;0,10;[836, 837, 839, 838];[(-22.254, -10.08), (-22.254, -10.762), (-22.113, -10.762), (-22.113, -10.08)]
423;100;;;0;1,16;[838, 839, 841, 840];[(-22.113, -10.08), (-22.113, -10.762), (-20.406, -10.762), (-20.406, -10.08)]
424;1;;;0;0,77;[840, 841, 843, 842];[(-20.406, -10.08), (-20.406, -10.762), (-19.277, -10.762), (-19.277, -10.08)]
425;100;;;0;4,36;[842, 843, 845, 844];[(-19.277, -10.08), (-19.277, -10.762), (-12.885, -10.762), (-12.885, -10.08)]
426;100;;;0;0,13;[844, 845, 847, 846];[(-12.885, -10.08), (-12.885, -10.762), (-12.688, -10.762), (-12.688, -10.08)]
427;100;;;0;2,20;[846, 847, 849, 848];[(-12.688, -10.08), (-12.688, -10.762), (-9.457, -10.762), (-9.457, -10.08)]
428;1;;;0;0,98;[848, 849, 851, 850];[(-9.457, -10.08), (-9.457, -10.762), (-8.017, -10.762), (-8.017, -10.08)]
429;100;;;0;0,53;[850, 851, 853, 852];[(-8.017, -10.08), (-8.017, -10.762), (-7.243, -10.762), (-7.243, -10.08)]
430;100;;;0;0,05;[852, 853, 855, 854];[(-7.243, -10.08), (-7.243, -10.762), (-7.175, -10.762), (-7.175, -10.08)]
431;100;;;0;0,28;[854, 855, 857, 856];[(-7.175, -10.08), (-7.175, -10.762), (-6.763, -10.762), (-6.763, -10.08)]
432;100;;;0;0,81;[856, 857, 859, 858];[(-6.763, -10.08), (-6.763, -10.762), (-5.578, -10.762), (-5.578, -10.08)]
433;100;;;0;3,58;[856, 858, 861, 860];[(-6.763, -10.08), (-5.578, -10.08), (-5.578, -7.061), (-6.763, -7.061)]
434;100;;;0;0,33;[860, 861, 863, 864, 862];[(-6.763, -7.061), (-5.578, -7.061), (-5.578, -6.779), (-5.691, -6.779), (-6.763, -6.779)]
435;100;;;0;2,64;[126, 862, 864, 128];[(-6.768, -4.307), (-6.763, -6.779), (-5.691, -6.779), (-5.7, -4.307)]
436;100;;;0;1,26;[122, 844, 846, 124];[(-12.911, -4.307), (-12.885, -10.08), (-12.688, -10.08), (-12.671, -4.307)]
437;100;;;0;0,86;[118, 836, 838, 120];[(-22.266, -4.307), (-22.254, -10.08), (-22.113, -10.08), (-22.11, -4.307)]
438;100;;;0;0,32;[832, 834, 866, 865];[(-26.488, -10.08), (-26.332, -10.08), (-26.332, -8.034), (-26.488, -8.034)]
439;100;;;0;0,03;[865, 866, 868, 867];[(-26.488, -8.034), (-26.332, -8.034), (-26.332, -7.87), (-26.488, -7.87)]
440;100;;;0;0,23;[867, 868, 870, 869];[(-26.488, -7.87), (-26.332, -7.87), (-26.332, -6.376), (-26.488, -6.376)]
441;8;;;0;0,12;[869, 870, 872, 871];[(-26.488, -6.376), (-26.332, -6.376), (-26.332, -5.592), (-26.488, -5.592)]
442;100;;;0;0,21;[114, 871, 872, 116];[(-26.511, -4.307), (-26.488, -5.592), (-26.332, -5.592), (-26.341, -4.307)]
443;100;;;0;0,50;[112, 110, 873, 874];[(-29.135, -4.307), (-29.276, -4.307), (-29.276, -7.875), (-29.135, -7.875)]
444;100;;;0;0,02;[874, 873, 875, 876];[(-29.135, -7.875), (-29.276, -7.875), (-29.276, -8.022), (-29.135, -8.022)]
445;100;;;0;0,13;[876, 875, 877, 878];[(-29.135, -8.022), (-29.276, -8.022), (-29.276, -8.929), (-29.135, -8.929)]
446;2;;;0;0,11;[878, 877, 879, 880];[(-29.135, -8.929), (-29.276, -8.929), (-29.276, -9.729), (-29.135, -9.729)]
447;100;;;0;0,05;[830, 880, 879, 828];[(-29.14, -10.08), (-29.135, -9.729), (-29.276, -9.729), (-29.281, -10.08)]
448;100;;;0;0,13;[874, 876, 882, 881];[(-29.135, -7.875), (-29.135, -8.022), (-28.278, -8.022), (-28.278, -7.875)]
449;8;;;0;0,12;[881, 882, 884, 883];[(-28.278, -7.875), (-28.278, -8.022), (-27.461, -8.022), (-27.461, -7.875)]
450;100;;;0;0,15;[867, 883, 884, 865];[(-26.488, -7.87), (-27.461, -7.875), (-27.461, -8.022), (-26.488, -8.034)]
451;100;;;0;1,41;[820, 822, 886, 885];[(-32.4, -10.08), (-31.793, -10.08), (-31.793, -7.753), (-32.4, -7.753)]
452;2;;;0;0,58;[885, 886, 888, 887];[(-32.4, -7.753), (-31.793, -7.753), (-31.793, -6.79), (-32.4, -6.79)]
453;100;;;0;1,56;[106, 887, 888, 108];[(-32.425, -4.307), (-32.4, -6.79), (-31.793, -6.79), (-31.776, -4.307)]
454;100;;;0;1,96;[102, 812, 814, 104];[(-38.464, -4.307), (-38.453, -10.08), (-38.128, -10.08), (-38.111, -4.307)]
455;100;;;0;1,24;[98, 804, 806, 100];[(-46.484, -4.307), (-46.481, -10.08), (-46.27, -10.08), (-46.267, -4.307)]
456;100;;;0;0,21;[796, 798, 890, 889];[(-51.505, -10.08), (-51.364, -10.08), (-51.364, -8.624), (-51.505, -8.624)]
457;100;;;0;0,02;[889, 890, 892, 891];[(-51.505, -8.624), (-51.364, -8.624), (-51.364, -8.506), (-51.505, -8.506)]
458;100;;;0;0,09;[892, 890, 893, 894];[(-51.364, -8.506), (-51.364, -8.624), (-50.588, -8.624), (-50.588, -8.506)]
459;8;;;0;0,11;[894, 893, 895, 896];[(-50.588, -8.506), (-50.588, -8.624), (-49.698, -8.624), (-49.698, -8.506)]
460;100;;;0;0,08;[896, 895, 897, 898];[(-49.698, -8.506), (-49.698, -8.624), (-49.045, -8.624), (-49.045, -8.506)]
461;100;;;0;0,02;[898, 897, 899, 900];[(-49.045, -8.506), (-49.045, -8.624), (-48.898, -8.624), (-48.898, -8.506)]
462;100;;;0;0,56;[94, 898, 900, 96];[(-49.024, -4.307), (-49.045, -8.506), (-48.898, -8.506), (-48.906, -4.307)]
463;100;;;0;0,59;[90, 891, 892, 92];[(-51.493, -4.307), (-51.505, -8.506), (-51.364, -8.506), (-51.352, -4.307)]
464;100;;;0;0,90;[86, 788, 790, 88];[(-54.162, -4.307), (-54.162, -10.08), (-54.002, -10.08), (-54.009, -4.307)]
465;100;;;0;0,16;[863, 861, 901, 902];[(-5.578, -6.779), (-5.578, -7.061), (-5.01, -7.061), (-5.01, -6.779)]
466;1;;;0;0,40;[902, 901, 903, 904];[(-5.01, -6.779), (-5.01, -7.061), (-3.608, -7.061), (-3.608, -6.779)]
467;100;;;0;0,22;[904, 903, 905, 906];[(-3.608, -6.779), (-3.608, -7.061), (-2.825, -7.061), (-2.825, -6.779)]
468;100;;;0;0,05;[906, 905, 907, 908];[(-2.825, -6.779), (-2.825, -7.061), (-2.648, -7.061), (-2.648, -6.779)]
469;100;;;0;0,78;[908, 907, 909, 910];[(-2.648, -6.779), (-2.648, -7.061), (0.11, -7.061), (0.11, -6.779)]
470;100;;;0;0,06;[910, 909, 911, 912];[(0.11, -6.779), (0.11, -7.061), (0.306, -7.061), (0.306, -6.779)]
471;100;;;0;0,97;[912, 911, 913, 914];[(0.306, -6.779), (0.306, -7.061), (3.731, -7.061), (3.731, -6.779)]
472;1;;;0;0,39;[914, 913, 915, 916];[(3.731, -6.779), (3.731, -7.061), (5.112, -7.061), (5.112, -6.779)]
473;100;;;0;0,22;[916, 915, 917, 918];[(5.112, -6.779), (5.112, -7.061), (5.877, -7.061), (5.877, -6.779)]
474;100;;;0;0,25;[918, 917, 919, 920];[(5.877, -6.779), (5.877, -7.061), (6.759, -7.061), (6.759, -6.779)]
475;100;;;0;1,87;[139, 918, 920, 140];[(5.847, -4.671), (5.877, -6.779), (6.759, -6.779), (6.745, -4.671)]
476;100;;;0;1,35;[919, 917, 921, 922];[(6.759, -7.061), (5.877, -7.061), (5.877, -8.589), (6.759, -8.589)]
477;1;;;0;0,85;[922, 921, 923, 924];[(6.759, -8.589), (5.877, -8.589), (5.877, -9.55), (6.759, -9.55)]
478;100;;;0;0,35;[924, 923, 925, 926];[(6.759, -9.55), (5.877, -9.55), (5.877, -9.951), (6.759, -9.951)]
479;100;;;0;0,85;[926, 925, 927, 928];[(6.759, -9.951), (5.877, -9.951), (5.877, -10.912), (6.759, -10.912)]
480;100;;;0;0,72;[926, 928, 930, 929];[(6.759, -9.951), (6.759, -10.912), (7.513, -10.912), (7.513, -9.951)]
481;100;;;0;1,99;[932, 936, 939, 938, 934, 933, 929, 930];[(8.14, -10.912), (8.895, -10.912), (8.895, -9.236), (8.14, -9.236), (8.14, -9.755), (7.513, -9.755), (7.513, -9.951), (7.513, -10.912)]
482;100;;;0;4,17;[939, 936, 931, 937];[(8.895, -9.236), (8.895, -10.912), (11.384, -10.912), (11.384, -9.236)]
483;100;;;0;1,27;[142, 946, 945, 144];[(11.367, -4.671), (11.384, -6.247), (12.167, -6.247), (12.197, -4.671)]
484;100;;;0;0,24;[942, 940, 945, 946];[(11.384, -6.551), (12.167, -6.551), (12.167, -6.247), (11.384, -6.247)]
485;100;;;0;1,31;[935, 941, 943, 1607, 944, 937, 931];[(11.658, -10.912), (11.766, -10.912), (12.167, -10.912), (12.167, -10.341), (12.167, -9.236), (11.384, -9.236), (11.384, -10.912)]
486;100;;;0;2,10;[937, 944, 1610, 940, 942];[(11.384, -9.236), (12.167, -9.236), (12.167, -7.9), (12.167, -6.551), (11.384, -6.551)]
487;100;;;0;0,55;[858, 859, 948, 947];[(-5.578, -10.08), (-5.578, -10.762), (-4.774, -10.762), (-4.774, -10.08)]
488;100;;;0;0,54;[907, 905, 949, 950];[(-2.648, -7.061), (-2.825, -7.061), (-2.825, -10.063), (-2.648, -10.137)]
489;1;;;0;1,65;[974, 973, 964, 962];[(5.166, -10.912), (5.166, -9.951), (3.238, -9.991), (3.238, -10.744)]
490;100;;;0;0,41;[959, 952, 965, 966];[(0.11, -10.49), (0.306, -10.49), (0.306, -8.399), (0.11, -8.399)]
491;100;;;0;0,63;[956, 957, 954, 959];[(-2.38, -10.49), (-2.38, -10.744), (0.11, -10.744), (0.11, -10.49)]
492;100;;;0;0,38;[957, 956, 955, 950, 949, 958, 960];[(-2.38, -10.744), (-2.38, -10.49), (-2.38, -10.137), (-2.648, -10.137), (-2.825, -10.063), (-2.98, -10.063), (-2.98, -10.744)]
493;100;;;0;0,05;[959, 954, 953, 952];[(0.11, -10.49), (0.11, -10.744), (0.306, -10.744), (0.306, -10.49)]
494;100;;;0;0,59;[952, 953, 961, 951];[(0.306, -10.49), (0.306, -10.744), (2.634, -10.744), (2.634, -10.49)]
495;1;;;0;8,30;[858, 947, 958, 949, 905, 903, 901, 861];[(-5.578, -10.08), (-4.774, -10.08), (-2.98, -10.063), (-2.825, -10.063), (-2.825, -7.061), (-3.608, -7.061), (-5.01, -7.061), (-5.578, -7.061)]
496;1;;;0;0,17;[966, 965, 967, 968];[(0.11, -8.399), (0.306, -8.399), (0.306, -7.517), (0.11, -7.517)]
497;100;;;0;0,09;[909, 968, 967, 911];[(0.11, -7.061), (0.11, -7.517), (0.306, -7.517), (0.306, -7.061)]
498;100;;;0;0,46;[927, 925, 969, 970];[(5.877, -10.912), (5.877, -9.951), (5.395, -9.951), (5.395, -10.912)]
499;100;;;0;0,08;[970, 969, 971, 972];[(5.395, -10.912), (5.395, -9.951), (5.313, -9.951), (5.313, -10.912)]
500;100;;;0;0,14;[972, 971, 973, 974];[(5.313, -10.912), (5.313, -9.951), (5.166, -9.951), (5.166, -10.912)]
501;100;;;0;0,01;[733, 721, 975, 976];[(-7.233, -13.437), (-7.17, -13.437), (-7.17, -13.328), (-7.233, -13.328)]
502;1;;;0;0,15;[976, 975, 977, 978];[(-7.233, -13.328), (-7.17, -13.328), (-7.17, -10.994), (-7.233, -10.994)]
503;100;;;0;0,02;[853, 978, 977, 855];[(-7.243, -10.762), (-7.233, -10.994), (-7.17, -10.994), (-7.175, -10.762)]
504;100;;;0;1,06;[936, 932, 979, 980];[(8.895, -10.912), (8.14, -10.912), (8.14, -12.323), (8.895, -12.323)]
505;100;;;0;0,47;[980, 979, 981, 982];[(8.895, -12.323), (8.14, -12.323), (8.14, -12.97), (8.895, -12.929)]
506;100;;;0;0,06;[982, 981, 983, 984];[(8.895, -12.929), (8.14, -12.97), (8.14, -13.028), (8.895, -13.028)]
507;1;;;0;1,31;[984, 983, 985, 986];[(8.895, -13.028), (8.14, -13.028), (8.14, -14.764), (8.895, -14.764)]
508;100;;;0;0,04;[986, 985, 987, 988];[(8.895, -14.764), (8.14, -14.764), (8.14, -14.811), (8.895, -14.811)]
509;100;;;0;0,43;[987, 993, 994, 992, 991, 988];[(8.14, -14.811), (8.058, -14.811), (8.058, -15.281), (8.977, -15.281), (8.977, -14.811), (8.895, -14.811)]
510;100;;;0;1,91;[403, 992, 994, 404];[(8.984, -17.37), (8.977, -15.281), (8.058, -15.281), (8.069, -17.37)]
511;100;;;0;0,08;[990, 989, 995, 996];[(11.646, -12.323), (11.646, -12.929), (11.775, -12.929), (11.775, -12.323)]
512;100;;;0;1,67;[980, 982, 989, 990];[(8.895, -12.323), (8.895, -12.929), (11.646, -12.929), (11.646, -12.323)]
513;100;;;0;0,24;[996, 995, 997, 998];[(11.775, -12.323), (11.775, -12.929), (12.175, -12.929), (12.175, -12.323)]
514;100;;;0;0,17;[935, 990, 996, 941];[(11.658, -10.912), (11.646, -12.323), (11.775, -12.323), (11.766, -10.912)]
515;100;;;0;0,00;[970, 972, 1000, 999];[(5.395, -10.912), (5.313, -10.912), (5.313, -10.966), (5.395, -10.966)]
516;1;;;0;0,05;[999, 1000, 1002, 1001];[(5.395, -10.966), (5.313, -10.966), (5.313, -11.633), (5.395, -11.633)]
517;100;;;0;0,11;[1001, 1002, 1004, 1003];[(5.395, -11.633), (5.313, -11.633), (5.313, -12.973), (5.395, -12.973)]
518;100;;;0;0,00;[1003, 1004, 1006, 1005];[(5.395, -12.973), (5.313, -12.973), (5.313, -13.028), (5.395, -13.028)]
519;100;;;0;0,15;[981, 1003, 1005, 983];[(8.14, -12.97), (5.395, -12.973), (5.395, -13.028), (8.14, -13.028)]
520;100;;;0;1,14;[991, 992, 1008, 1007];[(8.977, -14.811), (8.977, -15.281), (11.399, -15.281), (11.399, -14.811)]
521;100;;;0;0,36;[1007, 1008, 1010, 1009];[(11.399, -14.811), (11.399, -15.281), (12.316, -15.281), (12.316, -14.974)]
522;100;;;0;0,17;[1007, 1009, 1012, 1011];[(11.399, -14.811), (12.316, -14.974), (12.316, -14.705), (11.399, -14.705)]
523;100;;;0;0,19;[1010, 1008, 1013, 1014];[(12.316, -15.281), (11.399, -15.281), (11.399, -15.493), (12.316, -15.493)]
524;100;;;0;0,01;[1012, 1009, 1015, 1016];[(12.316, -14.705), (12.316, -14.974), (12.364, -14.974), (12.364, -14.705)]
525;1;;;0;0,25;[1016, 1015, 1017, 1018];[(12.364, -14.705), (12.364, -14.974), (13.303, -14.974), (13.303, -14.705)]
526;100;;;0;0,02;[1018, 1017, 1019, 1020];[(13.303, -14.705), (13.303, -14.974), (13.392, -14.974), (13.392, -14.705)]
527;100;;;0;0,21;[1020, 1019, 1021, 1022];[(13.392, -14.705), (13.392, -14.974), (14.188, -14.974), (14.188, -14.705)]
528;100;;;0;0,24;[1021, 1019, 1023, 1024];[(14.188, -14.974), (13.392, -14.974), (13.392, -15.273), (14.188, -15.273)]
529;100;;;0;0,18;[1024, 1023, 1025, 1026];[(14.188, -15.273), (13.392, -15.273), (13.392, -15.498), (14.188, -15.498)]
530;100;;;0;0,58;[1021, 1024, 1028, 1027];[(14.188, -14.974), (14.188, -15.273), (16.12, -15.273), (16.12, -14.974)]
531;1;;;0;0,26;[1032, 1034, 1039, 1030];[(17.086, -14.709), (17.086, -14.974), (18.056, -14.974), (18.056, -14.709)]
532;100;;;0;0,35;[1043, 1041, 1044, 1045];[(18.987, -14.815), (18.174, -14.974), (18.174, -15.327), (18.987, -15.327)]
533;100;;;0;0,02;[1038, 1033, 1034, 1032];[(16.998, -14.709), (16.998, -14.974), (17.086, -14.974), (17.086, -14.709)]
534;100;;;0;0,68;[383, 1031, 1036, 385];[(16.641, -20.163), (16.624, -15.518), (16.488, -15.518), (16.486, -20.163)]
535;100;;;0;0,71;[1028, 1037, 1036, 1031, 1029, 1033, 1038, 1035, 1027];[(16.12, -15.273), (16.12, -15.518), (16.488, -15.518), (16.624, -15.518), (16.998, -15.518), (16.998, -14.974), (16.998, -14.709), (16.12, -14.709), (16.12, -14.974)]
536;100;;;0;0,03;[1030, 1039, 1041, 1040];[(18.056, -14.709), (18.056, -14.974), (18.174, -14.974), (18.174, -14.709)]
537;100;;;0;0,15;[1040, 1041, 1043, 1042];[(18.174, -14.709), (18.174, -14.974), (18.987, -14.815), (18.987, -14.709)]
538;100;;;0;0,10;[1045, 1044, 1046, 1047];[(18.987, -15.327), (18.174, -15.327), (18.174, -15.444), (18.987, -15.444)]
539;100;;;0;1,31;[1043, 1045, 1049, 1048];[(18.987, -14.815), (18.987, -15.327), (21.55, -15.327), (21.55, -14.815)]
540;100;;;0;0,03;[1061, 1060, 1062, 1063];[(24.466, -14.815), (24.466, -15.022), (24.608, -15.022), (24.608, -14.815)]
541;100;;;0;0,06;[1062, 1065, 1067, 1066];[(24.608, -15.022), (24.608, -15.103), (25.331, -15.103), (25.331, -15.022)]
542;100;;;0;0,06;[1068, 1069, 1071, 1070];[(26.106, -15.022), (26.106, -15.103), (26.828, -15.103), (26.828, -15.022)]
543;100;;;0;0,47;[1051, 1050, 1060, 1061];[(22.183, -14.815), (22.183, -15.022), (24.466, -15.022), (24.466, -14.815)]
544;100;;;0;0,01;[1062, 1060, 1064, 1065];[(24.608, -15.022), (24.466, -15.022), (24.466, -15.103), (24.608, -15.103)]
545;100;;;0;0,67;[1053, 1058, 1052, 1055, 1050, 1051, 1054, 1059, 1057, 1056, 1048, 1049];[(21.683, -15.327), (21.683, -15.795), (21.791, -15.795), (22.183, -15.795), (22.183, -15.022), (22.183, -14.815), (22.079, -14.815), (22.079, -14.607), (21.607, -14.607), (21.55, -14.607), (21.55, -14.815), (21.55, -15.327)]
546;1;;;0;0,06;[1066, 1067, 1069, 1068];[(25.331, -15.022), (25.331, -15.103), (26.106, -15.103), (26.106, -15.022)]
547;1;;;0;0,82;[1096, 1097, 1099, 1098];[(36.109, -14.602), (36.648, -14.602), (36.648, -13.074), (36.109, -13.074)]
548;100;;;0;2,63;[367, 1094, 1072, 369];[(36.647, -20.163), (36.648, -15.334), (36.109, -15.334), (36.097, -20.163)]
549;100;;;0;1,04;[1074, 1075, 1072, 1073];[(33.132, -14.985), (33.132, -15.334), (36.109, -15.334), (36.109, -14.985)]
550;100;;;0;0,28;[1080, 1079, 1075, 1074];[(32.324, -14.985), (32.324, -15.334), (33.132, -15.334), (33.132, -14.985)]
551;100;;;0;0,19;[1073, 1072, 1094, 1102, 1095];[(36.109, -14.985), (36.109, -15.334), (36.648, -15.334), (36.648, -15.118), (36.648, -14.985)]
552;100;;;0;0,21;[1073, 1095, 1097, 1096];[(36.109, -14.985), (36.648, -14.985), (36.648, -14.602), (36.109, -14.602)]
553;100;;;0;0,87;[1083, 1084, 1079, 1080];[(29.834, -14.985), (29.834, -15.334), (32.324, -15.334), (32.324, -14.985)]
554;100;;;0;0,11;[1080, 1074, 1090, 1091];[(32.324, -14.985), (33.132, -14.985), (33.132, -14.843), (32.324, -14.843)]
555;100;;;0;0,19;[1075, 1079, 1093, 1092];[(33.132, -15.334), (32.324, -15.334), (32.324, -15.566), (33.132, -15.566)]
556;100;;;0;0,47;[1076, 1085, 1077, 1082];[(27.603, -14.985), (27.603, -15.334), (28.95, -15.334), (28.95, -14.985)]
557;100;;;0;0,55;[1078, 1070, 1071, 1086, 1087, 1088, 1089, 1085, 1076, 1081];[(26.828, -14.857), (26.828, -15.022), (26.828, -15.103), (26.828, -15.561), (27.31, -15.561), (27.424, -15.561), (27.603, -15.561), (27.603, -15.334), (27.603, -14.985), (27.603, -14.857)]
558;1;;;0;0,31;[1082, 1077, 1084, 1083];[(28.95, -14.985), (28.95, -15.334), (29.834, -15.334), (29.834, -14.985)]
559;100;;;0;0,13;[1098, 1099, 1101, 1100];[(36.109, -13.074), (36.648, -13.074), (36.648, -12.829), (36.109, -12.829)]
560;100;;;0;0,55;[371, 1088, 1087, 373];[(27.433, -20.163), (27.424, -15.561), (27.31, -15.561), (27.306, -20.163)]
561;100;;;0;0,60;[377, 375, 1103, 1104];[(24.457, -20.163), (24.612, -20.163), (24.612, -16.297), (24.457, -16.297)]
562;100;;;0;0,02;[1104, 1103, 1105, 1106];[(24.457, -16.297), (24.612, -16.297), (24.612, -16.172), (24.457, -16.172)]
563;100;;;0;0,16;[1064, 1106, 1105, 1065];[(24.466, -15.103), (24.457, -16.172), (24.612, -16.172), (24.608, -15.103)]
564;100;;;0;0,04;[1052, 1058, 1108, 1107];[(21.791, -15.795), (21.683, -15.795), (21.683, -16.175), (21.791, -16.175)]
565;100;;;0;0,01;[1107, 1108, 1110, 1109];[(21.791, -16.175), (21.683, -16.175), (21.683, -16.282), (21.791, -16.282)]
566;100;;;0;0,06;[1107, 1109, 1112, 1111];[(21.791, -16.175), (21.791, -16.282), (22.353, -16.282), (22.353, -16.175)]
567;8;;;0;0,17;[1111, 1112, 1114, 1113];[(22.353, -16.175), (22.353, -16.282), (23.918, -16.282), (23.918, -16.175)]
568;100;;;0;0,06;[1106, 1113, 1114, 1104];[(24.457, -16.172), (23.918, -16.175), (23.918, -16.282), (24.457, -16.297)]
569;100;;;0;0,03;[1109, 1110, 1116, 1115];[(21.791, -16.282), (21.683, -16.282), (21.683, -16.535), (21.791, -16.535)]
570;8;;;0;0,09;[1115, 1116, 1118, 1117];[(21.791, -16.535), (21.683, -16.535), (21.683, -17.368), (21.791, -17.368)]
571;100;;;0;0,25;[1117, 1118, 1120, 1119];[(21.791, -17.368), (21.683, -17.368), (21.683, -19.63), (21.791, -19.63)]
572;100;;;0;0,07;[379, 1119, 1120, 381];[(21.811, -20.163), (21.791, -19.63), (21.683, -19.63), (21.664, -20.163)]
573;100;;;0;0,32;[1100, 1101, 1122, 1123, 1121];[(36.109, -12.829), (36.648, -12.829), (36.648, -12.229), (36.21, -12.229), (36.109, -12.229)]
574;100;;;0;2,12;[172, 1123, 1122, 174];[(36.21, -7.211), (36.21, -12.229), (36.648, -12.229), (36.618, -7.211)]
575;100;;;0;0,09;[1095, 1102, 1125, 1124];[(36.648, -14.985), (36.648, -15.118), (37.342, -15.118), (37.342, -14.985)]
576;1;;;0;0,12;[1124, 1125, 1127, 1126];[(37.342, -14.985), (37.342, -15.118), (38.247, -15.118), (38.247, -14.985)]
577;100;;;0;0,09;[1126, 1127, 1129, 1128];[(38.247, -14.985), (38.247, -15.118), (38.941, -15.118), (38.941, -14.985)]
578;100;;;0;0,02;[1128, 1129, 1131, 1130];[(38.941, -14.985), (38.941, -15.118), (39.07, -15.118), (39.07, -14.985)]
579;100;;;0;0,31;[1130, 1131, 1133, 1132];[(39.07, -14.985), (39.07, -15.118), (41.399, -15.118), (41.399, -14.985)]
580;100;;;0;0,11;[1132, 1133, 1135, 1134];[(41.399, -14.985), (41.399, -15.118), (42.198, -15.118), (42.198, -14.985)]
581;100;;;0;0,10;[1132, 1134, 1137, 1136];[(41.399, -14.985), (42.198, -14.985), (42.198, -14.855), (41.399, -14.855)]
582;100;;;0;0,39;[1135, 1133, 1138, 1139];[(42.198, -15.118), (41.399, -15.118), (41.399, -15.6), (42.198, -15.6)]
583;100;;;0;0,17;[1134, 1135, 1141, 1140];[(42.198, -14.985), (42.198, -15.118), (43.503, -15.118), (43.503, -14.985)]
584;1;;;0;0,11;[1140, 1141, 1143, 1142];[(43.503, -14.985), (43.503, -15.118), (44.315, -15.118), (44.315, -14.985)]
585;100;;;0;0,01;[1142, 1143, 1145, 1144];[(44.315, -14.985), (44.315, -15.118), (44.409, -15.118), (44.409, -14.985)]
586;100;;;0;0,92;[1146, 1149, 1150, 1147];[(44.526, -14.985), (44.526, -15.376), (46.878, -15.376), (46.878, -14.985)]
587;8;;;0;0,09;[1154, 1156, 1163, 1152];[(44.526, -16.17), (44.409, -16.17), (44.409, -16.954), (44.526, -16.954)]
588;100;;;0;0,05;[1145, 1148, 1149, 1146, 1144];[(44.409, -15.118), (44.409, -15.376), (44.526, -15.376), (44.526, -14.985), (44.409, -14.985)]
589;100;;;0;0,07;[1155, 1164, 1166, 1165];[(47.678, -14.985), (47.678, -15.115), (48.249, -15.115), (48.249, -14.985)]
590;100;;;0;0,09;[1149, 1148, 1156, 1154];[(44.526, -15.376), (44.409, -15.376), (44.409, -16.17), (44.526, -16.17)]
591;100;;;0;0,59;[355, 1161, 1151, 357];[(47.286, -20.163), (47.313, -15.588), (47.184, -15.588), (47.159, -20.163)]
592;100;;;0;0,59;[1150, 1153, 1151, 1161, 1162, 1164, 1155, 1160, 1159, 1158, 1157, 1147];[(46.878, -15.376), (46.878, -15.588), (47.184, -15.588), (47.313, -15.588), (47.678, -15.588), (47.678, -15.115), (47.678, -14.985), (47.678, -14.855), (47.313, -14.855), (47.184, -14.855), (46.878, -14.855), (46.878, -14.985)]
593;100;;;0;0,44;[359, 1152, 1163, 361];[(44.549, -20.163), (44.526, -16.954), (44.409, -16.954), (44.394, -20.163)]
594;100;;;0;0,68;[363, 1131, 1129, 365];[(39.074, -20.163), (39.07, -15.118), (38.941, -15.118), (38.933, -20.163)]
595;1;;;0;0,18;[1165, 1166, 1168, 1167];[(48.249, -14.985), (48.249, -15.115), (49.629, -15.115), (49.629, -14.985)]
596;100;;;0;0,35;[1167, 1168, 1170, 1169];[(49.629, -14.985), (49.629, -15.115), (52.307, -15.115), (52.307, -14.985)]
597;100;;;0;0,10;[1178, 1171, 1180, 1181];[(57.787, -14.985), (57.787, -15.115), (58.562, -15.115), (58.562, -14.985)]
598;100;;;0;0,35;[1180, 1171, 1184, 1185];[(58.562, -15.115), (57.787, -15.115), (57.787, -15.572), (58.562, -15.572)]
599;100;;;0;0,32;[1172, 1170, 1175, 1176];[(53.091, -15.115), (52.307, -15.115), (52.307, -15.523), (53.091, -15.523)]
600;100;;;0;0,53;[1173, 1174, 1171, 1178];[(53.696, -14.985), (53.696, -15.115), (57.787, -15.115), (57.787, -14.985)]
601;100;;;0;0,40;[1172, 1174, 1173, 1179, 1177, 1169, 1170];[(53.091, -15.115), (53.696, -15.115), (53.696, -14.985), (53.696, -14.83), (52.307, -14.83), (52.307, -14.985), (52.307, -15.115)]
602;100;;;0;0,10;[1178, 1181, 1183, 1182];[(57.787, -14.985), (58.562, -14.985), (58.562, -14.862), (57.787, -14.862)]
603;100;;;0;0,14;[1181, 1180, 1186, 1187];[(58.562, -14.985), (58.562, -15.115), (59.624, -15.115), (59.624, -14.985)]
604;1;;;0;0,12;[1187, 1186, 1188, 1189];[(59.624, -14.985), (59.624, -15.115), (60.514, -15.115), (60.514, -14.985)]
605;100;;;0;0,08;[1189, 1188, 1190, 1191];[(60.514, -14.985), (60.514, -15.115), (61.094, -15.115), (61.094, -14.985)]
606;100;;;0;0,01;[1191, 1190, 1192, 1193];[(61.094, -14.985), (61.094, -15.115), (61.2, -15.115), (61.2, -14.985)]
607;100;;;0;0,29;[1193, 1192, 1194, 1195];[(61.2, -14.985), (61.2, -15.115), (63.404, -15.115), (63.404, -14.985)]
608;100;;;0;0,43;[1194, 1199, 1200, 1196, 1198, 1197, 1195];[(63.404, -15.115), (63.404, -15.385), (63.984, -15.385), (63.984, -14.811), (63.984, -14.642), (63.404, -14.642), (63.404, -14.985)]
609;100;;;0;2,74;[347, 1200, 1199, 349];[(63.982, -20.163), (63.984, -15.385), (63.404, -15.385), (63.414, -20.163)]
610;100;;;0;0,01;[353, 351, 1201, 1202];[(61.114, -20.163), (61.255, -20.163), (61.255, -20.065), (61.114, -20.065)]
611;17;;;0;0,10;[1202, 1201, 1203, 1204];[(61.114, -20.065), (61.255, -20.065), (61.255, -19.359), (61.114, -19.359)]
612;100;;;0;0,52;[1190, 1204, 1203, 1192];[(61.094, -15.115), (61.114, -19.359), (61.255, -19.359), (61.2, -15.115)]
613;100;;;0;0,46;[1196, 1200, 1206, 1205];[(63.984, -14.811), (63.984, -15.385), (64.784, -15.385), (64.784, -14.811)]
614;1;;;0;0,52;[1205, 1206, 1208, 1207];[(64.784, -14.811), (64.784, -15.385), (65.689, -15.385), (65.689, -14.811)]
615;100;;;0;1,29;[1207, 1208, 1210, 1209];[(65.689, -14.811), (65.689, -15.385), (67.947, -15.385), (67.947, -14.811)]
616;100;;;0;0,95;[1209, 1210, 1212, 1211];[(67.947, -14.811), (67.947, -15.385), (69.605, -15.385), (69.605, -14.811)]
617;100;;;0;0,12;[1211, 1212, 1214, 1213];[(69.605, -14.811), (69.605, -15.385), (69.816, -15.385), (69.816, -14.811)]
618;100;;;0;0,28;[1213, 1214, 1216, 1215];[(69.816, -14.811), (69.816, -15.385), (70.298, -15.385), (70.298, -14.811)]
619;1;;;0;0,61;[1215, 1216, 1218, 1217];[(70.298, -14.811), (70.298, -15.385), (71.357, -15.385), (71.357, -14.811)]
620;100;;;0;0,32;[1217, 1218, 1220, 1219];[(71.357, -14.811), (71.357, -15.385), (71.921, -15.385), (71.921, -14.811)]
621;100;;;0;0,22;[1219, 1220, 1222, 1221];[(71.921, -14.811), (71.921, -15.385), (72.309, -15.385), (72.309, -14.811)]
622;100;;;0;0,07;[1221, 1222, 1224, 1223];[(72.309, -14.811), (72.309, -15.385), (72.427, -15.385), (72.427, -14.811)]
623;100;;;0;0,63;[1223, 1224, 1226, 1225];[(72.427, -14.811), (72.427, -15.385), (73.532, -15.385), (73.532, -14.811)]
624;100;;;0;0,09;[1225, 1226, 1228, 1227];[(73.532, -14.811), (73.532, -15.385), (73.685, -15.385), (73.685, -14.811)]
625;100;;;0;0,90;[331, 1227, 1228, 333];[(75.329, -14.847), (73.685, -14.811), (73.685, -15.385), (75.329, -15.372)]
626;100;;;0;0,18;[1224, 1222, 1229, 1230];[(72.427, -15.385), (72.309, -15.385), (72.309, -16.913), (72.427, -16.913)]
627;20;;;0;0,10;[1230, 1229, 1231, 1232];[(72.427, -16.913), (72.309, -16.913), (72.309, -17.795), (72.427, -17.795)]
628;100;;;0;0,31;[339, 1232, 1231, 341];[(72.429, -20.163), (72.427, -17.795), (72.309, -17.795), (72.282, -20.163)]
629;100;;;0;1,00;[343, 1214, 1212, 345];[(69.813, -20.163), (69.816, -15.385), (69.605, -15.385), (69.607, -20.163)]
630;100;;;0;0,04;[1225, 1227, 1234, 1233];[(73.532, -14.811), (73.685, -14.811), (73.685, -14.543), (73.532, -14.543)]
631;1;;;0;0,19;[1233, 1234, 1236, 1235];[(73.532, -14.543), (73.685, -14.543), (73.685, -13.33), (73.532, -13.33)]
632;100;;;0;0,08;[1235, 1236, 1238, 1237];[(73.532, -13.33), (73.685, -13.33), (73.685, -12.822), (73.532, -12.822)]
633;100;;;0;0,10;[1237, 1238, 1240, 1239];[(73.532, -12.822), (73.685, -12.822), (73.685, -12.144), (73.532, -12.144)]
634;100;;;0;1,09;[323, 1240, 1238, 325];[(75.329, -12.171), (73.685, -12.144), (73.685, -12.822), (75.329, -12.815)]
635;100;;;0;1,67;[1237, 1239, 1242, 1241];[(73.532, -12.822), (73.532, -12.144), (71.063, -12.144), (71.063, -12.822)]
636;100;;;0;0,06;[1241, 1242, 1244, 1245, 1243];[(71.063, -12.822), (71.063, -12.144), (70.975, -12.144), (70.975, -12.483), (70.975, -12.822)]
637;100;;;0;0,75;[1243, 1245, 1247, 1246];[(70.975, -12.822), (70.975, -12.483), (68.76, -12.483), (68.76, -12.822)]
638;100;;;0;0,86;[1248, 1251, 1252, 1249];[(67.957, -12.822), (67.957, -12.317), (66.261, -12.317), (66.261, -12.822)]
639;100;;;0;0,11;[1249, 1252, 1254, 1253];[(66.261, -12.822), (66.261, -12.317), (66.046, -12.317), (66.046, -12.822)]
640;100;;;0;0,41;[1247, 1250, 1251, 1248, 1246];[(68.76, -12.483), (68.76, -12.317), (67.957, -12.317), (67.957, -12.822), (68.76, -12.822)]
641;100;;;0;0,16;[1253, 1254, 1256, 1255];[(66.046, -12.822), (66.046, -12.317), (65.722, -12.317), (65.722, -12.822)]
642;1;;;0;0,44;[1255, 1256, 1258, 1257];[(65.722, -12.822), (65.722, -12.317), (64.86, -12.317), (64.86, -12.822)]
643;100;;;0;0,45;[1257, 1258, 1260, 1259];[(64.86, -12.822), (64.86, -12.317), (63.968, -12.317), (63.968, -12.822)]
644;100;;;0;0,36;[1259, 1260, 1262, 1261];[(63.968, -12.822), (63.968, -12.317), (63.307, -12.231), (63.307, -12.822)]
645;100;;;0;0,09;[1259, 1261, 1265, 1264];[(63.968, -12.822), (63.307, -12.822), (63.307, -12.961), (63.968, -12.961)]
646;100;;;0;0,12;[1257, 1259, 1264, 1263];[(64.86, -12.822), (63.968, -12.822), (63.968, -12.961), (64.86, -12.961)]
647;100;;;0;4,00;[204, 200, 1267, 1269, 1612, 1614];[(60.282, -7.211), (59.449, -7.211), (59.449, -12.009), (60.282, -12.009), (60.282, -10.579), (60.282, -7.983)]
648;100;;;0;0,71;[1282, 1284, 1286, 1285, 1279, 1280];[(66.043, -7.293), (66.247, -7.293), (66.859, -7.293), (66.859, -6.545), (65.912, -6.545), (65.912, -7.293)]
649;100;;;0;0,63;[1279, 1285, 1281, 1283];[(65.912, -6.545), (66.859, -6.545), (66.859, -5.876), (65.912, -5.876)]
650;100;;;0;0,19;[1269, 1267, 1431, 1432];[(60.282, -12.009), (59.449, -12.009), (59.449, -12.234), (60.282, -12.234)]
651;100;;;0;0,32;[1275, 1274, 1276, 1270];[(64.066, -6.545), (64.066, -7.293), (64.491, -7.293), (64.491, -6.545)]
652;1;;;0;0,88;[1270, 1276, 1278, 1268];[(64.491, -6.545), (64.491, -7.293), (65.667, -7.293), (65.667, -6.545)]
653;100;;;0;0,18;[1268, 1278, 1280, 1279];[(65.667, -6.545), (65.667, -7.293), (65.912, -7.293), (65.912, -6.545)]
654;100;;;0;0,06;[1287, 1288, 1290, 1289];[(70.966, -6.545), (70.966, -7.293), (71.046, -7.293), (71.046, -6.545)]
655;100;;;0;3,07;[1285, 1286, 1288, 1287];[(66.859, -6.545), (66.859, -7.293), (70.966, -7.293), (70.966, -6.545)]
656;100;;;0;1,08;[1289, 1290, 1292, 1291];[(71.046, -6.545), (71.046, -7.293), (72.496, -7.293), (72.496, -6.545)]
657;100;;;0;0,72;[1291, 1292, 1294, 1293];[(72.496, -6.545), (72.496, -7.293), (73.456, -7.293), (73.456, -6.545)]
658;100;;;0;1,24;[313, 1293, 1294, 315];[(75.148, -6.561), (73.456, -6.545), (73.456, -7.293), (75.148, -7.278)]
659;100;;;0;0,80;[1284, 1282, 1295, 1296];[(66.247, -7.293), (66.043, -7.293), (66.043, -11.223), (66.247, -11.223)]
660;1;;;0;0,16;[1296, 1295, 1297, 1298];[(66.247, -11.223), (66.043, -11.223), (66.043, -12.026), (66.247, -12.026)]
661;100;;;0;0,06;[1252, 1298, 1297, 1254];[(66.261, -12.317), (66.247, -12.026), (66.043, -12.026), (66.046, -12.317)]
662;100;;;0;0,22;[1244, 1242, 1299, 1300];[(70.975, -12.144), (71.063, -12.144), (71.063, -9.646), (70.975, -9.646)]
663;8;;;0;0,07;[1300, 1299, 1301, 1302];[(70.975, -9.646), (71.063, -9.646), (71.063, -8.823), (70.975, -8.823)]
664;100;;;0;0,13;[1288, 1302, 1301, 1290];[(70.966, -7.293), (70.975, -8.823), (71.063, -8.823), (71.046, -7.293)]
665;100;;;0;0,65;[1273, 1272, 1303, 1304];[(63.307, -5.272), (63.827, -5.272), (63.827, -4.025), (63.307, -4.025)]
666;100;;;0;0,13;[1304, 1303, 1305, 1306];[(63.307, -4.025), (63.827, -4.025), (63.827, -3.767), (63.307, -3.767)]
667;100;;;0;0,66;[217, 1304, 1306, 219];[(60.739, -4.018), (63.307, -4.025), (63.307, -3.767), (60.739, -3.765)]
668;100;;;0;1,85;[1306, 1305, 1307, 1308];[(63.307, -3.767), (63.827, -3.767), (63.827, -0.204), (63.307, -0.204)]
669;100;;;0;0,06;[1308, 1307, 1309, 1310];[(63.307, -0.204), (63.827, -0.204), (63.827, -0.086), (63.307, -0.086)]
670;100;;;0;1,52;[1310, 1309, 1311, 1312];[(63.307, -0.086), (63.827, -0.086), (63.827, 2.842), (63.307, 2.842)]
671;100;;;0;0,07;[1312, 1311, 1313, 1314];[(63.307, 2.842), (63.827, 2.842), (63.827, 2.983), (63.307, 2.983)]
672;100;;;0;2,10;[1314, 1313, 1315, 1316];[(63.307, 2.983), (63.827, 2.983), (63.827, 7.016), (63.307, 7.016)]
673;100;;;0;0,18;[1316, 1315, 1317, 1318];[(63.307, 7.016), (63.827, 7.016), (63.827, 7.369), (63.307, 7.369)]
674;100;;;0;1,85;[244, 1316, 1318, 246];[(58.183, 7.005), (63.307, 7.016), (63.307, 7.369), (58.183, 7.373)]
675;100;;;0;1,57;[1318, 1317, 1319, 1320];[(63.307, 7.369), (63.827, 7.369), (63.827, 10.391), (63.307, 10.391)]
676;100;;;0;4,31;[260, 1323, 1324, 1618, 1616, 261];[(57.187, 10.394), (63.178, 10.391), (63.178, 11.143), (61.922, 11.13), (58.502, 11.094), (57.187, 11.08)]
677;100;;;0;1,66;[1324, 1321, 1322, 1325];[(63.178, 11.143), (63.827, 11.143), (63.827, 13.695), (63.178, 13.695)]
678;100;;;0;0,49;[1321, 1324, 1323, 1320, 1319];[(63.827, 11.143), (63.178, 11.143), (63.178, 10.391), (63.307, 10.391), (63.827, 10.391)]
679;100;;;0;0,11;[1327, 1329, 1330, 1326];[(63.178, 13.942), (63.251, 14.33), (62.931, 14.33), (62.931, 13.942)]
680;1;;;0;0,32;[1326, 1330, 1332, 1331];[(62.931, 13.942), (62.931, 14.33), (62.108, 14.33), (62.108, 13.942)]
681;100;;;0;0,40;[1322, 1328, 1329, 1327, 1325];[(63.827, 13.695), (63.827, 14.33), (63.251, 14.33), (63.178, 13.942), (63.178, 13.695)]
682;100;;;0;0,26;[1331, 1332, 1334, 1333, 1617];[(62.108, 13.942), (62.108, 14.33), (61.449, 14.33), (61.449, 13.942), (61.922, 13.942)]
683;100;;;0;0,05;[1333, 1334, 1336, 1335];[(61.449, 13.942), (61.449, 14.33), (61.32, 14.33), (61.32, 13.942)]
684;100;;;0;1,66;[266, 1615, 1335, 1336, 268];[(57.187, 13.929), (58.502, 13.933), (61.32, 13.942), (61.32, 14.33), (57.187, 14.346)]
685;100;;;0;0,21;[1336, 1334, 1337, 1338];[(61.32, 14.33), (61.449, 14.33), (61.449, 15.94), (61.32, 15.94)]
686;1;;;0;0,10;[1338, 1337, 1339, 1340];[(61.32, 15.94), (61.449, 15.94), (61.449, 16.74), (61.32, 16.74)]
687;100;;;0;0,04;[1340, 1339, 1341, 1342];[(61.32, 16.74), (61.449, 16.74), (61.449, 17.046), (61.32, 17.046)]
688;100;;;0;0,05;[1344, 1356, 1358, 1357];[(63.009, 17.798), (63.009, 17.61), (63.254, 17.61), (63.254, 17.798)]
689;100;;;0;1,25;[1329, 1328, 1361, 1362];[(63.251, 14.33), (63.827, 14.33), (63.827, 16.502), (63.251, 16.502)]
690;100;;;0;0,55;[270, 1348, 1346, 272];[(57.187, 17.343), (60.7, 17.328), (60.7, 17.493), (57.187, 17.49)]
691;100;;;0;0,50;[1341, 1347, 1349, 1355, 1354, 1353, 1352, 1351, 1342];[(61.449, 17.046), (61.449, 17.61), (61.449, 17.798), (60.791, 17.798), (60.791, 17.61), (60.791, 17.493), (60.791, 17.328), (60.791, 17.046), (61.32, 17.046)]
692;1;;;0;0,15;[1343, 1345, 1356, 1344];[(62.217, 17.798), (62.217, 17.61), (63.009, 17.61), (63.009, 17.798)]
693;100;;;0;0,01;[1352, 1353, 1346, 1348];[(60.791, 17.328), (60.791, 17.493), (60.7, 17.493), (60.7, 17.328)]
694;100;;;0;0,14;[1349, 1347, 1345, 1343];[(61.449, 17.798), (61.449, 17.61), (62.217, 17.61), (62.217, 17.798)]
695;100;;;0;0,03;[1351, 1352, 1348, 1350];[(60.791, 17.046), (60.791, 17.328), (60.7, 17.328), (60.7, 17.046)]
696;100;;;0;0,11;[1357, 1358, 1360, 1359];[(63.254, 17.798), (63.254, 17.61), (63.817, 17.61), (63.817, 17.798)]
697;1;;;0;0,58;[1362, 1361, 1363, 1364];[(63.251, 16.502), (63.827, 16.502), (63.827, 17.506), (63.251, 17.506)]
698;100;;;0;0,06;[1358, 1364, 1363, 1360];[(63.254, 17.61), (63.251, 17.506), (63.827, 17.506), (63.817, 17.61)]
699;100;;;0;2,14;[1357, 1359, 1366, 1365];[(63.254, 17.798), (63.817, 17.798), (63.817, 21.603), (63.254, 21.603)]
700;100;;;0;0,08;[1365, 1366, 1368, 1367];[(63.254, 21.603), (63.817, 21.603), (63.817, 21.75), (63.254, 21.75)]
701;100;;;0;0,14;[1367, 1368, 1370, 1369];[(63.254, 21.75), (63.817, 21.75), (63.817, 22.004), (63.254, 22.004)]
702;6;;;0;0,44;[1369, 1370, 1372, 1371];[(63.254, 22.004), (63.817, 22.004), (63.817, 22.787), (63.254, 22.787)]
703;100;;;0;0,73;[281, 1371, 1372, 283];[(63.282, 24.163), (63.254, 22.787), (63.817, 22.787), (63.782, 24.163)]
704;100;;;0;0,86;[274, 1365, 1367, 276];[(57.187, 21.615), (63.254, 21.603), (63.254, 21.75), (57.187, 21.752)]
705;100;;;0;0,70;[303, 301, 1373, 1374];[(75.148, 13.687), (75.148, 14.287), (73.98, 14.287), (73.98, 13.687)]
706;100;;;0;1,05;[1374, 1373, 1375, 1376];[(73.98, 13.687), (73.98, 14.287), (72.236, 14.287), (72.236, 13.687)]
707;100;;;0;0,42;[1376, 1375, 1377, 1378];[(72.236, 13.687), (72.236, 14.287), (71.541, 14.287), (71.541, 13.687)]
708;100;;;0;0,20;[1377, 1381, 1383, 1384, 1380, 1378];[(71.541, 14.287), (71.288, 14.287), (71.207, 14.287), (71.207, 13.687), (71.419, 13.687), (71.541, 13.687)]
709;100;;;0;0,05;[1389, 1390, 1392, 1391];[(71.288, 16.501), (71.541, 16.501), (71.541, 16.697), (71.288, 16.697)]
710;100;;;0;0,34;[1381, 1377, 1382, 1379];[(71.288, 14.287), (71.541, 14.287), (71.541, 15.649), (71.288, 15.649)]
711;100;;;0;0,32;[1384, 1383, 1385, 1386];[(71.207, 13.687), (71.207, 14.287), (70.676, 14.287), (70.676, 13.687)]
712;5;;;0;1,40;[1386, 1385, 1387, 1388];[(70.676, 13.687), (70.676, 14.287), (68.349, 14.287), (68.349, 13.687)]
713;100;;;0;2,79;[1322, 1388, 1387, 1328];[(63.827, 13.695), (68.349, 13.687), (68.349, 14.287), (63.827, 14.33)]
714;6;;;0;0,22;[1379, 1382, 1390, 1389];[(71.288, 15.649), (71.541, 15.649), (71.541, 16.501), (71.288, 16.501)]
715;100;;;0;0,11;[1391, 1392, 1394, 1393];[(71.288, 16.697), (71.541, 16.697), (71.541, 17.148), (71.288, 17.148)]
716;100;;;0;0,18;[1393, 1394, 1396, 1395];[(71.288, 17.148), (71.541, 17.148), (71.541, 17.863), (71.288, 17.863)]
717;100;;;0;0,16;[1396, 1394, 1397, 1398];[(71.541, 17.863), (71.541, 17.148), (71.767, 17.148), (71.767, 17.863)]
718;100;;;0;0,25;[1393, 1395, 1400, 1399];[(71.288, 17.148), (71.288, 17.863), (70.945, 17.863), (70.945, 17.148)]
719;100;;;0;0,20;[1396, 1398, 1402, 1401];[(71.541, 17.863), (71.767, 17.863), (71.767, 18.735), (71.541, 18.735)]
720;6;;;0;0,18;[1401, 1402, 1404, 1403];[(71.541, 18.735), (71.767, 18.735), (71.767, 19.539), (71.541, 19.539)]
721;100;;;0;0,24;[1403, 1404, 1406, 1405];[(71.541, 19.539), (71.767, 19.539), (71.767, 20.597), (71.541, 20.597)]
722;100;;;0;0,57;[1408, 1410, 1409, 1413, 1411, 1405, 1406];[(71.767, 21.136), (71.767, 21.332), (71.581, 21.332), (70.991, 21.332), (70.991, 20.597), (71.541, 20.597), (71.767, 20.597)]
723;6;;;0;0,18;[1407, 1412, 1415, 1414];[(71.581, 22.183), (71.767, 22.183), (71.767, 23.152), (71.581, 23.152)]
724;100;;;0;0,16;[1409, 1410, 1412, 1407];[(71.581, 21.332), (71.767, 21.332), (71.767, 22.183), (71.581, 22.183)]
725;100;;;0;0,19;[285, 1414, 1415, 287];[(71.581, 24.163), (71.581, 23.152), (71.767, 23.152), (71.767, 24.163)]
726;100;;;0;0,67;[293, 1410, 1408, 295];[(75.148, 21.341), (71.767, 21.332), (71.767, 21.136), (75.148, 21.142)]
727;100;;;0;0,69;[297, 1392, 1390, 299];[(75.148, 16.686), (71.541, 16.697), (71.541, 16.501), (75.148, 16.497)]
728;100;;;0;0,59;[1380, 1384, 1417, 1416];[(71.419, 13.687), (71.207, 13.687), (71.207, 10.91), (71.419, 10.91)]
729;100;;;0;0,78;[236, 1312, 1314, 238];[(58.183, 2.832), (63.307, 2.842), (63.307, 2.983), (58.183, 2.996)]
730;100;;;0;0,21;[211, 210, 1418, 1428];[(60.739, -5.276), (60.739, -6.003), (61.023, -6.003), (61.023, -5.276)]
731;5;;;0;0,16;[1421, 1420, 1426, 1419];[(72.311, 10.342), (72.311, 10.175), (73.3, 10.175), (73.3, 10.342)]
732;100;;;0;0,31;[305, 1419, 1426, 307];[(75.148, 10.348), (73.3, 10.342), (73.3, 10.175), (75.148, 10.183)]
733;100;;;0;0,10;[1423, 1424, 1420, 1421];[(71.703, 10.342), (71.703, 10.175), (72.311, 10.175), (72.311, 10.342)]
734;100;;;0;0,57;[1427, 1424, 1423, 1422, 1416, 1417, 1425];[(70.932, 10.175), (71.703, 10.175), (71.703, 10.342), (71.703, 10.91), (71.419, 10.91), (71.207, 10.91), (70.932, 10.91)]
735;100;;;0;0,59;[228, 1308, 1310, 230];[(58.183, -0.213), (63.307, -0.204), (63.307, -0.086), (58.183, -0.099)]
736;1;;;0;0,98;[1428, 1418, 1429, 1430];[(61.023, -5.276), (61.023, -6.003), (62.375, -6.003), (62.375, -5.276)]
737;100;;;0;0,68;[1273, 1430, 1429, 1271];[(63.307, -5.272), (62.375, -5.276), (62.375, -6.003), (63.307, -5.998)]
738;100;;;0;4,83;[1271, 1613, 1611, 1262, 1260, 1266, 1274, 1275, 1277, 1272, 1273];[(63.307, -5.998), (63.307, -7.983), (63.307, -10.579), (63.307, -12.231), (63.968, -12.317), (63.968, -7.293), (64.066, -7.293), (64.066, -6.545), (64.066, -5.272), (63.827, -5.272), (63.307, -5.272)]
739;100;;;0;0,48;[1432, 1431, 1433, 1434];[(60.282, -12.234), (59.449, -12.234), (59.449, -12.813), (60.282, -12.813)]
740;100;;;0;0,51;[1432, 1434, 1436, 1435];[(60.282, -12.234), (60.282, -12.813), (61.171, -12.813), (61.171, -12.234)]
741;1;;;0;0,76;[1435, 1436, 1438, 1437];[(61.171, -12.234), (61.171, -12.813), (62.483, -12.813), (62.483, -12.234)]
742;100;;;0;0,48;[1262, 1437, 1438, 1261];[(63.307, -12.231), (62.483, -12.234), (62.483, -12.813), (63.307, -12.822)]
743;100;;;0;1,04;[1433, 1431, 1439, 1440];[(59.449, -12.813), (59.449, -12.234), (57.656, -12.234), (57.656, -12.813)]
744;1;;;0;0,57;[1440, 1439, 1441, 1442];[(57.656, -12.813), (57.656, -12.234), (56.666, -12.234), (56.666, -12.813)]
745;100;;;0;0,11;[1442, 1441, 1443, 1444];[(56.666, -12.813), (56.666, -12.234), (56.48, -12.234), (56.48, -12.813)]
746;100;;;0;0,10;[1444, 1443, 1445, 1446];[(56.48, -12.813), (56.48, -12.234), (56.303, -12.234), (56.303, -12.813)]
747;100;;;0;0,11;[1446, 1445, 1447, 1448];[(56.303, -12.813), (56.303, -12.234), (56.108, -12.234), (56.108, -12.813)]
748;1;;;0;0,58;[1448, 1447, 1449, 1450];[(56.108, -12.813), (56.108, -12.234), (55.108, -12.234), (55.108, -12.813)]
749;100;;;0;0,65;[1450, 1449, 1451, 1452];[(55.108, -12.813), (55.108, -12.234), (53.991, -12.234), (53.991, -12.813)]
750;100;;;0;0,09;[1453, 1454, 1461, 1460];[(51.228, -12.813), (51.228, -12.234), (51.081, -12.234), (51.081, -12.813)]
751;100;;;0;0,05;[1463, 1462, 1464, 1465];[(53.217, -11.01), (53.638, -11.01), (53.638, -10.902), (53.217, -10.902)]
752;100;;;0;1,15;[1456, 1455, 1454, 1453];[(53.217, -12.813), (53.217, -12.234), (51.228, -12.234), (51.228, -12.813)]
753;100;;;0;0,90;[1455, 1456, 1452, 1451, 1457, 1458, 1459];[(53.217, -12.234), (53.217, -12.813), (53.991, -12.813), (53.991, -12.234), (53.991, -11.647), (53.638, -11.647), (53.217, -11.647)]
754;100;;;0;0,27;[1459, 1458, 1462, 1463];[(53.217, -11.647), (53.638, -11.647), (53.638, -11.01), (53.217, -11.01)]
755;100;;;0;1,56;[192, 1465, 1464, 194];[(53.219, -7.211), (53.217, -10.902), (53.638, -10.902), (53.643, -7.211)]
756;100;;;0;2,08;[198, 196, 1466, 1469, 1468, 1467];[(56.722, -7.211), (56.117, -7.211), (56.117, -10.66), (56.299, -10.66), (56.481, -10.66), (56.722, -10.66)]
757;100;;;0;0,28;[1443, 1468, 1469, 1445];[(56.48, -12.234), (56.481, -10.66), (56.299, -10.66), (56.303, -12.234)]
758;100;;;0;1,14;[1460, 1461, 1471, 1470];[(51.081, -12.813), (51.081, -12.234), (49.117, -12.234), (49.117, -12.813)]
759;100;;;0;0,10;[1470, 1471, 1473, 1472];[(49.117, -12.813), (49.117, -12.234), (48.953, -12.234), (48.953, -12.813)]
760;100;;;0;0,05;[1472, 1473, 1475, 1474];[(48.953, -12.813), (48.953, -12.234), (48.87, -12.234), (48.87, -12.813)]
761;1;;;0;0,59;[1474, 1475, 1477, 1476];[(48.87, -12.813), (48.87, -12.234), (47.859, -12.234), (47.859, -12.813)]
762;100;;;0;1,56;[1476, 1477, 1479, 1478];[(47.859, -12.813), (47.859, -12.234), (45.155, -12.234), (45.155, -12.813)]
763;100;;;0;0,09;[1478, 1479, 1481, 1480];[(45.155, -12.813), (45.155, -12.234), (45.002, -12.234), (45.002, -12.813)]
764;100;;;0;0,93;[1480, 1481, 1483, 1482];[(45.002, -12.813), (45.002, -12.234), (43.391, -12.234), (43.391, -12.813)]
765;1;;;0;0,61;[1482, 1483, 1485, 1484];[(43.391, -12.813), (43.391, -12.234), (42.344, -12.234), (42.344, -12.813)]
766;100;;;0;0,18;[1484, 1485, 1487, 1486];[(42.344, -12.813), (42.344, -12.234), (42.039, -12.234), (42.039, -12.813)]
767;100;;;0;0,08;[1486, 1487, 1489, 1488];[(42.039, -12.813), (42.039, -12.234), (41.898, -12.234), (41.898, -12.813)]
768;100;;;0;2,10;[1488, 1489, 1491, 1490];[(41.898, -12.813), (41.898, -12.234), (38.264, -12.234), (38.264, -12.813)]
769;1;;;0;0,59;[1490, 1491, 1493, 1492];[(38.264, -12.813), (38.264, -12.234), (37.253, -12.234), (37.253, -12.813)]
770;100;;;0;0,36;[1101, 1492, 1493, 1122];[(36.648, -12.829), (37.253, -12.813), (37.253, -12.234), (36.648, -12.229)]
771;100;;;0;0,71;[1100, 1121, 1495, 1494];[(36.109, -12.829), (36.109, -12.229), (34.933, -12.229), (34.933, -12.829)]
772;1;;;0;0,62;[1494, 1495, 1497, 1496];[(34.933, -12.829), (34.933, -12.229), (33.899, -12.229), (33.899, -12.829)]
773;100;;;0;0,10;[1496, 1497, 1499, 1498];[(33.899, -12.829), (33.899, -12.229), (33.734, -12.229), (33.734, -12.829)]
774;100;;;0;0,08;[1498, 1499, 1501, 1500];[(33.734, -12.829), (33.734, -12.229), (33.593, -12.229), (33.593, -12.829)]
775;100;;;0;2,16;[1500, 1501, 1503, 1502];[(33.593, -12.829), (33.593, -12.229), (29.995, -12.229), (29.995, -12.829)]
776;1;;;0;0,59;[1502, 1503, 1505, 1504];[(29.995, -12.829), (29.995, -12.229), (29.019, -12.229), (29.019, -12.829)]
777;100;;;0;2,70;[1504, 1505, 1507, 1506];[(29.019, -12.829), (29.019, -12.229), (24.515, -12.229), (24.515, -12.829)]
778;100;;;0;0,10;[1506, 1507, 1509, 1510, 1508];[(24.515, -12.829), (24.515, -12.229), (24.352, -12.229), (24.352, -12.48), (24.352, -12.829)]
779;1;;;0;0,32;[1508, 1510, 1512, 1511];[(24.352, -12.829), (24.352, -12.48), (23.446, -12.48), (23.446, -12.829)]
780;100;;;0;0,09;[1529, 1518, 1521, 1533];[(18.048, -12.015), (18.726, -12.015), (18.726, -11.884), (18.048, -11.884)]
781;100;;;0;1,29;[1519, 1514, 1518, 1532];[(20.237, -12.87), (20.237, -12.015), (18.726, -12.015), (18.726, -12.87)]
782;100;;;0;0,86;[1512, 1515, 1516, 1513, 1511];[(23.446, -12.48), (23.446, -12.202), (22.074, -12.202), (22.074, -12.829), (23.446, -12.829)]
783;100;;;0;0,65;[1537, 1536, 1538, 1539, 1608];[(18.048, -10.994), (18.726, -10.994), (18.726, -10.039), (18.048, -10.039), (18.048, -10.341)]
784;100;;;0;0,02;[1540, 1541, 1543, 1542];[(21.82, -10.039), (21.947, -10.039), (21.947, -9.883), (21.82, -9.883)]
785;100;;;0;0,11;[1535, 1534, 1536, 1537];[(18.048, -11.157), (18.726, -11.157), (18.726, -10.994), (18.048, -10.994)]
786;1;;;0;0,49;[1533, 1521, 1534, 1535];[(18.048, -11.884), (18.726, -11.884), (18.726, -11.157), (18.048, -11.157)]
787;100;;;0;0,58;[1532, 1518, 1529, 1526];[(18.726, -12.87), (18.726, -12.015), (18.048, -12.015), (18.048, -12.87)]
788;100;;;0;5,41;[1519, 1520, 1525, 1524, 1523, 1522, 1513, 1516, 1517, 1528, 1531, 1541, 1540, 1530, 1527, 1514];[(20.237, -12.87), (20.874, -12.87), (20.874, -13.041), (21.543, -13.041), (21.6, -13.041), (22.074, -13.041), (22.074, -12.829), (22.074, -12.202), (22.074, -12.015), (22.074, -10.994), (22.074, -10.039), (21.947, -10.039), (21.82, -10.039), (20.237, -10.039), (20.237, -10.994), (20.237, -12.015)]
789;100;;;0;1,44;[1530, 1538, 1536, 1527];[(20.237, -10.039), (18.726, -10.039), (18.726, -10.994), (20.237, -10.994)]
790;8;;;0;0,10;[1542, 1543, 1545, 1544];[(21.82, -9.883), (21.947, -9.883), (21.947, -9.075), (21.82, -9.075)]
791;100;;;0;0,24;[160, 1544, 1545, 162];[(21.813, -7.211), (21.82, -9.075), (21.947, -9.075), (21.94, -7.211)]
792;100;;;0;0,80;[164, 1509, 1507, 166];[(24.351, -7.211), (24.352, -12.229), (24.515, -12.229), (24.508, -7.211)]
793;100;;;0;0,75;[168, 1501, 1499, 170];[(33.59, -7.211), (33.593, -12.229), (33.734, -12.229), (33.746, -7.211)]
794;100;;;0;0,61;[155, 153, 1546, 1547];[(18.052, -6.551), (18.14, -6.229), (16.21, -6.229), (16.21, -6.551)]
795;100;;;0;0,03;[1547, 1546, 1548, 1549];[(16.21, -6.551), (16.21, -6.229), (16.121, -6.229), (16.121, -6.551)]
796;100;;;0;0,06;[1549, 1548, 1550, 1551];[(16.121, -6.551), (16.121, -6.229), (15.945, -6.229), (15.945, -6.551)]
797;1;;;0;0,50;[1551, 1550, 1552, 1553];[(15.945, -6.551), (15.945, -6.229), (14.407, -6.229), (14.407, -6.551)]
798;100;;;0;0,05;[1553, 1552, 1554, 1555];[(14.407, -6.551), (14.407, -6.229), (14.25, -6.229), (14.25, -6.551)]
799;100;;;0;0,03;[1555, 1554, 1556, 1557];[(14.25, -6.551), (14.25, -6.229), (14.162, -6.229), (14.162, -6.551)]
800;100;;;0;0,62;[940, 1557, 1556, 945];[(12.167, -6.551), (14.162, -6.551), (14.162, -6.229), (12.167, -6.247)]
801;100;;;0;1,91;[157, 1609, 1539, 1538, 158];[(18.052, -7.211), (18.051, -7.9), (18.048, -10.039), (18.726, -10.039), (18.726, -7.211)]
802;100;;;0;0,68;[176, 1489, 1487, 178];[(41.901, -7.211), (41.898, -12.234), (42.039, -12.234), (42.032, -7.211)]
803;100;;;0;0,73;[180, 1481, 1479, 182];[(45.004, -7.211), (45.002, -12.234), (45.155, -12.234), (45.143, -7.211)]
804;100;;;0;0,31;[186, 184, 1558, 1559];[(47.29, -7.211), (47.168, -7.211), (47.182, -9.928), (47.29, -9.88)]
805;100;;;0;0,18;[1461, 1454, 1563, 1562];[(51.081, -12.234), (51.228, -12.234), (51.228, -11.01), (51.081, -11.01)]
806;100;;;0;0,09;[1471, 1561, 1560, 1473];[(49.117, -12.234), (49.113, -11.668), (48.943, -11.668), (48.953, -12.234)]
807;100;;;0;0,02;[1562, 1563, 1569, 1568];[(51.081, -11.01), (51.228, -11.01), (51.228, -10.887), (51.081, -10.887)]
808;8;;;0;0,10;[1564, 1567, 1566, 1565];[(48.208, -10.938), (48.306, -10.865), (47.733, -10.295), (47.643, -10.378)]
809;100;;;0;0,13;[1567, 1564, 1560, 1561];[(48.306, -10.865), (48.208, -10.938), (48.943, -11.668), (49.113, -11.668)]
810;100;;;0;0,07;[1559, 1558, 1565, 1566];[(47.29, -9.88), (47.182, -9.928), (47.643, -10.378), (47.733, -10.295)]
811;8;;;0;0,13;[1568, 1569, 1571, 1570];[(51.081, -10.887), (51.228, -10.887), (51.228, -9.981), (51.081, -9.981)]
812;100;;;0;0,42;[188, 1570, 1571, 190];[(51.063, -7.211), (51.081, -9.981), (51.228, -9.981), (51.218, -7.211)]
813;100;;;0;0,04;[1569, 1563, 1572, 1573];[(51.228, -10.887), (51.228, -11.01), (51.53, -11.01), (51.53, -10.887)]
814;8;;;0;0,10;[1573, 1572, 1574, 1575];[(51.53, -10.887), (51.53, -11.01), (52.346, -11.01), (52.346, -10.887)]
815;100;;;0;0,10;[1465, 1575, 1574, 1463];[(53.217, -10.902), (52.346, -10.887), (52.346, -11.01), (53.217, -11.01)]
816;100;;;0;0,63;[1291, 1293, 1577, 1576];[(72.496, -6.545), (73.456, -6.545), (73.456, -5.887), (72.496, -5.887)]
817;100;;;0;0,71;[643, 642, 1578, 1579];[(-63.717, -5.205), (-62.884, -5.205), (-62.884, -4.354), (-63.717, -4.354)]
818;100;;;0;1,71;[635, 1580, 1581, 636];[(-63.642, 0.623), (-63.694, -1.609), (-62.891, -1.609), (-62.908, 0.623)]
819;100;;;0;0,41;[65, 64, 1582, 1583];[(-56.925, -0.932), (-57.532, -0.932), (-57.532, -1.614), (-56.925, -1.614)]
820;100;;;0;1,63;[1582, 68, 69, 67, 1583];[(-57.532, -1.614), (-57.532, -4.307), (-56.925, -4.307), (-56.925, -3.402), (-56.925, -1.614)]
821;17;118;;0;70,05;[29, 594, 596, 598, 600, 602, 604, 606, 608, 42, 38, 34, 35, 33, 31];[(-72.404, 4.677), (-67.087, 4.725), (-66.924, 4.725), (-66.924, 5.149), (-66.924, 6.652), (-66.924, 7.795), (-66.924, 7.95), (-66.924, 14.359), (-66.924, 15.887), (-66.929, 16.332), (-73.575, 16.332), (-73.575, 10.942), (-72.404, 10.942), (-72.404, 10.025), (-72.404, 4.874)]
822;17;120;;0;63,38;[48, 610, 612, 614, 616, 622, 624, 626, 54, 50];[(-62.908, 16.332), (-62.908, 15.556), (-62.908, 14.58), (-62.908, 7.972), (-62.908, 7.819), (-62.908, 6.702), (-62.908, 5.208), (-62.908, 4.538), (-57.532, 4.547), (-57.532, 16.332)]
823;1;;;0;25,47;[583, 651, 653, 645, 1580, 635, 633, 631, 629, 627, 625, 623, 621, 615, 619, 617, 601, 599, 597, 595, 593, 591, 589, 587, 585];[(-66.105, -2.59), (-65.444, -2.59), (-64.317, -2.59), (-63.717, -2.594), (-63.694, -1.609), (-63.642, 0.623), (-63.642, 1.234), (-63.642, 2.727), (-63.642, 3.739), (-63.642, 3.95), (-63.642, 4.538), (-63.642, 5.208), (-63.642, 6.702), (-63.642, 7.819), (-64.436, 7.795), (-65.27, 7.795), (-66.105, 7.795), (-66.105, 6.652), (-66.105, 5.149), (-66.105, 4.725), (-66.105, 4.048), (-66.105, 3.37), (-66.105, 2.304), (-66.105, -1.692), (-66.105, -1.963)]
824;1;;;0;6,02;[579, 647, 649, 643, 1579, 644, 652, 650, 581];[(-66.105, -5.231), (-65.526, -5.231), (-64.113, -5.231), (-63.717, -5.205), (-63.717, -4.354), (-63.717, -2.7), (-64.317, -2.708), (-65.444, -2.708), (-66.105, -2.708)]
825;1;;;0;6,28;[538, 539, 541, 543, 545, 637, 639, 641, 648, 646, 577, 575, 573];[(-66.105, -7.5), (-66.105, -8.05), (-64.753, -8.05), (-64.636, -8.05), (-63.836, -8.05), (-63.836, -6.957), (-63.717, -6.957), (-63.717, -5.346), (-64.113, -5.367), (-65.526, -5.367), (-66.105, -5.367), (-66.105, -5.604), (-66.105, -6.45)]
826;1;;;0;18,65;[68, 66, 1585, 1578, 642, 640, 638, 547, 549, 551, 553, 556, 557, 558, 560, 562, 76, 74, 72, 70];[(-57.532, -4.307), (-59.261, -4.307), (-61.201, -4.307), (-62.884, -4.354), (-62.884, -5.205), (-62.884, -5.346), (-62.884, -6.957), (-62.884, -8.05), (-62.437, -8.05), (-61.143, -8.05), (-60.979, -8.05), (-60.979, -7.662), (-59.909, -7.662), (-59.544, -7.662), (-59.402, -7.662), (-57.843, -7.662), (-57.532, -7.646), (-57.532, -7.129), (-57.532, -6.082), (-57.532, -5.201)]
827;1;;;0;11,99;[60, 636, 1581, 1586, 1584, 1582, 64, 62];[(-57.532, 0.62), (-62.908, 0.623), (-62.891, -1.609), (-61.201, -1.614), (-59.261, -1.614), (-57.532, -1.614), (-57.532, -0.932), (-57.532, 0.42)]
828;14;120а;;0;14,70;[56, 628, 630, 632, 634, 58];[(-57.532, 3.971), (-62.908, 3.95), (-62.908, 3.739), (-62.908, 2.727), (-62.908, 1.234), (-57.532, 1.219)]
829;17;117в;;0;30,71;[21, 586, 588, 590, 592, 27, 25, 23];[(-72.404, -1.757), (-67.087, -1.692), (-67.087, 2.304), (-67.087, 3.37), (-67.087, 4.048), (-72.404, 4.056), (-72.404, 3.675), (-72.404, -1.278)]
830;8;117;;0;29,50;[13, 536, 572, 574, 576, 578, 580, 582, 584, 19, 17];[(-72.404, -7.5), (-67.087, -7.5), (-67.087, -6.45), (-67.087, -5.604), (-67.087, -5.367), (-67.087, -5.231), (-67.087, -2.708), (-67.087, -2.59), (-67.087, -1.963), (-72.404, -1.941), (-72.404, -2.308)]
831;8;117а;;0;39,04;[9, 493, 495, 497, 568, 570, 1599, 1597, 540, 537, 535, 11];[(-72.404, -13.694), (-70.22, -13.694), (-69.339, -13.694), (-64.734, -13.694), (-64.734, -12.65), (-64.734, -11.86), (-64.734, -11.748), (-64.735, -11.635), (-64.753, -8.601), (-66.105, -8.601), (-67.087, -8.601), (-72.404, -8.601)]
832;8;117б;;0;12,40;[1598, 1605, 1601, 1589, 1587, 554, 552, 550, 548, 546, 544, 542];[(-64.617, -11.635), (-61.061, -10.985), (-59.909, -10.961), (-59.909, -10.823), (-59.909, -10.068), (-59.909, -8.601), (-60.979, -8.601), (-61.143, -8.601), (-62.437, -8.601), (-62.884, -8.601), (-63.836, -8.601), (-64.636, -8.601)]
833;100;;;0;0,53;[555, 554, 1587, 1588];[(-59.544, -8.601), (-59.909, -8.601), (-59.909, -10.068), (-59.544, -10.068)]
834;100;;;0;0,28;[1588, 1587, 1589, 1590];[(-59.544, -10.068), (-59.909, -10.068), (-59.909, -10.823), (-59.544, -10.823)]
835;1;;;0;1,45;[81, 1588, 1590, 83];[(-57.532, -10.08), (-59.544, -10.068), (-59.544, -10.823), (-57.532, -10.762)]
836;1;;;0;3,40;[77, 563, 561, 559, 555, 1588, 81];[(-57.532, -8.387), (-57.843, -8.386), (-59.402, -8.386), (-59.544, -8.386), (-59.544, -8.601), (-59.544, -10.068), (-57.532, -10.08)]
837;1;;;0;2,11;[83, 523, 525, 84];[(-57.532, -10.762), (-57.501, -13.694), (-57.007, -13.694), (-56.584, -10.762)]
838;1;;;0;0,68;[660, 807, 805, 658];[(-46.142, -13.694), (-46.27, -10.762), (-46.481, -10.762), (-46.396, -13.694)]
839;1;;;0;1,59;[676, 823, 821, 674];[(-31.905, -13.694), (-31.793, -10.762), (-32.4, -10.762), (-32.385, -13.694)]
840;1;;;0;0,58;[837, 1591, 1592, 839];[(-22.254, -10.762), (-22.296, -13.694), (-22.045, -13.694), (-22.113, -10.762)]
841;1;;;0;1,01;[783, 847, 845, 782];[(-12.824, -13.647), (-12.688, -10.762), (-12.885, -10.762), (-13.329, -13.647)]
842;1;;;0;30,37;[654, 656, 658, 805, 803, 801, 799, 797, 795, 793, 791, 789, 84, 525];[(-55.934, -13.694), (-54.453, -13.694), (-46.396, -13.694), (-46.481, -10.762), (-50.122, -10.762), (-51.081, -10.762), (-51.364, -10.762), (-51.505, -10.762), (-52.295, -10.762), (-53.283, -10.762), (-54.002, -10.762), (-54.162, -10.762), (-56.584, -10.762), (-57.007, -13.694)]
843;1;;;0;40,50;[662, 664, 666, 668, 670, 672, 674, 821, 819, 817, 815, 813, 811, 809, 807, 660];[(-45.465, -13.694), (-44.025, -13.694), (-35.432, -13.694), (-35.192, -13.694), (-34.501, -13.694), (-33.499, -13.694), (-32.385, -13.694), (-32.4, -10.762), (-36.308, -10.762), (-37.31, -10.762), (-38.128, -10.762), (-38.453, -10.762), (-41.67, -10.762), (-42.615, -10.762), (-46.27, -10.762), (-46.142, -13.694)]
844;1;;;0;28,07;[678, 680, 682, 684, 686, 688, 690, 692, 1591, 837, 835, 833, 831, 829, 827, 825, 823, 676];[(-31.312, -13.694), (-29.831, -13.694), (-27.037, -13.694), (-26.868, -13.694), (-26.19, -13.694), (-25.203, -13.694), (-24.398, -13.694), (-24.257, -13.694), (-22.296, -13.694), (-22.254, -10.762), (-26.332, -10.762), (-26.488, -10.762), (-29.14, -10.762), (-29.281, -10.762), (-29.888, -10.762), (-30.833, -10.762), (-31.793, -10.762), (-31.905, -13.694)]
845;1;;;0;0,36;[697, 699, 701, 703, 776, 694];[(-20.955, -13.862), (-20.893, -13.862), (-20.139, -13.862), (-18.999, -13.862), (-18.999, -13.658), (-20.955, -13.694)]
846;1;;;0;0,39;[707, 780, 777, 705];[(-16.612, -13.862), (-16.612, -13.664), (-18.557, -13.658), (-18.557, -13.862)]
847;1;;;0;0,41;[711, 782, 781, 709];[(-13.329, -13.862), (-13.329, -13.647), (-15.296, -13.664), (-15.296, -13.862)]
848;1;;;0;26,06;[777, 780, 781, 782, 845, 843, 841, 839, 1592, 694, 776];[(-18.557, -13.658), (-16.612, -13.664), (-15.296, -13.664), (-13.329, -13.647), (-12.885, -10.762), (-19.277, -10.762), (-20.406, -10.762), (-22.113, -10.762), (-22.045, -13.694), (-20.955, -13.694), (-18.999, -13.658)]
849;1;;;0;0,42;[715, 717, 719, 722, 783, 713];[(-11.775, -13.862), (-10.964, -13.862), (-10.919, -13.862), (-10.919, -13.641), (-12.824, -13.647), (-12.824, -13.862)]
850;13;;;0;0,44;[712, 785, 724, 718, 716, 714];[(-12.824, -13.952), (-12.824, -14.178), (-10.919, -14.184), (-10.919, -13.952), (-10.964, -13.952), (-11.775, -13.952)]
851;13;;;0;0,45;[708, 787, 784, 710];[(-15.296, -13.952), (-15.296, -14.184), (-13.329, -14.178), (-13.329, -13.952)]
852;13;;;0;0,45;[706, 704, 779, 786];[(-16.612, -13.952), (-18.557, -13.952), (-18.557, -14.184), (-16.612, -14.184)]
853;13;;;0;0,48;[695, 778, 702, 700, 698, 696];[(-20.955, -14.209), (-18.999, -14.184), (-18.999, -13.952), (-20.139, -13.952), (-20.893, -13.952), (-20.955, -13.952)]
854;13;110а;;0;96,56;[436, 435, 749, 438, 750, 763, 762, 760, 755, 753, 720, 725, 724, 785, 784, 787, 786, 779, 778, 695, 693, 461];[(-10.304, -20.015), (-9.587, -20.015), (-7.774, -20.015), (-7.774, -19.339), (-7.774, -19.123), (-7.777, -18.349), (-7.884, -18.349), (-7.884, -17.594), (-7.59, -17.594), (-7.59, -17.398), (-7.59, -14.184), (-7.953, -14.184), (-10.919, -14.184), (-12.824, -14.178), (-13.329, -14.178), (-15.296, -14.184), (-16.612, -14.184), (-18.557, -14.184), (-18.999, -14.184), (-20.955, -14.209), (-24.257, -14.209), (-24.256, -20.015)]
855;1;;;0;15,76;[723, 731, 733, 976, 978, 853, 851, 849, 847, 783, 722];[(-7.953, -13.641), (-7.953, -13.437), (-7.233, -13.437), (-7.233, -13.328), (-7.233, -10.994), (-7.243, -10.762), (-8.017, -10.762), (-9.457, -10.762), (-12.688, -10.762), (-12.824, -13.647), (-10.919, -13.641)]
856;8;111а;;0;14,30;[463, 691, 689, 687, 685, 465];[(-24.409, -20.015), (-24.398, -14.209), (-25.203, -14.209), (-26.19, -14.209), (-26.868, -14.209), (-26.864, -20.015)]
857;8;111;;0;28,44;[467, 683, 681, 679, 677, 469];[(-26.999, -20.015), (-27.037, -14.209), (-29.831, -14.209), (-31.312, -14.209), (-31.905, -14.209), (-31.927, -20.015)]
858;8;112;;0;16,31;[471, 675, 673, 671, 669, 473];[(-32.401, -20.015), (-32.385, -14.209), (-33.499, -14.209), (-34.501, -14.209), (-35.192, -14.209), (-35.211, -20.015)]
859;8;113;Аудитория;0;62,16;[475, 667, 665, 663, 661, 477];[(-35.431, -20.015), (-35.432, -14.209), (-44.025, -14.209), (-45.465, -14.209), (-46.142, -14.209), (-46.133, -20.015)]
860;17;114;;0;61,67;[479, 659, 657, 655, 526, 524, 527, 529, 481];[(-46.387, -20.015), (-46.396, -14.209), (-54.453, -14.209), (-55.934, -14.209), (-57.007, -14.209), (-57.007, -14.513), (-57.01, -16.087), (-57.011, -16.257), (-57.02, -20.015)]
861;1;;;0;3,83;[510, 515, 517, 533, 531, 528, 522, 520, 512];[(-59.946, -14.513), (-59.946, -15.336), (-59.946, -16.077), (-59.023, -16.087), (-58.205, -16.087), (-57.513, -16.087), (-57.501, -14.513), (-58.112, -14.513), (-59.535, -14.513)]
862;8;115;;0;9,06;[483, 530, 532, 534, 519, 485];[(-57.545, -20.015), (-57.515, -16.257), (-58.206, -16.257), (-59.024, -16.257), (-59.946, -16.241), (-59.932, -20.015)]
863;8;115а;;0;14,95;[487, 518, 516, 514, 508, 506, 489];[(-60.068, -20.015), (-60.064, -16.241), (-60.064, -16.077), (-60.064, -15.336), (-60.064, -14.513), (-62.804, -14.513), (-62.76, -20.015)]
864;8;116;;0;58,09;[3, 491, 504, 502, 500, 498, 496, 494, 492, 8, 5];[(-73.575, -20.015), (-63.014, -20.015), (-63.024, -14.513), (-63.447, -14.513), (-64.311, -14.513), (-64.615, -14.513), (-64.734, -14.513), (-69.339, -14.513), (-70.22, -14.513), (-72.404, -14.513), (-73.575, -14.513)]
865;1;;;0;5,88;[513, 521, 523, 83, 1590, 1602, 1604, 565, 567];[(-59.535, -13.694), (-58.112, -13.694), (-57.501, -13.694), (-57.532, -10.762), (-59.544, -10.823), (-59.544, -10.961), (-59.544, -11.072), (-59.544, -11.183), (-59.544, -12.594)]
866;3;;;0;14,95;[71, 73, 75, 78, 79, 80, 82, 788, 86, 69];[(-56.925, -5.201), (-56.925, -6.082), (-56.925, -7.129), (-56.584, -7.129), (-56.584, -7.646), (-56.584, -8.387), (-56.584, -10.08), (-54.162, -10.08), (-54.162, -4.307), (-56.925, -4.307)]
867;2;121;;0;14,46;[88, 790, 792, 794, 796, 889, 891, 90];[(-54.009, -4.307), (-54.002, -10.08), (-53.283, -10.08), (-52.295, -10.08), (-51.505, -10.08), (-51.505, -8.624), (-51.505, -8.506), (-51.493, -4.307)]
868;8;;;0;9,76;[92, 892, 894, 896, 898, 94];[(-51.352, -4.307), (-51.364, -8.506), (-50.588, -8.506), (-49.698, -8.506), (-49.045, -8.506), (-49.024, -4.307)]
869;8;122;;0;17,55;[96, 900, 899, 897, 895, 893, 890, 798, 800, 802, 804, 98];[(-48.906, -4.307), (-48.898, -8.506), (-48.898, -8.624), (-49.045, -8.624), (-49.698, -8.624), (-50.588, -8.624), (-51.364, -8.624), (-51.364, -10.08), (-51.081, -10.08), (-50.122, -10.08), (-46.481, -10.08), (-46.484, -4.307)]
870;8;123;;0;45,09;[100, 806, 808, 810, 812, 102];[(-46.267, -4.307), (-46.27, -10.08), (-42.615, -10.08), (-41.67, -10.08), (-38.453, -10.08), (-38.464, -4.307)]
871;2;124;Серверная;0;32,99;[104, 814, 816, 818, 820, 885, 887, 106];[(-38.111, -4.307), (-38.128, -10.08), (-37.31, -10.08), (-36.308, -10.08), (-32.4, -10.08), (-32.4, -7.753), (-32.4, -6.79), (-32.425, -4.307)]
872;2;125;Серверная;0;14,51;[108, 888, 886, 822, 824, 826, 828, 879, 877, 875, 873, 110];[(-31.776, -4.307), (-31.793, -6.79), (-31.793, -7.753), (-31.793, -10.08), (-30.833, -10.08), (-29.888, -10.08), (-29.281, -10.08), (-29.276, -9.729), (-29.276, -8.929), (-29.276, -8.022), (-29.276, -7.875), (-29.276, -4.307)]
873;8;;;0;5,44;[832, 865, 884, 882, 876, 878, 880, 830];[(-26.488, -10.08), (-26.488, -8.034), (-27.461, -8.022), (-28.278, -8.022), (-29.135, -8.022), (-29.135, -8.929), (-29.135, -9.729), (-29.14, -10.08)]
874;8;;;0;9,43;[112, 874, 881, 883, 867, 869, 871, 114];[(-29.135, -4.307), (-29.135, -7.875), (-28.278, -7.875), (-27.461, -7.875), (-26.488, -7.87), (-26.488, -6.376), (-26.488, -5.592), (-26.511, -4.307)]
875;8;;;0;23,52;[116, 872, 870, 868, 866, 834, 836, 118];[(-26.341, -4.307), (-26.332, -5.592), (-26.332, -6.376), (-26.332, -7.87), (-26.332, -8.034), (-26.332, -10.08), (-22.254, -10.08), (-22.266, -4.307)]
876;8;126;;0;53,20;[120, 838, 840, 842, 844, 122];[(-22.11, -4.307), (-22.113, -10.08), (-20.406, -10.08), (-19.277, -10.08), (-12.885, -10.08), (-12.911, -4.307)]
877;8;127;;0;34,15;[124, 846, 848, 850, 852, 854, 856, 860, 862, 126];[(-12.671, -4.307), (-12.688, -10.08), (-9.457, -10.08), (-8.017, -10.08), (-7.243, -10.08), (-7.175, -10.08), (-6.763, -10.08), (-6.763, -7.061), (-6.763, -6.779), (-6.768, -4.307)]
878;1;;;0;1,22;[948, 960, 958, 947];[(-4.774, -10.762), (-2.98, -10.744), (-2.98, -10.063), (-4.774, -10.08)]
879;100;;;0;0,45;[962, 964, 963, 951, 961];[(3.238, -10.744), (3.238, -9.991), (2.634, -9.991), (2.634, -10.49), (2.634, -10.744)]
880;2;;;0;9,36;[907, 950, 955, 956, 959, 966, 968, 909];[(-2.648, -7.061), (-2.648, -10.137), (-2.38, -10.137), (-2.38, -10.49), (0.11, -10.49), (0.11, -8.399), (0.11, -7.517), (0.11, -7.061)]
881;1;;;0;17,42;[911, 967, 965, 952, 951, 963, 964, 973, 971, 969, 925, 923, 921, 917, 915, 913];[(0.306, -7.061), (0.306, -7.517), (0.306, -8.399), (0.306, -10.49), (2.634, -10.49), (2.634, -9.991), (3.238, -9.991), (5.166, -9.951), (5.313, -9.951), (5.395, -9.951), (5.877, -9.951), (5.877, -9.55), (5.877, -8.589), (5.877, -7.061), (5.112, -7.061), (3.731, -7.061)]
882;8;128;Аудитория;0;155,75;[128, 864, 863, 902, 904, 906, 908, 910, 912, 914, 916, 918, 139, 137, 133, 130, 127];[(-5.7, -4.307), (-5.691, -6.779), (-5.578, -6.779), (-5.01, -6.779), (-3.608, -6.779), (-2.825, -6.779), (-2.648, -6.779), (0.11, -6.779), (0.306, -6.779), (3.731, -6.779), (5.112, -6.779), (5.877, -6.779), (5.847, -4.671), (5.847, -3.926), (5.847, 6.707), (-5.7, 6.707), (-5.7, -3.402)]
883;2;110в;;0;20,05;[729, 727, 732, 728, 726, 754, 756, 759, 758, 761, 752, 751, 747, 741, 737, 735];[(-5.22, -13.784), (-7.17, -13.784), (-7.233, -13.784), (-7.233, -14.184), (-7.471, -14.184), (-7.471, -17.398), (-7.304, -17.398), (-7.304, -18.006), (-7.397, -18.006), (-7.397, -18.349), (-7.395, -19.123), (-6.219, -19.112), (-4.315, -19.107), (-3.655, -19.118), (-3.655, -13.784), (-4.352, -13.784)]
884;1;;;0;3,41;[746, 764, 774, 745];[(-3.423, -20.924), (-1.541, -20.924), (-1.541, -19.103), (-3.423, -19.118)]
885;1;;;0;3,63;[765, 766, 772, 775];[(-0.612, -20.924), (1.375, -20.924), (1.375, -19.095), (-0.612, -19.103)]
886;1;;;0;3,44;[767, 768, 770, 773];[(2.28, -20.924), (4.166, -20.924), (4.166, -19.103), (2.28, -19.095)]
887;1;;;0;3,54;[402, 771, 769, 398];[(7.037, -19.13), (5.081, -19.103), (5.081, -20.924), (7.037, -20.928)]
888;1;;;0;89,42;[768, 767, 766, 765, 764, 746, 744, 743, 748, 757, 440, 442, 441, 439, 444, 446, 448, 450, 417, 415, 458, 456, 454, 452, 394, 398, 769];[(4.166, -20.924), (2.28, -20.924), (1.375, -20.924), (-0.612, -20.924), (-1.541, -20.924), (-3.423, -20.924), (-3.536, -20.924), (-3.655, -20.924), (-4.332, -20.924), (-4.315, -19.317), (-6.219, -19.328), (-6.236, -20.015), (-6.236, -20.991), (-7.177, -20.991), (-7.177, -21.673), (-7.177, -22.967), (-7.177, -24.448), (-7.177, -25.777), (-7.165, -26.6), (8.062, -26.6), (8.052, -25.793), (8.052, -24.466), (8.052, -22.969), (8.052, -21.665), (8.052, -20.928), (7.037, -20.928), (5.081, -20.924)]
889;1;;;0;12,86;[419, 449, 447, 445, 443, 437, 433, 431, 429, 427, 425, 421];[(-7.294, -26.6), (-7.294, -25.777), (-7.294, -24.448), (-7.294, -22.967), (-7.294, -21.673), (-7.294, -20.991), (-9.587, -20.991), (-9.587, -21.885), (-9.587, -23.143), (-9.587, -24.624), (-9.587, -25.918), (-9.587, -26.6)]
890;1;;;0;13,84;[392, 451, 453, 455, 457, 459, 413, 410, 408, 406, 400, 397, 390];[(8.984, -20.928), (8.166, -20.928), (8.166, -21.665), (8.166, -22.969), (8.166, -24.466), (8.166, -25.793), (8.168, -26.6), (10.606, -26.6), (10.606, -25.889), (10.606, -24.602), (10.606, -23.213), (10.606, -21.825), (10.606, -20.928)]
891;1;;;0;10,82;[738, 960, 948, 859, 857, 855, 977, 975, 721, 730, 734, 736];[(-3.655, -13.567), (-2.98, -10.744), (-4.774, -10.762), (-5.578, -10.762), (-6.763, -10.762), (-7.175, -10.762), (-7.17, -10.994), (-7.17, -13.328), (-7.17, -13.437), (-7.17, -13.567), (-5.22, -13.567), (-4.352, -13.567)]
892;2;;Вахта;0;5,66;[927, 970, 999, 1001, 1003, 981, 979, 932, 930, 928];[(5.877, -10.912), (5.395, -10.912), (5.395, -10.966), (5.395, -11.633), (5.395, -12.973), (8.14, -12.97), (8.14, -12.323), (8.14, -10.912), (7.513, -10.912), (6.759, -10.912)]
893;1;;;0;1,01;[740, 957, 960, 738];[(-3.536, -13.567), (-2.38, -10.744), (-2.98, -10.744), (-3.655, -13.567)]
894;1;;;0;87,95;[401, 405, 404, 994, 993, 987, 985, 983, 1005, 1006, 1004, 1002, 1000, 972, 974, 962, 961, 953, 954, 957, 740, 739, 742, 745, 774, 775, 772, 773, 770, 771, 402];[(7.443, -19.13), (7.443, -17.37), (8.069, -17.37), (8.058, -15.281), (8.058, -14.811), (8.14, -14.811), (8.14, -14.764), (8.14, -13.028), (5.395, -13.028), (5.313, -13.028), (5.313, -12.973), (5.313, -11.633), (5.313, -10.966), (5.313, -10.912), (5.166, -10.912), (3.238, -10.744), (2.634, -10.744), (0.306, -10.744), (0.11, -10.744), (-2.38, -10.744), (-3.536, -13.567), (-3.536, -13.784), (-3.536, -19.118), (-3.423, -19.118), (-1.541, -19.103), (-0.612, -19.103), (1.375, -19.095), (2.28, -19.095), (4.166, -19.103), (5.081, -19.103), (7.037, -19.13)]
895;1;;;0;4,29;[997, 1526, 1529, 998];[(12.175, -12.929), (18.048, -12.87), (18.048, -12.015), (12.175, -12.323)]
896;2;;;0;3,89;[936, 980, 990, 935, 931];[(8.895, -10.912), (8.895, -12.323), (11.646, -12.323), (11.658, -10.912), (11.384, -10.912)]
897;1;;;0;7,94;[155, 1547, 1549, 1551, 1553, 1555, 1557, 940, 1610, 1609, 157];[(18.052, -6.551), (16.21, -6.551), (16.121, -6.551), (15.945, -6.551), (14.407, -6.551), (14.25, -6.551), (14.162, -6.551), (12.167, -6.551), (12.167, -7.9), (18.051, -7.9), (18.052, -7.211)]
898;2;;;0;9,30;[144, 945, 1556, 1554, 1552, 1550, 1548, 1546, 153, 150, 148, 146];[(12.197, -4.671), (12.167, -6.247), (14.162, -6.229), (14.25, -6.229), (14.407, -6.229), (15.945, -6.229), (16.121, -6.229), (16.21, -6.229), (18.14, -6.229), (18.14, -4.671), (15.956, -4.671), (14.398, -4.671)]
899;8;129;;0;21,98;[140, 920, 919, 922, 924, 926, 929, 933, 934, 938, 939, 937, 942, 946, 142];[(6.745, -4.671), (6.759, -6.779), (6.759, -7.061), (6.759, -8.589), (6.759, -9.55), (6.759, -9.951), (7.513, -9.951), (7.513, -9.755), (8.14, -9.755), (8.14, -9.236), (8.895, -9.236), (11.384, -9.236), (11.384, -6.551), (11.384, -6.247), (11.367, -4.671)]
900;100;;;0;0,01;[1056, 1057, 1594, 1593];[(21.55, -14.607), (21.607, -14.607), (21.607, -14.483), (21.55, -14.483)]
901;1;;;0;0,07;[1593, 1594, 1596, 1595];[(21.55, -14.483), (21.607, -14.483), (21.607, -13.195), (21.55, -13.195)]
902;100;;;0;0,01;[1524, 1595, 1596, 1523];[(21.543, -13.041), (21.55, -13.195), (21.607, -13.195), (21.6, -13.041)]
903;1;;;0;23,82;[984, 986, 988, 991, 1007, 1011, 1012, 1016, 1018, 1020, 1022, 1021, 1027, 1035, 1038, 1032, 1030, 1040, 1042, 1043, 1048, 1056, 1593, 1595, 1524, 1525, 1520, 1519, 1532, 1526, 997, 995, 989, 982];[(8.895, -13.028), (8.895, -14.764), (8.895, -14.811), (8.977, -14.811), (11.399, -14.811), (11.399, -14.705), (12.316, -14.705), (12.364, -14.705), (13.303, -14.705), (13.392, -14.705), (14.188, -14.705), (14.188, -14.974), (16.12, -14.974), (16.12, -14.709), (16.998, -14.709), (17.086, -14.709), (18.056, -14.709), (18.174, -14.709), (18.987, -14.709), (18.987, -14.815), (21.55, -14.815), (21.55, -14.607), (21.55, -14.483), (21.55, -13.195), (21.543, -13.041), (20.874, -13.041), (20.874, -12.87), (20.237, -12.87), (18.726, -12.87), (18.048, -12.87), (12.175, -12.929), (11.775, -12.929), (11.646, -12.929), (8.895, -12.929)]
904;2;;;0;1,54;[1521, 1518, 1514, 1527, 1536, 1534];[(18.726, -11.884), (18.726, -12.015), (20.237, -12.015), (20.237, -10.994), (18.726, -10.994), (18.726, -11.157)]
905;8;110а;;0;36,53;[385, 1036, 1037, 1028, 1024, 1026, 1025, 1023, 1019, 1017, 1015, 1009, 1010, 1014, 1013, 1008, 992, 403, 399, 391, 389, 387];[(16.486, -20.163), (16.488, -15.518), (16.12, -15.518), (16.12, -15.273), (14.188, -15.273), (14.188, -15.498), (13.392, -15.498), (13.392, -15.273), (13.392, -14.974), (13.303, -14.974), (12.364, -14.974), (12.316, -14.974), (12.316, -15.281), (12.316, -15.493), (11.399, -15.493), (11.399, -15.281), (8.977, -15.281), (8.984, -17.37), (8.984, -19.13), (8.984, -20.163), (10.606, -20.163), (11.253, -20.163)]
906;8;;;0;0,60;[1039, 1034, 1033, 1029, 1046, 1044, 1041];[(18.056, -14.974), (17.086, -14.974), (16.998, -14.974), (16.998, -15.518), (18.174, -15.444), (18.174, -15.327), (18.174, -14.974)]
907;8;110б;;0;24,07;[1110, 1108, 1058, 1053, 1049, 1045, 1047, 1046, 1029, 1031, 383, 381, 1120, 1118, 1116];[(21.683, -16.282), (21.683, -16.175), (21.683, -15.795), (21.683, -15.327), (21.55, -15.327), (18.987, -15.327), (18.987, -15.444), (18.174, -15.444), (16.998, -15.518), (16.624, -15.518), (16.641, -20.163), (21.664, -20.163), (21.683, -19.63), (21.683, -17.368), (21.683, -16.535)]
908;2;;;0;2,77;[1055, 1052, 1107, 1111, 1113, 1106, 1064, 1060, 1050];[(22.183, -15.795), (21.791, -15.795), (21.791, -16.175), (22.353, -16.175), (23.918, -16.175), (24.457, -16.172), (24.466, -15.103), (24.466, -15.022), (22.183, -15.022)]
909;8;;;0;10,34;[377, 1104, 1114, 1112, 1109, 1115, 1117, 1119, 379];[(24.457, -20.163), (24.457, -16.297), (23.918, -16.282), (22.353, -16.282), (21.791, -16.282), (21.791, -16.535), (21.791, -17.368), (21.791, -19.63), (21.811, -20.163)]
910;8;110;;0;13,43;[373, 1087, 1086, 1071, 1069, 1067, 1065, 1105, 1103, 375];[(27.306, -20.163), (27.31, -15.561), (26.828, -15.561), (26.828, -15.103), (26.106, -15.103), (25.331, -15.103), (24.608, -15.103), (24.612, -16.172), (24.612, -16.297), (24.612, -20.163)]
911;8;109;Аудитория;0;41,66;[369, 1072, 1075, 1092, 1093, 1079, 1084, 1077, 1085, 1089, 1088, 371];[(36.097, -20.163), (36.109, -15.334), (33.132, -15.334), (33.132, -15.566), (32.324, -15.566), (32.324, -15.334), (29.834, -15.334), (28.95, -15.334), (27.603, -15.334), (27.603, -15.561), (27.424, -15.561), (27.433, -20.163)]
912;1;;;0;30,43;[1051, 1061, 1063, 1062, 1066, 1068, 1070, 1078, 1081, 1076, 1082, 1083, 1080, 1091, 1090, 1074, 1073, 1096, 1098, 1100, 1494, 1496, 1498, 1500, 1502, 1504, 1506, 1508, 1511, 1513, 1522, 1523, 1596, 1594, 1057, 1059, 1054];[(22.183, -14.815), (24.466, -14.815), (24.608, -14.815), (24.608, -15.022), (25.331, -15.022), (26.106, -15.022), (26.828, -15.022), (26.828, -14.857), (27.603, -14.857), (27.603, -14.985), (28.95, -14.985), (29.834, -14.985), (32.324, -14.985), (32.324, -14.843), (33.132, -14.843), (33.132, -14.985), (36.109, -14.985), (36.109, -14.602), (36.109, -13.074), (36.109, -12.829), (34.933, -12.829), (33.899, -12.829), (33.734, -12.829), (33.593, -12.829), (29.995, -12.829), (29.019, -12.829), (24.515, -12.829), (24.352, -12.829), (23.446, -12.829), (22.074, -12.829), (22.074, -13.041), (21.6, -13.041), (21.607, -13.195), (21.607, -14.483), (21.607, -14.607), (22.079, -14.607), (22.079, -14.815)]
913;1;;;0;0,29;[1146, 1478, 1480, 1144];[(44.526, -14.985), (45.155, -12.813), (45.002, -12.813), (44.409, -14.985)]
914;1;;;0;2,18;[1179, 1452, 1456, 1177];[(53.696, -14.83), (53.991, -12.813), (53.217, -12.813), (52.307, -14.83)]
915;1;;;0;1,04;[1198, 1264, 1265, 1197];[(63.984, -14.642), (63.968, -12.961), (63.307, -12.961), (63.404, -14.642)]
916;1;;;0;17,39;[1097, 1095, 1124, 1126, 1128, 1130, 1132, 1136, 1137, 1134, 1140, 1142, 1144, 1480, 1482, 1484, 1486, 1488, 1490, 1492, 1101, 1099];[(36.648, -14.602), (36.648, -14.985), (37.342, -14.985), (38.247, -14.985), (38.941, -14.985), (39.07, -14.985), (41.399, -14.985), (41.399, -14.855), (42.198, -14.855), (42.198, -14.985), (43.503, -14.985), (44.315, -14.985), (44.409, -14.985), (45.002, -12.813), (43.391, -12.813), (42.344, -12.813), (42.039, -12.813), (41.898, -12.813), (38.264, -12.813), (37.253, -12.813), (36.648, -12.829), (36.648, -13.074)]
917;1;;;0;17,13;[1147, 1155, 1165, 1167, 1169, 1177, 1456, 1453, 1460, 1470, 1472, 1474, 1476, 1478, 1146];[(46.878, -14.985), (47.678, -14.985), (48.249, -14.985), (49.629, -14.985), (52.307, -14.985), (52.307, -14.83), (53.217, -12.813), (51.228, -12.813), (51.081, -12.813), (49.117, -12.813), (48.953, -12.813), (48.87, -12.813), (47.859, -12.813), (45.155, -12.813), (44.526, -14.985)]
918;1;;;0;20,59;[1178, 1182, 1183, 1181, 1187, 1189, 1191, 1193, 1195, 1197, 1265, 1261, 1438, 1436, 1434, 1433, 1440, 1442, 1444, 1446, 1448, 1450, 1452, 1179, 1173];[(57.787, -14.985), (57.787, -14.862), (58.562, -14.862), (58.562, -14.985), (59.624, -14.985), (60.514, -14.985), (61.094, -14.985), (61.2, -14.985), (63.404, -14.985), (63.404, -14.642), (63.307, -12.961), (63.307, -12.822), (62.483, -12.813), (61.171, -12.813), (60.282, -12.813), (59.449, -12.813), (57.656, -12.813), (56.666, -12.813), (56.48, -12.813), (56.303, -12.813), (56.108, -12.813), (55.108, -12.813), (53.991, -12.813), (53.696, -14.83), (53.696, -14.985)]
919;1;;;0;18,89;[1196, 1205, 1207, 1209, 1211, 1213, 1215, 1217, 1219, 1221, 1223, 1225, 1233, 1235, 1237, 1241, 1243, 1246, 1248, 1249, 1253, 1255, 1257, 1263, 1264, 1198];[(63.984, -14.811), (64.784, -14.811), (65.689, -14.811), (67.947, -14.811), (69.605, -14.811), (69.816, -14.811), (70.298, -14.811), (71.357, -14.811), (71.921, -14.811), (72.309, -14.811), (72.427, -14.811), (73.532, -14.811), (73.532, -14.543), (73.532, -13.33), (73.532, -12.822), (71.063, -12.822), (70.975, -12.822), (68.76, -12.822), (67.957, -12.822), (66.261, -12.822), (66.046, -12.822), (65.722, -12.822), (64.86, -12.822), (64.86, -12.961), (63.968, -12.961), (63.984, -14.642)]
920;1;;;0;3,31;[325, 1238, 1236, 1234, 1227, 331, 329, 327];[(75.329, -12.815), (73.685, -12.822), (73.685, -13.33), (73.685, -14.543), (73.685, -14.811), (75.329, -14.847), (75.329, -14.677), (75.329, -12.95)]
921;20;;Медицинский кабинет;0;13,88;[333, 1228, 1226, 1224, 1230, 1232, 339, 335];[(75.329, -15.372), (73.685, -15.385), (73.532, -15.385), (72.427, -15.385), (72.427, -16.913), (72.427, -17.795), (72.429, -20.163), (75.329, -20.163)]
922;20;105;;0;11,89;[341, 1231, 1229, 1222, 1220, 1218, 1216, 1214, 343];[(72.282, -20.163), (72.309, -17.795), (72.309, -16.913), (72.309, -15.385), (71.921, -15.385), (71.357, -15.385), (70.298, -15.385), (69.816, -15.385), (69.813, -20.163)]
923;8;105а;;0;26,87;[345, 1212, 1210, 1208, 1206, 1200, 347];[(69.607, -20.163), (69.605, -15.385), (67.947, -15.385), (65.689, -15.385), (64.784, -15.385), (63.984, -15.385), (63.982, -20.163)]
924;17;;;0;10,99;[349, 1199, 1194, 1192, 1203, 1201, 351];[(63.414, -20.163), (63.404, -15.385), (63.404, -15.115), (61.2, -15.115), (61.255, -19.359), (61.255, -20.065), (61.255, -20.163)]
925;17;106;;0;68,84;[353, 1202, 1204, 1190, 1188, 1186, 1180, 1185, 1184, 1171, 1174, 1172, 1176, 1175, 1170, 1168, 1166, 1164, 1162, 1161, 355];[(61.114, -20.163), (61.114, -20.065), (61.114, -19.359), (61.094, -15.115), (60.514, -15.115), (59.624, -15.115), (58.562, -15.115), (58.562, -15.572), (57.787, -15.572), (57.787, -15.115), (53.696, -15.115), (53.091, -15.115), (53.091, -15.523), (52.307, -15.523), (52.307, -15.115), (49.629, -15.115), (48.249, -15.115), (47.678, -15.115), (47.678, -15.588), (47.313, -15.588), (47.286, -20.163)]
926;8;;;0;12,56;[357, 1151, 1153, 1150, 1149, 1154, 1152, 359];[(47.159, -20.163), (47.184, -15.588), (46.878, -15.588), (46.878, -15.376), (44.526, -15.376), (44.526, -16.17), (44.526, -16.954), (44.549, -20.163)]
927;8;108;;0;26,52;[361, 1163, 1156, 1148, 1145, 1143, 1141, 1135, 1139, 1138, 1133, 1131, 363];[(44.394, -20.163), (44.409, -16.954), (44.409, -16.17), (44.409, -15.376), (44.409, -15.118), (44.315, -15.118), (43.503, -15.118), (42.198, -15.118), (42.198, -15.6), (41.399, -15.6), (41.399, -15.118), (39.07, -15.118), (39.074, -20.163)]
928;8;108а;;0;11,55;[365, 1129, 1127, 1125, 1102, 1094, 367];[(38.933, -20.163), (38.941, -15.118), (38.247, -15.118), (37.342, -15.118), (36.648, -15.118), (36.648, -15.334), (36.647, -20.163)]
929;1;;;0;10,42;[1254, 1297, 1295, 1282, 1280, 1278, 1276, 1274, 1266, 1260, 1258, 1256];[(66.046, -12.317), (66.043, -12.026), (66.043, -11.223), (66.043, -7.293), (65.912, -7.293), (65.667, -7.293), (64.491, -7.293), (64.066, -7.293), (63.968, -7.293), (63.968, -12.317), (64.86, -12.317), (65.722, -12.317)]
930;8;104;;0;24,11;[1244, 1300, 1302, 1288, 1286, 1284, 1296, 1298, 1252, 1251, 1250, 1247, 1245];[(70.975, -12.144), (70.975, -9.646), (70.975, -8.823), (70.966, -7.293), (66.859, -7.293), (66.247, -7.293), (66.247, -11.223), (66.247, -12.026), (66.261, -12.317), (67.957, -12.317), (68.76, -12.317), (68.76, -12.483), (70.975, -12.483)]
931;8;;;0;20,75;[315, 1294, 1292, 1290, 1301, 1299, 1242, 1239, 1240, 323, 321, 319, 316];[(75.148, -7.278), (73.456, -7.293), (72.496, -7.293), (71.046, -7.293), (71.063, -8.823), (71.063, -9.646), (71.063, -12.144), (73.532, -12.144), (73.685, -12.144), (75.329, -12.171), (75.329, -11.223), (75.329, -10.36), (75.329, -7.278)]
932;5;;Обеденный зал;0;213,47;[307, 1426, 1420, 1424, 1427, 1425, 1417, 1384, 1386, 1388, 1322, 1321, 1319, 1317, 1315, 1313, 1311, 1309, 1307, 1305, 1303, 1272, 1277, 1275, 1270, 1268, 1279, 1283, 1281, 1285, 1287, 1289, 1291, 1576, 1577, 1293, 313, 311, 309];[(75.148, 10.183), (73.3, 10.175), (72.311, 10.175), (71.703, 10.175), (70.932, 10.175), (70.932, 10.91), (71.207, 10.91), (71.207, 13.687), (70.676, 13.687), (68.349, 13.687), (63.827, 13.695), (63.827, 11.143), (63.827, 10.391), (63.827, 7.369), (63.827, 7.016), (63.827, 2.983), (63.827, 2.842), (63.827, -0.086), (63.827, -0.204), (63.827, -3.767), (63.827, -4.025), (63.827, -5.272), (64.066, -5.272), (64.066, -6.545), (64.491, -6.545), (65.667, -6.545), (65.912, -6.545), (65.912, -5.876), (66.859, -5.876), (66.859, -6.545), (70.966, -6.545), (71.046, -6.545), (72.496, -6.545), (72.496, -5.887), (73.456, -5.887), (73.456, -6.545), (75.148, -6.561), (75.148, -5.444), (75.148, -4.28)]
933;1;;;0;5,99;[203, 204, 1614, 1613, 1271, 1429, 1418, 210, 208, 205];[(60.282, -6.517), (60.282, -7.211), (60.282, -7.983), (63.307, -7.983), (63.307, -5.998), (62.375, -6.003), (61.023, -6.003), (60.739, -6.003), (60.608, -6.003), (60.282, -6.003)]
934;1;;;0;3,22;[211, 1428, 1430, 1273, 1304, 217, 215, 213];[(60.739, -5.276), (61.023, -5.276), (62.375, -5.276), (63.307, -5.272), (63.307, -4.025), (60.739, -4.018), (60.739, -4.116), (60.739, -5.121)]
935;2;;;0;18,23;[219, 1306, 1308, 228, 226, 224, 221, 218];[(60.739, -3.765), (63.307, -3.767), (63.307, -0.204), (58.183, -0.213), (58.183, -0.842), (58.183, -1.773), (58.183, -3.765), (60.608, -3.765)]
936;2;;;0;15,01;[230, 1310, 1312, 236, 234, 232];[(58.183, -0.099), (63.307, -0.086), (63.307, 2.842), (58.183, 2.832), (58.183, 2.775), (58.183, 1.844)]
937;2;;;0;20,60;[238, 1314, 1316, 244, 242, 240];[(58.183, 2.996), (63.307, 2.983), (63.307, 7.016), (58.183, 7.005), (58.183, 5.543), (58.183, 4.555)]
938;2;;;0;19,85;[246, 1318, 1320, 1323, 260, 256, 254, 252, 249, 247];[(58.183, 7.373), (63.307, 7.369), (63.307, 10.391), (63.178, 10.391), (57.187, 10.394), (56.738, 10.394), (56.738, 9.863), (56.738, 8.516), (56.738, 7.373), (57.946, 7.373)]
939;1;;;0;3,74;[261, 1616, 1615, 266, 264, 262];[(57.187, 11.08), (58.502, 11.094), (58.502, 13.933), (57.187, 13.929), (57.187, 12.77), (57.187, 11.986)]
940;1;;;0;5,91;[1329, 1362, 1364, 1358, 1356, 1345, 1347, 1341, 1339, 1337, 1334, 1332, 1330];[(63.251, 14.33), (63.251, 16.502), (63.251, 17.506), (63.254, 17.61), (63.009, 17.61), (62.217, 17.61), (61.449, 17.61), (61.449, 17.046), (61.449, 16.74), (61.449, 15.94), (61.449, 14.33), (62.108, 14.33), (62.931, 14.33)]
941;2;;;0;12,21;[268, 1336, 1338, 1340, 1342, 1351, 1350, 1348, 270];[(57.187, 14.346), (61.32, 14.33), (61.32, 15.94), (61.32, 16.74), (61.32, 17.046), (60.791, 17.046), (60.7, 17.046), (60.7, 17.328), (57.187, 17.343)]
942;6;;Мясной цех;0;24,23;[272, 1346, 1353, 1354, 1355, 1349, 1343, 1344, 1357, 1365, 274];[(57.187, 17.49), (60.7, 17.493), (60.791, 17.493), (60.791, 17.61), (60.791, 17.798), (61.449, 17.798), (62.217, 17.798), (63.009, 17.798), (63.254, 17.798), (63.254, 21.603), (57.187, 21.615)]
943;6;;;0;14,65;[276, 1367, 1369, 1371, 281, 278];[(57.187, 21.752), (63.254, 21.75), (63.254, 22.004), (63.254, 22.787), (63.282, 24.163), (57.187, 24.163)]
944;6;;Кухня;0;74,73;[283, 1372, 1370, 1368, 1366, 1359, 1360, 1363, 1361, 1328, 1387, 1385, 1383, 1381, 1379, 1389, 1391, 1393, 1399, 1400, 1395, 1396, 1401, 1403, 1405, 1411, 1413, 1409, 1407, 1414, 285];[(63.782, 24.163), (63.817, 22.787), (63.817, 22.004), (63.817, 21.75), (63.817, 21.603), (63.817, 17.798), (63.817, 17.61), (63.827, 17.506), (63.827, 16.502), (63.827, 14.33), (68.349, 14.287), (70.676, 14.287), (71.207, 14.287), (71.288, 14.287), (71.288, 15.649), (71.288, 16.501), (71.288, 16.697), (71.288, 17.148), (70.945, 17.148), (70.945, 17.863), (71.288, 17.863), (71.541, 17.863), (71.541, 18.735), (71.541, 19.539), (71.541, 20.597), (70.991, 20.597), (70.991, 21.332), (71.581, 21.332), (71.581, 22.183), (71.581, 23.152), (71.581, 24.163)]
945;6;;Моечная посуды;0;15,14;[295, 1408, 1406, 1404, 1402, 1398, 1397, 1394, 1392, 297];[(75.148, 21.142), (71.767, 21.136), (71.767, 20.597), (71.767, 19.539), (71.767, 18.735), (71.767, 17.863), (71.767, 17.148), (71.541, 17.148), (71.541, 16.697), (75.148, 16.686)]
946;6;;;0;7,98;[299, 1390, 1382, 1377, 1375, 1373, 301];[(75.148, 16.497), (71.541, 16.501), (71.541, 15.649), (71.541, 14.287), (72.236, 14.287), (73.98, 14.287), (75.148, 14.287)]
947;6;;;0;9,56;[287, 1415, 1412, 1410, 293, 289];[(71.767, 24.163), (71.767, 23.152), (71.767, 22.183), (71.767, 21.332), (75.148, 21.341), (75.148, 24.163)]
948;6;;;0;12,31;[303, 1374, 1376, 1378, 1380, 1416, 1422, 1423, 1421, 1419, 305];[(75.148, 13.687), (73.98, 13.687), (72.236, 13.687), (71.541, 13.687), (71.419, 13.687), (71.419, 10.91), (71.703, 10.91), (71.703, 10.342), (72.311, 10.342), (73.3, 10.342), (75.148, 10.348)]
949;3;;;0;14,08;[198, 1467, 1468, 1443, 1441, 1439, 1431, 1267, 200];[(56.722, -7.211), (56.722, -10.66), (56.481, -10.66), (56.48, -12.234), (56.666, -12.234), (57.656, -12.234), (59.449, -12.234), (59.449, -12.009), (59.449, -7.211)]
950;3;;;0;12,53;[194, 1464, 1462, 1458, 1457, 1451, 1449, 1447, 1445, 1469, 1466, 196];[(53.643, -7.211), (53.638, -10.902), (53.638, -11.01), (53.638, -11.647), (53.991, -11.647), (53.991, -12.234), (55.108, -12.234), (56.108, -12.234), (56.303, -12.234), (56.299, -10.66), (56.117, -10.66), (56.117, -7.211)]
951;8;;;0;7,33;[190, 1571, 1569, 1573, 1575, 1465, 192];[(51.218, -7.211), (51.228, -9.981), (51.228, -10.887), (51.53, -10.887), (52.346, -10.887), (53.217, -10.902), (53.219, -7.211)]
952;3;;;0;2,44;[1454, 1455, 1459, 1463, 1574, 1572, 1563];[(51.228, -12.234), (53.217, -12.234), (53.217, -11.647), (53.217, -11.01), (52.346, -11.01), (51.53, -11.01), (51.228, -11.01)]
953;8;;;0;16,33;[186, 1559, 1566, 1567, 1561, 1471, 1461, 1562, 1568, 1570, 188];[(47.29, -7.211), (47.29, -9.88), (47.733, -10.295), (48.306, -10.865), (49.113, -11.668), (49.117, -12.234), (51.081, -12.234), (51.081, -11.01), (51.081, -10.887), (51.081, -9.981), (51.063, -7.211)]
954;8;103;;0;12,73;[184, 182, 1479, 1477, 1475, 1473, 1560, 1564, 1565, 1558];[(47.168, -7.211), (45.143, -7.211), (45.155, -12.234), (47.859, -12.234), (48.87, -12.234), (48.953, -12.234), (48.943, -11.668), (48.208, -10.938), (47.643, -10.378), (47.182, -9.928)]
955;17;102;;0;14,91;[178, 1487, 1485, 1483, 1481, 180];[(42.032, -7.211), (42.039, -12.234), (42.344, -12.234), (43.391, -12.234), (45.002, -12.234), (45.004, -7.211)]
956;17;101;;0;26,45;[174, 1122, 1493, 1491, 1489, 176];[(36.618, -7.211), (36.648, -12.229), (37.253, -12.234), (38.264, -12.234), (41.898, -12.234), (41.901, -7.211)]
957;8;100б;;0;12,39;[170, 1499, 1497, 1495, 1121, 1123, 172];[(33.746, -7.211), (33.734, -12.229), (33.899, -12.229), (34.933, -12.229), (36.109, -12.229), (36.21, -12.229), (36.21, -7.211)]
958;17;100а;;0;45,56;[166, 1507, 1505, 1503, 1501, 168];[(24.508, -7.211), (24.515, -12.229), (29.019, -12.229), (29.995, -12.229), (33.593, -12.229), (33.59, -7.211)]
959;8;100;;0;11,98;[1543, 1541, 1531, 1528, 1517, 1516, 1515, 1512, 1510, 1509, 164, 162, 1545];[(21.947, -9.883), (21.947, -10.039), (22.074, -10.039), (22.074, -10.994), (22.074, -12.015), (22.074, -12.202), (23.446, -12.202), (23.446, -12.48), (24.352, -12.48), (24.352, -12.229), (24.351, -7.211), (21.94, -7.211), (21.947, -9.075)]
960;17;;;0;8,74;[158, 1538, 1530, 1540, 1542, 1544, 160];[(18.726, -7.211), (18.726, -10.039), (20.237, -10.039), (21.82, -10.039), (21.82, -9.883), (21.82, -9.075), (21.813, -7.211)]
961;100;;;0;0,36;[540, 1597, 1598, 542];[(-64.753, -8.601), (-64.735, -11.635), (-64.617, -11.635), (-64.636, -8.601)]
962;100;;;0;0,01;[1597, 1599, 1600, 1598];[(-64.735, -11.635), (-64.734, -11.748), (-64.616, -11.748), (-64.617, -11.635)]
963;100;;;0;0,05;[1590, 1589, 1601, 1602];[(-59.544, -10.823), (-59.909, -10.823), (-59.909, -10.961), (-59.544, -10.961)]
964;100;;;0;0,04;[1602, 1601, 1603, 1604];[(-59.544, -10.961), (-59.909, -10.961), (-59.909, -11.072), (-59.544, -11.072)]
965;100;;;0;0,13;[1606, 1603, 1601, 1605];[(-61.061, -11.096), (-59.909, -11.072), (-59.909, -10.961), (-61.061, -10.985)]
966;1;;;0;11,06;[501, 503, 505, 507, 509, 511, 566, 564, 1603, 1606, 1600, 571, 569, 499];[(-64.311, -13.694), (-63.447, -13.694), (-63.024, -13.694), (-62.804, -13.694), (-60.064, -13.694), (-59.946, -13.694), (-59.909, -12.594), (-59.909, -11.183), (-59.909, -11.072), (-61.061, -11.096), (-64.616, -11.748), (-64.615, -11.86), (-64.615, -12.65), (-64.615, -13.694)]
967;100;;;0;0,40;[1600, 1606, 1605, 1598];[(-64.616, -11.748), (-61.061, -11.096), (-61.061, -10.985), (-64.617, -11.635)]
968;1;;;0;11,31;[1608, 1607, 943, 941, 996, 998, 1529, 1533, 1535, 1537];[(18.048, -10.341), (12.167, -10.341), (12.167, -10.912), (11.766, -10.912), (11.775, -12.323), (12.175, -12.323), (18.048, -12.015), (18.048, -11.884), (18.048, -11.157), (18.048, -10.994)]
969;9;;;0;14,36;[1609, 1610, 944, 1607, 1608, 1539];[(18.051, -7.9), (12.167, -7.9), (12.167, -9.236), (12.167, -10.341), (18.048, -10.341), (18.048, -10.039)]
970;200;;TITLE;0;4,00;[1619, 1620, 1622, 1621];[(-1.0, 21.679), (1.0, 21.679), (1.0, 23.679), (-1.0, 23.679)]
971;1;;;0;5,01;[1611, 1612, 1269, 1432, 1435, 1437, 1262];[(63.307, -10.579), (60.282, -10.579), (60.282, -12.009), (60.282, -12.234), (61.171, -12.234), (62.483, -12.234), (63.307, -12.231)]
972;9;;;0;7,85;[1613, 1614, 1612, 1611];[(63.307, -7.983), (60.282, -7.983), (60.282, -10.579), (63.307, -10.579)]
973;9;;;0;9,67;[1615, 1616, 1618, 1617, 1333, 1335];[(58.502, 13.933), (58.502, 11.094), (61.922, 11.13), (61.922, 13.942), (61.449, 13.942), (61.32, 13.942)]
974;1;;;0;3,52;[1617, 1618, 1324, 1325, 1327, 1326, 1331];[(61.922, 13.942), (61.922, 11.13), (63.178, 11.143), (63.178, 13.695), (63.178, 13.942), (62.931, 13.942), (62.108, 13.942)]
975;200;;ВХОД;0;4,00;[1623, 1624, 1626, 1625];[(-18.512, -26.306), (-16.512, -26.306), (-16.512, -24.306), (-18.512, -24.306)]
