ID;roomID;roomNo;Description;areClosed;Area (m2);Vertex_Indices;World_Coords_XY
0;100;;;0;0,56;[3, 2, 0, 1];[(-25.038, 36.837), (-24.294, 36.837), (-24.294, 37.593), (-25.038, 37.593)]
1;100;;;0;1,93;[0, 2, 5, 4];[(-24.294, 37.593), (-24.294, 36.837), (-21.737, 36.837), (-21.737, 37.593)]
2;100;;;0;0,31;[4, 5, 7, 6];[(-21.737, 37.593), (-21.737, 36.837), (-21.325, 36.837), (-21.325, 37.593)]
3;100;;;0;2,56;[6, 7, 9, 8];[(-21.325, 37.593), (-21.325, 36.837), (-17.943, 36.837), (-17.943, 37.593)]
4;100;;;0;0,11;[8, 9, 11, 10];[(-17.943, 37.593), (-17.943, 36.837), (-17.8, 36.837), (-17.8, 37.593)]
5;100;;;0;2,59;[10, 11, 13, 12];[(-17.8, 37.593), (-17.8, 36.837), (-14.378, 36.837), (-14.378, 37.593)]
6;100;;;0;0,31;[12, 13, 15, 14];[(-14.378, 37.593), (-14.378, 36.837), (-13.969, 36.837), (-13.969, 37.593)]
7;100;;;0;2,10;[14, 15, 17, 16];[(-13.969, 37.593), (-13.969, 36.837), (-11.186, 36.837), (-11.186, 37.593)]
8;100;;;0;0,13;[16, 17, 19, 18];[(-11.186, 37.593), (-11.186, 36.837), (-11.016, 36.837), (-11.016, 37.593)]
9;100;;;0;2,15;[18, 19, 21, 20];[(-11.016, 37.593), (-11.016, 36.837), (-8.179, 36.837), (-8.179, 37.593)]
10;100;;;0;0,28;[20, 21, 23, 22];[(-8.179, 37.593), (-8.179, 36.837), (-7.811, 36.837), (-7.811, 37.593)]
11;100;;;0;4,38;[22, 23, 25, 24];[(-7.811, 37.593), (-7.811, 36.837), (-2.014, 36.837), (-2.014, 37.593)]
12;100;;;0;0,54;[24, 25, 27, 26];[(-2.014, 37.593), (-2.014, 36.837), (-1.299, 36.837), (-1.299, 37.593)]
13;100;;;0;2,70;[27, 25, 28, 29];[(-1.299, 36.837), (-2.014, 36.837), (-2.014, 33.062), (-1.299, 33.062)]
14;100;;;0;0,10;[29, 28, 30, 31];[(-1.299, 33.062), (-2.014, 33.062), (-2.014, 32.924), (-1.299, 32.924)]
15;100;;;0;1,02;[31, 30, 32, 33];[(-1.299, 32.924), (-2.014, 32.924), (-2.014, 31.491), (-1.299, 31.491)]
16;100;;;0;0,10;[33, 32, 34, 35];[(-1.299, 31.491), (-2.014, 31.491), (-2.014, 31.353), (-1.299, 31.353)]
17;100;;;0;1,91;[35, 34, 36, 37];[(-1.299, 31.353), (-2.014, 31.353), (-2.014, 28.684), (-1.299, 28.684)]
18;100;;;0;0,32;[37, 36, 38, 39];[(-1.299, 28.684), (-2.014, 28.684), (-2.014, 28.235), (-1.299, 28.235)]
19;100;;;0;0,32;[41, 40, 42, 43];[(-1.299, 22.698), (-2.014, 22.698), (-2.014, 22.249), (-1.299, 22.249)]
20;100;;;0;0,18;[43, 42, 44, 45];[(-1.299, 22.249), (-2.014, 22.249), (-2.014, 21.996), (-1.299, 21.996)]
21;1;;;0;0,73;[45, 44, 46, 47];[(-1.299, 21.996), (-2.014, 21.996), (-2.014, 20.975), (-1.299, 20.975)]
22;100;;;0;0,23;[47, 46, 48, 49];[(-1.299, 20.975), (-2.014, 20.975), (-2.014, 20.649), (-1.299, 20.649)]
23;1;;;0;0,69;[49, 48, 50, 51];[(-1.299, 20.649), (-2.014, 20.649), (-2.014, 19.677), (-1.299, 19.677)]
24;100;;;0;0,26;[51, 50, 52, 53];[(-1.299, 19.677), (-2.014, 19.677), (-2.014, 19.31), (-1.299, 19.31)]
25;100;;;0;0,17;[53, 52, 54, 55];[(-1.299, 19.31), (-2.014, 19.31), (-2.014, 19.073), (-1.299, 19.073)]
26;100;;;0;3,75;[55, 54, 56, 57];[(-1.299, 19.073), (-2.014, 19.073), (-2.014, 13.831), (-1.299, 13.831)]
27;100;;;0;0,29;[57, 56, 58, 59];[(-1.299, 13.831), (-2.014, 13.831), (-2.014, 13.422), (-1.299, 13.422)]
28;100;;;0;4,37;[59, 58, 60, 61];[(-1.299, 13.422), (-2.014, 13.422), (-2.014, 7.313), (-1.299, 7.313)]
29;100;;;0;0,28;[61, 60, 62, 63];[(-1.299, 7.313), (-2.014, 7.313), (-2.014, 6.921), (-1.299, 6.921)]
30;100;;;0;1,59;[63, 62, 64, 65];[(-1.299, 6.921), (-2.014, 6.921), (-2.014, 4.7), (-1.299, 4.7)]
31;100;;;0;0,18;[65, 64, 66, 67];[(-1.299, 4.7), (-2.014, 4.7), (-2.014, 4.455), (-1.299, 4.455)]
32;100;;;0;0,36;[67, 66, 68, 69];[(-1.299, 4.455), (-2.014, 4.455), (-2.014, 3.948), (-1.299, 3.948)]
33;1;;;0;0,94;[69, 68, 70, 71];[(-1.299, 3.948), (-2.014, 3.948), (-2.014, 2.634), (-1.299, 2.634)]
34;100;;;0;0,07;[71, 70, 72, 73];[(-1.299, 2.634), (-2.014, 2.634), (-2.014, 2.536), (-1.299, 2.536)]
35;100;;;0;0,30;[73, 72, 74, 75];[(-1.299, 2.536), (-2.014, 2.536), (-2.014, 2.119), (-1.299, 2.119)]
36;100;;;0;2,23;[75, 74, 2513, 76, 77];[(-1.299, 2.119), (-2.014, 2.119), (-2.014, 0.776), (-2.014, -1.008), (-1.299, -1.008)]
37;100;;;0;0,53;[77, 76, 78, 79];[(-1.299, -1.008), (-2.014, -1.008), (-2.014, -1.743), (-1.299, -1.743)]
38;100;;;0;1,00;[77, 79, 81, 80];[(-1.299, -1.008), (-1.299, -1.743), (0.065, -1.743), (0.065, -1.008)]
39;100;;;0;0,23;[80, 81, 83, 82];[(0.065, -1.008), (0.065, -1.743), (0.383, -1.743), (0.383, -1.008)]
40;100;;;0;0,04;[82, 83, 85, 84];[(0.383, -1.008), (0.383, -1.743), (0.44, -1.743), (0.44, -1.008)]
41;2;;;0;0,78;[84, 85, 87, 86];[(0.44, -1.008), (0.44, -1.743), (1.502, -1.743), (1.502, -1.008)]
42;100;;;0;0,15;[86, 87, 89, 88];[(1.502, -1.008), (1.502, -1.743), (1.711, -1.743), (1.711, -1.008)]
43;100;;;0;0,21;[88, 89, 91, 90];[(1.711, -1.008), (1.711, -1.743), (1.995, -1.743), (1.995, -1.008)]
44;100;;;0;3,33;[90, 91, 93, 92];[(1.995, -1.008), (1.995, -1.743), (6.367, -1.743), (6.69, -1.008)]
45;100;;;0;0,20;[980, 981, 987, 986];[(-13.209, -12.226), (-13.209, -11.075), (-13.386, -11.075), (-13.386, -12.226)]
46;100;;;0;1,37;[954, 953, 97, 96];[(9.113, -3.242), (8.833, -3.949), (10.906, -3.949), (10.906, -3.242)]
47;100;;;0;0,52;[96, 97, 99, 98];[(10.906, -3.242), (10.906, -3.949), (11.643, -3.949), (11.643, -3.242)]
48;100;;;0;1,66;[99, 97, 100, 101];[(11.643, -3.949), (10.906, -3.949), (10.906, -6.194), (11.643, -6.194)]
49;100;;;0;0,21;[101, 100, 102, 103];[(11.643, -6.194), (10.906, -6.194), (10.952, -6.58), (11.643, -6.381)]
50;100;;;0;1,99;[103, 102, 104, 105];[(11.643, -6.381), (10.952, -6.58), (13.016, -8.803), (13.787, -8.689)]
51;100;;;0;8,18;[109, 107, 105, 104, 921, 959, 918, 919];[(13.787, -12.219), (13.787, -11.672), (13.787, -8.689), (13.016, -8.803), (13.016, -11.075), (8.539, -11.075), (8.222, -11.075), (8.222, -12.226)]
52;100;;;0;0,04;[922, 106, 923, 924];[(3.328, -6.83), (3.464, -6.83), (3.464, -6.571), (3.328, -6.571)]
53;100;;;0;1,05;[107, 109, 111, 110];[(13.787, -11.672), (13.787, -12.219), (15.702, -12.219), (15.702, -11.672)]
54;100;;;0;0,08;[110, 111, 113, 112];[(15.702, -11.672), (15.702, -12.219), (15.843, -12.219), (15.843, -11.672)]
55;100;;;0;3,40;[112, 113, 115, 114];[(15.843, -11.672), (15.843, -12.219), (21.977, -12.219), (22.154, -11.672)]
56;100;;;0;6,64;[114, 115, 123, 124, 122, 121, 120, 119, 118, 117, 116];[(22.154, -11.672), (21.977, -12.219), (21.977, -13.746), (22.392, -13.746), (23.091, -13.746), (24.205, -14.762), (24.205, -15.578), (24.338, -15.578), (24.943, -15.424), (27.206, -17.623), (27.682, -17.11)]
57;100;;;0;0,12;[116, 117, 126, 125];[(27.682, -17.11), (27.206, -17.623), (27.328, -17.741), (27.804, -17.228)]
58;100;;;0;2,06;[125, 126, 128, 127];[(27.804, -17.228), (27.328, -17.741), (29.364, -19.714), (30.025, -19.405)]
59;100;;;0;0,10;[127, 128, 129];[(30.025, -19.405), (29.364, -19.714), (30.025, -19.714)]
60;100;;;0;0,23;[129, 128, 130, 131];[(30.025, -19.714), (29.364, -19.714), (29.364, -20.06), (30.025, -20.06)]
61;100;;;0;0,11;[131, 130, 132, 133];[(30.025, -20.06), (29.364, -20.06), (29.364, -20.218), (30.025, -20.218)]
62;100;;;0;2,93;[133, 132, 134, 135];[(30.025, -20.218), (29.364, -20.218), (29.364, -24.647), (30.025, -24.647)]
63;100;;;0;0,09;[135, 134, 136, 137];[(30.025, -24.647), (29.364, -24.647), (29.364, -24.784), (30.025, -24.784)]
64;100;;;0;2,72;[137, 136, 138, 139];[(30.025, -24.784), (29.364, -24.784), (29.364, -28.89), (30.025, -28.89)]
65;100;;;0;0,08;[139, 138, 140, 141];[(30.025, -28.89), (29.364, -28.89), (29.364, -29.008), (30.025, -29.008)]
66;100;;;0;0,08;[141, 140, 142, 143];[(30.025, -29.008), (29.364, -29.008), (29.364, -29.125), (30.025, -29.125)]
67;1;;;0;0,99;[143, 142, 144, 145];[(30.025, -29.125), (29.364, -29.125), (29.364, -30.615), (30.025, -30.615)]
68;100;;;0;0,77;[145, 144, 146, 147];[(30.025, -30.615), (29.364, -30.615), (29.364, -31.771), (30.025, -31.771)]
69;1;;;0;0,96;[147, 146, 148, 149];[(30.025, -31.771), (29.364, -31.771), (29.364, -33.221), (30.025, -33.221)]
70;1;;;0;5,45;[2495, 1412, 1414, 2494];[(29.364, -39.589), (22.376, -39.593), (22.376, -40.416), (29.364, -40.325)]
71;100;;;0;0,25;[151, 150, 152, 153];[(30.025, -45.721), (29.364, -45.721), (29.364, -46.102), (30.025, -46.102)]
72;100;;;0;0,09;[153, 152, 154, 155];[(30.025, -46.102), (29.364, -46.102), (29.364, -46.245), (30.025, -46.245)]
73;1;;;0;1,35;[155, 154, 156, 157];[(30.025, -46.245), (29.364, -46.245), (29.364, -48.286), (30.025, -48.286)]
74;100;;;0;0,28;[157, 156, 158, 159];[(30.025, -48.286), (29.364, -48.286), (29.364, -48.708), (30.025, -48.708)]
75;100;;;0;0,35;[159, 158, 160, 161];[(30.025, -48.708), (29.364, -48.708), (29.364, -49.239), (30.025, -49.239)]
76;100;;;0;1,25;[160, 158, 162, 163];[(29.364, -49.239), (29.364, -48.708), (27.007, -48.708), (27.007, -49.239)]
77;100;;;0;0,13;[163, 162, 164, 165];[(27.007, -49.239), (27.007, -48.708), (26.768, -48.708), (26.768, -49.239)]
78;100;;;0;2,33;[165, 164, 2527, 166, 167];[(26.768, -49.239), (26.768, -48.708), (24.379, -48.708), (22.379, -48.708), (22.379, -49.239)]
79;100;;;0;0,22;[167, 166, 168, 169];[(22.379, -49.239), (22.379, -48.708), (21.97, -48.708), (21.97, -49.239)]
80;100;;;0;1,47;[169, 168, 170, 171];[(21.97, -49.239), (21.97, -48.708), (19.205, -48.708), (19.205, -49.239)]
81;1;;;0;0,70;[171, 170, 172, 173];[(19.205, -49.239), (19.205, -48.708), (17.878, -48.708), (17.878, -49.239)]
82;100;;;0;0,05;[173, 172, 174, 175];[(17.878, -49.239), (17.878, -48.708), (17.779, -48.708), (17.779, -49.239)]
83;1;;;0;0,68;[175, 174, 176, 177];[(17.779, -49.239), (17.779, -48.708), (16.495, -48.708), (16.495, -49.239)]
84;100;;;0;3,23;[177, 176, 178, 179];[(16.495, -49.239), (16.495, -48.708), (10.414, -48.708), (10.414, -49.239)]
85;100;;;0;0,29;[179, 178, 180, 181];[(10.414, -49.239), (10.414, -48.708), (9.864, -48.708), (9.864, -49.239)]
86;100;;;0;0,42;[181, 180, 182, 184, 183];[(9.864, -49.239), (9.864, -48.708), (9.073, -48.708), (9.073, -49.153), (9.073, -49.239)]
87;100;;;0;2,11;[183, 184, 186, 185];[(9.073, -49.239), (9.073, -49.153), (-15.718, -49.153), (-15.718, -49.239)]
88;100;;;0;3,31;[187, 190, 191, 188];[(-15.8, -49.239), (-15.8, -48.691), (-21.835, -48.691), (-21.835, -49.239)]
89;1;;;0;0,80;[188, 191, 193, 192];[(-21.835, -49.239), (-21.835, -48.691), (-23.298, -48.691), (-23.298, -49.239)]
90;100;;;0;0,04;[186, 189, 190, 187, 185];[(-15.718, -49.153), (-15.718, -48.691), (-15.8, -48.691), (-15.8, -49.239), (-15.718, -49.239)]
91;100;;;0;0,04;[192, 193, 195, 194];[(-23.298, -49.239), (-23.298, -48.691), (-23.373, -48.691), (-23.373, -49.239)]
92;1;;;0;0,79;[194, 195, 197, 196];[(-23.373, -49.239), (-23.373, -48.691), (-24.816, -48.691), (-24.816, -49.239)]
93;100;;;0;1,76;[196, 197, 199, 198];[(-24.816, -49.239), (-24.816, -48.691), (-28.033, -48.691), (-28.033, -49.239)]
94;1;;;0;0,82;[198, 199, 201, 200];[(-28.033, -49.239), (-28.033, -48.691), (-29.528, -48.691), (-29.528, -49.239)]
95;100;;;0;0,04;[200, 201, 203, 202];[(-29.528, -49.239), (-29.528, -48.691), (-29.599, -48.691), (-29.599, -49.239)]
96;1;;;0;0,79;[202, 203, 205, 204];[(-29.599, -49.239), (-29.599, -48.691), (-31.038, -48.691), (-31.038, -49.239)]
97;100;;;0;0,07;[204, 205, 207, 206];[(-31.038, -49.239), (-31.038, -48.691), (-31.165, -48.691), (-31.165, -49.239)]
98;100;;;0;0,13;[206, 207, 209, 208];[(-31.165, -49.239), (-31.165, -48.691), (-31.405, -48.691), (-31.405, -49.239)]
99;100;;;0;1,00;[208, 209, 211, 210];[(-31.405, -49.239), (-31.405, -48.691), (-33.225, -48.691), (-33.225, -49.239)]
100;100;;;0;0,21;[210, 211, 213, 212];[(-33.225, -49.239), (-33.225, -48.691), (-33.606, -48.691), (-33.606, -49.239)]
101;100;;;0;3,50;[212, 213, 2531, 2528, 215, 214];[(-33.606, -49.239), (-33.606, -48.691), (-34.96, -48.691), (-38.109, -48.691), (-39.998, -48.691), (-39.998, -49.239)]
102;100;;;0;0,32;[214, 215, 217, 216];[(-39.998, -49.239), (-39.998, -48.691), (-40.591, -48.691), (-40.591, -49.239)]
103;100;;;0;0,29;[217, 215, 218, 219];[(-40.591, -48.691), (-39.998, -48.691), (-39.998, -48.197), (-40.591, -48.197)]
104;1;;;0;0,89;[219, 218, 220, 221];[(-40.591, -48.197), (-39.998, -48.197), (-39.998, -46.701), (-40.591, -46.701)]
105;100;;;0;0,36;[221, 220, 222, 223];[(-40.591, -46.701), (-39.998, -46.701), (-39.998, -46.094), (-40.591, -46.094)]
106;100;;;0;0,25;[223, 222, 224, 225];[(-40.591, -46.094), (-39.998, -46.094), (-39.998, -45.671), (-40.591, -45.671)]
107;100;;;0;0,12;[225, 224, 226, 227];[(-40.591, -45.671), (-39.998, -45.671), (-39.998, -45.474), (-40.591, -45.474)]
108;1;;;0;0,59;[227, 226, 228, 229];[(-40.591, -45.474), (-39.998, -45.474), (-39.998, -44.472), (-40.591, -44.472)]
109;100;;;0;0,03;[229, 228, 230, 231];[(-40.591, -44.472), (-39.998, -44.472), (-39.998, -44.429), (-40.591, -44.429)]
110;100;;;0;0,14;[231, 230, 232, 233];[(-40.591, -44.429), (-39.998, -44.429), (-39.998, -44.19), (-40.591, -44.19)]
111;100;;;0;1,65;[233, 232, 234, 235];[(-40.591, -44.19), (-39.998, -44.19), (-39.998, -41.41), (-40.591, -41.41)]
112;100;;;0;0,09;[235, 234, 236, 237];[(-40.591, -41.41), (-39.998, -41.41), (-39.998, -41.255), (-40.591, -41.255)]
113;100;;;0;1,45;[237, 236, 238, 239];[(-40.591, -41.255), (-39.998, -41.255), (-39.998, -38.814), (-40.591, -38.814)]
114;100;;;0;0,13;[239, 238, 240, 241];[(-40.591, -38.814), (-39.998, -38.814), (-39.998, -38.602), (-40.591, -38.602)]
115;100;;;0;1,51;[241, 240, 242, 243];[(-40.591, -38.602), (-39.998, -38.602), (-39.998, -36.062), (-40.591, -36.062)]
116;100;;;0;0,08;[243, 242, 244, 245];[(-40.591, -36.062), (-39.998, -36.062), (-39.998, -35.921), (-40.591, -35.921)]
117;100;;;0;6,48;[245, 244, 246, 247];[(-40.591, -35.921), (-39.998, -35.921), (-39.998, -24.98), (-40.591, -24.98)]
118;100;;;0;0,21;[247, 246, 248, 249];[(-40.591, -24.98), (-39.998, -24.98), (-39.998, -24.62), (-40.591, -24.62)]
119;100;;;0;0,04;[249, 248, 250, 251];[(-40.591, -24.62), (-39.998, -24.62), (-39.998, -24.552), (-40.591, -24.552)]
120;1;;;0;0,84;[251, 250, 252, 253];[(-40.591, -24.552), (-39.998, -24.552), (-39.998, -23.129), (-40.591, -23.129)]
121;100;;;0;0,09;[253, 252, 254, 255];[(-40.591, -23.129), (-39.998, -23.129), (-39.998, -22.98), (-40.591, -22.98)]
122;1;;;0;0,58;[255, 254, 256, 257];[(-40.591, -22.98), (-39.998, -22.98), (-39.998, -22.007), (-40.591, -22.007)]
123;100;;;0;0,32;[257, 256, 258, 259];[(-40.591, -22.007), (-39.998, -22.007), (-39.998, -21.462), (-40.591, -21.462)]
124;100;;;0;3,39;[258, 256, 2532, 2534, 260, 261];[(-39.998, -21.462), (-39.998, -22.007), (-37.548, -22.007), (-34.953, -22.007), (-33.779, -22.007), (-33.779, -21.462)]
125;100;;;0;0,81;[261, 265, 266, 263];[(-33.779, -21.462), (-33.234, -21.462), (-33.234, -20.108), (-33.779, -19.856)]
126;100;;;0;0,16;[1014, 1012, 1011, 1013];[(-25.394, -12.06), (-24.85, -12.118), (-24.85, -11.65), (-25.001, -11.657)]
127;100;;;0;0,30;[262, 264, 265, 261, 260];[(-33.629, -22.007), (-33.234, -22.007), (-33.234, -21.462), (-33.779, -21.462), (-33.779, -22.007)]
128;100;;;0;0,63;[267, 268, 270, 269];[(-22.102, -8.009), (-21.878, -8.451), (-20.569, -8.451), (-20.569, -8.009)]
129;100;;;0;0,28;[269, 270, 272, 271];[(-20.569, -8.009), (-20.569, -8.451), (-19.891, -8.623), (-19.891, -8.246)]
130;100;;;0;1,56;[269, 271, 274, 273];[(-20.569, -8.009), (-19.891, -8.246), (-19.891, -5.825), (-20.569, -5.825)]
131;100;;;0;0,11;[273, 274, 276, 275];[(-20.569, -5.825), (-19.891, -5.825), (-19.891, -5.655), (-20.569, -5.655)]
132;100;;;0;1,32;[275, 276, 278, 277];[(-20.569, -5.655), (-19.891, -5.655), (-19.891, -3.708), (-20.569, -3.708)]
133;100;;;0;0,28;[277, 278, 280, 279];[(-20.569, -3.708), (-19.891, -3.708), (-19.891, -3.302), (-20.569, -3.302)]
134;100;;;0;1,71;[279, 280, 282, 281];[(-20.569, -3.302), (-19.891, -3.302), (-19.891, -0.779), (-20.569, -0.779)]
135;100;;;0;0,14;[281, 282, 284, 283];[(-20.569, -0.779), (-19.891, -0.779), (-19.891, -0.576), (-20.569, -0.576)]
136;100;;;0;1,68;[283, 284, 286, 285];[(-20.569, -0.576), (-19.891, -0.576), (-19.891, 1.896), (-20.569, 1.896)]
137;100;;;0;0,28;[285, 286, 288, 287];[(-20.569, 1.896), (-19.891, 1.896), (-19.891, 2.303), (-20.569, 2.303)]
138;100;;;0;1,32;[287, 288, 290, 289];[(-20.569, 2.303), (-19.891, 2.303), (-19.891, 4.253), (-20.569, 4.253)]
139;100;;;0;0,13;[289, 290, 292, 291];[(-20.569, 4.253), (-19.891, 4.253), (-19.891, 4.449), (-20.569, 4.449)]
140;100;;;0;1,66;[291, 292, 294, 293];[(-20.569, 4.449), (-19.891, 4.449), (-19.891, 6.898), (-20.569, 6.898)]
141;100;;;0;0,29;[293, 294, 296, 295];[(-20.569, 6.898), (-19.891, 6.898), (-19.891, 7.32), (-20.569, 7.32)]
142;100;;;0;4,14;[295, 296, 298, 297];[(-20.569, 7.32), (-19.891, 7.32), (-19.891, 13.424), (-20.569, 13.424)]
143;100;;;0;0,27;[297, 298, 300, 299];[(-20.569, 13.424), (-19.891, 13.424), (-19.891, 13.826), (-20.569, 13.826)]
144;100;;;0;4,74;[299, 300, 302, 301];[(-20.569, 13.826), (-19.891, 13.826), (-19.891, 20.824), (-20.569, 20.824)]
145;100;;;0;0,26;[301, 302, 304, 303];[(-20.569, 20.824), (-19.891, 20.824), (-19.891, 21.214), (-20.569, 21.214)]
146;100;;;0;3,30;[303, 304, 306, 305];[(-20.569, 21.214), (-19.891, 21.214), (-19.891, 26.082), (-20.569, 26.082)]
147;100;;;0;0,18;[305, 306, 308, 307];[(-20.569, 26.082), (-19.891, 26.082), (-19.891, 26.35), (-20.569, 26.35)]
148;100;;;0;0,43;[307, 308, 2508, 2507];[(-20.569, 26.35), (-19.891, 26.35), (-19.891, 26.985), (-20.569, 26.985)]
149;100;;;0;0,50;[309, 310, 428, 312, 343, 311];[(-20.569, 27.93), (-19.891, 27.93), (-19.891, 28.238), (-19.891, 28.664), (-20.031, 28.664), (-20.569, 28.664)]
150;100;;;0;0,56;[309, 311, 314, 313];[(-20.569, 27.93), (-20.569, 28.664), (-21.331, 28.664), (-21.331, 27.93)]
151;100;;;0;0,30;[313, 314, 316, 315];[(-21.331, 27.93), (-21.331, 28.664), (-21.74, 28.664), (-21.74, 27.93)]
152;100;;;0;1,88;[315, 316, 318, 317];[(-21.74, 27.93), (-21.74, 28.664), (-24.308, 28.664), (-24.308, 27.93)]
153;100;;;0;0,52;[317, 318, 320, 319];[(-24.308, 27.93), (-24.308, 28.664), (-25.013, 28.664), (-25.013, 27.93)]
154;100;;;0;0,13;[320, 318, 321, 322];[(-25.013, 28.664), (-24.308, 28.664), (-24.308, 28.847), (-25.013, 28.847)]
155;1;;;0;0,95;[322, 321, 323, 324];[(-25.013, 28.847), (-24.308, 28.847), (-24.308, 30.188), (-25.013, 30.188)]
156;100;;;0;0,31;[324, 323, 325, 326];[(-25.013, 30.188), (-24.308, 30.188), (-24.308, 30.625), (-25.013, 30.625)]
157;100;;;0;0,10;[326, 325, 327, 328];[(-25.013, 30.625), (-24.308, 30.625), (-24.308, 30.766), (-25.013, 30.766)]
158;100;;;0;4,40;[3, 328, 327, 2506, 2];[(-25.038, 36.837), (-25.013, 30.766), (-24.308, 30.766), (-24.303, 32.756), (-24.294, 36.837)]
159;100;;;0;1,55;[7, 5, 329, 330];[(-21.325, 36.837), (-21.737, 36.837), (-21.737, 33.061), (-21.325, 33.061)]
160;100;;;0;0,06;[330, 329, 331, 332];[(-21.325, 33.061), (-21.737, 33.061), (-21.737, 32.925), (-21.325, 32.925)]
161;100;;;0;0,26;[332, 331, 2505, 333, 334];[(-21.325, 32.925), (-21.737, 32.925), (-21.737, 32.756), (-21.737, 32.299), (-21.325, 32.299)]
162;1;;;0;0,53;[334, 333, 335, 336];[(-21.325, 32.299), (-21.737, 32.299), (-21.737, 31.012), (-21.325, 31.012)]
163;100;;;0;0,04;[336, 335, 337, 338];[(-21.325, 31.012), (-21.737, 31.012), (-21.737, 30.91), (-21.325, 30.91)]
164;100;;;0;0,05;[338, 337, 339, 340];[(-21.325, 30.91), (-21.737, 30.91), (-21.737, 30.792), (-21.325, 30.792)]
165;100;;;0;0,06;[340, 339, 341, 342];[(-21.325, 30.792), (-21.737, 30.792), (-21.737, 30.639), (-21.325, 30.639)]
166;100;;;0;0,81;[314, 342, 341, 316];[(-21.331, 28.664), (-21.325, 30.639), (-21.737, 30.639), (-21.74, 28.664)]
167;100;;;0;0,15;[343, 312, 344, 345];[(-20.031, 28.664), (-19.891, 28.664), (-19.891, 29.712), (-20.031, 29.712)]
168;100;;;0;0,02;[345, 344, 346, 347];[(-20.031, 29.712), (-19.891, 29.712), (-19.891, 29.841), (-20.031, 29.841)]
169;100;;;0;0,13;[347, 346, 348, 349];[(-20.031, 29.841), (-19.891, 29.841), (-19.891, 30.767), (-20.031, 30.767)]
170;100;;;0;0,02;[349, 348, 350, 351];[(-20.031, 30.767), (-19.891, 30.767), (-19.891, 30.903), (-20.031, 30.903)]
171;100;;;0;0,08;[346, 344, 352, 353];[(-19.891, 29.841), (-19.891, 29.712), (-19.299, 29.712), (-19.299, 29.841)]
172;3;;;0;0,10;[353, 352, 354, 355];[(-19.299, 29.841), (-19.299, 29.712), (-18.51, 29.712), (-18.51, 29.841)]
173;100;;;0;0,01;[355, 354, 356, 357];[(-18.51, 29.841), (-18.51, 29.712), (-18.428, 29.712), (-18.428, 29.841)]
174;100;;;0;0,03;[357, 356, 358, 359];[(-18.428, 29.841), (-18.428, 29.712), (-18.231, 29.712), (-18.231, 29.841)]
175;100;;;0;0,01;[349, 351, 361, 360];[(-20.031, 30.767), (-20.031, 30.903), (-20.127, 30.903), (-20.127, 30.767)]
176;1;;;0;0,11;[360, 361, 363, 362];[(-20.127, 30.767), (-20.127, 30.903), (-20.916, 30.903), (-20.916, 30.767)]
177;100;;;0;0,05;[340, 362, 363, 338];[(-21.325, 30.792), (-20.916, 30.767), (-20.916, 30.903), (-21.325, 30.91)]
178;100;;;0;0,23;[330, 332, 365, 364];[(-21.325, 33.061), (-21.325, 32.925), (-19.61, 32.925), (-19.61, 33.061)]
179;1;;;0;0,12;[364, 365, 367, 366];[(-19.61, 33.061), (-19.61, 32.925), (-18.712, 32.925), (-18.712, 33.061)]
180;100;;;0;0,11;[366, 367, 369, 368];[(-18.712, 33.061), (-18.712, 32.925), (-17.936, 32.925), (-17.936, 33.061)]
181;100;;;0;0,02;[368, 369, 371, 370];[(-17.936, 33.061), (-17.936, 32.925), (-17.8, 32.925), (-17.8, 33.061)]
182;100;;;0;0,18;[370, 371, 373, 372];[(-17.8, 33.061), (-17.8, 32.925), (-16.487, 32.925), (-16.487, 33.061)]
183;1;;;0;0,12;[372, 373, 375, 374];[(-16.487, 33.061), (-16.487, 32.925), (-15.63, 32.925), (-15.63, 33.061)]
184;100;;;0;0,17;[374, 375, 377, 376];[(-15.63, 33.061), (-15.63, 32.925), (-14.384, 32.925), (-14.384, 33.061)]
185;100;;;0;0,06;[376, 377, 379, 378];[(-14.384, 33.061), (-14.384, 32.925), (-13.949, 32.925), (-13.949, 33.061)]
186;100;;;0;0,12;[378, 379, 381, 380];[(-13.949, 33.061), (-13.949, 32.925), (-13.071, 32.925), (-13.071, 33.061)]
187;1;;;0;0,12;[380, 381, 383, 382];[(-13.071, 33.061), (-13.071, 32.925), (-12.214, 32.925), (-12.214, 33.061)]
188;100;;;0;0,14;[382, 383, 385, 384];[(-12.214, 33.061), (-12.214, 32.925), (-11.193, 32.925), (-11.193, 33.061)]
189;100;;;0;0,02;[384, 385, 387, 386];[(-11.193, 33.061), (-11.193, 32.925), (-11.009, 32.925), (-11.009, 33.061)]
190;100;;;0;0,12;[386, 387, 389, 388];[(-11.009, 33.061), (-11.009, 32.925), (-10.097, 32.925), (-10.097, 33.061)]
191;1;;;0;0,11;[388, 389, 391, 390];[(-10.097, 33.061), (-10.097, 32.925), (-9.281, 32.925), (-9.281, 33.061)]
192;100;;;0;0,15;[390, 391, 393, 392];[(-9.281, 33.061), (-9.281, 32.925), (-8.165, 32.925), (-8.165, 33.061)]
193;100;;;0;0,05;[392, 393, 395, 394];[(-8.165, 33.061), (-8.165, 32.925), (-7.811, 32.925), (-7.811, 33.061)]
194;100;;;0;0,08;[394, 395, 397, 396];[(-7.811, 33.061), (-7.811, 32.925), (-7.233, 32.925), (-7.233, 33.061)]
195;1;;;0;0,11;[396, 397, 399, 398];[(-7.233, 33.061), (-7.233, 32.925), (-6.403, 32.925), (-6.403, 33.061)]
196;100;;;0;0,08;[398, 399, 401, 400];[(-6.403, 33.061), (-6.403, 32.925), (-5.797, 32.925), (-5.797, 33.061)]
197;100;;;0;0,02;[400, 401, 403, 402];[(-5.797, 33.061), (-5.797, 32.925), (-5.613, 32.925), (-5.613, 33.061)]
198;100;;;0;0,49;[28, 402, 403, 30];[(-2.014, 33.062), (-5.613, 33.061), (-5.613, 32.925), (-2.014, 32.924)]
199;100;;;0;0,05;[403, 401, 404, 405];[(-5.613, 32.925), (-5.797, 32.925), (-5.797, 32.653), (-5.613, 32.653)]
200;1;;;0;0,15;[405, 404, 406, 407];[(-5.613, 32.653), (-5.797, 32.653), (-5.797, 31.83), (-5.613, 31.83)]
201;100;;;0;0,06;[407, 406, 408, 409];[(-5.613, 31.83), (-5.797, 31.83), (-5.797, 31.483), (-5.613, 31.483)]
202;100;;;0;0,03;[409, 408, 410, 411];[(-5.613, 31.483), (-5.797, 31.483), (-5.797, 31.347), (-5.613, 31.347)]
203;100;;;0;0,26;[411, 410, 412, 413];[(-5.613, 31.347), (-5.797, 31.347), (-5.797, 29.918), (-5.613, 29.918)]
204;1;;;0;0,15;[413, 412, 414, 415];[(-5.613, 29.918), (-5.797, 29.918), (-5.797, 29.121), (-5.613, 29.121)]
205;100;;;0;0,08;[415, 414, 416, 417];[(-5.613, 29.121), (-5.797, 29.121), (-5.797, 28.7), (-5.613, 28.7)]
206;100;;;0;0,08;[417, 416, 418, 419];[(-5.613, 28.7), (-5.797, 28.7), (-5.797, 28.25), (-5.613, 28.25)]
207;100;;;0;0,17;[417, 419, 421, 420];[(-5.613, 28.7), (-5.613, 28.25), (-5.239, 28.25), (-5.239, 28.7)]
208;100;;;0;0,29;[420, 421, 423, 422];[(-5.239, 28.7), (-5.239, 28.25), (-4.586, 28.25), (-4.586, 28.7)]
209;100;;;0;1,16;[36, 422, 423, 38];[(-2.014, 28.684), (-4.586, 28.7), (-4.586, 28.25), (-2.014, 28.235)]
210;100;;;0;0,49;[32, 409, 411, 34];[(-2.014, 31.491), (-5.613, 31.483), (-5.613, 31.347), (-2.014, 31.353)]
211;100;;;0;1,36;[21, 392, 394, 23];[(-8.179, 36.837), (-8.165, 33.061), (-7.811, 33.061), (-7.811, 36.837)]
212;100;;;0;0,67;[17, 384, 386, 19];[(-11.186, 36.837), (-11.193, 33.061), (-11.009, 33.061), (-11.016, 36.837)]
213;100;;;0;1,59;[13, 376, 378, 15];[(-14.378, 36.837), (-14.384, 33.061), (-13.949, 33.061), (-13.969, 36.837)]
214;100;;;0;0,53;[9, 368, 370, 11];[(-17.943, 36.837), (-17.936, 33.061), (-17.8, 33.061), (-17.8, 36.837)]
215;100;;;0;0,09;[327, 325, 424, 425];[(-24.308, 30.766), (-24.308, 30.625), (-23.696, 30.625), (-23.696, 30.766)]
216;1;;;0;0,19;[425, 424, 426, 427];[(-23.696, 30.766), (-23.696, 30.625), (-22.362, 30.625), (-22.362, 30.766)]
217;100;;;0;0,09;[339, 427, 426, 341];[(-21.737, 30.792), (-22.362, 30.766), (-22.362, 30.625), (-21.737, 30.639)]
218;100;;;0;0,43;[312, 428, 430, 429];[(-19.891, 28.664), (-19.891, 28.238), (-18.872, 28.238), (-18.872, 28.664)]
219;100;;;0;0,15;[429, 430, 432, 431];[(-18.872, 28.664), (-18.872, 28.238), (-18.519, 28.238), (-18.519, 28.664)]
220;100;;;0;0,03;[431, 432, 434, 433];[(-18.519, 28.664), (-18.519, 28.238), (-18.46, 28.238), (-18.46, 28.664)]
221;100;;;0;0,10;[433, 434, 436, 435];[(-18.46, 28.664), (-18.46, 28.238), (-18.235, 28.238), (-18.235, 28.664)]
222;100;;;0;0,07;[435, 436, 438, 437];[(-18.235, 28.664), (-18.235, 28.238), (-18.078, 28.238), (-18.078, 28.664)]
223;1;;;0;0,34;[437, 438, 440, 439];[(-18.078, 28.664), (-18.078, 28.238), (-17.285, 28.238), (-17.285, 28.664)]
224;100;;;0;0,16;[439, 440, 442, 441];[(-17.285, 28.664), (-17.285, 28.238), (-16.902, 28.238), (-16.902, 28.664)]
225;100;;;0;0,12;[444, 448, 447, 445, 441, 442];[(-16.814, 28.238), (-16.63, 28.238), (-16.63, 28.664), (-16.701, 28.664), (-16.902, 28.664), (-16.902, 28.238)]
226;100;;;0;0,22;[539, 515, 513, 540];[(-16.701, 29.67), (-16.706, 30.767), (-16.911, 30.767), (-16.902, 29.67)]
227;100;;;0;0,04;[441, 445, 443, 446];[(-16.902, 28.664), (-16.701, 28.664), (-16.701, 28.853), (-16.902, 28.853)]
228;100;;;0;0,44;[447, 448, 450, 449];[(-16.63, 28.664), (-16.63, 28.238), (-15.605, 28.238), (-15.605, 28.664)]
229;100;;;0;0,07;[449, 450, 452, 451];[(-15.605, 28.664), (-15.605, 28.238), (-15.434, 28.238), (-15.434, 28.664)]
230;100;;;0;0,45;[451, 452, 454, 453];[(-15.434, 28.664), (-15.434, 28.238), (-14.371, 28.238), (-14.371, 28.664)]
231;100;;;0;0,17;[453, 454, 456, 455];[(-14.371, 28.664), (-14.371, 28.238), (-13.965, 28.238), (-13.965, 28.664)]
232;100;;;0;0,15;[455, 456, 458, 457];[(-13.965, 28.664), (-13.965, 28.238), (-13.615, 28.238), (-13.615, 28.664)]
233;100;;;0;0,07;[457, 458, 460, 459];[(-13.615, 28.664), (-13.615, 28.238), (-13.445, 28.238), (-13.445, 28.664)]
234;100;;;0;0,29;[459, 460, 462, 461];[(-13.445, 28.664), (-13.445, 28.238), (-12.769, 28.238), (-12.769, 28.664)]
235;1;;;0;0,34;[461, 462, 464, 463];[(-12.769, 28.664), (-12.769, 28.238), (-11.975, 28.238), (-11.975, 28.664)]
236;100;;;0;0,09;[463, 464, 466, 465];[(-11.975, 28.664), (-11.975, 28.238), (-11.772, 28.238), (-11.772, 28.664)]
237;100;;;0;0,09;[465, 466, 468, 467];[(-11.772, 28.664), (-11.772, 28.238), (-11.555, 28.238), (-11.555, 28.664)]
238;100;;;0;0,05;[467, 468, 470, 469];[(-11.555, 28.664), (-11.555, 28.238), (-11.437, 28.238), (-11.437, 28.664)]
239;1;;;0;0,35;[469, 470, 472, 471];[(-11.437, 28.664), (-11.437, 28.238), (-10.61, 28.238), (-10.61, 28.664)]
240;100;;;0;0,10;[471, 472, 474, 473];[(-10.61, 28.664), (-10.61, 28.238), (-10.374, 28.238), (-10.374, 28.664)]
241;100;;;0;0,09;[473, 474, 476, 475];[(-10.374, 28.664), (-10.374, 28.238), (-10.156, 28.238), (-10.156, 28.664)]
242;100;;;0;0,84;[475, 476, 478, 477];[(-10.156, 28.664), (-10.156, 28.238), (-8.181, 28.238), (-8.181, 28.664)]
243;100;;;0;0,17;[477, 478, 480, 479];[(-8.181, 28.664), (-8.181, 28.238), (-7.793, 28.238), (-7.793, 28.664)]
244;100;;;0;0,29;[479, 480, 482, 481];[(-7.793, 28.664), (-7.793, 28.238), (-7.113, 28.238), (-7.113, 28.664)]
245;1;;;0;0,53;[481, 482, 484, 483];[(-7.113, 28.664), (-7.113, 28.238), (-5.865, 28.238), (-5.865, 28.664)]
246;100;;;0;0,03;[416, 483, 484, 418];[(-5.797, 28.7), (-5.865, 28.664), (-5.865, 28.238), (-5.797, 28.25)]
247;100;;;0;0,82;[477, 479, 486, 485];[(-8.181, 28.664), (-7.793, 28.664), (-7.793, 30.769), (-8.181, 30.769)]
248;100;;;0;0,05;[485, 486, 488, 487];[(-8.181, 30.769), (-7.793, 30.769), (-7.793, 30.91), (-8.181, 30.91)]
249;100;;;0;0,17;[487, 488, 490, 489];[(-8.181, 30.91), (-7.793, 30.91), (-7.793, 31.345), (-8.181, 31.345)]
250;1;;;0;0,51;[489, 490, 492, 491];[(-8.181, 31.345), (-7.793, 31.345), (-7.793, 32.65), (-8.181, 32.65)]
251;100;;;0;0,10;[393, 491, 492, 395];[(-8.165, 32.925), (-8.181, 32.65), (-7.793, 32.65), (-7.811, 32.925)]
252;100;;;0;0,07;[379, 377, 493, 494];[(-13.949, 32.925), (-14.384, 32.925), (-14.384, 32.772), (-13.949, 32.772)]
253;1;;;0;0,72;[494, 493, 495, 496];[(-13.949, 32.772), (-14.384, 32.772), (-14.384, 31.114), (-13.949, 31.114)]
254;100;;;0;0,09;[496, 495, 497, 498];[(-13.949, 31.114), (-14.384, 31.114), (-14.384, 30.915), (-13.949, 30.915)]
255;100;;;0;0,07;[498, 497, 499, 500];[(-13.949, 30.915), (-14.384, 30.915), (-14.384, 30.762), (-13.949, 30.762)]
256;100;;;0;0,48;[500, 499, 501, 502];[(-13.949, 30.762), (-14.384, 30.762), (-14.384, 29.668), (-13.949, 29.668)]
257;3;;;0;0,36;[502, 501, 503, 504];[(-13.949, 29.668), (-14.384, 29.668), (-14.384, 28.845), (-13.949, 28.845)]
258;100;;;0;0,08;[455, 504, 503, 453];[(-13.965, 28.664), (-13.949, 28.845), (-14.384, 28.845), (-14.371, 28.664)]
259;100;;;0;0,08;[350, 348, 505, 506];[(-19.891, 30.903), (-19.891, 30.767), (-19.303, 30.767), (-19.303, 30.903)]
260;1;;;0;0,11;[506, 505, 507, 508];[(-19.303, 30.903), (-19.303, 30.767), (-18.511, 30.767), (-18.511, 30.903)]
261;100;;;0;0,01;[508, 507, 509, 510];[(-18.511, 30.903), (-18.511, 30.767), (-18.446, 30.767), (-18.446, 30.903)]
262;100;;;0;0,03;[510, 509, 511, 512];[(-18.446, 30.903), (-18.446, 30.767), (-18.242, 30.767), (-18.242, 30.903)]
263;100;;;0;0,18;[512, 511, 513, 514];[(-18.242, 30.903), (-18.242, 30.767), (-16.911, 30.767), (-16.911, 30.903)]
264;100;;;0;0,03;[514, 513, 515, 516];[(-16.911, 30.903), (-16.911, 30.767), (-16.706, 30.767), (-16.706, 30.903)]
265;100;;;0;0,15;[516, 515, 517, 518];[(-16.706, 30.903), (-16.706, 30.767), (-15.612, 30.767), (-15.612, 30.903)]
266;100;;;0;0,02;[518, 517, 519, 520];[(-15.612, 30.903), (-15.612, 30.767), (-15.441, 30.767), (-15.441, 30.903)]
267;100;;;0;0,15;[497, 520, 519, 499];[(-14.384, 30.915), (-15.441, 30.903), (-15.441, 30.767), (-14.384, 30.762)]
268;100;;;0;0,13;[498, 500, 522, 521];[(-13.949, 30.915), (-13.949, 30.762), (-13.116, 30.762), (-13.116, 30.915)]
269;100;;;0;0,03;[521, 522, 524, 523];[(-13.116, 30.915), (-13.116, 30.762), (-12.944, 30.762), (-12.944, 30.915)]
270;100;;;0;0,18;[523, 524, 526, 525];[(-12.944, 30.915), (-12.944, 30.762), (-11.752, 30.762), (-11.752, 30.915)]
271;100;;;0;0,03;[525, 526, 528, 527];[(-11.752, 30.915), (-11.752, 30.762), (-11.573, 30.762), (-11.573, 30.915)]
272;100;;;0;0,19;[527, 528, 530, 529];[(-11.573, 30.915), (-11.573, 30.762), (-10.356, 30.762), (-10.356, 30.915)]
273;100;;;0;0,03;[529, 530, 532, 531];[(-10.356, 30.915), (-10.356, 30.762), (-10.168, 30.762), (-10.168, 30.915)]
274;100;;;0;0,29;[487, 531, 532, 485];[(-8.181, 30.91), (-10.168, 30.915), (-10.168, 30.762), (-8.181, 30.769)]
275;1;;;0;1,98;[308, 549, 545, 543, 541, 430, 428, 310, 2508];[(-19.891, 26.35), (-19.684, 26.286), (-18.872, 26.286), (-18.872, 26.653), (-18.872, 27.576), (-18.872, 28.238), (-19.891, 28.238), (-19.891, 27.93), (-19.891, 26.985)]
276;100;;;0;0,42;[467, 528, 526, 465];[(-11.555, 28.664), (-11.573, 30.762), (-11.752, 30.762), (-11.772, 28.664)]
277;100;;;0;0,04;[473, 475, 536, 535];[(-10.374, 28.664), (-10.156, 28.664), (-10.156, 28.844), (-10.374, 28.844)]
278;3;;;0;0,18;[535, 536, 538, 537];[(-10.374, 28.844), (-10.156, 28.844), (-10.156, 29.676), (-10.374, 29.676)]
279;100;;;0;0,22;[530, 537, 538, 532];[(-10.356, 30.762), (-10.374, 29.676), (-10.156, 29.676), (-10.168, 30.762)]
280;100;;;0;0,19;[359, 511, 509, 357];[(-18.231, 29.841), (-18.242, 30.767), (-18.446, 30.767), (-18.428, 29.841)]
281;100;;;0;0,22;[356, 433, 435, 358];[(-18.428, 29.712), (-18.46, 28.664), (-18.235, 28.664), (-18.231, 29.712)]
282;1;;;0;0,16;[446, 443, 539, 540];[(-16.902, 28.853), (-16.701, 28.853), (-16.701, 29.67), (-16.902, 29.67)]
283;100;;;0;0,36;[451, 519, 517, 449];[(-15.434, 28.664), (-15.441, 30.767), (-15.612, 30.767), (-15.605, 28.664)]
284;100;;;0;0,23;[432, 430, 541, 542];[(-18.519, 28.238), (-18.872, 28.238), (-18.872, 27.576), (-18.519, 27.576)]
285;1;;;0;0,33;[542, 541, 543, 544];[(-18.519, 27.576), (-18.872, 27.576), (-18.872, 26.653), (-18.519, 26.653)]
286;100;;;0;0,13;[544, 543, 545, 546];[(-18.519, 26.653), (-18.872, 26.653), (-18.872, 26.286), (-18.519, 26.286)]
287;100;;;0;0,07;[546, 545, 547, 548];[(-18.519, 26.286), (-18.872, 26.286), (-18.872, 26.09), (-18.519, 26.09)]
288;100;;;0;0,16;[547, 545, 549, 550];[(-18.872, 26.09), (-18.872, 26.286), (-19.684, 26.286), (-19.684, 26.09)]
289;100;;;0;0,05;[306, 550, 549, 308];[(-19.891, 26.082), (-19.684, 26.09), (-19.684, 26.286), (-19.891, 26.35)]
290;100;;;0;0,08;[546, 548, 552, 551];[(-18.519, 26.286), (-18.519, 26.09), (-18.108, 26.09), (-18.108, 26.286)]
291;100;;;0;0,16;[551, 552, 554, 553];[(-18.108, 26.286), (-18.108, 26.09), (-17.286, 26.09), (-17.286, 26.286)]
292;100;;;0;0,10;[553, 554, 556, 555];[(-17.286, 26.286), (-17.286, 26.09), (-16.799, 26.09), (-16.799, 26.286)]
293;100;;;0;0,03;[555, 556, 558, 557];[(-16.799, 26.286), (-16.799, 26.09), (-16.629, 26.09), (-16.629, 26.286)]
294;100;;;0;0,59;[557, 558, 560, 559];[(-16.629, 26.286), (-16.629, 26.09), (-13.605, 26.09), (-13.605, 26.286)]
295;100;;;0;0,03;[559, 560, 562, 561];[(-13.605, 26.286), (-13.605, 26.09), (-13.439, 26.09), (-13.439, 26.286)]
296;100;;;0;0,51;[561, 562, 564, 563];[(-13.439, 26.286), (-13.439, 26.09), (-10.859, 26.09), (-10.859, 26.286)]
297;100;;;0;0,28;[563, 564, 566, 565];[(-10.859, 26.286), (-10.859, 26.09), (-9.432, 26.09), (-9.432, 26.286)]
298;100;;;0;0,25;[565, 566, 568, 567];[(-9.432, 26.286), (-9.432, 26.09), (-8.175, 26.09), (-8.175, 26.286)]
299;100;;;0;0,08;[567, 568, 570, 569];[(-8.175, 26.286), (-8.175, 26.09), (-7.759, 26.09), (-7.759, 26.286)]
300;100;;;0;0,11;[567, 569, 572, 571];[(-8.175, 26.286), (-7.759, 26.286), (-7.759, 26.56), (-8.175, 26.56)]
301;1;;;0;0,52;[571, 572, 574, 573];[(-8.175, 26.56), (-7.759, 26.56), (-7.759, 27.822), (-8.175, 27.822)]
302;100;;;0;0,17;[478, 573, 574, 480];[(-8.181, 28.238), (-8.175, 27.822), (-7.759, 27.822), (-7.793, 28.238)]
303;100;;;0;0,08;[555, 557, 576, 575];[(-16.799, 26.286), (-16.629, 26.286), (-16.629, 26.766), (-16.799, 26.766)]
304;1;;;0;0,14;[575, 576, 578, 577];[(-16.799, 26.766), (-16.629, 26.766), (-16.629, 27.56), (-16.799, 27.56)]
305;100;;;0;0,12;[444, 577, 578, 448];[(-16.814, 28.238), (-16.799, 27.56), (-16.629, 27.56), (-16.63, 28.238)]
306;100;;;0;0,33;[458, 559, 561, 460];[(-13.615, 28.238), (-13.605, 26.286), (-13.439, 26.286), (-13.445, 28.238)]
307;100;;;0;0,11;[423, 421, 579, 580];[(-4.586, 28.25), (-5.239, 28.25), (-5.239, 28.081), (-4.586, 28.081)]
308;1;;;0;0,84;[580, 579, 581, 582, 2510];[(-4.586, 28.081), (-5.239, 28.081), (-5.239, 26.797), (-4.586, 26.797), (-4.586, 26.897)]
309;100;;;0;0,06;[582, 581, 583, 585, 584];[(-4.586, 26.797), (-5.239, 26.797), (-5.239, 26.712), (-5.012, 26.712), (-4.586, 26.712)]
310;100;;;0;1,71;[584, 585, 587, 586, 2511];[(-4.586, 26.712), (-5.012, 26.712), (-5.012, 22.705), (-4.586, 22.705), (-4.586, 23.899)]
311;100;;;0;0,20;[586, 587, 589, 588];[(-4.586, 22.705), (-5.012, 22.705), (-5.012, 22.24), (-4.586, 22.24)]
312;100;;;0;0,57;[586, 588, 591, 590];[(-4.586, 22.705), (-4.586, 22.24), (-3.358, 22.24), (-3.358, 22.705)]
313;100;;;0;0,14;[590, 591, 593, 592];[(-3.358, 22.705), (-3.358, 22.24), (-3.062, 22.24), (-3.062, 22.705)]
314;100;;;0;0,48;[40, 592, 593, 42];[(-2.014, 22.698), (-3.062, 22.705), (-3.062, 22.24), (-2.014, 22.249)]
315;100;;;0;0,07;[593, 591, 594, 595];[(-3.062, 22.24), (-3.358, 22.24), (-3.358, 22.014), (-3.062, 22.014)]
316;1;;;0;0,30;[595, 594, 596, 597];[(-3.062, 22.014), (-3.358, 22.014), (-3.358, 20.995), (-3.062, 20.995)]
317;100;;;0;0,10;[597, 596, 598, 599];[(-3.062, 20.995), (-3.358, 20.995), (-3.358, 20.672), (-3.062, 20.672)]
318;1;;;0;0,28;[599, 598, 600, 601];[(-3.062, 20.672), (-3.358, 20.672), (-3.358, 19.711), (-3.062, 19.711)]
319;100;;;0;0,12;[601, 600, 602, 603];[(-3.062, 19.711), (-3.358, 19.711), (-3.358, 19.298), (-3.062, 19.298)]
320;100;;;0;0,07;[603, 602, 606, 604, 605];[(-3.062, 19.298), (-3.358, 19.298), (-3.358, 19.17), (-3.358, 19.076), (-3.062, 19.076)]
321;100;;;0;0,24;[52, 603, 605, 54];[(-2.014, 19.31), (-3.062, 19.298), (-3.062, 19.076), (-2.014, 19.073)]
322;100;;;0;0,05;[604, 606, 608, 607];[(-3.358, 19.076), (-3.358, 19.17), (-3.877, 19.17), (-3.812, 19.076)]
323;100;;;0;0,02;[2487, 2486, 610, 609];[(-4.919, 18.044), (-5.021, 18.101), (-5.135, 17.994), (-5.029, 17.941)]
324;100;;;0;0,04;[611, 612, 614, 613];[(-5.029, 13.823), (-5.135, 13.823), (-5.135, 13.409), (-5.029, 13.409)]
325;100;;;0;1,24;[56, 611, 613, 58];[(-2.014, 13.831), (-5.029, 13.823), (-5.029, 13.409), (-2.014, 13.422)]
326;100;;;0;0,21;[614, 612, 615, 616];[(-5.135, 13.409), (-5.135, 13.823), (-5.651, 13.823), (-5.651, 13.409)]
327;100;;;0;0,05;[616, 615, 617, 618];[(-5.651, 13.409), (-5.651, 13.823), (-5.782, 13.823), (-5.782, 13.409)]
328;100;;;0;0,19;[618, 617, 619, 620];[(-5.782, 13.409), (-5.782, 13.823), (-6.23, 13.823), (-6.23, 13.409)]
329;1;;;0;0,52;[620, 619, 621, 622];[(-6.23, 13.409), (-6.23, 13.823), (-7.494, 13.823), (-7.494, 13.409)]
330;100;;;0;0,12;[622, 621, 623, 624];[(-7.494, 13.409), (-7.494, 13.823), (-7.772, 13.823), (-7.772, 13.409)]
331;100;;;0;0,17;[624, 623, 625, 626];[(-7.772, 13.409), (-7.772, 13.823), (-8.18, 13.823), (-8.18, 13.409)]
332;100;;;0;0,15;[625, 623, 627, 628];[(-8.18, 13.823), (-7.772, 13.823), (-7.772, 14.197), (-8.18, 14.197)]
333;100;;;0;2,27;[626, 625, 629, 630];[(-8.18, 13.409), (-8.18, 13.823), (-13.658, 13.823), (-13.658, 13.409)]
334;100;;;0;0,04;[630, 629, 631, 632];[(-13.658, 13.409), (-13.658, 13.823), (-13.76, 13.823), (-13.76, 13.409)]
335;100;;;0;2,50;[298, 632, 631, 300];[(-19.891, 13.424), (-13.76, 13.409), (-13.76, 13.823), (-19.891, 13.826)]
336;100;;;0;0,51;[631, 629, 633, 634];[(-13.76, 13.823), (-13.658, 13.823), (-13.658, 18.79), (-13.76, 18.79)]
337;1;;;0;0,09;[634, 633, 635, 636];[(-13.76, 18.79), (-13.658, 18.79), (-13.658, 19.656), (-13.76, 19.656)]
338;100;;;0;0,12;[636, 635, 637, 638];[(-13.76, 19.656), (-13.658, 19.656), (-13.658, 20.802), (-13.76, 20.802)]
339;100;;;0;0,04;[638, 637, 639, 640];[(-13.76, 20.802), (-13.658, 20.802), (-13.658, 21.219), (-13.76, 21.219)]
340;100;;;0;2,48;[302, 638, 640, 304];[(-19.891, 20.824), (-13.76, 20.802), (-13.76, 21.219), (-19.891, 21.214)]
341;100;;;0;2,29;[639, 637, 641, 649, 642];[(-13.658, 21.219), (-13.658, 20.802), (-8.171, 20.802), (-8.171, 21.081), (-8.171, 21.219)]
342;100;;;0;0,11;[649, 641, 643, 650];[(-8.171, 21.081), (-8.171, 20.802), (-7.763, 20.802), (-7.763, 21.081)]
343;100;;;0;0,13;[643, 641, 645, 646];[(-7.763, 20.802), (-8.171, 20.802), (-8.171, 20.475), (-7.763, 20.475)]
344;100;;;0;0,79;[616, 618, 653, 652];[(-5.651, 13.409), (-5.782, 13.409), (-5.782, 7.324), (-5.651, 7.324)]
345;100;;;0;1,83;[568, 647, 648, 570];[(-8.175, 26.09), (-8.171, 21.66), (-7.763, 21.66), (-7.759, 26.09)]
346;100;;;0;0,19;[534, 533, 651, 644];[(-7.44, 21.66), (-7.44, 21.081), (-7.117, 21.081), (-7.117, 21.66)]
347;100;;;0;0,24;[650, 648, 647, 642, 649];[(-7.763, 21.081), (-7.763, 21.66), (-8.171, 21.66), (-8.171, 21.219), (-8.171, 21.081)]
348;100;;;0;0,05;[652, 653, 655, 654];[(-5.651, 7.324), (-5.782, 7.324), (-5.782, 6.91), (-5.651, 6.91)]
349;100;;;0;0,13;[652, 654, 657, 656];[(-5.651, 7.324), (-5.651, 6.91), (-5.334, 6.91), (-5.334, 7.324)]
350;1;;;0;0,35;[656, 657, 659, 658];[(-5.334, 7.324), (-5.334, 6.91), (-4.483, 6.91), (-4.483, 7.324)]
351;100;;;0;0,11;[658, 659, 661, 660];[(-4.483, 7.324), (-4.483, 6.91), (-4.211, 6.91), (-4.211, 7.324)]
352;100;;;0;0,06;[660, 661, 663, 662];[(-4.211, 7.324), (-4.211, 6.91), (-4.064, 6.91), (-4.064, 7.324)]
353;100;;;0;0,83;[60, 662, 663, 62];[(-2.014, 7.313), (-4.064, 7.324), (-4.064, 6.91), (-2.014, 6.921)]
354;100;;;0;0,12;[663, 661, 664, 665];[(-4.064, 6.91), (-4.211, 6.91), (-4.211, 6.093), (-4.064, 6.093)]
355;1;;;0;0,12;[665, 664, 666, 667];[(-4.064, 6.093), (-4.211, 6.093), (-4.211, 5.277), (-4.064, 5.277)]
356;100;;;0;0,09;[667, 666, 668, 669];[(-4.064, 5.277), (-4.211, 5.277), (-4.211, 4.687), (-4.064, 4.687)]
357;100;;;0;0,03;[669, 668, 670, 671];[(-4.064, 4.687), (-4.211, 4.687), (-4.211, 4.466), (-4.064, 4.466)]
358;100;;;0;0,48;[64, 669, 671, 66];[(-2.014, 4.7), (-4.064, 4.687), (-4.064, 4.466), (-2.014, 4.455)]
359;100;;;0;0,10;[670, 668, 672, 673];[(-4.211, 4.466), (-4.211, 4.687), (-4.676, 4.687), (-4.676, 4.466)]
360;100;;;0;0,11;[673, 672, 674, 675];[(-4.676, 4.466), (-4.676, 4.687), (-5.186, 4.687), (-5.186, 4.466)]
361;100;;;0;0,14;[673, 675, 677, 676];[(-4.676, 4.466), (-5.186, 4.466), (-5.186, 4.199), (-4.676, 4.199)]
362;1;;;0;0,67;[676, 677, 679, 678];[(-4.676, 4.199), (-5.186, 4.199), (-5.186, 2.878), (-4.676, 2.878)]
363;100;;;0;0,18;[678, 679, 681, 680];[(-4.676, 2.878), (-5.186, 2.878), (-5.186, 2.532), (-4.676, 2.532)]
364;100;;;0;0,15;[680, 681, 683, 682];[(-4.676, 2.532), (-5.186, 2.532), (-5.186, 2.124), (-4.96, 2.124)]
365;100;;;0;0,14;[680, 682, 685, 684];[(-4.676, 2.532), (-4.96, 2.124), (-4.483, 2.124), (-4.483, 2.532)]
366;1;;;0;0,49;[684, 685, 687, 686];[(-4.483, 2.532), (-4.483, 2.124), (-3.281, 2.124), (-3.281, 2.532)]
367;100;;;0;0,52;[72, 686, 687, 74];[(-2.014, 2.536), (-3.281, 2.532), (-3.281, 2.124), (-2.014, 2.119)]
368;100;;;0;0,38;[683, 681, 688, 689];[(-5.186, 2.124), (-5.186, 2.532), (-6.116, 2.532), (-6.116, 2.124)]
369;1;;;0;0,54;[689, 688, 690, 691];[(-6.116, 2.124), (-6.116, 2.532), (-7.432, 2.532), (-7.432, 2.124)]
370;100;;;0;0,14;[691, 690, 692, 693];[(-7.432, 2.124), (-7.432, 2.532), (-7.766, 2.532), (-7.766, 2.124)]
371;100;;;0;0,17;[693, 692, 694, 788, 695];[(-7.766, 2.124), (-7.766, 2.532), (-8.175, 2.532), (-8.175, 2.303), (-8.175, 2.124)]
372;100;;;0;0,70;[694, 692, 696, 697];[(-8.175, 2.532), (-7.766, 2.532), (-7.766, 4.239), (-8.175, 4.239)]
373;100;;;0;0,09;[697, 696, 698, 699];[(-8.175, 4.239), (-7.766, 4.239), (-7.766, 4.449), (-8.175, 4.449)]
374;100;;;0;0,56;[699, 698, 700, 701];[(-8.175, 4.449), (-7.766, 4.449), (-7.766, 5.816), (-8.175, 5.816)]
375;1;;;0;0,33;[701, 700, 702, 703];[(-8.175, 5.816), (-7.766, 5.816), (-7.766, 6.632), (-8.175, 6.632)]
376;100;;;0;0,11;[703, 702, 704, 705];[(-8.175, 6.632), (-7.766, 6.632), (-7.766, 6.91), (-8.175, 6.91)]
377;100;;;0;0,17;[705, 704, 706, 707];[(-8.175, 6.91), (-7.766, 6.91), (-7.766, 7.324), (-8.175, 7.324)]
378;100;;;0;0,36;[707, 706, 708, 709];[(-8.175, 7.324), (-7.766, 7.324), (-7.766, 8.209), (-8.175, 8.209)]
379;1;;;0;0,53;[709, 708, 710, 711];[(-8.175, 8.209), (-7.766, 8.209), (-7.766, 9.496), (-8.175, 9.496)]
380;100;;;0;1,60;[626, 711, 710, 624];[(-8.18, 13.409), (-8.175, 9.496), (-7.766, 9.496), (-7.772, 13.409)]
381;100;;;0;0,18;[706, 704, 712, 713];[(-7.766, 7.324), (-7.766, 6.91), (-7.325, 6.91), (-7.325, 7.324)]
382;1;;;0;0,54;[713, 712, 714, 715];[(-7.325, 7.324), (-7.325, 6.91), (-6.019, 6.91), (-6.019, 7.324)]
383;100;;;0;0,10;[653, 715, 714, 655];[(-5.782, 7.324), (-6.019, 7.324), (-6.019, 6.91), (-5.782, 6.91)]
384;100;;;0;0,57;[705, 707, 717, 716];[(-8.175, 6.91), (-8.175, 7.324), (-9.547, 7.324), (-9.547, 6.91)]
385;100;;;0;0,38;[716, 717, 719, 718];[(-9.547, 6.91), (-9.547, 7.324), (-10.469, 7.324), (-10.469, 6.91)]
386;100;;;0;3,93;[294, 718, 719, 296];[(-19.891, 6.898), (-10.469, 6.91), (-10.469, 7.324), (-19.891, 7.32)]
387;100;;;0;0,19;[292, 290, 720, 721];[(-19.891, 4.449), (-19.891, 4.253), (-18.928, 4.253), (-18.928, 4.449)]
388;100;;;0;0,02;[721, 720, 722, 723];[(-18.928, 4.449), (-18.928, 4.253), (-18.83, 4.253), (-18.83, 4.449)]
389;100;;;0;0,03;[723, 722, 724, 725];[(-18.83, 4.449), (-18.83, 4.253), (-18.691, 4.253), (-18.691, 4.449)]
390;12;;;0;0,16;[725, 724, 726, 727];[(-18.691, 4.449), (-18.691, 4.253), (-17.874, 4.253), (-17.874, 4.449)]
391;100;;;0;0,04;[727, 726, 728, 729];[(-17.874, 4.449), (-17.874, 4.253), (-17.686, 4.253), (-17.686, 4.449)]
392;100;;;0;0,02;[729, 728, 730, 731];[(-17.686, 4.449), (-17.686, 4.253), (-17.597, 4.253), (-17.597, 4.449)]
393;12;;;0;0,15;[731, 730, 732, 733];[(-17.597, 4.449), (-17.597, 4.253), (-16.821, 4.253), (-16.821, 4.449)]
394;100;;;0;0,02;[733, 732, 734, 735];[(-16.821, 4.449), (-16.821, 4.253), (-16.731, 4.253), (-16.731, 4.449)]
395;100;;;0;0,03;[735, 734, 736, 737];[(-16.731, 4.449), (-16.731, 4.253), (-16.576, 4.253), (-16.576, 4.449)]
396;100;;;0;0,48;[737, 736, 738, 739];[(-16.576, 4.449), (-16.576, 4.253), (-14.134, 4.253), (-14.134, 4.449)]
397;100;;;0;0,03;[739, 738, 740, 741];[(-14.134, 4.449), (-14.134, 4.253), (-13.971, 4.253), (-13.971, 4.449)]
398;100;;;0;0,48;[741, 740, 742, 743];[(-13.971, 4.449), (-13.971, 4.253), (-11.53, 4.253), (-11.53, 4.449)]
399;100;;;0;0,03;[743, 742, 744, 745];[(-11.53, 4.449), (-11.53, 4.253), (-11.358, 4.253), (-11.358, 4.449)]
400;100;;;0;0,19;[745, 744, 746, 747];[(-11.358, 4.449), (-11.358, 4.253), (-10.403, 4.253), (-10.403, 4.449)]
401;100;;;0;0,03;[747, 746, 748, 749];[(-10.403, 4.449), (-10.403, 4.253), (-10.231, 4.253), (-10.231, 4.449)]
402;100;;;0;0,18;[749, 748, 750, 751];[(-10.231, 4.449), (-10.231, 4.253), (-9.317, 4.253), (-9.317, 4.449)]
403;100;;;0;0,04;[751, 750, 752, 753];[(-9.317, 4.449), (-9.317, 4.253), (-9.137, 4.253), (-9.137, 4.449)]
404;100;;;0;0,20;[699, 753, 752, 697];[(-8.175, 4.449), (-9.137, 4.449), (-9.137, 4.253), (-8.175, 4.239)]
405;100;;;0;0,39;[288, 286, 754, 755];[(-19.891, 2.303), (-19.891, 1.896), (-18.925, 1.896), (-18.925, 2.303)]
406;100;;;0;0,04;[755, 754, 756, 757];[(-18.925, 2.303), (-18.925, 1.896), (-18.832, 1.896), (-18.832, 2.303)]
407;100;;;0;0,39;[757, 756, 758, 759];[(-18.832, 2.303), (-18.832, 1.896), (-17.874, 1.896), (-17.874, 2.303)]
408;100;;;0;0,07;[759, 758, 760, 761];[(-17.874, 2.303), (-17.874, 1.896), (-17.695, 1.896), (-17.695, 2.303)]
409;100;;;0;0,39;[761, 760, 762, 763];[(-17.695, 2.303), (-17.695, 1.896), (-16.731, 1.896), (-16.731, 2.303)]
410;100;;;0;0,07;[763, 762, 764, 765];[(-16.731, 2.303), (-16.731, 1.896), (-16.56, 1.896), (-16.56, 2.303)]
411;100;;;0;0,98;[765, 764, 766, 767];[(-16.56, 2.303), (-16.56, 1.896), (-14.143, 1.896), (-14.143, 2.303)]
412;100;;;0;0,08;[767, 766, 768, 769];[(-14.143, 2.303), (-14.143, 1.896), (-13.955, 1.896), (-13.955, 2.303)]
413;100;;;0;0,98;[769, 768, 770, 771];[(-13.955, 2.303), (-13.955, 1.896), (-11.538, 1.896), (-11.538, 2.303)]
414;100;;;0;0,07;[771, 770, 772, 773];[(-11.538, 2.303), (-11.538, 1.896), (-11.366, 1.896), (-11.366, 2.303)]
415;100;;;0;0,06;[773, 772, 774, 775];[(-11.366, 2.303), (-11.366, 1.896), (-11.207, 1.896), (-11.207, 2.303)]
416;100;;;0;0,32;[775, 774, 776, 777];[(-11.207, 2.303), (-11.207, 1.896), (-10.408, 1.896), (-10.408, 2.303)]
417;100;;;0;0,07;[777, 776, 778, 779];[(-10.408, 2.303), (-10.408, 1.896), (-10.232, 1.896), (-10.232, 2.303)]
418;100;;;0;0,03;[779, 778, 780, 781];[(-10.232, 2.303), (-10.232, 1.896), (-10.17, 1.896), (-10.17, 2.303)]
419;12;;;0;0,29;[781, 780, 782, 783];[(-10.17, 2.303), (-10.17, 1.896), (-9.455, 1.896), (-9.455, 2.303)]
420;100;;;0;0,06;[783, 782, 784, 785];[(-9.455, 2.303), (-9.455, 1.896), (-9.302, 1.896), (-9.302, 2.303)]
421;100;;;0;0,07;[785, 784, 786, 787];[(-9.302, 2.303), (-9.302, 1.896), (-9.132, 1.896), (-9.132, 2.303)]
422;100;;;0;0,39;[695, 788, 787, 786, 789];[(-8.175, 2.124), (-8.175, 2.303), (-9.132, 2.303), (-9.132, 1.896), (-8.175, 1.896)]
423;100;;;0;0,09;[693, 695, 789, 790];[(-7.766, 2.124), (-8.175, 2.124), (-8.175, 1.896), (-7.766, 1.896)]
424;100;;;0;0,34;[738, 767, 769, 740];[(-14.134, 4.253), (-14.143, 2.303), (-13.955, 2.303), (-13.971, 4.253)]
425;100;;;0;0,14;[744, 742, 791, 792];[(-11.358, 4.253), (-11.53, 4.253), (-11.53, 3.42), (-11.358, 3.42)]
426;12;;;0;0,14;[792, 791, 793, 794];[(-11.358, 3.42), (-11.53, 3.42), (-11.53, 2.607), (-11.358, 2.607)]
427;100;;;0;0,05;[773, 794, 793, 771];[(-11.366, 2.303), (-11.358, 2.607), (-11.53, 2.607), (-11.538, 2.303)]
428;100;;;0;0,34;[746, 777, 779, 748];[(-10.403, 4.253), (-10.408, 2.303), (-10.232, 2.303), (-10.231, 4.253)]
429;100;;;0;0,15;[752, 750, 795, 796];[(-9.137, 4.253), (-9.317, 4.253), (-9.317, 3.42), (-9.137, 3.42)]
430;3;;;0;0,14;[796, 795, 797, 798];[(-9.137, 3.42), (-9.317, 3.42), (-9.317, 2.616), (-9.137, 2.616)]
431;100;;;0;0,05;[787, 798, 797, 785];[(-9.132, 2.303), (-9.137, 2.616), (-9.317, 2.616), (-9.302, 2.303)]
432;100;;;0;0,13;[736, 734, 799, 800];[(-16.576, 4.253), (-16.731, 4.253), (-16.731, 3.428), (-16.576, 3.428)]
433;12;;;0;0,13;[800, 799, 801, 802];[(-16.576, 3.428), (-16.731, 3.428), (-16.731, 2.62), (-16.576, 2.62)]
434;100;;;0;0,05;[765, 802, 801, 763];[(-16.56, 2.303), (-16.576, 2.62), (-16.731, 2.62), (-16.731, 2.303)]
435;100;;;0;0,36;[726, 759, 761, 728];[(-17.874, 4.253), (-17.874, 2.303), (-17.695, 2.303), (-17.686, 4.253)]
436;100;;;0;0,02;[722, 720, 803, 804];[(-18.83, 4.253), (-18.928, 4.253), (-18.928, 4.065), (-18.83, 4.065)]
437;3;;;0;0,08;[804, 803, 805, 806];[(-18.83, 4.065), (-18.928, 4.065), (-18.928, 3.289), (-18.83, 3.289)]
438;100;;;0;0,09;[757, 806, 805, 755];[(-18.832, 2.303), (-18.83, 3.289), (-18.928, 3.289), (-18.925, 2.303)]
439;100;;;0;0,44;[790, 789, 807, 808];[(-7.766, 1.896), (-8.175, 1.896), (-8.175, 0.826), (-7.766, 0.826)]
440;1;;;0;0,34;[808, 807, 809, 810];[(-7.766, 0.826), (-8.175, 0.826), (-8.175, -0.008), (-7.766, -0.008)]
441;100;;;0;0,24;[810, 809, 811, 812];[(-7.766, -0.008), (-8.175, -0.008), (-8.175, -0.585), (-7.766, -0.585)]
442;100;;;0;0,08;[812, 811, 813, 814];[(-7.766, -0.585), (-8.175, -0.585), (-8.175, -0.785), (-7.766, -0.785)]
443;100;;;0;0,11;[814, 813, 815, 816];[(-7.766, -0.785), (-8.175, -0.785), (-8.175, -1.057), (-7.766, -1.057)]
444;1;;;0;0,32;[816, 815, 817, 818];[(-7.766, -1.057), (-8.175, -1.057), (-8.175, -1.853), (-7.766, -1.853)]
445;100;;;0;0,58;[818, 817, 819, 820];[(-7.766, -1.853), (-8.175, -1.853), (-8.175, -3.278), (-7.766, -3.278)]
446;100;;;0;0,24;[819, 823, 825, 826, 822, 820];[(-8.175, -3.278), (-8.175, -3.695), (-8.175, -3.865), (-7.766, -3.865), (-7.766, -3.416), (-7.766, -3.278)]
447;100;;;0;0,39;[827, 828, 830, 829];[(-9.301, -3.695), (-9.301, -3.278), (-10.234, -3.278), (-10.234, -3.695)]
448;100;;;0;0,40;[823, 819, 824, 821];[(-8.175, -3.695), (-8.175, -3.278), (-9.139, -3.278), (-9.139, -3.695)]
449;100;;;0;0,07;[821, 824, 828, 827];[(-9.139, -3.695), (-9.139, -3.278), (-9.301, -3.278), (-9.301, -3.695)]
450;100;;;0;0,07;[829, 830, 832, 831];[(-10.234, -3.695), (-10.234, -3.278), (-10.411, -3.278), (-10.411, -3.695)]
451;100;;;0;0,40;[831, 832, 834, 833];[(-10.411, -3.695), (-10.411, -3.278), (-11.38, -3.278), (-11.38, -3.695)]
452;100;;;0;0,07;[833, 834, 836, 835];[(-11.38, -3.695), (-11.38, -3.278), (-11.542, -3.278), (-11.542, -3.695)]
453;100;;;0;1,02;[835, 836, 838, 837];[(-11.542, -3.695), (-11.542, -3.278), (-13.975, -3.278), (-13.975, -3.695)]
454;100;;;0;0,07;[837, 838, 840, 839];[(-13.975, -3.695), (-13.975, -3.278), (-14.141, -3.278), (-14.141, -3.695)]
455;100;;;0;1,01;[839, 840, 842, 841];[(-14.141, -3.695), (-14.141, -3.278), (-16.57, -3.278), (-16.57, -3.695)]
456;100;;;0;0,08;[841, 842, 844, 843];[(-16.57, -3.695), (-16.57, -3.278), (-16.751, -3.278), (-16.751, -3.695)]
457;100;;;0;0,05;[843, 844, 846, 845];[(-16.751, -3.695), (-16.751, -3.278), (-16.877, -3.278), (-16.877, -3.695)]
458;100;;;0;0,33;[845, 846, 848, 847];[(-16.877, -3.695), (-16.877, -3.278), (-17.657, -3.278), (-17.657, -3.695)]
459;100;;;0;0,08;[847, 848, 850, 849];[(-17.657, -3.695), (-17.657, -3.278), (-17.838, -3.278), (-17.838, -3.695)]
460;100;;;0;0,04;[849, 850, 852, 851];[(-17.838, -3.695), (-17.838, -3.278), (-17.945, -3.278), (-17.945, -3.695)]
461;100;;;0;0,32;[851, 852, 854, 853];[(-17.945, -3.695), (-17.945, -3.278), (-18.716, -3.278), (-18.716, -3.695)]
462;100;;;0;0,02;[853, 854, 856, 855];[(-18.716, -3.695), (-18.716, -3.278), (-18.76, -3.278), (-18.76, -3.695)]
463;100;;;0;0,08;[855, 856, 858, 857];[(-18.76, -3.695), (-18.76, -3.278), (-18.949, -3.278), (-18.949, -3.695)]
464;100;;;0;0,39;[278, 857, 858, 280];[(-19.891, -3.708), (-18.949, -3.695), (-18.949, -3.278), (-19.891, -3.302)]
465;100;;;0;2,37;[282, 813, 811, 284];[(-19.891, -0.779), (-8.175, -0.785), (-8.175, -0.585), (-19.891, -0.576)]
466;100;;;0;2,64;[685, 682, 859, 860, 2523, 2514];[(-4.483, 2.124), (-4.96, 2.124), (-4.96, -3.421), (-4.483, -3.421), (-4.483, -2.257), (-4.483, 0.776)]
467;100;;;0;0,20;[860, 859, 861, 862];[(-4.483, -3.421), (-4.96, -3.421), (-4.96, -3.845), (-4.483, -3.845)]
468;100;;;0;1,05;[860, 862, 864, 863];[(-4.483, -3.421), (-4.483, -3.845), (-2.014, -3.845), (-2.014, -3.421)]
469;100;;;0;0,30;[863, 864, 866, 865];[(-2.014, -3.421), (-2.014, -3.845), (-1.294, -3.845), (-1.294, -3.421)]
470;100;;;0;0,28;[861, 859, 867, 868];[(-4.96, -3.845), (-4.96, -3.421), (-5.629, -3.421), (-5.629, -3.845)]
471;100;;;0;0,07;[868, 867, 869, 870];[(-5.629, -3.845), (-5.629, -3.421), (-5.801, -3.421), (-5.801, -3.845)]
472;100;;;0;0,13;[870, 869, 871, 872];[(-5.801, -3.845), (-5.801, -3.421), (-6.119, -3.421), (-6.119, -3.845)]
473;1;;;0;0,56;[872, 871, 873, 874];[(-6.119, -3.845), (-6.119, -3.421), (-7.434, -3.421), (-7.434, -3.845)]
474;100;;;0;0,15;[826, 874, 873, 822];[(-7.766, -3.865), (-7.434, -3.845), (-7.434, -3.421), (-7.766, -3.416)]
475;100;;;0;0,10;[863, 865, 876, 875];[(-2.014, -3.421), (-1.294, -3.421), (-1.294, -3.285), (-2.014, -3.285)]
476;100;;;0;0,07;[875, 876, 878, 877];[(-2.014, -3.285), (-1.294, -3.285), (-1.294, -3.183), (-2.014, -3.183)]
477;100;;;0;1,03;[78, 2524, 877, 878, 79];[(-2.014, -1.743), (-2.014, -2.257), (-2.014, -3.183), (-1.294, -3.183), (-1.299, -1.743)]
478;100;;;0;0,43;[83, 81, 879, 880];[(0.383, -1.743), (0.065, -1.743), (0.065, -3.09), (0.383, -3.09)]
479;100;;;0;0,05;[938, 884, 940, 936];[(1.709, -3.079), (1.498, -3.09), (1.498, -3.288), (1.78, -3.285)]
480;100;;;0;0,81;[925, 923, 882, 942];[(3.464, -6.195), (3.464, -6.571), (5.604, -6.571), (5.604, -6.195)]
481;100;;;0;0,43;[885, 883, 886, 887];[(0.303, -3.288), (0.065, -3.288), (0.065, -5.074), (0.303, -5.074)]
482;2;;;0;0,20;[887, 886, 888, 889];[(0.303, -5.074), (0.065, -5.074), (0.065, -5.89), (0.303, -5.89)]
483;100;;;0;0,07;[889, 888, 890, 891];[(0.303, -5.89), (0.065, -5.89), (0.065, -6.202), (0.303, -6.202)]
484;100;;;0;0,09;[891, 890, 892, 893];[(0.303, -6.202), (0.065, -6.202), (0.065, -6.582), (0.303, -6.582)]
485;100;;;0;1,69;[866, 864, 894, 895];[(-1.294, -3.845), (-2.014, -3.845), (-2.014, -6.198), (-1.294, -6.198)]
486;100;;;0;0,26;[895, 894, 896, 897];[(-1.294, -6.198), (-2.014, -6.198), (-2.014, -6.554), (-1.294, -6.554)]
487;100;;;0;1,21;[897, 896, 898, 899];[(-1.294, -6.554), (-2.014, -6.554), (-2.014, -8.23), (-1.294, -8.23)]
488;100;;;0;0,29;[899, 898, 900, 901];[(-1.294, -8.23), (-2.014, -8.23), (-2.014, -8.636), (-1.294, -8.636)]
489;100;;;0;0,83;[901, 900, 902, 903];[(-1.294, -8.636), (-2.014, -8.636), (-2.014, -9.788), (-1.294, -9.788)]
490;100;;;0;0,12;[903, 902, 904, 905];[(-1.294, -9.788), (-2.014, -9.788), (-2.014, -9.957), (-1.294, -9.957)]
491;100;;;0;0,22;[905, 904, 906, 907];[(-1.294, -9.957), (-2.014, -9.957), (-2.014, -10.262), (-1.294, -10.262)]
492;1;;;0;0,58;[907, 906, 908, 909];[(-1.294, -10.262), (-2.014, -10.262), (-2.014, -11.075), (-1.294, -11.075)]
493;100;;;0;0,83;[909, 908, 910, 911];[(-1.294, -11.075), (-2.014, -11.075), (-2.014, -12.226), (-1.294, -12.226)]
494;100;;;0;5,32;[909, 911, 913, 912];[(-1.294, -11.075), (-1.294, -12.226), (3.328, -12.226), (3.328, -11.075)]
495;100;;;0;0,16;[912, 913, 915, 914];[(3.328, -11.075), (3.328, -12.226), (3.464, -12.226), (3.464, -11.075)]
496;100;;;0;5,48;[914, 915, 917, 916];[(3.464, -11.075), (3.464, -12.226), (8.222, -12.226), (8.222, -11.075)]
497;100;;;0;0,00;[916, 917, 919, 918];[(8.222, -11.075), (8.222, -12.226), (8.222, -12.226), (8.222, -11.075)]
498;100;;;0;0,46;[912, 914, 108, 920];[(3.328, -11.075), (3.464, -11.075), (3.464, -7.7), (3.328, -7.7)]
499;1;;;0;0,12;[920, 108, 106, 922];[(3.328, -7.7), (3.464, -7.7), (3.464, -6.83), (3.328, -6.83)]
500;100;;;0;0,05;[924, 923, 925, 926];[(3.328, -6.571), (3.464, -6.571), (3.464, -6.195), (3.328, -6.195)]
501;100;;;0;0,50;[924, 926, 928, 927];[(3.328, -6.571), (3.328, -6.195), (1.996, -6.195), (1.996, -6.571)]
502;100;;;0;0,08;[927, 928, 930, 929];[(1.996, -6.571), (1.996, -6.195), (1.78, -6.195), (1.78, -6.571)]
503;100;;;0;0,22;[929, 930, 932, 931];[(1.78, -6.571), (1.78, -6.195), (1.202, -6.195), (1.202, -6.571)]
504;2;;;0;0,30;[931, 932, 934, 933];[(1.202, -6.571), (1.202, -6.195), (0.398, -6.195), (0.398, -6.571)]
505;100;;;0;0,04;[893, 933, 934, 891];[(0.303, -6.582), (0.398, -6.571), (0.398, -6.195), (0.303, -6.202)]
506;100;;;0;0,50;[890, 895, 897, 892];[(0.065, -6.202), (-1.294, -6.198), (-1.294, -6.554), (0.065, -6.582)]
507;100;;;0;0,63;[930, 928, 935, 936];[(1.78, -6.195), (1.996, -6.195), (1.996, -3.285), (1.78, -3.285)]
508;100;;;0;0,05;[936, 935, 937, 938];[(1.78, -3.285), (1.996, -3.285), (1.996, -3.079), (1.709, -3.079)]
509;2;;;0;0,21;[939, 941, 940, 884];[(0.444, -3.09), (0.444, -3.288), (1.498, -3.288), (1.498, -3.09)]
510;100;;;0;0,07;[881, 883, 885, 941, 939, 880, 879];[(0.065, -3.186), (0.065, -3.288), (0.303, -3.288), (0.444, -3.288), (0.444, -3.09), (0.383, -3.09), (0.065, -3.09)]
511;100;;;0;0,38;[89, 938, 937, 91];[(1.711, -1.743), (1.709, -3.079), (1.996, -3.079), (1.995, -1.743)]
512;1;;;0;0,33;[942, 882, 943, 944];[(5.604, -6.195), (5.604, -6.571), (6.474, -6.571), (6.474, -6.195)]
513;100;;;0;0,19;[944, 943, 945, 946];[(6.474, -6.195), (6.474, -6.571), (6.979, -6.571), (6.979, -6.195)]
514;100;;;0;0,07;[946, 945, 947, 948];[(6.979, -6.195), (6.979, -6.571), (7.156, -6.571), (7.156, -6.195)]
515;100;;;0;0,58;[948, 947, 949, 950];[(7.156, -6.195), (7.156, -6.571), (8.696, -6.571), (8.696, -6.195)]
516;100;;;0;0,06;[950, 949, 951, 952];[(8.696, -6.195), (8.696, -6.571), (8.849, -6.571), (8.849, -6.195)]
517;100;;;0;0,25;[977, 952, 951, 979];[(9.495, -6.195), (8.849, -6.195), (8.849, -6.571), (9.509, -6.574)]
518;100;;;0;0,10;[94, 95, 953, 954];[(8.981, -3.242), (8.681, -3.949), (8.833, -3.949), (9.113, -3.242)]
519;100;;;0;0,17;[953, 95, 955, 956];[(8.833, -3.949), (8.681, -3.949), (8.681, -5.051), (8.833, -5.051)]
520;1;;;0;0,12;[956, 955, 957, 958];[(8.833, -5.051), (8.681, -5.051), (8.681, -5.835), (8.833, -5.835)]
521;100;;;0;0,05;[952, 958, 957, 950];[(8.849, -6.195), (8.833, -5.835), (8.681, -5.835), (8.696, -6.195)]
522;100;;;0;0,85;[918, 959, 961, 960];[(8.222, -11.075), (8.539, -11.075), (8.539, -8.289), (8.222, -8.476)]
523;100;;;0;0,06;[960, 961, 963, 962];[(8.222, -8.476), (8.539, -8.289), (8.301, -8.181), (8.114, -8.368)]
524;100;;;0;0,09;[962, 963, 965, 964];[(8.114, -8.368), (8.301, -8.181), (8.04, -7.937), (7.853, -8.124)]
525;1;;;0;0,26;[964, 965, 967, 966];[(7.853, -8.124), (8.04, -7.937), (7.359, -7.211), (7.172, -7.399)]
526;100;;;0;0,08;[966, 967, 969, 968];[(7.172, -7.399), (7.359, -7.211), (7.161, -6.973), (6.974, -7.16)]
527;100;;;0;0,09;[945, 968, 969, 947];[(6.979, -6.571), (6.974, -7.16), (7.161, -6.973), (7.156, -6.571)]
528;100;;;0;0,09;[963, 961, 970, 971];[(8.301, -8.181), (8.539, -8.289), (8.768, -8.083), (8.582, -7.899)]
529;1;;;0;0,29;[971, 970, 972, 973];[(8.582, -7.899), (8.768, -8.083), (9.573, -7.295), (9.387, -7.111)]
530;100;;;0;0,09;[973, 972, 974, 975];[(9.387, -7.111), (9.573, -7.295), (9.902, -6.966), (9.523, -6.963)]
531;100;;;0;0,40;[100, 976, 978, 102];[(10.906, -6.194), (9.863, -6.194), (9.893, -6.577), (10.952, -6.58)]
532;100;;;0;0,14;[976, 977, 979, 978];[(9.863, -6.194), (9.495, -6.195), (9.509, -6.574), (9.893, -6.577)]
533;100;;;0;0,15;[975, 974, 978, 979];[(9.523, -6.963), (9.902, -6.966), (9.893, -6.577), (9.509, -6.574)]
534;100;;;0;12,89;[910, 908, 981, 980];[(-2.014, -12.226), (-2.014, -11.075), (-13.209, -11.075), (-13.209, -12.226)]
535;1;;;0;0,81;[982, 985, 984, 983];[(7.658, -2.974), (8.142, -2.424), (7.36, -1.661), (6.868, -2.22)]
536;100;;;0;0,94;[985, 982, 95, 94];[(8.142, -2.424), (7.658, -2.974), (8.681, -3.949), (8.981, -3.242)]
537;100;;;0;0,61;[92, 93, 983, 984];[(6.69, -1.008), (6.367, -1.743), (6.868, -2.22), (7.36, -1.661)]
538;100;;;0;6,02;[986, 987, 2502, 989, 988];[(-13.386, -12.226), (-13.386, -11.075), (-15.054, -11.075), (-18.618, -11.075), (-18.618, -12.226)]
539;1;;;0;1,23;[988, 989, 991, 990];[(-18.618, -12.226), (-18.618, -11.075), (-19.686, -11.075), (-19.686, -12.226)]
540;100;;;0;0,15;[990, 991, 993, 992];[(-19.686, -12.226), (-19.686, -11.075), (-19.814, -11.075), (-19.814, -12.226)]
541;100;;;0;0,09;[992, 993, 995, 994];[(-19.814, -12.226), (-19.814, -11.075), (-19.892, -11.075), (-19.892, -12.226)]
542;100;;;0;0,78;[994, 995, 997, 1002, 996];[(-19.892, -12.226), (-19.892, -11.075), (-20.568, -11.075), (-20.568, -11.65), (-20.568, -12.226)]
543;100;;;0;0,59;[997, 995, 998, 999];[(-20.568, -11.075), (-19.892, -11.075), (-19.892, -10.202), (-20.568, -10.202)]
544;1;;;0;0,86;[999, 998, 1000, 1001];[(-20.568, -10.202), (-19.892, -10.202), (-19.892, -8.929), (-20.568, -8.929)]
545;100;;;0;0,27;[270, 1001, 1000, 272];[(-20.569, -8.451), (-20.568, -8.929), (-19.892, -8.929), (-19.891, -8.623)]
546;100;;;0;0,64;[996, 1002, 1004, 1003];[(-20.568, -12.226), (-20.568, -11.65), (-21.675, -11.65), (-21.675, -12.226)]
547;100;;;0;0,11;[1003, 1004, 1006, 1005];[(-21.675, -12.226), (-21.675, -11.65), (-21.891, -11.65), (-21.891, -12.118)]
548;100;;;0;0,29;[1005, 1006, 1008, 1007];[(-21.891, -12.118), (-21.891, -11.65), (-22.518, -11.65), (-22.518, -12.118)]
549;1;;;0;0,59;[1007, 1008, 1010, 1009];[(-22.518, -12.118), (-22.518, -11.65), (-23.782, -11.65), (-23.782, -12.118)]
550;100;;;0;0,50;[1009, 1010, 1011, 1012];[(-23.782, -12.118), (-23.782, -11.65), (-24.85, -11.65), (-24.85, -12.118)]
551;100;;;0;0,28;[1013, 1016, 1015, 1014];[(-25.001, -11.657), (-25.317, -11.271), (-25.712, -11.672), (-25.394, -12.06)]
552;100;;;0;2,19;[1016, 1013, 268, 267];[(-25.317, -11.271), (-25.001, -11.657), (-21.878, -8.451), (-22.102, -8.009)]
553;100;;;0;0,35;[1652, 1651, 1014, 1015];[(-26.211, -12.179), (-25.879, -12.558), (-25.394, -12.06), (-25.712, -11.672)]
554;100;;;0;0,08;[987, 981, 1017, 1018];[(-13.386, -11.075), (-13.209, -11.075), (-13.209, -10.617), (-13.386, -10.617)]
555;1;;;0;0,23;[1018, 1017, 1019, 1020];[(-13.386, -10.617), (-13.209, -10.617), (-13.209, -9.331), (-13.386, -9.331)]
556;100;;;0;0,13;[1020, 1019, 1021, 1022];[(-13.386, -9.331), (-13.209, -9.331), (-13.209, -8.619), (-13.386, -8.619)]
557;100;;;0;0,07;[1022, 1021, 1023, 1024];[(-13.386, -8.619), (-13.209, -8.619), (-13.209, -8.23), (-13.386, -8.23)]
558;100;;;0;2,49;[272, 2504, 2503, 1022, 1024, 271];[(-19.891, -8.623), (-18.618, -8.622), (-15.054, -8.62), (-13.386, -8.619), (-13.386, -8.23), (-19.891, -8.246)]
559;100;;;0;1,42;[1023, 1021, 1025, 1026];[(-13.209, -8.23), (-13.209, -8.619), (-9.551, -8.619), (-9.551, -8.23)]
560;1;;;0;0,33;[1026, 1025, 1027, 1028];[(-9.551, -8.23), (-9.551, -8.619), (-8.71, -8.619), (-8.71, -8.23)]
561;100;;;0;0,20;[1028, 1027, 1029, 1030];[(-8.71, -8.23), (-8.71, -8.619), (-8.188, -8.619), (-8.188, -8.23)]
562;100;;;0;0,16;[1030, 1029, 1031, 1032];[(-8.188, -8.23), (-8.188, -8.619), (-7.771, -8.619), (-7.771, -8.23)]
563;100;;;0;0,12;[1032, 1031, 1033, 1034];[(-7.771, -8.23), (-7.771, -8.619), (-7.469, -8.619), (-7.469, -8.23)]
564;1;;;0;0,49;[1034, 1033, 1035, 1036];[(-7.469, -8.23), (-7.469, -8.619), (-6.203, -8.619), (-6.203, -8.23)]
565;100;;;0;0,16;[1036, 1035, 1037, 1038];[(-6.203, -8.23), (-6.203, -8.619), (-5.787, -8.619), (-5.787, -8.23)]
566;100;;;0;0,06;[1038, 1037, 1039, 1040];[(-5.787, -8.23), (-5.787, -8.619), (-5.64, -8.619), (-5.64, -8.23)]
567;100;;;0;0,18;[1040, 1039, 1041, 1042];[(-5.64, -8.23), (-5.64, -8.619), (-5.183, -8.619), (-5.183, -8.23)]
568;100;;;0;0,07;[1042, 1041, 1043, 1044];[(-5.183, -8.23), (-5.183, -8.619), (-5.011, -8.619), (-5.011, -8.23)]
569;100;;;0;1,19;[898, 1044, 1043, 900];[(-2.014, -8.23), (-5.011, -8.23), (-5.011, -8.619), (-2.014, -8.636)]
570;100;;;0;0,02;[1043, 1041, 1045, 1046];[(-5.011, -8.619), (-5.183, -8.619), (-5.183, -8.758), (-5.011, -8.758)]
571;1;;;0;0,14;[1046, 1045, 1047, 1048];[(-5.011, -8.758), (-5.183, -8.758), (-5.183, -9.575), (-5.011, -9.575)]
572;100;;;0;0,04;[1048, 1047, 1049, 1050];[(-5.011, -9.575), (-5.183, -9.575), (-5.183, -9.787), (-5.011, -9.787)]
573;100;;;0;0,03;[1050, 1049, 1051, 1052];[(-5.011, -9.787), (-5.183, -9.787), (-5.183, -9.967), (-5.011, -9.967)]
574;100;;;0;0,52;[902, 1050, 1052, 904];[(-2.014, -9.788), (-5.011, -9.787), (-5.011, -9.967), (-2.014, -9.957)]
575;100;;;0;0,99;[1053, 1030, 1032, 1054];[(-8.181, -5.83), (-8.188, -8.23), (-7.771, -8.23), (-7.769, -5.83)]
576;100;;;0;0,07;[1055, 1053, 1054, 1056];[(-8.18, -5.653), (-8.181, -5.83), (-7.769, -5.83), (-7.768, -5.653)]
577;100;;;0;0,73;[825, 1055, 1056, 826];[(-8.175, -3.865), (-8.18, -5.653), (-7.768, -5.653), (-7.766, -3.865)]
578;100;;;0;0,17;[1053, 1055, 1058, 1057];[(-8.181, -5.83), (-8.18, -5.653), (-9.133, -5.653), (-9.133, -5.83)]
579;100;;;0;0,03;[1057, 1058, 1060, 1059];[(-9.133, -5.83), (-9.133, -5.653), (-9.31, -5.653), (-9.31, -5.83)]
580;100;;;0;0,01;[1059, 1060, 1062, 1061];[(-9.31, -5.83), (-9.31, -5.653), (-9.378, -5.653), (-9.378, -5.83)]
581;100;;;0;0,13;[1061, 1062, 1064, 1063];[(-9.378, -5.83), (-9.378, -5.653), (-10.106, -5.653), (-10.106, -5.83)]
582;100;;;0;0,02;[1063, 1064, 1066, 1065];[(-10.106, -5.83), (-10.106, -5.653), (-10.235, -5.653), (-10.236, -5.83)]
583;100;;;0;0,03;[1065, 1066, 1068, 1067];[(-10.236, -5.83), (-10.235, -5.653), (-10.405, -5.653), (-10.406, -5.83)]
584;100;;;0;0,02;[1067, 1068, 1070, 1069];[(-10.406, -5.83), (-10.405, -5.653), (-10.5, -5.653), (-10.501, -5.83)]
585;100;;;0;0,13;[1069, 1070, 1072, 1071];[(-10.501, -5.83), (-10.5, -5.653), (-11.249, -5.653), (-11.249, -5.83)]
586;100;;;0;0,02;[1071, 1072, 1074, 1073];[(-11.249, -5.83), (-11.249, -5.653), (-11.371, -5.653), (-11.372, -5.83)]
587;100;;;0;0,03;[1073, 1074, 1076, 1075];[(-11.372, -5.83), (-11.371, -5.653), (-11.535, -5.653), (-11.535, -5.83)]
588;100;;;0;0,43;[1075, 1076, 1078, 1077];[(-11.535, -5.83), (-11.535, -5.653), (-13.964, -5.653), (-13.964, -5.83)]
589;100;;;0;0,03;[1077, 1078, 1080, 1079];[(-13.964, -5.83), (-13.964, -5.653), (-14.141, -5.653), (-14.141, -5.83)]
590;100;;;0;0,43;[1079, 1080, 1082, 1081];[(-14.141, -5.83), (-14.141, -5.653), (-16.556, -5.653), (-16.557, -5.83)]
591;100;;;0;0,03;[1081, 1082, 1084, 1083];[(-16.557, -5.83), (-16.556, -5.653), (-16.74, -5.653), (-16.741, -5.83)]
592;100;;;0;0,16;[1083, 1084, 1086, 1085];[(-16.741, -5.83), (-16.74, -5.653), (-17.659, -5.653), (-17.659, -5.83)]
593;100;;;0;0,03;[1085, 1086, 1088, 1087];[(-17.659, -5.83), (-17.659, -5.653), (-17.829, -5.653), (-17.829, -5.83)]
594;100;;;0;0,16;[1087, 1088, 1090, 1089];[(-17.829, -5.83), (-17.829, -5.653), (-18.754, -5.653), (-18.755, -5.83)]
595;100;;;0;0,03;[1089, 1090, 1092, 1091];[(-18.755, -5.83), (-18.754, -5.653), (-18.918, -5.653), (-18.918, -5.83)]
596;100;;;0;0,17;[274, 1091, 1092, 276];[(-19.891, -5.825), (-18.918, -5.83), (-18.918, -5.653), (-19.891, -5.655)]
597;100;;;0;0,14;[1092, 1090, 1093, 1094];[(-18.918, -5.653), (-18.754, -5.653), (-18.754, -4.803), (-18.918, -4.803)]
598;3;;;0;0,14;[1094, 1093, 1095, 1096];[(-18.918, -4.803), (-18.754, -4.803), (-18.754, -3.973), (-18.918, -3.973)]
599;100;;;0;0,05;[857, 1096, 1095, 855];[(-18.949, -3.695), (-18.918, -3.973), (-18.754, -3.973), (-18.76, -3.695)]
600;100;;;0;0,34;[849, 1088, 1086, 847];[(-17.838, -3.695), (-17.829, -5.653), (-17.659, -5.653), (-17.657, -3.695)]
601;100;;;0;0,05;[1084, 1082, 1097, 1098];[(-16.74, -5.653), (-16.556, -5.653), (-16.556, -5.375), (-16.74, -5.375)]
602;12;;;0;0,15;[1098, 1097, 1099, 1100];[(-16.74, -5.375), (-16.556, -5.375), (-16.556, -4.551), (-16.74, -4.551)]
603;100;;;0;0,16;[843, 1100, 1099, 841];[(-16.751, -3.695), (-16.74, -4.551), (-16.556, -4.551), (-16.57, -3.695)]
604;100;;;0;0,34;[839, 1080, 1078, 837];[(-14.141, -3.695), (-14.141, -5.653), (-13.964, -5.653), (-13.975, -3.695)]
605;100;;;0;0,14;[833, 835, 1102, 1101];[(-11.38, -3.695), (-11.542, -3.695), (-11.542, -4.566), (-11.38, -4.566)]
606;12;;;0;0,13;[1101, 1102, 1104, 1103];[(-11.38, -4.566), (-11.542, -4.566), (-11.542, -5.376), (-11.38, -5.376)]
607;100;;;0;0,05;[1074, 1103, 1104, 1076];[(-11.371, -5.653), (-11.38, -5.376), (-11.542, -5.376), (-11.535, -5.653)]
608;100;;;0;0,34;[831, 1068, 1066, 829];[(-10.411, -3.695), (-10.405, -5.653), (-10.235, -5.653), (-10.234, -3.695)]
609;100;;;0;0,17;[821, 827, 1106, 1105];[(-9.139, -3.695), (-9.301, -3.695), (-9.301, -4.73), (-9.139, -4.73)]
610;3;;;0;0,13;[1105, 1106, 1108, 1107];[(-9.139, -4.73), (-9.301, -4.73), (-9.301, -5.526), (-9.139, -5.526)]
611;100;;;0;0,02;[1058, 1107, 1108, 1060];[(-9.133, -5.653), (-9.139, -5.526), (-9.301, -5.526), (-9.31, -5.653)]
612;100;;;0;0,52;[868, 870, 1110, 1109];[(-5.629, -3.845), (-5.801, -3.845), (-5.801, -6.89), (-5.629, -6.89)]
613;1;;;0;0,14;[1109, 1110, 1112, 1111];[(-5.629, -6.89), (-5.801, -6.89), (-5.801, -7.69), (-5.629, -7.69)]
614;100;;;0;0,09;[1040, 1111, 1112, 1038];[(-5.64, -8.23), (-5.629, -7.69), (-5.801, -7.69), (-5.787, -8.23)]
615;100;;;0;0,45;[248, 246, 1113, 1114];[(-39.998, -24.62), (-39.998, -24.98), (-38.749, -24.98), (-38.749, -24.62)]
616;100;;;0;0,05;[1114, 1113, 1115, 1116];[(-38.749, -24.62), (-38.749, -24.98), (-38.61, -24.98), (-38.61, -24.62)]
617;100;;;0;1,79;[1116, 1115, 1117, 1118, 2535, 2533];[(-38.61, -24.62), (-38.61, -24.98), (-33.637, -24.98), (-33.637, -24.62), (-34.953, -24.62), (-37.548, -24.62)]
618;100;;;0;0,14;[1118, 1117, 1119, 1120];[(-33.637, -24.62), (-33.637, -24.98), (-33.237, -24.98), (-33.237, -24.62)]
619;100;;;0;0,16;[1118, 1120, 1122, 1121];[(-33.637, -24.62), (-33.237, -24.62), (-33.237, -24.228), (-33.637, -24.228)]
620;1;;;0;0,52;[1121, 1122, 1124, 1123];[(-33.637, -24.228), (-33.237, -24.228), (-33.237, -22.921), (-33.637, -22.921)]
621;100;;;0;0,06;[1123, 1124, 1126, 1125];[(-33.637, -22.921), (-33.237, -22.921), (-33.237, -22.766), (-33.637, -22.766)]
622;100;;;0;0,07;[1125, 1126, 1128, 1127];[(-33.637, -22.766), (-33.237, -22.766), (-33.237, -22.595), (-33.637, -22.595)]
623;100;;;0;0,23;[262, 1127, 1128, 264];[(-33.629, -22.007), (-33.637, -22.595), (-33.237, -22.595), (-33.234, -22.007)]
624;100;;;0;0,01;[1114, 1116, 1130, 1129];[(-38.749, -24.62), (-38.61, -24.62), (-38.61, -24.53), (-38.749, -24.53)]
625;100;;;0;0,18;[1129, 1130, 1132, 1131];[(-38.749, -24.53), (-38.61, -24.53), (-38.61, -23.199), (-38.749, -23.199)]
626;100;;;0;0,01;[1131, 1132, 1134, 1133];[(-38.749, -23.199), (-38.61, -23.199), (-38.61, -23.142), (-38.749, -23.142)]
627;100;;;0;0,02;[1133, 1134, 1136, 1135];[(-38.749, -23.142), (-38.61, -23.142), (-38.61, -22.97), (-38.749, -22.97)]
628;100;;;0;0,20;[252, 1133, 1135, 254];[(-39.998, -23.129), (-38.749, -23.142), (-38.749, -22.97), (-39.998, -22.98)]
629;100;;;0;0,17;[1136, 1134, 1137, 1138];[(-38.61, -22.97), (-38.61, -23.142), (-37.646, -23.142), (-37.646, -22.97)]
630;100;;;0;0,02;[1138, 1137, 1139, 1140];[(-37.646, -22.97), (-37.646, -23.142), (-37.548, -23.142), (-37.548, -22.97)]
631;100;;;0;0,41;[1119, 1117, 1142, 1141];[(-33.237, -24.98), (-33.637, -24.98), (-33.637, -26.017), (-33.237, -26.017)]
632;1;;;0;0,53;[1141, 1142, 1145, 1146];[(-33.237, -26.017), (-33.637, -26.017), (-33.637, -27.348), (-33.237, -27.348)]
633;100;;;0;0,02;[1137, 1143, 1144, 1139];[(-37.646, -23.142), (-37.646, -23.37), (-37.548, -23.37), (-37.548, -23.142)]
634;100;;;0;3,42;[1146, 1145, 1147, 1148];[(-33.237, -27.348), (-33.637, -27.348), (-33.637, -35.905), (-33.237, -35.905)]
635;100;;;0;0,07;[1148, 1147, 1149, 1150];[(-33.237, -35.905), (-33.637, -35.905), (-33.637, -36.07), (-33.237, -36.07)]
636;100;;;0;1,01;[1150, 1149, 1151, 1152];[(-33.237, -36.07), (-33.637, -36.07), (-33.637, -38.604), (-33.237, -38.604)]
637;100;;;0;0,07;[1152, 1151, 1153, 1154];[(-33.237, -38.604), (-33.637, -38.604), (-33.637, -38.786), (-33.237, -38.786)]
638;100;;;0;0,67;[1154, 1153, 1155, 1156];[(-33.237, -38.786), (-33.637, -38.786), (-33.637, -40.453), (-33.237, -40.453)]
639;100;;;0;0,05;[1156, 1155, 1157, 1158];[(-33.237, -40.453), (-33.637, -40.453), (-33.637, -40.589), (-33.237, -40.589)]
640;100;;;0;1,44;[1158, 1157, 1159, 1160];[(-33.237, -40.589), (-33.637, -40.589), (-33.637, -44.184), (-33.237, -44.184)]
641;100;;;0;0,07;[1160, 1159, 1161, 1162];[(-33.237, -44.184), (-33.637, -44.184), (-33.637, -44.371), (-33.237, -44.371)]
642;100;;;0;0,08;[1162, 1161, 1163, 1164];[(-33.237, -44.371), (-33.637, -44.371), (-33.637, -44.581), (-33.237, -44.581)]
643;1;;;0;0,35;[1164, 1163, 1165, 1166];[(-33.237, -44.581), (-33.637, -44.581), (-33.637, -45.449), (-33.237, -45.449)]
644;100;;;0;0,11;[1166, 1165, 1167, 1168];[(-33.237, -45.449), (-33.637, -45.449), (-33.637, -45.726), (-33.237, -45.726)]
645;100;;;0;0,15;[1168, 1167, 1169, 1170];[(-33.237, -45.726), (-33.637, -45.726), (-33.637, -46.095), (-33.237, -46.095)]
646;100;;;0;0,19;[1170, 1169, 1171, 1172];[(-33.237, -46.095), (-33.637, -46.095), (-33.637, -46.577), (-33.237, -46.577)]
647;1;;;0;0,59;[1172, 1171, 1173, 1174];[(-33.237, -46.577), (-33.637, -46.577), (-33.637, -48.055), (-33.237, -48.055)]
648;100;;;0;0,25;[211, 1174, 1173, 213];[(-33.225, -48.691), (-33.237, -48.055), (-33.637, -48.055), (-33.606, -48.691)]
649;100;;;0;0,50;[224, 222, 1175, 1176];[(-39.998, -45.671), (-39.998, -46.094), (-38.813, -46.094), (-38.813, -45.671)]
650;100;;;0;0,09;[1176, 1175, 1177, 1178];[(-38.813, -45.671), (-38.813, -46.094), (-38.573, -46.094), (-38.573, -45.726)]
651;100;;;0;1,82;[1167, 1178, 1177, 2529, 2530, 1169];[(-33.637, -45.726), (-38.573, -45.726), (-38.573, -46.094), (-38.109, -46.095), (-34.96, -46.095), (-33.637, -46.095)]
652;100;;;0;0,05;[1176, 1178, 1180, 1179];[(-38.813, -45.671), (-38.573, -45.726), (-38.573, -45.481), (-38.813, -45.481)]
653;1;;;0;0,23;[1179, 1180, 1182, 1181];[(-38.813, -45.481), (-38.573, -45.481), (-38.573, -44.528), (-38.813, -44.528)]
654;100;;;0;0,03;[1181, 1182, 1184, 1183];[(-38.813, -44.528), (-38.573, -44.528), (-38.573, -44.419), (-38.813, -44.419)]
655;100;;;0;0,06;[1183, 1184, 1186, 1185];[(-38.813, -44.419), (-38.573, -44.419), (-38.573, -44.181), (-38.813, -44.181)]
656;100;;;0;0,28;[230, 1183, 1185, 232];[(-39.998, -44.429), (-38.813, -44.419), (-38.813, -44.181), (-39.998, -44.19)]
657;100;;;0;0,24;[1186, 1184, 1187, 1188];[(-38.573, -44.181), (-38.573, -44.419), (-37.552, -44.419), (-37.552, -44.181)]
658;100;;;0;0,04;[1188, 1187, 1189, 1190];[(-37.552, -44.181), (-37.552, -44.419), (-37.382, -44.419), (-37.382, -44.181)]
659;100;;;0;0,31;[1188, 1190, 1192, 1191];[(-37.552, -44.181), (-37.382, -44.181), (-37.382, -42.372), (-37.552, -42.372)]
660;1;;;0;0,14;[1191, 1192, 1194, 1193];[(-37.552, -42.372), (-37.382, -42.372), (-37.382, -41.55), (-37.552, -41.55)]
661;100;;;0;0,02;[1193, 1194, 1196, 1195];[(-37.552, -41.55), (-37.382, -41.55), (-37.382, -41.414), (-37.552, -41.414)]
662;100;;;0;0,03;[1195, 1196, 1198, 1197];[(-37.552, -41.414), (-37.382, -41.414), (-37.382, -41.244), (-37.552, -41.244)]
663;100;;;0;0,19;[1197, 1198, 1200, 1199];[(-37.552, -41.244), (-37.382, -41.244), (-37.382, -40.115), (-37.552, -40.115)]
664;1;;;0;0,14;[1199, 1200, 1202, 1201];[(-37.552, -40.115), (-37.382, -40.115), (-37.382, -39.293), (-37.552, -39.293)]
665;100;;;0;0,08;[1201, 1202, 1204, 1203];[(-37.552, -39.293), (-37.382, -39.293), (-37.382, -38.817), (-37.552, -38.817)]
666;100;;;0;0,04;[1203, 1204, 1206, 1205];[(-37.552, -38.817), (-37.382, -38.817), (-37.382, -38.595), (-37.552, -38.595)]
667;100;;;0;0,53;[238, 1203, 1205, 240];[(-39.998, -38.814), (-37.552, -38.817), (-37.552, -38.595), (-39.998, -38.602)]
668;100;;;0;0,19;[1153, 1151, 1207, 1208];[(-33.637, -38.786), (-33.637, -38.604), (-34.692, -38.604), (-34.692, -38.786)]
669;100;;;0;0,03;[1208, 1207, 1209, 1210];[(-34.692, -38.786), (-34.692, -38.604), (-34.845, -38.604), (-34.845, -38.786)]
670;100;;;0;0,19;[1210, 1209, 1211, 1212];[(-34.845, -38.786), (-34.845, -38.604), (-35.877, -38.604), (-35.877, -38.786)]
671;100;;;0;0,02;[1212, 1211, 1213, 1214];[(-35.877, -38.786), (-35.877, -38.604), (-36.002, -38.604), (-36.002, -38.786)]
672;100;;;0;0,11;[1212, 1214, 1216, 1215];[(-35.877, -38.786), (-36.002, -38.786), (-36.002, -39.636), (-35.877, -39.636)]
673;1;;;0;0,09;[1215, 1216, 1218, 1217];[(-35.877, -39.636), (-36.002, -39.636), (-36.002, -40.374), (-35.877, -40.374)]
674;100;;;0;0,01;[1217, 1218, 1220, 1219];[(-35.877, -40.374), (-36.002, -40.374), (-36.002, -40.464), (-35.877, -40.464)]
675;100;;;0;0,02;[1219, 1220, 1222, 1221];[(-35.877, -40.464), (-36.002, -40.464), (-36.002, -40.595), (-35.877, -40.595)]
676;100;;;0;0,13;[1219, 1221, 1224, 1223];[(-35.877, -40.464), (-35.877, -40.595), (-34.845, -40.595), (-34.845, -40.464)]
677;100;;;0;0,02;[1223, 1224, 1226, 1225];[(-34.845, -40.464), (-34.845, -40.595), (-34.698, -40.595), (-34.698, -40.464)]
678;100;;;0;0,14;[1155, 1225, 1226, 1157];[(-33.637, -40.453), (-34.698, -40.464), (-34.698, -40.595), (-33.637, -40.589)]
679;100;;;0;0,01;[1223, 1225, 1228, 1227];[(-34.845, -40.464), (-34.698, -40.464), (-34.698, -40.379), (-34.845, -40.379)]
680;3;;;0;0,11;[1227, 1228, 1230, 1229];[(-34.845, -40.379), (-34.698, -40.379), (-34.698, -39.619), (-34.845, -39.619)]
681;100;;;0;0,13;[1210, 1229, 1230, 1208];[(-34.845, -38.786), (-34.845, -39.619), (-34.698, -39.619), (-34.692, -38.786)]
682;100;;;0;0,25;[1221, 1222, 1232, 1231];[(-35.877, -40.595), (-36.002, -40.595), (-36.002, -42.603), (-35.877, -42.603)]
683;1;;;0;0,10;[1231, 1232, 1234, 1233];[(-35.877, -42.603), (-36.002, -42.603), (-36.002, -43.426), (-35.877, -43.426)]
684;100;;;0;0,10;[1233, 1234, 1236, 1235];[(-35.877, -43.426), (-36.002, -43.426), (-36.002, -44.191), (-35.877, -44.191)]
685;100;;;0;0,02;[1235, 1236, 1238, 1237];[(-35.877, -44.191), (-36.002, -44.191), (-36.002, -44.348), (-35.877, -44.348)]
686;100;;;0;0,39;[1159, 1235, 1237, 1161];[(-33.637, -44.184), (-35.877, -44.191), (-35.877, -44.348), (-33.637, -44.371)]
687;100;;;0;0,40;[234, 1195, 1197, 236];[(-39.998, -41.41), (-37.552, -41.414), (-37.552, -41.244), (-39.998, -41.255)]
688;100;;;0;0,35;[244, 242, 1239, 1240];[(-39.998, -35.921), (-39.998, -36.062), (-37.499, -36.062), (-37.499, -35.921)]
689;1;;;0;0,12;[1240, 1239, 1241, 1242];[(-37.499, -35.921), (-37.499, -36.062), (-36.676, -36.062), (-36.676, -35.921)]
690;100;;;0;0,20;[1242, 1241, 1243, 1244];[(-36.676, -35.921), (-36.676, -36.062), (-35.256, -36.062), (-35.256, -35.921)]
691;1;;;0;0,12;[1244, 1243, 1245, 1246];[(-35.256, -35.921), (-35.256, -36.062), (-34.432, -36.062), (-34.432, -35.921)]
692;100;;;0;0,12;[1147, 1246, 1245, 1149];[(-33.637, -35.905), (-34.432, -35.921), (-34.432, -36.062), (-33.637, -36.07)]
693;100;;;0;0,37;[168, 166, 1247, 1248];[(21.97, -48.708), (22.379, -48.708), (22.379, -47.794), (21.97, -47.794)]
694;1;;;0;0,60;[1248, 1247, 1249, 1250];[(21.97, -47.794), (22.379, -47.794), (22.379, -46.337), (21.97, -46.337)]
695;100;;;0;0,09;[1250, 1249, 1251, 1252];[(21.97, -46.337), (22.379, -46.337), (22.379, -46.117), (21.97, -46.117)]
696;100;;;0;0,16;[1252, 1251, 1253, 1254];[(21.97, -46.117), (22.379, -46.117), (22.379, -45.728), (21.97, -45.728)]
697;100;;;0;0,19;[1254, 1253, 1255, 1256];[(21.97, -45.728), (22.379, -45.728), (22.379, -45.271), (21.97, -45.271)]
698;100;;;0;1,71;[1253, 1251, 2526, 1257, 1258];[(22.379, -45.728), (22.379, -46.117), (24.379, -46.117), (26.765, -46.117), (26.765, -45.728)]
699;100;;;0;0,09;[1258, 1257, 1259, 1260];[(26.765, -45.728), (26.765, -46.117), (26.985, -46.117), (26.985, -45.728)]
700;100;;;0;0,92;[150, 1260, 1259, 152];[(29.364, -45.721), (26.985, -45.728), (26.985, -46.117), (29.364, -46.102)]
701;100;;;0;0,03;[1259, 1257, 1261, 1262];[(26.985, -46.117), (26.765, -46.117), (26.765, -46.247), (26.985, -46.247)]
702;1;;;0;0,20;[1262, 1261, 1263, 1264];[(26.985, -46.247), (26.765, -46.247), (26.765, -47.164), (26.985, -47.164)]
703;100;;;0;0,36;[162, 1264, 1263, 164];[(27.007, -48.708), (26.985, -47.164), (26.765, -47.164), (26.768, -48.708)]
704;100;;;0;0,45;[132, 130, 1265, 1266];[(29.364, -20.218), (29.364, -20.06), (26.499, -20.06), (26.499, -20.218)]
705;100;;;0;0,02;[1266, 1265, 1267, 1268];[(26.499, -20.218), (26.499, -20.06), (26.352, -20.06), (26.352, -20.218)]
706;100;;;0;0,28;[1268, 1267, 1269, 1270];[(26.352, -20.218), (26.352, -20.06), (24.613, -20.06), (24.613, -20.218)]
707;100;;;0;0,03;[1270, 1269, 1271, 1272];[(24.613, -20.218), (24.613, -20.06), (24.45, -20.06), (24.45, -20.218)]
708;100;;;0;0,15;[1272, 1271, 1273, 1274];[(24.45, -20.218), (24.45, -20.06), (23.486, -20.06), (23.486, -20.218)]
709;1;;;0;0,13;[1274, 1273, 1275, 1276];[(23.486, -20.218), (23.486, -20.06), (22.662, -20.06), (22.662, -20.218)]
710;100;;;0;0,04;[1276, 1275, 1277, 1278];[(22.662, -20.218), (22.662, -20.06), (22.384, -20.06), (22.384, -20.218)]
711;100;;;0;0,06;[1278, 1277, 1279, 1280];[(22.384, -20.218), (22.384, -20.06), (22.0, -20.06), (22.0, -20.218)]
712;100;;;0;0,55;[1279, 1277, 1281, 1282];[(22.0, -20.06), (22.384, -20.06), (22.384, -18.614), (22.0, -18.614)]
713;100;;;0;0,05;[1282, 1281, 1283, 1284];[(22.0, -18.614), (22.384, -18.614), (22.384, -18.484), (22.0, -18.484)]
714;100;;;0;0,03;[1284, 1283, 1285, 1286];[(22.0, -18.484), (22.384, -18.484), (22.384, -18.418), (22.0, -18.418)]
715;100;;;0;0,16;[1286, 1285, 1287, 1288];[(22.0, -18.418), (22.384, -18.418), (22.384, -17.994), (22.0, -17.994)]
716;100;;;0;1,70;[123, 1288, 1287, 124];[(21.977, -13.746), (22.0, -17.994), (22.384, -17.994), (22.392, -13.746)]
717;100;;;0;0,02;[1283, 1281, 1289, 1290];[(22.384, -18.484), (22.384, -18.614), (22.515, -18.614), (22.515, -18.484)]
718;1;;;0;0,10;[1290, 1289, 1291, 1292];[(22.515, -18.484), (22.515, -18.614), (23.29, -18.614), (23.29, -18.484)]
719;100;;;0;0,12;[1292, 1291, 1293, 1294];[(23.29, -18.484), (23.29, -18.614), (24.189, -18.614), (24.189, -18.484)]
720;100;;;0;0,02;[1294, 1293, 1295, 1296];[(24.189, -18.484), (24.189, -18.614), (24.336, -18.614), (24.336, -18.484)]
721;100;;;0;0,07;[1296, 1295, 1297, 1298];[(24.336, -18.484), (24.336, -18.614), (24.842, -18.614), (24.842, -18.484)]
722;1;;;0;0,11;[1298, 1297, 1299, 1300];[(24.842, -18.484), (24.842, -18.614), (25.675, -18.614), (25.675, -18.484)]
723;100;;;0;0,09;[1300, 1299, 1301, 1302];[(25.675, -18.484), (25.675, -18.614), (26.352, -18.614), (26.352, -18.484)]
724;100;;;0;0,01;[1302, 1301, 1303, 1304];[(26.352, -18.484), (26.352, -18.614), (26.498, -18.614), (26.423, -18.48)]
725;100;;;0;0,19;[117, 1304, 1303, 126];[(27.206, -17.623), (26.423, -18.48), (26.498, -18.614), (27.328, -17.741)]
726;100;;;0;0,05;[1267, 1265, 1305, 1306];[(26.352, -20.06), (26.499, -20.06), (26.499, -19.752), (26.352, -19.752)]
727;1;;;0;0,12;[1306, 1305, 1307, 1308];[(26.352, -19.752), (26.499, -19.752), (26.499, -18.957), (26.352, -18.957)]
728;100;;;0;0,05;[1301, 1308, 1307, 1303];[(26.352, -18.614), (26.352, -18.957), (26.499, -18.957), (26.498, -18.614)]
729;100;;;0;0,39;[1270, 1272, 1310, 1309];[(24.613, -20.218), (24.45, -20.218), (24.45, -22.629), (24.613, -22.629)]
730;1;;;0;0,14;[1309, 1310, 1312, 1311];[(24.613, -22.629), (24.45, -22.629), (24.45, -23.464), (24.613, -23.464)]
731;100;;;0;0,19;[1311, 1312, 1314, 1313];[(24.613, -23.464), (24.45, -23.464), (24.45, -24.639), (24.613, -24.639)]
732;100;;;0;0,02;[1313, 1314, 1316, 1315];[(24.613, -24.639), (24.45, -24.639), (24.45, -24.769), (24.613, -24.769)]
733;100;;;0;0,17;[1313, 1315, 1318, 1317];[(24.613, -24.639), (24.613, -24.769), (25.895, -24.769), (25.895, -24.639)]
734;100;;;0;0,02;[1317, 1318, 1320, 1319];[(25.895, -24.639), (25.895, -24.769), (26.058, -24.769), (26.058, -24.639)]
735;100;;;0;0,28;[1319, 1320, 1322, 1321];[(26.058, -24.639), (26.058, -24.769), (28.214, -24.769), (28.214, -24.639)]
736;2;;;0;0,11;[1321, 1322, 1324, 1323];[(28.214, -24.639), (28.214, -24.769), (29.047, -24.769), (29.047, -24.639)]
737;100;;;0;0,04;[134, 1323, 1324, 136];[(29.364, -24.647), (29.047, -24.639), (29.047, -24.769), (29.364, -24.784)]
738;100;;;0;0,10;[1320, 1318, 1325, 1326];[(26.058, -24.769), (25.895, -24.769), (25.895, -25.406), (26.058, -25.406)]
739;1;;;0;0,13;[1326, 1325, 1327, 1328];[(26.058, -25.406), (25.895, -25.406), (25.895, -26.181), (26.058, -26.181)]
740;100;;;0;0,29;[1328, 1327, 1329, 1330];[(26.058, -26.181), (25.895, -26.181), (25.895, -28.117), (26.039, -28.041)]
741;100;;;0;0,32;[140, 138, 1331, 1332];[(29.364, -29.008), (29.364, -28.89), (26.708, -28.89), (26.604, -29.008)]
742;100;;;0;0,03;[2493, 1332, 1331, 2492];[(26.476, -28.847), (26.604, -29.008), (26.708, -28.89), (26.587, -28.737)]
743;100;;;0;0,31;[1278, 1280, 1334, 1333];[(22.384, -20.218), (22.0, -20.218), (22.0, -21.018), (22.384, -21.018)]
744;1;;;0;0,30;[1333, 1334, 1336, 1335];[(22.384, -21.018), (22.0, -21.018), (22.0, -21.806), (22.384, -21.806)]
745;100;;;0;0,99;[1335, 1336, 1338, 1337];[(22.384, -21.806), (22.0, -21.806), (22.0, -24.381), (22.384, -24.381)]
746;100;;;0;0,15;[1337, 1338, 1340, 1339];[(22.384, -24.381), (22.0, -24.381), (22.0, -24.781), (22.384, -24.781)]
747;100;;;0;0,39;[1340, 1338, 1341, 1342];[(22.0, -24.781), (22.0, -24.381), (21.012, -24.381), (21.012, -24.781)]
748;100;;;0;0,06;[1342, 1341, 1343, 1344];[(21.012, -24.781), (21.012, -24.381), (20.86, -24.381), (20.86, -24.781)]
749;100;;;0;0,52;[1344, 1343, 1345, 1346];[(20.86, -24.781), (20.86, -24.381), (19.554, -24.381), (19.554, -24.781)]
750;100;;;0;1,48;[1346, 1345, 1347, 1348];[(19.554, -24.781), (19.554, -24.381), (15.851, -24.381), (15.851, -24.781)]
751;100;;;0;0,06;[1348, 1347, 1349, 1350];[(15.851, -24.781), (15.851, -24.381), (15.709, -24.381), (15.709, -24.781)]
752;100;;;0;0,84;[1349, 1347, 1351, 1352];[(15.709, -24.381), (15.851, -24.381), (15.851, -18.431), (15.709, -18.431)]
753;100;;;0;0,06;[1352, 1351, 1353, 1354];[(15.709, -18.431), (15.851, -18.431), (15.851, -17.996), (15.709, -17.996)]
754;100;;;0;0,82;[111, 1354, 1353, 113];[(15.702, -12.219), (15.709, -17.996), (15.851, -17.996), (15.843, -12.219)]
755;100;;;0;2,05;[1353, 1351, 1355, 1356];[(15.851, -17.996), (15.851, -18.431), (20.566, -18.431), (20.566, -17.996)]
756;2;;;0;0,37;[1356, 1355, 1357, 1358];[(20.566, -17.996), (20.566, -18.431), (21.424, -18.431), (21.424, -17.996)]
757;100;;;0;0,25;[1288, 1358, 1357, 1286];[(22.0, -17.994), (21.424, -17.996), (21.424, -18.431), (22.0, -18.418)]
758;100;;;0;0,04;[1342, 1344, 1360, 1359];[(21.012, -24.781), (20.86, -24.781), (20.86, -25.075), (21.012, -25.075)]
759;1;;;0;0,21;[1359, 1360, 1362, 1361];[(21.012, -25.075), (20.86, -25.075), (20.86, -26.439), (21.012, -26.439)]
760;100;;;0;0,06;[1361, 1362, 1364, 1363];[(21.012, -26.439), (20.86, -26.439), (20.86, -26.838), (21.012, -26.838)]
761;100;;;0;0,22;[1363, 1364, 1366, 1365];[(21.012, -26.838), (20.86, -26.838), (20.86, -28.249), (21.012, -28.249)]
762;100;;;0;0,05;[1365, 1366, 1368, 1367];[(21.012, -28.249), (20.86, -28.249), (20.86, -28.59), (21.012, -28.59)]
763;1;;;0;0,22;[1367, 1368, 1370, 1369];[(21.012, -28.59), (20.86, -28.59), (20.86, -30.001), (21.012, -30.001)]
764;100;;;0;0,04;[1369, 1370, 1372, 1371];[(21.012, -30.001), (20.86, -30.001), (20.86, -30.295), (21.012, -30.295)]
765;100;;;0;0,06;[1371, 1372, 1374, 1373];[(21.012, -30.295), (20.86, -30.295), (20.86, -30.695), (21.012, -30.695)]
766;100;;;0;0,38;[1371, 1373, 1376, 1375];[(21.012, -30.295), (21.012, -30.695), (21.965, -30.695), (21.965, -30.295)]
767;100;;;0;0,16;[1375, 1376, 1378, 1377];[(21.965, -30.295), (21.965, -30.695), (22.376, -30.695), (22.376, -30.295)]
768;100;;;0;1,17;[1378, 1376, 1379, 1380];[(22.376, -30.695), (21.965, -30.695), (21.965, -33.541), (22.376, -33.541)]
769;1;;;0;0,34;[1380, 1379, 1381, 1382];[(22.376, -33.541), (21.965, -33.541), (21.965, -34.364), (22.376, -34.364)]
770;100;;;0;0,13;[1382, 1381, 1383, 1384];[(22.376, -34.364), (21.965, -34.364), (21.965, -34.67), (22.376, -34.67)]
771;100;;;0;0,17;[1384, 1383, 1385, 1386];[(22.376, -34.67), (21.965, -34.67), (21.965, -35.078), (22.376, -35.078)]
772;100;;;0;0,16;[1385, 1383, 1387, 1388];[(21.965, -35.078), (21.965, -34.67), (21.563, -34.67), (21.563, -35.078)]
773;2;;;0;0,34;[1388, 1387, 1389, 1390];[(21.563, -35.078), (21.563, -34.67), (20.74, -34.67), (20.74, -35.078)]
774;100;;;0;1,99;[1390, 1389, 1391, 1392];[(20.74, -35.078), (20.74, -34.67), (15.854, -34.67), (15.854, -35.078)]
775;100;;;0;0,06;[1392, 1391, 1393, 1394];[(15.854, -35.078), (15.854, -34.67), (15.698, -34.67), (15.698, -35.078)]
776;100;;;0;0,62;[1393, 1391, 1395, 1396];[(15.698, -34.67), (15.854, -34.67), (15.854, -30.696), (15.698, -30.696)]
777;100;;;0;0,06;[1396, 1395, 1397, 1398];[(15.698, -30.696), (15.854, -30.696), (15.854, -30.288), (15.698, -30.288)]
778;100;;;0;2,02;[1372, 1397, 1395, 1374];[(20.86, -30.295), (15.854, -30.288), (15.854, -30.696), (20.86, -30.695)]
779;100;;;0;0,28;[1398, 1397, 1399, 1400];[(15.698, -30.288), (15.854, -30.288), (15.854, -28.484), (15.698, -28.484)]
780;100;;;0;0,05;[1400, 1399, 1401, 1402];[(15.698, -28.484), (15.854, -28.484), (15.854, -28.178), (15.698, -28.178)]
781;100;;;0;1,13;[1401, 1399, 1403, 1404];[(15.854, -28.178), (15.854, -28.484), (19.556, -28.484), (19.556, -28.178)]
782;100;;;0;0,25;[1348, 1350, 1406, 1405];[(15.851, -24.781), (15.709, -24.781), (15.709, -26.557), (15.851, -26.557)]
783;100;;;0;0,04;[1405, 1406, 1408, 1407];[(15.851, -26.557), (15.709, -26.557), (15.709, -26.87), (15.851, -26.87)]
784;100;;;0;1,16;[1405, 1407, 1410, 1409];[(15.851, -26.557), (15.851, -26.87), (19.559, -26.87), (19.559, -26.557)]
785;100;;;0;1,86;[1386, 1385, 1531, 1411, 1412];[(22.376, -35.078), (21.965, -35.078), (21.965, -39.437), (21.965, -39.593), (22.376, -39.593)]
786;100;;;0;0,34;[1412, 1411, 1413, 1414];[(22.376, -39.593), (21.965, -39.593), (21.965, -40.416), (22.376, -40.416)]
787;100;;;0;0,27;[1392, 1394, 1416, 1415];[(15.854, -35.078), (15.698, -35.078), (15.698, -36.809), (15.854, -36.809)]
788;100;;;0;0,03;[1415, 1416, 1418, 1417];[(15.854, -36.809), (15.698, -36.809), (15.698, -36.973), (15.854, -37.006)]
789;100;;;0;0,33;[1417, 1418, 1420, 1419, 1525];[(15.854, -37.006), (15.698, -36.973), (14.207, -38.573), (14.321, -38.685), (15.707, -37.167)]
790;100;;;0;0,03;[1419, 1420, 1422, 1421];[(14.321, -38.685), (14.207, -38.573), (14.103, -38.682), (14.197, -38.82)]
791;100;;;0;0,02;[1421, 1422, 1424, 1423];[(14.197, -38.82), (14.103, -38.682), (13.983, -38.675), (13.983, -38.813)]
792;100;;;0;0,51;[1423, 1424, 1426, 1425];[(13.983, -38.813), (13.983, -38.675), (10.308, -38.675), (10.308, -38.813)]
793;100;;;0;0,06;[1425, 1426, 1428, 1427];[(10.308, -38.813), (10.308, -38.675), (9.887, -38.675), (9.887, -38.813)]
794;100;;;0;0,79;[1427, 1428, 1430, 1429];[(9.887, -38.813), (9.887, -38.675), (4.204, -38.675), (4.204, -38.813)]
795;100;;;0;0,05;[1429, 1430, 1432, 1431];[(4.204, -38.813), (4.204, -38.675), (3.826, -38.675), (3.826, -38.813)]
796;100;;;0;0,36;[1431, 1432, 1434, 1433];[(3.826, -38.813), (3.826, -38.675), (1.208, -38.675), (1.208, -38.813)]
797;100;;;0;0,06;[1433, 1434, 1436, 1435];[(1.208, -38.813), (1.208, -38.675), (0.792, -38.675), (0.792, -38.813)]
798;100;;;0;0,24;[1435, 1436, 1438, 1437];[(0.792, -38.813), (0.792, -38.675), (-0.961, -38.675), (-0.961, -38.813)]
799;100;;;0;0,05;[1437, 1438, 1440, 1439];[(-0.961, -38.813), (-0.961, -38.675), (-1.301, -38.675), (-1.301, -38.813)]
800;100;;;0;1,25;[1437, 1439, 1442, 1441];[(-0.961, -38.813), (-1.301, -38.813), (-1.301, -42.48), (-0.961, -42.48)]
801;100;;;0;2,35;[1433, 1435, 1444, 1443];[(1.208, -38.813), (0.792, -38.813), (0.792, -44.468), (1.208, -44.468)]
802;100;;;0;0,05;[1443, 1444, 1446, 1445];[(1.208, -44.468), (0.792, -44.468), (0.792, -44.586), (1.208, -44.586)]
803;100;;;0;0,01;[1446, 1444, 1447, 1448];[(0.792, -44.586), (0.792, -44.468), (0.714, -44.468), (0.714, -44.586)]
804;1;;;0;0,19;[1448, 1447, 1449, 1450];[(0.714, -44.586), (0.714, -44.468), (-0.942, -44.468), (-0.942, -44.586)]
805;100;;;0;0,09;[1450, 1449, 1451, 1452];[(-0.942, -44.586), (-0.942, -44.468), (-1.687, -44.468), (-1.687, -44.586)]
806;100;;;0;0,06;[1452, 1451, 1453, 1454];[(-1.687, -44.586), (-1.687, -44.468), (-2.226, -44.468), (-2.226, -44.586)]
807;100;;;0;0,08;[1454, 1453, 1455, 1456];[(-2.226, -44.586), (-2.226, -44.468), (-2.873, -44.468), (-2.873, -44.586)]
808;1;;;0;0,20;[1456, 1455, 1457, 1458];[(-2.873, -44.586), (-2.873, -44.468), (-4.607, -44.468), (-4.607, -44.586)]
809;100;;;0;0,01;[1458, 1457, 1459, 1460];[(-4.607, -44.586), (-4.607, -44.468), (-4.685, -44.468), (-4.685, -44.586)]
810;100;;;0;0,05;[1460, 1459, 1461, 1462];[(-4.685, -44.586), (-4.685, -44.468), (-5.087, -44.468), (-5.087, -44.586)]
811;100;;;0;0,05;[1462, 1461, 1463, 1464];[(-5.087, -44.586), (-5.087, -44.468), (-5.479, -44.468), (-5.479, -44.586)]
812;1;;;0;0,10;[1464, 1463, 1465, 1466];[(-5.479, -44.586), (-5.479, -44.468), (-6.292, -44.468), (-6.292, -44.586)]
813;100;;;0;0,17;[1466, 1465, 1467, 1468];[(-6.292, -44.586), (-6.292, -44.468), (-7.772, -44.468), (-7.772, -44.586)]
814;100;;;0;0,05;[1468, 1467, 1469, 1470];[(-7.772, -44.586), (-7.772, -44.468), (-8.174, -44.468), (-8.174, -44.586)]
815;100;;;0;0,67;[1470, 1469, 1471, 1472];[(-8.174, -44.586), (-8.174, -44.468), (-13.837, -44.468), (-13.837, -44.586)]
816;100;;;0;0,05;[1472, 1471, 1473, 1474];[(-13.837, -44.586), (-13.837, -44.468), (-14.269, -44.468), (-14.269, -44.586)]
817;100;;;0;0,53;[1474, 1473, 1475, 1476];[(-14.269, -44.586), (-14.269, -44.468), (-18.786, -44.468), (-18.786, -44.586)]
818;1;;;0;0,10;[1476, 1475, 1477, 1478];[(-18.786, -44.586), (-18.786, -44.468), (-19.599, -44.468), (-19.599, -44.586)]
819;100;;;0;1,72;[1429, 1431, 1485, 1479];[(4.204, -38.813), (3.826, -38.813), (3.826, -43.371), (4.204, -43.371)]
820;2;;;0;0,31;[1479, 1485, 1487, 1486];[(4.204, -43.371), (3.826, -43.371), (3.826, -44.203), (4.204, -44.203)]
821;100;;;0;0,88;[1477, 1481, 1483, 1484, 1482, 1480, 1478];[(-19.599, -44.468), (-19.599, -44.168), (-19.871, -44.168), (-20.285, -44.168), (-21.627, -44.168), (-21.797, -44.586), (-19.599, -44.586)]
822;100;;;0;0,10;[1486, 1487, 1489, 1488];[(4.204, -44.203), (3.826, -44.203), (3.826, -44.457), (4.204, -44.457)]
823;100;;;0;0,05;[1488, 1489, 1491, 1490];[(4.204, -44.457), (3.826, -44.457), (3.826, -44.593), (4.204, -44.593)]
824;100;;;0;0,19;[1491, 1489, 1492, 1493];[(3.826, -44.593), (3.826, -44.457), (2.425, -44.457), (2.425, -44.593)]
825;1;;;0;0,10;[1493, 1492, 1494, 1495];[(2.425, -44.593), (2.425, -44.457), (1.677, -44.457), (1.677, -44.593)]
826;100;;;0;0,06;[1445, 1495, 1494, 1443];[(1.208, -44.586), (1.677, -44.593), (1.677, -44.457), (1.208, -44.468)]
827;100;;;0;0,77;[1488, 1490, 1497, 1496];[(4.204, -44.457), (4.204, -44.593), (9.891, -44.593), (9.891, -44.457)]
828;100;;;0;0,06;[1496, 1497, 1499, 1498];[(9.891, -44.457), (9.891, -44.593), (10.3, -44.593), (10.3, -44.457)]
829;100;;;0;0,33;[1498, 1499, 1501, 1500];[(10.3, -44.457), (10.3, -44.593), (12.732, -44.593), (12.732, -44.457)]
830;1;;;0;0,11;[1500, 1501, 1503, 1502];[(12.732, -44.457), (12.732, -44.593), (13.526, -44.593), (13.526, -44.457)]
831;100;;;0;0,29;[1502, 1503, 1505, 1504];[(13.526, -44.457), (13.526, -44.593), (15.681, -44.593), (15.681, -44.457)]
832;100;;;0;0,17;[1509, 1507, 1506, 1510];[(16.083, -44.196), (16.083, -44.593), (16.509, -44.593), (16.509, -44.196)]
833;100;;;0;0,46;[1510, 1506, 1511, 1512];[(16.509, -44.196), (16.509, -44.593), (17.751, -44.593), (17.569, -44.196)]
834;100;;;0;0,16;[1507, 1509, 1508, 1504, 1505];[(16.083, -44.593), (16.083, -44.196), (15.681, -44.196), (15.681, -44.457), (15.681, -44.593)]
835;100;;;0;0,83;[2491, 2490, 1513, 1514];[(17.786, -43.968), (17.983, -44.349), (19.435, -42.824), (19.14, -42.541)]
836;100;;;0;0,17;[1514, 1513, 1515, 1516];[(19.14, -42.541), (19.435, -42.824), (19.713, -42.529), (19.418, -42.246)]
837;100;;;0;1,19;[1516, 1515, 1517, 1518];[(19.418, -42.246), (19.713, -42.529), (21.709, -40.425), (21.414, -40.142)]
838;100;;;0;0,26;[1411, 1530, 1518, 1517, 1413];[(21.965, -39.593), (21.788, -39.769), (21.414, -40.142), (21.709, -40.425), (21.965, -40.416)]
839;100;;;0;0,91;[1514, 1516, 1520, 1519];[(19.14, -42.541), (19.418, -42.246), (17.796, -40.692), (17.518, -40.987)]
840;100;;;0;2,34;[1427, 1496, 1498, 1425];[(9.887, -38.813), (9.891, -44.457), (10.3, -44.457), (10.308, -38.813)]
841;2;;;0;0,30;[1521, 1523, 1524, 1522];[(15.98, -42.958), (15.676, -43.107), (15.999, -43.941), (16.303, -43.792)]
842;100;;;0;0,13;[1510, 1522, 1524, 1509];[(16.509, -44.196), (16.303, -43.792), (15.999, -43.941), (16.083, -44.196)]
843;100;;;0;1,59;[1419, 1421, 1423, 1523, 1521];[(14.321, -38.685), (14.197, -38.82), (13.983, -38.813), (15.676, -43.107), (15.98, -42.958)]
844;2;;;0;0,32;[1526, 1528, 1529, 1527];[(20.853, -38.971), (20.704, -39.297), (21.531, -39.647), (21.68, -39.321)]
845;100;;;0;0,12;[1531, 1527, 1529, 1530, 1411];[(21.965, -39.437), (21.68, -39.321), (21.531, -39.647), (21.788, -39.769), (21.965, -39.593)]
846;100;;;0;2,01;[1415, 1417, 1525, 1528, 1526];[(15.854, -36.809), (15.854, -37.006), (15.707, -37.167), (20.704, -39.297), (20.853, -38.971)]
847;100;;;0;2,27;[1461, 1459, 1532, 1533];[(-5.087, -44.468), (-4.685, -44.468), (-4.685, -38.812), (-5.087, -38.812)]
848;100;;;0;0,07;[1533, 1532, 1534, 1535];[(-5.087, -38.812), (-4.685, -38.812), (-4.685, -38.636), (-5.087, -38.636)]
849;100;;;0;0,31;[1534, 1532, 1536, 1537];[(-4.685, -38.636), (-4.685, -38.812), (-2.914, -38.812), (-2.914, -38.636)]
850;100;;;0;0,05;[1537, 1536, 1538, 1539];[(-2.914, -38.636), (-2.914, -38.812), (-2.644, -38.812), (-2.644, -38.636)]
851;100;;;0;0,99;[1538, 1536, 1540, 1541];[(-2.644, -38.812), (-2.914, -38.812), (-2.914, -42.47), (-2.644, -42.47)]
852;100;;;0;0,13;[1469, 1467, 1542, 1543];[(-8.174, -44.468), (-7.772, -44.468), (-7.772, -44.15), (-8.174, -44.15)]
853;2;;;0;0,31;[1543, 1542, 1544, 1545];[(-8.174, -44.15), (-7.772, -44.15), (-7.772, -43.374), (-8.174, -43.374)]
854;100;;;0;1,83;[1545, 1544, 1546, 1547];[(-8.174, -43.374), (-7.772, -43.374), (-7.772, -38.818), (-8.174, -38.818)]
855;100;;;0;0,07;[1547, 1546, 1548, 1549];[(-8.174, -38.818), (-7.772, -38.818), (-7.772, -38.638), (-8.174, -38.638)]
856;100;;;0;0,48;[1535, 1548, 1546, 1533];[(-5.087, -38.636), (-7.772, -38.638), (-7.772, -38.818), (-5.087, -38.812)]
857;100;;;0;1,02;[1547, 1549, 1551, 1550];[(-8.174, -38.818), (-8.174, -38.638), (-13.824, -38.638), (-13.824, -38.818)]
858;100;;;0;0,08;[1550, 1551, 1553, 1552];[(-13.824, -38.818), (-13.824, -38.638), (-14.282, -38.638), (-14.282, -38.818)]
859;100;;;0;0,63;[1552, 1553, 1555, 1554];[(-14.282, -38.818), (-14.282, -38.638), (-17.801, -38.638), (-17.801, -38.818)]
860;100;;;0;0,06;[1554, 1555, 1557, 1556];[(-17.801, -38.818), (-17.801, -38.638), (-18.089, -38.638), (-18.172, -38.818)]
861;100;;;0;0,36;[1556, 1557, 1559, 1558];[(-18.172, -38.818), (-18.089, -38.638), (-19.408, -37.229), (-19.546, -37.345)]
862;100;;;0;0,08;[1558, 1559, 1561, 1560];[(-19.546, -37.345), (-19.408, -37.229), (-19.68, -36.882), (-19.818, -36.999)]
863;100;;;0;0,26;[1560, 1561, 1563, 1562];[(-19.818, -36.999), (-19.68, -36.882), (-19.684, -35.086), (-19.822, -35.086)]
864;100;;;0;0,05;[1562, 1563, 1565, 1564];[(-19.822, -35.086), (-19.684, -35.086), (-19.684, -34.7), (-19.822, -34.7)]
865;100;;;0;0,84;[1564, 1565, 1567, 1566, 2525];[(-19.822, -34.7), (-19.684, -34.7), (-19.684, -28.585), (-19.822, -28.585), (-19.822, -30.739)]
866;100;;;0;0,05;[1566, 1567, 1569, 1568];[(-19.822, -28.585), (-19.684, -28.585), (-19.684, -28.242), (-19.822, -28.242)]
867;100;;;0;1,23;[1566, 1568, 1571, 1570];[(-19.822, -28.585), (-19.822, -28.242), (-23.406, -28.242), (-23.406, -28.585)]
868;100;;;0;2,37;[1562, 1564, 1573, 1572];[(-19.822, -35.086), (-19.822, -34.7), (-25.954, -34.7), (-25.954, -35.086)]
869;100;;;0;0,14;[1572, 1573, 1575, 1574];[(-25.954, -35.086), (-25.954, -34.7), (-26.313, -34.7), (-26.313, -35.086)]
870;100;;;0;0,88;[1575, 1573, 1576, 1577];[(-26.313, -34.7), (-25.954, -34.7), (-25.954, -32.254), (-26.313, -32.254)]
871;1;;;0;0,29;[1577, 1576, 1578, 1579];[(-26.313, -32.254), (-25.954, -32.254), (-25.954, -31.453), (-26.313, -31.453)]
872;100;;;0;0,26;[1579, 1578, 1580, 1581];[(-26.313, -31.453), (-25.954, -31.453), (-25.954, -30.739), (-26.313, -30.739)]
873;100;;;0;0,13;[1581, 1580, 1582, 1583];[(-26.313, -30.739), (-25.954, -30.739), (-25.954, -30.364), (-26.313, -30.364)]
874;100;;;0;0,40;[1582, 1580, 1584, 1585];[(-25.954, -30.364), (-25.954, -30.739), (-24.886, -30.739), (-24.886, -30.364)]
875;100;;;0;0,05;[1585, 1584, 1586, 1587];[(-24.886, -30.364), (-24.886, -30.739), (-24.743, -30.739), (-24.743, -30.364)]
876;100;;;0;1,14;[1587, 1586, 1588, 1589];[(-24.743, -30.364), (-24.743, -30.739), (-21.694, -30.739), (-21.694, -30.364)]
877;100;;;0;0,04;[1585, 1587, 1591, 1590];[(-24.886, -30.364), (-24.743, -30.364), (-24.743, -30.095), (-24.886, -30.095)]
878;1;;;0;0,21;[1590, 1591, 1593, 1592];[(-24.886, -30.095), (-24.743, -30.095), (-24.743, -28.658), (-24.886, -28.658)]
879;100;;;0;0,05;[1592, 1593, 1595, 1594];[(-24.886, -28.658), (-24.743, -28.658), (-24.743, -28.274), (-24.886, -28.274)]
880;100;;;0;0,20;[1594, 1595, 1597, 1596];[(-24.886, -28.274), (-24.743, -28.274), (-24.743, -26.87), (-24.886, -26.87)]
881;100;;;0;0,05;[1596, 1597, 1599, 1598];[(-24.886, -26.87), (-24.743, -26.87), (-24.743, -26.518), (-24.886, -26.518)]
882;1;;;0;0,20;[1598, 1599, 1601, 1600];[(-24.886, -26.518), (-24.743, -26.518), (-24.743, -25.114), (-24.886, -25.114)]
883;100;;;0;0,04;[1600, 1601, 1603, 1602];[(-24.886, -25.114), (-24.743, -25.114), (-24.743, -24.869), (-24.886, -24.869)]
884;100;;;0;0,11;[1602, 1603, 1605, 1604];[(-24.886, -24.869), (-24.743, -24.869), (-24.743, -24.118), (-24.886, -24.118)]
885;100;;;0;0,22;[1605, 1603, 1606, 1607];[(-24.743, -24.118), (-24.743, -24.869), (-24.449, -24.869), (-24.449, -24.118)]
886;100;;;0;0,13;[1607, 1606, 1608, 1609];[(-24.449, -24.118), (-24.449, -24.869), (-24.277, -24.869), (-24.277, -24.118)]
887;100;;;0;3,36;[1609, 1608, 1610, 1611];[(-24.277, -24.118), (-24.277, -24.869), (-19.811, -24.869), (-19.811, -24.118)]
888;100;;;0;0,10;[1611, 1610, 1612, 1613];[(-19.811, -24.118), (-19.811, -24.869), (-19.672, -24.869), (-19.672, -24.118)]
889;100;;;0;0,25;[1612, 1610, 1614, 1615];[(-19.672, -24.869), (-19.811, -24.869), (-19.811, -26.649), (-19.672, -26.649)]
890;100;;;0;0,05;[1615, 1614, 1616, 1617];[(-19.672, -26.649), (-19.811, -26.649), (-19.811, -26.984), (-19.672, -26.984)]
891;100;;;0;1,21;[1616, 1614, 1618, 1619];[(-19.811, -26.984), (-19.811, -26.649), (-23.42, -26.649), (-23.42, -26.984)]
892;1;;;0;0,74;[1602, 1604, 1621, 1620];[(-24.886, -24.869), (-24.886, -24.118), (-25.875, -24.118), (-25.875, -24.869)]
893;100;;;0;0,35;[1620, 1621, 1623, 1624, 1622];[(-25.875, -24.869), (-25.875, -24.118), (-26.336, -24.118), (-26.336, -24.272), (-26.336, -24.869)]
894;100;;;0;0,15;[1622, 1624, 1626, 1625];[(-26.336, -24.869), (-26.336, -24.272), (-26.591, -24.272), (-26.591, -24.869)]
895;1;;;0;0,62;[1623, 1621, 1627, 1628];[(-26.336, -24.118), (-25.875, -24.118), (-25.875, -22.766), (-26.336, -22.766)]
896;100;;;0;0,08;[1628, 1627, 1629, 1630];[(-26.336, -22.766), (-25.875, -22.766), (-25.875, -22.589), (-26.336, -22.589)]
897;100;;;0;0,66;[1630, 1629, 1631, 1632];[(-26.336, -22.589), (-25.875, -22.589), (-25.875, -21.149), (-26.336, -21.149)]
898;100;;;0;0,09;[1632, 1631, 1633, 1634];[(-26.336, -21.149), (-25.875, -21.149), (-25.875, -20.943), (-26.336, -20.943)]
899;100;;;0;1,18;[1634, 1633, 1635, 1636];[(-26.336, -20.943), (-25.875, -20.943), (-25.875, -18.376), (-26.336, -18.376)]
900;100;;;0;0,19;[1636, 1635, 1637, 1638];[(-26.336, -18.376), (-25.875, -18.376), (-25.875, -17.974), (-26.336, -17.974)]
901;100;;;0;1,39;[1638, 1637, 1639, 1640];[(-26.336, -17.974), (-25.875, -17.974), (-25.875, -14.946), (-26.336, -14.946)]
902;100;;;0;0,09;[1640, 1639, 1641, 1642];[(-26.336, -14.946), (-25.875, -14.946), (-25.875, -14.756), (-26.336, -14.756)]
903;1;;;0;0,41;[1642, 1641, 1643, 1644];[(-26.336, -14.756), (-25.875, -14.756), (-25.875, -13.864), (-26.336, -13.864)]
904;100;;;0;0,19;[1640, 1642, 1646, 1645];[(-26.336, -14.946), (-26.336, -14.756), (-27.282, -14.756), (-27.404, -14.946)]
905;100;;;0;0,13;[1649, 1650, 1648, 1647];[(-28.222, -14.219), (-27.833, -14.564), (-27.665, -14.392), (-28.049, -14.043)]
906;100;;;0;2,32;[1725, 1726, 1650, 1649];[(-31.313, -17.355), (-30.838, -17.648), (-27.833, -14.564), (-28.222, -14.219)]
907;100;;;0;0,13;[1646, 1648, 1650, 1645];[(-27.282, -14.756), (-27.665, -14.392), (-27.833, -14.564), (-27.404, -14.946)]
908;100;;;0;0,35;[1653, 1654, 1651, 1652];[(-26.712, -12.687), (-26.346, -13.037), (-25.879, -12.558), (-26.211, -12.179)]
909;100;;;0;0,97;[1647, 1648, 1654, 1653];[(-28.049, -14.043), (-27.665, -14.392), (-26.346, -13.037), (-26.712, -12.687)]
910;100;;;0;0,50;[1643, 1651, 1654, 1644];[(-25.875, -13.864), (-25.879, -12.558), (-26.346, -13.037), (-26.336, -13.864)]
911;100;;;0;0,19;[1637, 1635, 1655, 1656];[(-25.875, -17.974), (-25.875, -18.376), (-25.415, -18.376), (-25.415, -17.974)]
912;1;;;0;0,38;[1656, 1655, 1657, 1658];[(-25.415, -17.974), (-25.415, -18.376), (-24.474, -18.376), (-24.474, -17.974)]
913;100;;;0;0,07;[1658, 1657, 1659, 1660];[(-24.474, -17.974), (-24.474, -18.376), (-24.308, -18.376), (-24.308, -17.974)]
914;100;;;0;0,03;[1658, 1660, 1662, 1661];[(-24.474, -17.974), (-24.308, -17.974), (-24.308, -17.807), (-24.474, -17.807)]
915;1;;;0;0,13;[1661, 1662, 1664, 1663];[(-24.474, -17.807), (-24.308, -17.807), (-24.308, -17.024), (-24.474, -17.024)]
916;100;;;0;0,20;[1663, 1664, 1666, 1665];[(-24.474, -17.024), (-24.308, -17.024), (-24.308, -16.063), (-24.474, -15.603)]
917;100;;;0;1,65;[1665, 1666, 1668, 1667];[(-24.474, -15.603), (-24.308, -16.063), (-21.665, -13.444), (-21.907, -13.045)]
918;100;;;0;0,25;[1005, 1667, 1668, 1003];[(-21.891, -12.118), (-21.907, -13.045), (-21.665, -13.444), (-21.675, -12.226)]
919;100;;;0;0,73;[990, 992, 1670, 1669];[(-19.686, -12.226), (-19.814, -12.226), (-19.814, -17.955), (-19.686, -17.955)]
920;100;;;0;0,05;[1669, 1670, 1672, 1671];[(-19.686, -17.955), (-19.814, -17.955), (-19.814, -18.378), (-19.686, -18.378)]
921;100;;;0;0,76;[1613, 1671, 1672, 1611];[(-19.672, -24.118), (-19.686, -18.378), (-19.814, -18.378), (-19.811, -24.118)]
922;100;;;0;1,85;[1659, 1672, 1670, 1660];[(-24.308, -18.376), (-19.814, -18.378), (-19.814, -17.955), (-24.308, -17.974)]
923;100;;;0;0,04;[1659, 1657, 1675, 1676];[(-24.308, -18.376), (-24.474, -18.376), (-24.474, -18.601), (-24.308, -18.601)]
924;1;;;0;0,14;[1676, 1675, 1677, 1678];[(-24.308, -18.601), (-24.474, -18.601), (-24.474, -19.414), (-24.308, -19.414)]
925;100;;;0;0,79;[1609, 1678, 1677, 1607];[(-24.277, -24.118), (-24.308, -19.414), (-24.474, -19.414), (-24.449, -24.118)]
926;100;;;0;0,12;[1473, 1471, 1679, 1680];[(-14.269, -44.468), (-13.837, -44.468), (-13.837, -44.186), (-14.269, -44.186)]
927;2;;;0;0,35;[1680, 1679, 1681, 1682];[(-14.269, -44.186), (-13.837, -44.186), (-13.837, -43.382), (-14.269, -43.382)]
928;100;;;0;2,03;[1552, 1682, 1681, 1550];[(-14.282, -38.818), (-14.269, -43.382), (-13.837, -43.382), (-13.824, -38.818)]
929;100;;;0;1,45;[1683, 1554, 1556, 1684];[(-19.223, -42.529), (-17.801, -38.818), (-18.172, -38.818), (-19.595, -42.383)]
930;2;;;0;0,36;[1685, 1683, 1684, 1686];[(-19.563, -43.394), (-19.223, -42.529), (-19.595, -42.383), (-19.92, -43.22)]
931;100;;;0;0,36;[1483, 1685, 1686, 1484];[(-19.871, -44.168), (-19.563, -43.394), (-19.92, -43.22), (-20.285, -44.168)]
932;100;;;0;1,02;[2489, 2488, 1688, 1687];[(-21.921, -44.461), (-21.741, -44.05), (-23.315, -42.415), (-23.638, -42.73)]
933;100;;;0;0,20;[1687, 1688, 1690, 1689];[(-23.638, -42.73), (-23.315, -42.415), (-23.625, -42.105), (-23.948, -42.42)]
934;100;;;0;1,27;[1689, 1690, 1692, 1691];[(-23.948, -42.42), (-23.625, -42.105), (-25.715, -39.957), (-25.834, -40.468)]
935;100;;;0;0,27;[1691, 1692, 1694, 1693];[(-25.834, -40.468), (-25.715, -39.957), (-26.32, -39.957), (-26.321, -40.449)]
936;100;;;0;0,16;[1694, 1692, 1695, 1696];[(-26.32, -39.957), (-25.715, -39.957), (-25.951, -39.636), (-26.32, -39.636)]
937;100;;;0;0,39;[1695, 1692, 1697, 1698];[(-25.951, -39.636), (-25.715, -39.957), (-24.838, -39.578), (-25.014, -39.221)]
938;2;;;0;0,37;[1698, 1697, 1699, 1700];[(-25.014, -39.221), (-24.838, -39.578), (-23.983, -39.215), (-24.159, -38.857)]
939;100;;;0;1,96;[1560, 1700, 1699, 1558];[(-19.818, -36.999), (-24.159, -38.857), (-23.983, -39.215), (-19.546, -37.345)]
940;100;;;0;1,66;[1574, 1696, 1695, 1572];[(-26.313, -35.086), (-26.32, -39.636), (-25.951, -39.636), (-25.954, -35.086)]
941;100;;;0;0,98;[1690, 1688, 1701, 1702];[(-23.625, -42.105), (-23.315, -42.415), (-21.623, -40.977), (-21.914, -40.647)]
942;100;;;0;0,26;[1128, 1126, 1703, 1704];[(-33.237, -22.595), (-33.237, -22.766), (-31.694, -22.766), (-31.694, -22.595)]
943;1;;;0;0,14;[1704, 1703, 1705, 1706];[(-31.694, -22.595), (-31.694, -22.766), (-30.869, -22.766), (-30.869, -22.595)]
944;100;;;0;0,17;[1706, 1705, 1707, 1708];[(-30.869, -22.595), (-30.869, -22.766), (-29.897, -22.766), (-29.897, -22.595)]
945;100;;;0;0,03;[1708, 1707, 1709, 1710];[(-29.897, -22.595), (-29.897, -22.766), (-29.742, -22.766), (-29.742, -22.595)]
946;100;;;0;0,05;[1710, 1709, 1711, 1712];[(-29.742, -22.595), (-29.742, -22.766), (-29.43, -22.766), (-29.43, -22.595)]
947;1;;;0;0,14;[1712, 1711, 1713, 1714];[(-29.43, -22.595), (-29.43, -22.766), (-28.613, -22.766), (-28.613, -22.595)]
948;100;;;0;0,40;[1630, 1714, 1713, 1628];[(-26.336, -22.589), (-28.613, -22.595), (-28.613, -22.766), (-26.336, -22.766)]
949;100;;;0;0,22;[1708, 1710, 1716, 1715];[(-29.897, -22.595), (-29.742, -22.595), (-29.742, -21.158), (-29.897, -21.158)]
950;100;;;0;0,04;[1715, 1716, 1718, 1717];[(-29.897, -21.158), (-29.742, -21.158), (-29.681, -20.95), (-29.897, -20.95)]
951;100;;;0;0,06;[1718, 1716, 1719, 1720];[(-29.681, -20.95), (-29.742, -21.158), (-29.43, -21.158), (-29.43, -20.95)]
952;3;;;0;0,17;[1720, 1719, 1721, 1722];[(-29.43, -20.95), (-29.43, -21.158), (-28.608, -21.158), (-28.608, -20.95)]
953;100;;;0;0,47;[1634, 1722, 1721, 1632];[(-26.336, -20.943), (-28.608, -20.95), (-28.608, -21.158), (-26.336, -21.149)]
954;100;;;0;0,47;[1717, 1718, 1724, 1723];[(-29.897, -20.95), (-29.681, -20.95), (-29.681, -18.753), (-29.897, -18.852)]
955;100;;;0;0,11;[1727, 1728, 1726, 1725];[(-31.457, -17.501), (-30.978, -17.792), (-30.838, -17.648), (-31.313, -17.355)]
956;100;;;0;1,82;[263, 266, 1728, 1727];[(-33.779, -19.856), (-33.234, -20.108), (-30.978, -17.792), (-31.457, -17.501)]
957;100;;;0;0,33;[1724, 1726, 1728, 1723];[(-29.681, -18.753), (-30.838, -17.648), (-30.978, -17.792), (-29.897, -18.852)]
958;100;;;0;0,41;[1674, 1673, 1730, 1729];[(18.248, 37.558), (18.966, 37.558), (18.966, 38.124), (18.248, 38.124)]
959;100;;;0;1,30;[1730, 1673, 1731, 1732];[(18.966, 38.124), (18.966, 37.558), (21.271, 37.558), (21.271, 38.124)]
960;100;;;0;0,09;[1732, 1731, 1733, 1734];[(21.271, 38.124), (21.271, 37.558), (21.424, 37.558), (21.424, 38.124)]
961;100;;;0;3,62;[1734, 1733, 1735, 1736];[(21.424, 38.124), (21.424, 37.558), (27.82, 37.558), (27.82, 38.124)]
962;100;;;0;0,07;[1736, 1735, 1737, 1738];[(27.82, 38.124), (27.82, 37.558), (27.95, 37.558), (27.95, 38.124)]
963;100;;;0;4,59;[1738, 1737, 1739, 1740];[(27.95, 38.124), (27.95, 37.558), (36.063, 37.558), (36.063, 38.124)]
964;100;;;0;0,09;[1740, 1739, 1741, 1742];[(36.063, 38.124), (36.063, 37.558), (36.216, 37.558), (36.216, 38.124)]
965;100;;;0;0,75;[1742, 1741, 1743, 1744];[(36.216, 38.124), (36.216, 37.558), (37.545, 37.558), (37.545, 38.124)]
966;100;;;0;0,07;[1744, 1743, 1745, 1746];[(37.545, 38.124), (37.545, 37.558), (37.662, 37.558), (37.662, 38.124)]
967;100;;;0;4,55;[1746, 1745, 1747, 1748];[(37.662, 38.124), (37.662, 37.558), (45.717, 37.558), (45.717, 38.124)]
968;100;;;0;0,11;[1748, 1747, 1749, 1750];[(45.717, 38.124), (45.717, 37.558), (45.905, 37.558), (45.905, 38.124)]
969;100;;;0;1,55;[1750, 1749, 1751, 1752];[(45.905, 38.124), (45.905, 37.558), (48.645, 37.558), (48.645, 38.124)]
970;100;;;0;0,27;[1752, 1751, 1753, 1754];[(48.645, 38.124), (48.645, 37.558), (49.115, 37.558), (49.115, 38.124)]
971;100;;;0;4,03;[1754, 1753, 2537, 2538, 1755, 1756];[(49.115, 38.124), (49.115, 37.558), (50.428, 37.558), (54.991, 37.558), (56.24, 37.558), (56.24, 38.124)]
972;100;;;0;0,12;[1756, 1755, 1757, 1758];[(56.24, 38.124), (56.24, 37.558), (56.452, 37.558), (56.452, 38.124)]
973;100;;;0;0,63;[1758, 1757, 1759, 1760];[(56.452, 38.124), (56.452, 37.558), (57.557, 37.558), (57.557, 38.124)]
974;100;;;0;0,33;[1760, 1759, 1761, 1762];[(57.557, 38.124), (57.557, 37.558), (58.145, 37.558), (58.145, 38.124)]
975;100;;;0;0,37;[1761, 1759, 1763, 1764];[(58.145, 37.558), (57.557, 37.558), (57.557, 36.923), (58.145, 36.923)]
976;1;;;0;0,86;[1764, 1763, 1765, 1766];[(58.145, 36.923), (57.557, 36.923), (57.557, 35.465), (58.145, 35.465)]
977;100;;;0;0,16;[1766, 1765, 1767, 1768];[(58.145, 35.465), (57.557, 35.465), (57.557, 35.193), (58.145, 35.193)]
978;100;;;0;0,29;[1772, 1769, 1770, 1773];[(58.259, 35.08), (57.557, 35.08), (57.557, 34.666), (58.259, 34.666)]
979;100;;;0;2,32;[1773, 1770, 1774, 1775];[(58.259, 34.666), (57.557, 34.666), (57.557, 31.354), (58.259, 31.354)]
980;100;;;0;0,08;[1769, 1772, 1771, 1768, 1767];[(57.557, 35.08), (58.259, 35.08), (58.259, 35.193), (58.145, 35.193), (57.557, 35.193)]
981;100;;;0;0,27;[1775, 1774, 1776, 1777];[(58.259, 31.354), (57.557, 31.354), (57.557, 30.969), (58.259, 30.969)]
982;100;;;0;0,24;[1777, 1776, 1778, 1779];[(58.259, 30.969), (57.557, 30.969), (57.557, 30.628), (58.259, 30.628)]
983;1;;;0;1,09;[1779, 1778, 1780, 1781];[(58.259, 30.628), (57.557, 30.628), (57.557, 29.08), (58.259, 29.08)]
984;100;;;0;1,74;[1782, 1785, 1786, 1816, 1815, 1784, 1783];[(57.557, 28.768), (56.986, 28.768), (56.986, 28.181), (56.986, 27.478), (58.259, 27.478), (58.259, 28.909), (57.557, 28.909)]
985;100;;;0;0,12;[1781, 1780, 1783, 1784];[(58.259, 29.08), (57.557, 29.08), (57.557, 28.909), (58.259, 28.909)]
986;100;;;0;1,72;[1810, 1809, 1793, 1794];[(58.259, 21.74), (56.986, 21.74), (56.986, 20.391), (58.259, 20.391)]
987;100;;;0;2,04;[1794, 1793, 1795, 1796];[(58.259, 20.391), (56.986, 20.391), (56.986, 18.789), (58.259, 18.789)]
988;100;;;0;2,00;[1799, 1800, 1797, 1798];[(58.259, 17.588), (56.986, 17.588), (56.986, 16.015), (58.259, 16.015)]
989;100;;;0;1,53;[1796, 1795, 1800, 1799];[(58.259, 18.789), (56.986, 18.789), (56.986, 17.588), (58.259, 17.588)]
990;100;;;0;1,83;[1805, 1806, 1801, 1802];[(58.259, 14.714), (56.986, 14.714), (56.986, 13.276), (58.259, 13.276)]
991;100;;;0;1,66;[1802, 1801, 1803, 1804];[(58.259, 13.276), (56.986, 13.276), (56.986, 11.974), (58.259, 11.974)]
992;100;;;0;1,66;[1798, 1797, 1806, 1805];[(58.259, 16.015), (56.986, 16.015), (56.986, 14.714), (58.259, 14.714)]
993;100;;;0;1,73;[1814, 1813, 1808, 1807];[(58.259, 24.481), (56.986, 24.481), (56.986, 23.123), (58.259, 23.123)]
994;100;;;0;1,76;[1807, 1808, 1809, 1810];[(58.259, 23.123), (56.986, 23.123), (56.986, 21.74), (58.259, 21.74)]
995;100;;;0;2,06;[1815, 1816, 1812, 1811];[(58.259, 27.478), (56.986, 27.478), (56.986, 25.862), (58.259, 25.862)]
996;100;;;0;1,76;[1811, 1812, 1813, 1814];[(58.259, 25.862), (56.986, 25.862), (56.986, 24.481), (58.259, 24.481)]
997;100;;;0;2,29;[1787, 1789, 1790, 1791, 1788, 1792, 1804, 1803];[(56.986, 10.909), (56.986, 10.174), (57.219, 10.174), (57.867, 10.174), (58.259, 10.174), (58.259, 10.514), (58.259, 11.974), (56.986, 11.974)]
998;100;;;0;0,22;[1794, 1796, 1820, 1819];[(58.259, 20.391), (58.259, 18.789), (58.396, 18.789), (58.396, 20.391)]
999;100;;;0;0,20;[1804, 1792, 1818, 1824];[(58.259, 11.974), (58.259, 10.514), (58.396, 10.514), (58.396, 11.974)]
1000;100;;;0;0,20;[1784, 1815, 1830, 1817];[(58.259, 28.909), (58.259, 27.478), (58.396, 27.478), (58.396, 28.909)]
1001;100;;;0;0,08;[1832, 1831, 1833, 1834];[(57.867, 7.439), (57.219, 7.439), (57.219, 7.308), (57.867, 7.308)]
1002;100;;;0;0,22;[1799, 1798, 1821, 1822];[(58.259, 17.588), (58.259, 16.015), (58.396, 16.015), (58.396, 17.588)]
1003;100;;;0;1,72;[1834, 1833, 1835, 1836];[(57.867, 7.308), (57.219, 7.308), (57.219, 4.654), (57.867, 4.654)]
1004;100;;;0;0,20;[1805, 1802, 1823, 1825];[(58.259, 14.714), (58.259, 13.276), (58.396, 13.276), (58.396, 14.714)]
1005;100;;;0;1,77;[1791, 1790, 1831, 1832];[(57.867, 10.174), (57.219, 10.174), (57.219, 7.439), (57.867, 7.439)]
1006;100;;;0;0,36;[1835, 1839, 1840, 1838, 1836];[(57.219, 4.654), (57.112, 4.654), (57.112, 4.181), (57.867, 4.181), (57.867, 4.654)]
1007;100;;;0;0,19;[1811, 1814, 1829, 1828];[(58.259, 25.862), (58.259, 24.481), (58.396, 24.481), (58.396, 25.862)]
1008;100;;;0;4,73;[1838, 1840, 2549, 2552, 1841, 1837];[(57.867, 4.181), (57.112, 4.181), (57.112, 2.468), (57.112, -0.565), (57.112, -2.082), (57.867, -2.082)]
1009;100;;;0;0,19;[1807, 1810, 1827, 1826];[(58.259, 23.123), (58.259, 21.74), (58.396, 21.74), (58.396, 23.123)]
1010;100;;;0;0,55;[1837, 1841, 1843, 1842];[(57.867, -2.082), (57.112, -2.082), (57.112, -2.81), (57.867, -2.81)]
1011;100;;;0;0,57;[1843, 1841, 1844, 1845];[(57.112, -2.81), (57.112, -2.082), (56.328, -2.082), (56.328, -2.81)]
1012;1;;;0;0,83;[1845, 1844, 1846, 1847];[(56.328, -2.81), (56.328, -2.082), (55.194, -2.082), (55.194, -2.81)]
1013;100;;;0;0,54;[1847, 1846, 1848, 1849];[(55.194, -2.81), (55.194, -2.082), (54.447, -2.082), (54.447, -2.81)]
1014;100;;;0;0,36;[1849, 1848, 1850, 1851];[(54.447, -2.81), (54.447, -2.082), (53.918, -2.182), (53.918, -2.81)]
1015;100;;;0;0,40;[1850, 1848, 1852, 1853];[(53.918, -2.182), (54.447, -2.082), (54.447, -1.407), (53.867, -1.407)]
1016;100;;;0;2,70;[1850, 1853, 1855, 1854];[(53.918, -2.182), (53.867, -1.407), (50.407, -1.407), (50.407, -2.182)]
1017;100;;;0;0,10;[1854, 1855, 1857, 1856];[(50.407, -2.182), (50.407, -1.407), (50.279, -1.407), (50.279, -2.182)]
1018;100;;;0;2,52;[1856, 1857, 1859, 1858];[(50.279, -2.182), (50.279, -1.407), (47.028, -1.407), (47.028, -2.182)]
1019;100;;;0;0,34;[1858, 1859, 1861, 1860];[(47.028, -2.182), (47.028, -1.407), (46.584, -1.407), (46.584, -2.182)]
1020;100;;;0;0,30;[1860, 1861, 1863, 1862];[(46.584, -2.182), (46.584, -1.407), (46.201, -1.407), (46.201, -2.182)]
1021;100;;;0;2,32;[1864, 1867, 1868, 1865];[(46.036, -2.182), (46.036, -1.227), (43.602, -1.227), (43.602, -2.182)]
1022;100;;;0;0,67;[1865, 1868, 1870, 1869];[(43.602, -2.182), (43.602, -1.227), (42.896, -1.227), (42.896, -2.182)]
1023;100;;;0;0,16;[1863, 1866, 1867, 1864, 1862];[(46.201, -1.407), (46.201, -1.227), (46.036, -1.227), (46.036, -2.182), (46.201, -2.182)]
1024;100;;;0;0,75;[1869, 1870, 1872, 1871];[(42.896, -2.182), (42.896, -1.227), (42.108, -1.227), (42.108, -2.182)]
1025;1;;;0;1,18;[1871, 1872, 1874, 1873];[(42.108, -2.182), (42.108, -1.227), (40.874, -1.227), (40.874, -2.182)]
1026;100;;;0;0,71;[1873, 1874, 1876, 1875];[(40.874, -2.182), (40.874, -1.227), (40.133, -1.227), (40.133, -2.182)]
1027;100;;;0;0,71;[1875, 1876, 1878, 1877];[(40.133, -2.182), (40.133, -1.227), (39.392, -1.227), (39.392, -2.182)]
1028;100;;;0;1,57;[1877, 1878, 1880, 1879];[(39.392, -2.182), (39.392, -1.227), (37.746, -1.227), (37.746, -2.182)]
1029;100;;;0;0,40;[1879, 1880, 1882, 1881];[(37.746, -2.182), (37.746, -1.227), (37.323, -1.227), (37.323, -2.182)]
1030;100;;;0;0,59;[1881, 1882, 1884, 1883];[(37.323, -2.182), (37.323, -1.227), (36.7, -1.227), (36.7, -2.182)]
1031;100;;;0;0,18;[1883, 1884, 1886, 1903, 1885];[(36.7, -2.182), (36.7, -1.227), (36.511, -1.227), (36.511, -1.413), (36.511, -2.182)]
1032;100;;;0;1,98;[1879, 1881, 1888, 1887];[(37.746, -2.182), (37.323, -2.182), (37.323, -6.85), (37.746, -6.85)]
1033;100;;;0;0,20;[1887, 1888, 1890, 1889];[(37.746, -6.85), (37.323, -6.85), (37.323, -7.32), (37.746, -7.32)]
1034;100;;;0;1,47;[1887, 1889, 1892, 1891];[(37.746, -6.85), (37.746, -7.32), (40.862, -7.32), (40.862, -6.85)]
1035;1;;;0;0,67;[1891, 1892, 1894, 1893];[(40.862, -6.85), (40.862, -7.32), (42.285, -7.32), (42.285, -6.85)]
1036;100;;;0;2,02;[1893, 1894, 1896, 1895];[(42.285, -6.85), (42.285, -7.32), (46.588, -7.32), (46.588, -6.85)]
1037;100;;;0;0,20;[1895, 1896, 1898, 1897];[(46.588, -6.85), (46.588, -7.32), (47.012, -7.32), (47.012, -6.85)]
1038;100;;;0;2,02;[1860, 1895, 1897, 1858];[(46.584, -2.182), (46.588, -6.85), (47.012, -6.85), (47.028, -2.182)]
1039;100;;;0;0,41;[1875, 1877, 1900, 1899];[(40.133, -2.182), (39.392, -2.182), (39.392, -2.734), (40.133, -2.734)]
1040;100;;;0;0,40;[1865, 1869, 1902, 1901];[(43.602, -2.182), (42.896, -2.182), (42.896, -2.746), (43.602, -2.746)]
1041;100;;;0;3,15;[1885, 1903, 1905, 1904];[(36.511, -2.182), (36.511, -1.413), (32.408, -1.413), (32.408, -2.182)]
1042;100;;;0;0,10;[1904, 1905, 1907, 1906];[(32.408, -2.182), (32.408, -1.413), (32.278, -1.413), (32.278, -2.182)]
1043;100;;;0;2,66;[1906, 1907, 1909, 1908];[(32.278, -2.182), (32.278, -1.413), (28.821, -1.413), (28.821, -2.182)]
1044;100;;;0;0,43;[1908, 1909, 1911, 1910];[(28.821, -2.182), (28.821, -1.413), (28.257, -1.413), (28.257, -2.182)]
1045;100;;;0;0,36;[1908, 1910, 1913, 1912];[(28.821, -2.182), (28.257, -2.182), (28.257, -2.817), (28.821, -2.817)]
1046;100;;;0;0,70;[1913, 1910, 1914, 1915];[(28.257, -2.817), (28.257, -2.182), (27.152, -2.182), (27.152, -2.817)]
1047;1;;;0;0,48;[1915, 1914, 1916, 1917];[(27.152, -2.817), (27.152, -2.182), (26.399, -2.182), (26.399, -2.817)]
1048;100;;;0;0,55;[1917, 1916, 1918, 1919];[(26.399, -2.817), (26.399, -2.182), (25.529, -2.182), (25.529, -2.817)]
1049;100;;;0;0,40;[1919, 1918, 1920, 1921];[(25.529, -2.817), (25.529, -2.182), (24.906, -2.182), (24.906, -2.817)]
1050;100;;;0;0,26;[1920, 1918, 1922, 1923];[(24.906, -2.182), (25.529, -2.182), (25.529, -1.758), (24.906, -1.758)]
1051;100;;;0;0,43;[1923, 1922, 1924, 1925];[(24.906, -1.758), (25.529, -1.758), (25.529, -1.065), (24.906, -1.065)]
1052;100;;;0;0,29;[1923, 1925, 1927, 1926];[(24.906, -1.758), (24.906, -1.065), (24.494, -1.065), (24.494, -1.758)]
1053;1;;;0;0,79;[1926, 1927, 1929, 1928];[(24.494, -1.758), (24.494, -1.065), (23.354, -1.065), (23.354, -1.758)]
1054;100;;;0;3,05;[1928, 1929, 2546, 2548, 1931, 1930];[(23.354, -1.758), (23.354, -1.065), (23.155, -1.065), (20.299, -1.065), (18.956, -1.065), (18.956, -1.758)]
1055;100;;;0;0,51;[1930, 1931, 1933, 1932];[(18.956, -1.758), (18.956, -1.065), (18.227, -1.065), (18.227, -1.758)]
1056;100;;;0;1,88;[1933, 1931, 1934, 1935];[(18.227, -1.065), (18.956, -1.065), (18.956, 1.511), (18.227, 1.511)]
1057;100;;;0;0,27;[1935, 1934, 1936, 1937];[(18.227, 1.511), (18.956, 1.511), (18.956, 1.887), (18.227, 1.887)]
1058;100;;;0;2,05;[1937, 1936, 1938, 1939];[(18.227, 1.887), (18.956, 1.887), (18.956, 4.697), (18.227, 4.697)]
1059;100;;;0;0,29;[1939, 1938, 1940, 1941];[(18.227, 4.697), (18.956, 4.697), (18.956, 5.097), (18.227, 5.097)]
1060;100;;;0;3,57;[1941, 1940, 1942, 1943];[(18.227, 5.097), (18.956, 5.097), (18.956, 10.0), (18.227, 10.0)]
1061;100;;;0;0,39;[1943, 1942, 1944, 1945];[(18.227, 10.0), (18.956, 10.0), (18.956, 10.541), (18.227, 10.541)]
1062;100;;;0;1,95;[1945, 1944, 1946, 1947];[(18.227, 10.541), (18.956, 10.541), (18.956, 13.21), (18.227, 13.21)]
1063;100;;;0;0,20;[1947, 1946, 1948, 1949];[(18.227, 13.21), (18.956, 13.21), (18.956, 13.481), (18.227, 13.481)]
1064;100;;;0;1,95;[1949, 1948, 1950, 1951];[(18.227, 13.481), (18.956, 13.481), (18.956, 16.15), (18.227, 16.15)]
1065;100;;;0;0,37;[1951, 1950, 1952, 1953];[(18.227, 16.15), (18.956, 16.15), (18.956, 16.655), (18.227, 16.655)]
1066;100;;;0;4,19;[1953, 1952, 1954, 1955];[(18.227, 16.655), (18.956, 16.655), (18.956, 22.405), (18.227, 22.405)]
1067;100;;;0;0,39;[1955, 1954, 1956, 1957];[(18.227, 22.405), (18.956, 22.405), (18.956, 22.934), (18.227, 22.934)]
1068;100;;;0;4,00;[1957, 1956, 2543, 2541, 1958, 1959];[(18.227, 22.934), (18.956, 22.934), (18.956, 24.026), (18.956, 26.933), (18.956, 28.426), (18.227, 28.426)]
1069;100;;;0;0,33;[1959, 1958, 1960, 1961];[(18.227, 28.426), (18.956, 28.426), (18.956, 28.884), (18.227, 28.884)]
1070;100;;;0;0,41;[1961, 1960, 1962, 1963];[(18.227, 28.884), (18.956, 28.884), (18.956, 29.449), (18.227, 29.449)]
1071;1;;;0;0,97;[1963, 1962, 1964, 1965];[(18.227, 29.449), (18.956, 29.449), (18.956, 30.777), (18.227, 30.777)]
1072;100;;;0;0,18;[1965, 1964, 1966, 1967];[(18.227, 30.777), (18.956, 30.777), (18.956, 31.024), (18.227, 31.024)]
1073;100;;;0;0,33;[1967, 1966, 1968, 1969];[(18.227, 31.024), (18.956, 31.024), (18.956, 31.483), (18.227, 31.483)]
1074;100;;;0;4,40;[1674, 1969, 1968, 1673];[(18.248, 37.558), (18.227, 31.483), (18.956, 31.483), (18.966, 37.558)]
1075;100;;;0;1,07;[1968, 1966, 1970, 1971];[(18.956, 31.483), (18.956, 31.024), (21.284, 31.024), (21.284, 31.483)]
1076;100;;;0;0,06;[1971, 1970, 1972, 1973];[(21.284, 31.483), (21.284, 31.024), (21.414, 31.024), (21.414, 31.483)]
1077;100;;;0;0,63;[1973, 1972, 1974, 1975];[(21.414, 31.483), (21.414, 31.024), (22.789, 31.024), (22.789, 31.483)]
1078;100;;;0;0,09;[1975, 1974, 1976, 1977];[(22.789, 31.483), (22.789, 31.024), (22.978, 31.024), (22.978, 31.483)]
1079;100;;;0;0,11;[1977, 1976, 1978, 1979];[(22.978, 31.483), (22.978, 31.024), (23.213, 31.024), (23.213, 31.483)]
1080;1;;;0;0,67;[1979, 1978, 1980, 1981];[(23.213, 31.483), (23.213, 31.024), (24.683, 31.024), (24.683, 31.483)]
1081;100;;;0;0,05;[1981, 1980, 1982, 1983];[(24.683, 31.483), (24.683, 31.024), (24.788, 31.024), (24.788, 31.483)]
1082;100;;;0;0,05;[1983, 1982, 1984, 1985];[(24.788, 31.483), (24.788, 31.024), (24.906, 31.024), (24.906, 31.483)]
1083;100;;;0;1,34;[1985, 1984, 1986, 1987];[(24.906, 31.483), (24.906, 31.024), (27.822, 31.024), (27.822, 31.483)]
1084;100;;;0;0,06;[1987, 1986, 1988, 1989];[(27.822, 31.483), (27.822, 31.024), (27.951, 31.024), (27.951, 31.483)]
1085;100;;;0;2,14;[1989, 1988, 1990, 1991];[(27.951, 31.483), (27.951, 31.024), (32.619, 31.024), (32.619, 31.483)]
1086;1;;;0;0,66;[1991, 1990, 1992, 1993];[(32.619, 31.483), (32.619, 31.024), (34.066, 31.024), (34.066, 31.483)]
1087;100;;;0;0,92;[1993, 1992, 1994, 1995];[(34.066, 31.483), (34.066, 31.024), (36.076, 31.024), (36.076, 31.483)]
1088;100;;;0;0,07;[1995, 1994, 1996, 1997];[(36.076, 31.483), (36.076, 31.024), (36.229, 31.024), (36.229, 31.483)]
1089;100;;;0;0,60;[1997, 1996, 1998, 1999];[(36.229, 31.483), (36.229, 31.024), (37.534, 31.024), (37.534, 31.483)]
1090;100;;;0;0,05;[1999, 1998, 2000, 2001];[(37.534, 31.483), (37.534, 31.024), (37.64, 31.024), (37.64, 31.483)]
1091;100;;;0;1,48;[2001, 2000, 2002, 2003];[(37.64, 31.483), (37.64, 31.024), (40.862, 31.024), (40.862, 31.483)]
1092;1;;;0;0,68;[2003, 2002, 2004, 2005];[(40.862, 31.483), (40.862, 31.024), (42.355, 31.024), (42.355, 31.483)]
1093;100;;;0;1,40;[2005, 2004, 2006, 2007];[(42.355, 31.483), (42.355, 31.024), (45.413, 31.024), (45.413, 31.483)]
1094;100;;;0;0,07;[2007, 2006, 2008, 2009];[(45.413, 31.483), (45.413, 31.024), (45.565, 31.024), (45.565, 31.483)]
1095;100;;;0;0,08;[2009, 2008, 2010, 2011];[(45.565, 31.483), (45.565, 31.024), (45.73, 31.024), (45.73, 31.483)]
1096;100;;;0;0,08;[2011, 2010, 2012, 2013];[(45.73, 31.483), (45.73, 31.024), (45.895, 31.024), (45.895, 31.483)]
1097;100;;;0;1,07;[1747, 2011, 2013, 1749];[(45.717, 37.558), (45.73, 31.483), (45.895, 31.483), (45.905, 37.558)]
1098;100;;;0;1,17;[1753, 1751, 2014, 2015];[(49.115, 37.558), (48.645, 37.558), (48.645, 35.077), (49.115, 35.077)]
1099;100;;;0;0,19;[2015, 2014, 2016, 2022, 2017];[(49.115, 35.077), (48.645, 35.077), (48.645, 34.678), (48.833, 34.678), (49.115, 34.678)]
1100;100;;;0;2,84;[2015, 2017, 2019, 2018, 2539, 2536];[(49.115, 35.077), (49.115, 34.678), (56.229, 34.678), (56.229, 35.077), (54.991, 35.077), (50.428, 35.077)]
1101;100;;;0;0,09;[2018, 2019, 2021, 2020];[(56.229, 35.077), (56.229, 34.678), (56.464, 34.678), (56.464, 35.077)]
1102;100;;;0;0,44;[1769, 2020, 2021, 1770];[(57.557, 35.08), (56.464, 35.077), (56.464, 34.678), (57.557, 34.666)]
1103;100;;;0;0,18;[2065, 2061, 2070, 2071];[(45.563, 28.169), (45.563, 29.449), (45.422, 29.449), (45.422, 28.169)]
1104;100;;;0;0,29;[2022, 2016, 2023, 2024];[(48.833, 34.678), (48.645, 34.678), (48.645, 33.114), (48.833, 33.114)]
1105;2;;;0;0,20;[2024, 2023, 2025, 2026];[(48.833, 33.114), (48.645, 33.114), (48.645, 32.032), (48.833, 32.032)]
1106;100;;;0;0,13;[2026, 2025, 2027, 2028];[(48.833, 32.032), (48.645, 32.032), (48.645, 31.362), (48.833, 31.362)]
1107;100;;;0;0,09;[2028, 2027, 2029, 2030];[(48.833, 31.362), (48.645, 31.362), (48.645, 30.891), (48.833, 30.891)]
1108;100;;;0;2,75;[2028, 2030, 2032, 2031];[(48.833, 31.362), (48.833, 30.891), (54.688, 30.891), (54.688, 31.362)]
1109;100;;;0;0,45;[2035, 2039, 2038, 2031, 2032, 2034];[(55.088, 30.99), (55.788, 30.99), (55.788, 31.362), (54.688, 31.362), (54.688, 30.891), (55.088, 30.891)]
1110;100;;;0;0,11;[2033, 2042, 2044, 2043];[(55.088, 29.563), (54.688, 29.563), (54.688, 29.292), (55.088, 29.292)]
1111;100;;;0;0,17;[2034, 2032, 2037, 2036];[(55.088, 30.891), (54.688, 30.891), (54.688, 30.468), (55.088, 30.468)]
1112;1;;;0;0,44;[2038, 2039, 2041, 2040];[(55.788, 31.362), (55.788, 30.99), (56.983, 30.99), (56.983, 31.362)]
1113;100;;;0;0,22;[1774, 2040, 2041, 1776];[(57.557, 31.354), (56.983, 31.362), (56.983, 30.99), (57.557, 30.969)]
1114;1;;;0;0,36;[2036, 2037, 2042, 2033];[(55.088, 30.468), (54.688, 30.468), (54.688, 29.563), (55.088, 29.563)]
1115;100;;;0;1,84;[2054, 2050, 2055, 2056];[(53.83, 28.169), (53.83, 28.822), (51.018, 28.822), (51.018, 28.169)]
1116;100;;;0;0,77;[1785, 2045, 2046, 1786];[(56.986, 28.768), (55.693, 28.768), (55.693, 28.169), (56.986, 28.181)]
1117;100;;;0;1,66;[2054, 2053, 2048, 2047, 2043, 2044, 2049, 2050];[(53.83, 28.169), (55.312, 28.169), (55.312, 28.768), (55.312, 29.292), (55.088, 29.292), (54.688, 29.292), (53.83, 29.292), (53.83, 28.822)]
1118;100;;;0;0,11;[2048, 2053, 2051, 2052];[(55.312, 28.768), (55.312, 28.169), (55.502, 28.169), (55.502, 28.768)]
1119;100;;;0;0,11;[2052, 2051, 2046, 2045];[(55.502, 28.768), (55.502, 28.169), (55.693, 28.169), (55.693, 28.768)]
1120;1;;;0;0,47;[2058, 2057, 2059, 2060];[(49.891, 28.169), (49.891, 28.822), (49.166, 28.822), (49.166, 28.169)]
1121;100;;;0;0,74;[2056, 2055, 2057, 2058];[(51.018, 28.169), (51.018, 28.822), (49.891, 28.822), (49.891, 28.169)]
1122;100;;;0;4,30;[2062, 2064, 2061, 2065];[(48.921, 28.169), (48.921, 29.449), (45.563, 29.449), (45.563, 28.169)]
1123;100;;;0;0,31;[2059, 2063, 2064, 2062, 2060];[(49.166, 28.822), (49.166, 29.449), (48.921, 29.449), (48.921, 28.169), (49.166, 28.169)]
1124;1;;;0;0,24;[2066, 2069, 2068, 2067];[(56.233, 35.994), (56.46, 35.994), (56.454, 37.093), (56.238, 37.093)]
1125;100;;;0;0,21;[2066, 2018, 2020, 2069];[(56.233, 35.994), (56.229, 35.077), (56.464, 35.077), (56.46, 35.994)]
1126;100;;;0;0,10;[1755, 2067, 2068, 1757];[(56.24, 37.558), (56.238, 37.093), (56.454, 37.093), (56.452, 37.558)]
1127;100;;;0;13,38;[2499, 2498, 2072, 2073];[(36.051, 28.169), (36.051, 29.449), (25.597, 29.449), (25.597, 28.169)]
1128;100;;;0;0,91;[2073, 2072, 2074, 2076, 2075];[(25.597, 28.169), (25.597, 29.449), (24.917, 29.449), (24.862, 28.385), (24.862, 28.169)]
1129;100;;;0;0,64;[2076, 2074, 2079, 2077, 2078];[(24.862, 28.385), (24.917, 29.449), (24.792, 29.449), (24.284, 29.449), (24.284, 28.385)]
1130;100;;;0;0,04;[2079, 2074, 2080, 2081];[(24.792, 29.449), (24.917, 29.449), (24.917, 29.788), (24.792, 29.788)]
1131;1;;;0;0,11;[2081, 2080, 2082, 2083];[(24.792, 29.788), (24.917, 29.788), (24.917, 30.701), (24.792, 30.701)]
1132;100;;;0;0,04;[1982, 2083, 2082, 1984];[(24.788, 31.024), (24.792, 30.701), (24.917, 30.701), (24.906, 31.024)]
1133;100;;;0;3,91;[2073, 2075, 2085, 2084];[(25.597, 28.169), (24.862, 28.169), (24.862, 22.842), (25.597, 22.842)]
1134;100;;;0;0,33;[2084, 2085, 2087, 2086];[(25.597, 22.842), (24.862, 22.842), (24.862, 22.395), (25.597, 22.395)]
1135;100;;;0;4,18;[2086, 2087, 2089, 2088];[(25.597, 22.395), (24.862, 22.395), (24.862, 16.704), (25.597, 16.704)]
1136;100;;;0;0,31;[2088, 2089, 2091, 2090];[(25.597, 16.704), (24.862, 16.704), (24.862, 16.281), (25.597, 16.281)]
1137;100;;;0;3,95;[2090, 2091, 2093, 2092];[(25.597, 16.281), (24.862, 16.281), (24.862, 10.907), (25.597, 10.907)]
1138;100;;;0;0,61;[2095, 2097, 2099, 2100, 2098, 2092, 2093];[(24.862, 10.707), (24.862, 10.143), (24.862, 10.072), (25.419, 10.072), (25.597, 10.072), (25.597, 10.907), (24.862, 10.907)]
1139;100;;;0;0,20;[2087, 2085, 2103, 2104];[(24.862, 22.395), (24.862, 22.842), (24.415, 22.842), (24.415, 22.395)]
1140;100;;;0;0,26;[2097, 2095, 2096, 2094];[(24.862, 10.143), (24.862, 10.707), (24.397, 10.707), (24.397, 10.143)]
1141;100;;;0;0,19;[2091, 2089, 2101, 2102];[(24.862, 16.281), (24.862, 16.704), (24.415, 16.704), (24.415, 16.281)]
1142;100;;;0;2,74;[2100, 2099, 2105, 2106];[(25.419, 10.072), (24.862, 10.072), (24.862, 5.162), (25.419, 5.162)]
1143;100;;;0;0,25;[2106, 2105, 2107, 2108];[(25.419, 5.162), (24.862, 5.162), (24.862, 4.711), (25.419, 4.711)]
1144;100;;;0;0,36;[2112, 2109, 2110, 2113];[(25.532, 4.076), (24.862, 4.076), (24.862, 3.545), (25.532, 3.545)]
1145;1;;;0;0,83;[2113, 2110, 2114, 2115];[(25.532, 3.545), (24.862, 3.545), (24.862, 2.312), (25.532, 2.312)]
1146;100;;;0;0,43;[2109, 2112, 2111, 2108, 2107];[(24.862, 4.076), (25.532, 4.076), (25.532, 4.711), (25.419, 4.711), (24.862, 4.711)]
1147;100;;;0;0,28;[2115, 2114, 2116, 2117, 2545];[(25.532, 2.312), (24.862, 2.312), (24.862, 1.895), (25.532, 1.895), (25.532, 2.081)]
1148;100;;;0;0,26;[2117, 2116, 2118, 2119];[(25.532, 1.895), (24.862, 1.895), (24.862, 1.503), (25.532, 1.503)]
1149;100;;;0;1,66;[2118, 1925, 1924, 2119];[(24.862, 1.503), (24.906, -1.065), (25.529, -1.065), (25.532, 1.503)]
1150;1;;;0;0,58;[2118, 2116, 2123, 2122];[(24.862, 1.503), (24.862, 1.895), (23.384, 1.895), (23.384, 1.503)]
1151;100;;;0;0,09;[2122, 2123, 2120, 2121];[(23.384, 1.503), (23.384, 1.895), (23.155, 1.895), (23.155, 1.503)]
1152;100;;;0;1,61;[1934, 2547, 2121, 2120, 1936];[(18.956, 1.511), (20.299, 1.508), (23.155, 1.503), (23.155, 1.895), (18.956, 1.887)]
1153;100;;;0;0,12;[2120, 2123, 2125, 2124];[(23.155, 1.895), (23.384, 1.895), (23.384, 2.418), (23.155, 2.418)]
1154;1;;;0;0,22;[2124, 2125, 2127, 2126];[(23.155, 2.418), (23.384, 2.418), (23.384, 3.382), (23.155, 3.382)]
1155;100;;;0;0,30;[2126, 2127, 2129, 2128];[(23.155, 3.382), (23.384, 3.382), (23.384, 4.696), (23.155, 4.696)]
1156;100;;;0;0,09;[2128, 2129, 2131, 2130];[(23.155, 4.696), (23.384, 4.696), (23.384, 5.088), (23.155, 5.088)]
1157;100;;;0;1,66;[1938, 2128, 2130, 1940];[(18.956, 4.697), (23.155, 4.696), (23.155, 5.088), (18.956, 5.097)]
1158;100;;;0;0,26;[2107, 2105, 2132, 2133];[(24.862, 4.711), (24.862, 5.162), (24.29, 5.162), (24.29, 4.711)]
1159;100;;;0;0,32;[2130, 2131, 2135, 2134];[(23.155, 5.088), (23.384, 5.088), (23.384, 6.476), (23.155, 6.476)]
1160;1;;;0;0,21;[2134, 2135, 2137, 2136];[(23.155, 6.476), (23.384, 6.476), (23.384, 7.399), (23.155, 7.399)]
1161;100;;;0;0,59;[2136, 2137, 2139, 2138];[(23.155, 7.399), (23.384, 7.399), (23.384, 9.996), (23.155, 9.996)]
1162;100;;;0;0,14;[2138, 2139, 2141, 2140];[(23.155, 9.996), (23.384, 9.996), (23.384, 10.551), (23.101, 10.551)]
1163;100;;;0;0,16;[2138, 2140, 2143, 2142];[(23.155, 9.996), (23.101, 10.551), (22.836, 10.551), (22.836, 9.996)]
1164;12;;;0;0,49;[2142, 2143, 2145, 2144];[(22.836, 9.996), (22.836, 10.551), (21.958, 10.551), (21.958, 9.996)]
1165;100;;;0;0,73;[2144, 2145, 2147, 2146];[(21.958, 9.996), (21.958, 10.551), (20.638, 10.551), (20.638, 9.996)]
1166;100;;;0;0,14;[2146, 2147, 2149, 2148];[(20.638, 9.996), (20.638, 10.551), (20.393, 10.551), (20.393, 9.996)]
1167;100;;;0;0,22;[2148, 2149, 2151, 2150];[(20.393, 9.996), (20.393, 10.551), (20.005, 10.551), (20.005, 9.996)]
1168;12;;;0;0,50;[2150, 2151, 2153, 2152];[(20.005, 9.996), (20.005, 10.551), (19.107, 10.551), (19.107, 9.996)]
1169;100;;;0;0,08;[1942, 2152, 2153, 1944];[(18.956, 10.0), (19.107, 9.996), (19.107, 10.551), (18.956, 10.541)]
1170;100;;;0;0,65;[2149, 2147, 2154, 2155];[(20.393, 10.551), (20.638, 10.551), (20.638, 13.218), (20.393, 13.218)]
1171;100;;;0;1,25;[2158, 2154, 2156, 2160];[(20.638, 13.729), (20.638, 13.218), (23.094, 13.218), (23.094, 13.729)]
1172;100;;;0;0,13;[2154, 2158, 2159, 2157, 2155];[(20.638, 13.218), (20.638, 13.729), (20.393, 13.729), (20.393, 13.511), (20.393, 13.218)]
1173;100;;;0;0,14;[2156, 2162, 2163, 2161, 2160];[(23.094, 13.218), (23.366, 13.218), (23.366, 13.729), (23.196, 13.729), (23.094, 13.729)]
1174;100;;;0;0,74;[2141, 2162, 2156, 2140];[(23.384, 10.551), (23.366, 13.218), (23.094, 13.218), (23.101, 10.551)]
1175;100;;;0;0,40;[1946, 2155, 2157, 1948];[(18.956, 13.21), (20.393, 13.218), (20.393, 13.511), (18.956, 13.481)]
1176;100;;;0;0,59;[2159, 2158, 2164, 2165];[(20.393, 13.729), (20.638, 13.729), (20.638, 16.149), (20.393, 16.149)]
1177;100;;;0;0,12;[2165, 2164, 2166, 2167];[(20.393, 16.149), (20.638, 16.149), (20.638, 16.658), (20.393, 16.658)]
1178;100;;;0;0,20;[2165, 2167, 2169, 2168];[(20.393, 16.149), (20.393, 16.658), (20.001, 16.658), (20.001, 16.149)]
1179;12;;;0;0,46;[2168, 2169, 2171, 2170];[(20.001, 16.149), (20.001, 16.658), (19.09, 16.658), (19.09, 16.149)]
1180;100;;;0;0,07;[1950, 2170, 2171, 1952];[(18.956, 16.15), (19.09, 16.149), (19.09, 16.658), (18.956, 16.655)]
1181;100;;;0;0,74;[2166, 2164, 2172, 2173];[(20.638, 16.658), (20.638, 16.149), (22.088, 16.149), (22.088, 16.658)]
1182;12;;;0;0,46;[2173, 2172, 2174, 2175];[(22.088, 16.658), (22.088, 16.149), (22.989, 16.149), (22.989, 16.658)]
1183;100;;;0;0,10;[2175, 2174, 2176, 2177];[(22.989, 16.658), (22.989, 16.149), (23.195, 16.149), (23.195, 16.658)]
1184;100;;;0;0,09;[2177, 2176, 2178, 2179];[(23.195, 16.658), (23.195, 16.149), (23.372, 16.149), (23.372, 16.658)]
1185;100;;;0;0,42;[2163, 2178, 2176, 2161];[(23.366, 13.729), (23.372, 16.149), (23.195, 16.149), (23.196, 13.729)]
1186;100;;;0;0,26;[2177, 2179, 2181, 2180];[(23.195, 16.658), (23.372, 16.658), (23.372, 18.158), (23.195, 18.158)]
1187;1;;;0;0,14;[2180, 2181, 2183, 2182];[(23.195, 18.158), (23.372, 18.158), (23.372, 18.961), (23.195, 18.961)]
1188;100;;;0;0,61;[2182, 2183, 2185, 2184];[(23.195, 18.961), (23.372, 18.961), (23.372, 22.42), (23.195, 22.42)]
1189;100;;;0;0,07;[2184, 2185, 2187, 2186];[(23.195, 22.42), (23.372, 22.42), (23.372, 22.822), (23.195, 22.822)]
1190;100;;;0;0,22;[2184, 2186, 2189, 2188];[(23.195, 22.42), (23.195, 22.822), (22.656, 22.822), (22.656, 22.42)]
1191;100;;;0;0,21;[2189, 2191, 2192, 2190, 2188];[(22.656, 22.822), (22.656, 22.939), (22.254, 22.939), (22.254, 22.42), (22.656, 22.42)]
1192;100;;;0;1,73;[1954, 2190, 2192, 1956];[(18.956, 22.405), (22.254, 22.42), (22.254, 22.939), (18.956, 22.934)]
1193;100;;;0;2,15;[2192, 2191, 2193, 2194, 2540, 2542];[(22.254, 22.939), (22.656, 22.939), (22.656, 28.299), (22.254, 28.299), (22.254, 26.933), (22.254, 24.026)]
1194;100;;;0;0,07;[2197, 2193, 2195, 2199];[(22.656, 28.844), (22.656, 28.299), (22.787, 28.299), (22.787, 28.844)]
1195;100;;;0;0,10;[2199, 2195, 2200, 2201];[(22.787, 28.844), (22.787, 28.299), (22.962, 28.299), (22.962, 28.844)]
1196;100;;;0;0,22;[2193, 2197, 2198, 2196, 2194];[(22.656, 28.299), (22.656, 28.844), (22.254, 28.844), (22.254, 28.418), (22.254, 28.299)]
1197;100;;;0;0,12;[2199, 2201, 2203, 2202];[(22.787, 28.844), (22.962, 28.844), (22.962, 29.507), (22.787, 29.507)]
1198;1;;;0;0,22;[2202, 2203, 2205, 2204];[(22.787, 29.507), (22.962, 29.507), (22.962, 30.76), (22.787, 30.76)]
1199;100;;;0;0,05;[1974, 2204, 2205, 1976];[(22.789, 31.024), (22.787, 30.76), (22.962, 30.76), (22.978, 31.024)]
1200;100;;;0;0,07;[2196, 2198, 2207, 2206];[(22.254, 28.418), (22.254, 28.844), (22.096, 28.844), (22.096, 28.418)]
1201;1;;;0;0,65;[2206, 2207, 2209, 2208];[(22.096, 28.418), (22.096, 28.844), (20.576, 28.844), (20.576, 28.418)]
1202;100;;;0;0,72;[1958, 2208, 2209, 1960];[(18.956, 28.426), (20.576, 28.418), (20.576, 28.844), (18.956, 28.884)]
1203;100;;;0;0,02;[1971, 1973, 2211, 2210];[(21.284, 31.483), (21.414, 31.483), (21.414, 31.619), (21.284, 31.619)]
1204;8;;;0;0,12;[2210, 2211, 2213, 2212];[(21.284, 31.619), (21.414, 31.619), (21.414, 32.565), (21.284, 32.565)]
1205;100;;;0;0,70;[1731, 2212, 2213, 1733];[(21.271, 37.558), (21.284, 32.565), (21.414, 32.565), (21.424, 37.558)]
1206;100;;;0;0,79;[1735, 1987, 1989, 1737];[(27.82, 37.558), (27.822, 31.483), (27.951, 31.483), (27.95, 37.558)]
1207;100;;;0;0,06;[1741, 1739, 2214, 2215];[(36.216, 37.558), (36.063, 37.558), (36.063, 37.17), (36.216, 37.17)]
1208;8;;;0;0,13;[2215, 2214, 2216, 2217];[(36.216, 37.17), (36.063, 37.17), (36.063, 36.293), (36.216, 36.293)]
1209;100;;;0;0,74;[1997, 2217, 2216, 1995];[(36.229, 31.483), (36.216, 36.293), (36.063, 36.293), (36.076, 31.483)]
1210;100;;;0;0,68;[1743, 1999, 2001, 1745];[(37.545, 37.558), (37.534, 31.483), (37.64, 31.483), (37.662, 37.558)]
1211;100;;;0;0,04;[2008, 2006, 2218, 2219];[(45.565, 31.024), (45.413, 31.024), (45.413, 30.732), (45.565, 30.732)]
1212;1;;;0;0,14;[2219, 2218, 2220, 2221];[(45.565, 30.732), (45.413, 30.732), (45.413, 29.786), (45.565, 29.786)]
1213;100;;;0;0,05;[2061, 2221, 2220, 2070];[(45.563, 29.449), (45.565, 29.786), (45.413, 29.786), (45.422, 29.449)]
1214;100;;;0;4,18;[2092, 2098, 2223, 2222];[(25.597, 10.907), (25.597, 10.072), (30.609, 10.072), (30.609, 10.907)]
1215;100;;;0;4,57;[2224, 2227, 2228, 2225];[(30.812, 10.907), (30.812, 9.974), (35.711, 9.974), (35.711, 10.907)]
1216;100;;;0;0,27;[2225, 2228, 2230, 2231, 2229];[(35.711, 10.907), (35.711, 9.974), (36.005, 9.974), (36.005, 10.163), (36.005, 10.907)]
1217;100;;;0;0,19;[2223, 2226, 2227, 2224, 2222];[(30.609, 10.072), (30.609, 9.974), (30.812, 9.974), (30.812, 10.907), (30.609, 10.907)]
1218;100;;;0;1,88;[2229, 2231, 2233, 2232];[(36.005, 10.907), (36.005, 10.163), (38.528, 10.163), (38.528, 10.907)]
1219;100;;;0;0,18;[2232, 2233, 2235, 2234];[(38.528, 10.907), (38.528, 10.163), (38.773, 10.163), (38.773, 10.907)]
1220;100;;;0;1,73;[2234, 2235, 2237, 2236];[(38.773, 10.907), (38.773, 10.163), (41.101, 10.163), (41.101, 10.907)]
1221;100;;;0;0,16;[2236, 2237, 2239, 2238];[(41.101, 10.907), (41.101, 10.163), (41.321, 10.163), (41.321, 10.907)]
1222;100;;;0;1,64;[2238, 2239, 2241, 2240];[(41.321, 10.907), (41.321, 10.163), (43.518, 10.163), (43.518, 10.907)]
1223;100;;;0;0,42;[2240, 2241, 2243, 2242];[(43.518, 10.907), (43.518, 10.163), (44.081, 10.163), (44.081, 10.907)]
1224;100;;ВХОД;0;1,65;[2242, 2243, 2245, 2244];[(44.081, 10.907), (44.081, 10.163), (46.302, 10.163), (46.302, 10.907)]
1225;100;;;0;0,33;[2244, 2245, 2247, 2246];[(46.302, 10.907), (46.302, 10.163), (46.751, 10.163), (46.751, 10.907)]
1226;100;;;0;0,34;[2246, 2247, 2249, 2248];[(46.751, 10.907), (46.751, 10.163), (47.208, 10.163), (47.208, 10.907)]
1227;1;;;0;0,76;[2248, 2249, 2251, 2250];[(47.208, 10.907), (47.208, 10.163), (48.229, 10.163), (48.229, 10.907)]
1228;100;;;0;0,12;[2250, 2251, 2253, 2252];[(48.229, 10.907), (48.229, 10.163), (48.392, 10.163), (48.392, 10.907)]
1229;100;;;0;0,13;[2252, 2253, 2255, 2254];[(48.392, 10.907), (48.392, 10.163), (48.572, 10.163), (48.572, 10.907)]
1230;100;;;0;2,24;[2254, 2255, 2257, 2256];[(48.572, 10.907), (48.572, 10.163), (51.585, 10.163), (51.585, 10.907)]
1231;100;;;0;0,13;[2256, 2257, 2259, 2258];[(51.585, 10.907), (51.585, 10.163), (51.765, 10.163), (51.765, 10.907)]
1232;100;;;0;3,86;[1787, 2258, 2259, 1789];[(56.986, 10.909), (51.765, 10.907), (51.765, 10.163), (56.986, 10.174)]
1233;100;;;0;1,72;[2111, 2112, 2261, 2260];[(25.532, 4.711), (25.532, 4.076), (28.248, 4.076), (28.248, 4.711)]
1234;100;;;0;0,37;[2260, 2261, 2263, 2264, 2262];[(28.248, 4.711), (28.248, 4.076), (28.824, 4.076), (28.824, 4.193), (28.824, 4.711)]
1235;100;;;0;0,04;[2263, 2261, 2265, 2266];[(28.824, 4.076), (28.248, 4.076), (28.248, 4.005), (28.824, 4.005)]
1236;1;;;0;0,83;[2266, 2265, 2267, 2268];[(28.824, 4.005), (28.248, 4.005), (28.248, 2.559), (28.824, 2.559)]
1237;100;;;0;0,07;[2268, 2267, 2269, 2270];[(28.824, 2.559), (28.248, 2.559), (28.248, 2.441), (28.824, 2.441)]
1238;100;;;0;0,12;[2270, 2269, 2271, 2272];[(28.824, 2.441), (28.248, 2.441), (28.248, 2.241), (28.824, 2.241)]
1239;100;;;0;2,08;[1909, 2272, 2271, 2544, 1911];[(28.821, -1.413), (28.824, 2.241), (28.248, 2.241), (28.249, 2.081), (28.257, -1.413)]
1240;100;;;0;0,21;[2270, 2272, 2274, 2273];[(28.824, 2.441), (28.824, 2.241), (29.859, 2.241), (29.859, 2.441)]
1241;1;;;0;0,19;[2273, 2274, 2276, 2275];[(29.859, 2.441), (29.859, 2.241), (30.812, 2.241), (30.812, 2.441)]
1242;100;;;0;0,29;[2275, 2276, 2278, 2277];[(30.812, 2.441), (30.812, 2.241), (32.27, 2.241), (32.27, 2.441)]
1243;100;;;0;0,03;[2277, 2278, 2280, 2279];[(32.27, 2.441), (32.27, 2.241), (32.411, 2.241), (32.411, 2.441)]
1244;100;;;0;0,29;[2279, 2280, 2282, 2281];[(32.411, 2.441), (32.411, 2.241), (33.857, 2.241), (33.857, 2.441)]
1245;1;;;0;0,19;[2281, 2282, 2284, 2283];[(33.857, 2.441), (33.857, 2.241), (34.798, 2.241), (34.798, 2.441)]
1246;100;;;0;0,34;[2283, 2284, 2286, 2285];[(34.798, 2.441), (34.798, 2.241), (36.503, 2.241), (36.503, 2.441)]
1247;100;;;0;0,04;[2285, 2286, 2288, 2287];[(36.503, 2.441), (36.503, 2.241), (36.679, 2.241), (36.679, 2.441)]
1248;100;;;0;0,63;[1884, 2288, 2286, 1886];[(36.7, -1.227), (36.679, 2.241), (36.503, 2.241), (36.511, -1.227)]
1249;100;;;0;0,49;[1905, 2280, 2278, 1907];[(32.408, -1.413), (32.411, 2.241), (32.27, 2.241), (32.278, -1.413)]
1250;100;;;0;0,05;[2285, 2287, 2290, 2289];[(36.503, 2.441), (36.679, 2.441), (36.679, 2.723), (36.503, 2.723)]
1251;1;;;0;0,20;[2289, 2290, 2292, 2291];[(36.503, 2.723), (36.679, 2.723), (36.679, 3.864), (36.503, 3.864)]
1252;100;;;0;0,06;[2291, 2292, 2294, 2293];[(36.503, 3.864), (36.679, 3.864), (36.679, 4.181), (36.503, 4.181)]
1253;100;;;0;0,08;[2293, 2294, 2296, 2295];[(36.503, 4.181), (36.679, 4.181), (36.679, 4.652), (36.503, 4.652)]
1254;100;;;0;0,23;[2293, 2295, 2298, 2297];[(36.503, 4.181), (36.503, 4.652), (36.009, 4.652), (36.009, 4.181)]
1255;100;;;0;0,22;[2299, 2302, 2303, 2300];[(35.703, 4.181), (35.703, 4.703), (35.283, 4.703), (35.283, 4.181)]
1256;1;;;0;0,43;[2300, 2303, 2305, 2304];[(35.283, 4.181), (35.283, 4.703), (34.461, 4.703), (34.461, 4.181)]
1257;100;;;0;0,16;[2298, 2301, 2302, 2299, 2297];[(36.009, 4.652), (36.009, 4.703), (35.703, 4.703), (35.703, 4.181), (36.009, 4.181)]
1258;100;;;0;0,21;[2304, 2305, 2307, 2306];[(34.461, 4.181), (34.461, 4.703), (34.053, 4.703), (34.053, 4.181)]
1259;100;;;0;0,09;[2306, 2307, 2309, 2308];[(34.053, 4.181), (34.053, 4.703), (33.888, 4.703), (33.888, 4.181)]
1260;100;;;0;0,90;[2308, 2309, 2311, 2310];[(33.888, 4.181), (33.888, 4.703), (32.165, 4.703), (32.165, 4.181)]
1261;100;;;0;0,00;[2310, 2311, 2313, 2312];[(32.165, 4.181), (32.165, 4.703), (32.165, 4.703), (32.165, 4.181)]
1262;1;;;0;0,48;[2312, 2313, 2315, 2314];[(32.165, 4.181), (32.165, 4.703), (31.252, 4.703), (31.252, 4.181)]
1263;100;;;0;0,23;[2314, 2315, 2317, 2316];[(31.252, 4.181), (31.252, 4.703), (30.804, 4.703), (30.804, 4.181)]
1264;100;;;0;0,10;[2316, 2317, 2319, 2318];[(30.804, 4.181), (30.804, 4.703), (30.605, 4.703), (30.605, 4.181)]
1265;100;;;0;0,04;[2318, 2319, 2321, 2320];[(30.605, 4.181), (30.605, 4.703), (30.52, 4.703), (30.52, 4.181)]
1266;1;;;0;0,49;[2320, 2321, 2323, 2322];[(30.52, 4.181), (30.52, 4.703), (29.573, 4.703), (29.573, 4.181)]
1267;100;;;0;0,39;[2264, 2322, 2323, 2262];[(28.824, 4.193), (29.573, 4.181), (29.573, 4.703), (28.824, 4.711)]
1268;100;;;0;0,33;[2319, 2317, 2324, 2325];[(30.605, 4.703), (30.804, 4.703), (30.804, 6.352), (30.605, 6.352)]
1269;100;;;0;0,10;[2325, 2324, 2326, 2327];[(30.605, 6.352), (30.804, 6.352), (30.804, 6.842), (30.605, 6.842)]
1270;100;;;0;0,02;[2327, 2326, 2328, 2329];[(30.605, 6.842), (30.804, 6.842), (30.804, 6.948), (30.605, 6.948)]
1271;2;;;0;0,18;[2329, 2328, 2330, 2331];[(30.605, 6.948), (30.804, 6.948), (30.804, 7.863), (30.605, 7.863)]
1272;100;;;0;0,42;[2226, 2331, 2330, 2227];[(30.609, 9.974), (30.605, 7.863), (30.804, 7.863), (30.812, 9.974)]
1273;100;;;0;1,51;[2326, 2324, 2332, 2333];[(30.804, 6.842), (30.804, 6.352), (33.882, 6.352), (33.882, 6.842)]
1274;100;;;0;0,09;[2333, 2332, 2334, 2335];[(33.882, 6.842), (33.882, 6.352), (34.062, 6.352), (34.062, 6.842)]
1275;100;;;0;0,28;[2307, 2334, 2332, 2309];[(34.053, 4.703), (34.062, 6.352), (33.882, 6.352), (33.888, 4.703)]
1276;100;;;0;0,52;[2302, 2301, 2336, 2337];[(35.703, 4.703), (36.009, 4.703), (36.009, 6.418), (35.703, 6.418)]
1277;100;;;0;0,10;[2337, 2336, 2338, 2339];[(35.703, 6.418), (36.009, 6.418), (36.009, 6.744), (35.703, 6.744)]
1278;100;;;0;0,04;[2339, 2338, 2340, 2341];[(35.703, 6.744), (36.009, 6.744), (36.009, 6.875), (35.703, 6.875)]
1279;2;;;0;0,27;[2341, 2340, 2342, 2343];[(35.703, 6.875), (36.009, 6.875), (36.009, 7.757), (35.703, 7.757)]
1280;100;;;0;0,66;[2228, 2343, 2342, 2230];[(35.711, 9.974), (35.703, 7.757), (36.009, 7.757), (36.005, 9.974)]
1281;100;;;0;0,58;[2235, 2233, 2344, 2345];[(38.773, 10.163), (38.528, 10.163), (38.528, 7.811), (38.773, 7.811)]
1282;2;;;0;0,20;[2345, 2344, 2346, 2347];[(38.773, 7.811), (38.528, 7.811), (38.528, 6.986), (38.773, 6.986)]
1283;100;;;0;0,06;[2347, 2346, 2348, 2349];[(38.773, 6.986), (38.528, 6.986), (38.528, 6.733), (38.773, 6.733)]
1284;100;;;0;0,08;[2349, 2348, 2350, 2351];[(38.773, 6.733), (38.528, 6.733), (38.528, 6.406), (38.773, 6.406)]
1285;100;;;0;0,82;[2336, 2350, 2348, 2338];[(36.009, 6.418), (38.528, 6.406), (38.528, 6.733), (36.009, 6.744)]
1286;100;;;0;0,09;[2349, 2351, 2353, 2352];[(38.773, 6.733), (38.773, 6.406), (39.035, 6.406), (39.035, 6.733)]
1287;100;;;0;0,05;[2352, 2353, 2355, 2354];[(39.035, 6.733), (39.035, 6.406), (39.19, 6.406), (39.19, 6.733)]
1288;100;;;0;0,62;[2354, 2355, 2357, 2356];[(39.19, 6.733), (39.19, 6.406), (41.101, 6.406), (41.101, 6.733)]
1289;100;;;0;0,07;[2356, 2357, 2359, 2358];[(41.101, 6.733), (41.101, 6.406), (41.313, 6.406), (41.313, 6.733)]
1290;100;;;0;0,72;[2358, 2359, 2361, 2360];[(41.313, 6.733), (41.313, 6.406), (43.526, 6.406), (43.526, 6.733)]
1291;100;;;0;1,20;[2365, 2363, 2362, 2366];[(44.081, 6.945), (44.081, 6.406), (46.302, 6.406), (46.302, 6.945)]
1292;100;;;0;1,46;[2245, 2366, 2370, 2247];[(46.302, 10.163), (46.302, 6.945), (46.759, 6.945), (46.751, 10.163)]
1293;100;;;0;0,30;[2363, 2365, 2364, 2360, 2361];[(44.081, 6.406), (44.081, 6.945), (43.526, 6.945), (43.526, 6.733), (43.526, 6.406)]
1294;100;;;0;0,08;[2364, 2365, 2371, 2368];[(43.526, 6.945), (44.081, 6.945), (44.081, 7.092), (43.526, 7.092)]
1295;100;;;0;0,25;[2367, 2369, 2370, 2366, 2362];[(46.604, 6.406), (46.759, 6.406), (46.759, 6.945), (46.302, 6.945), (46.302, 6.406)]
1296;2;;;0;0,46;[2368, 2371, 2373, 2372];[(43.526, 7.092), (44.081, 7.092), (44.081, 7.925), (43.526, 7.925)]
1297;100;;;0;1,25;[2241, 2372, 2373, 2243];[(43.518, 10.163), (43.526, 7.925), (44.081, 7.925), (44.081, 10.163)]
1298;100;;;0;0,03;[2356, 2358, 2375, 2374];[(41.101, 6.733), (41.313, 6.733), (41.313, 6.896), (41.101, 6.896)]
1299;2;;;0;0,15;[2374, 2375, 2377, 2376];[(41.101, 6.896), (41.313, 6.896), (41.313, 7.599), (41.101, 7.599)]
1300;100;;;0;0,06;[2376, 2377, 2379, 2378];[(41.101, 7.599), (41.313, 7.599), (41.313, 7.876), (41.101, 7.876)]
1301;100;;;0;0,09;[2378, 2379, 2381, 2380];[(41.101, 7.876), (41.313, 7.876), (41.313, 8.293), (41.101, 8.293)]
1302;100;;;0;0,40;[2237, 2380, 2381, 2239];[(41.101, 10.163), (41.101, 8.293), (41.313, 8.293), (41.321, 10.163)]
1303;100;;;0;0,64;[2381, 2379, 2382, 2383];[(41.313, 8.293), (41.313, 7.876), (42.861, 7.876), (42.861, 8.293)]
1304;100;;;0;0,07;[2355, 2353, 2384, 2385];[(39.19, 6.406), (39.035, 6.406), (39.035, 5.956), (39.19, 5.956)]
1305;2;;;0;0,15;[2385, 2384, 2386, 2387];[(39.19, 5.956), (39.035, 5.956), (39.035, 5.015), (39.19, 5.015)]
1306;100;;;0;0,06;[2387, 2386, 2388, 2389];[(39.19, 5.015), (39.035, 5.015), (39.035, 4.643), (39.19, 4.643)]
1307;100;;;0;0,07;[2389, 2388, 2390, 2391];[(39.19, 4.643), (39.035, 4.643), (39.035, 4.182), (39.19, 4.182)]
1308;100;;;0;0,35;[2389, 2391, 2393, 2392];[(39.19, 4.643), (39.19, 4.182), (39.954, 4.182), (39.954, 4.643)]
1309;100;;;0;1,10;[2294, 2390, 2388, 2296];[(36.679, 4.181), (39.035, 4.182), (39.035, 4.643), (36.679, 4.652)]
1310;100;;;0;0,27;[2369, 2367, 2394, 2395];[(46.759, 6.406), (46.604, 6.406), (46.604, 4.662), (46.759, 4.662)]
1311;100;;;0;0,07;[2395, 2394, 2396, 2397];[(46.759, 4.662), (46.604, 4.662), (46.604, 4.192), (46.759, 4.192)]
1312;100;;;0;0,20;[2396, 2394, 2398, 2399];[(46.604, 4.192), (46.604, 4.662), (46.183, 4.662), (46.183, 4.192)]
1313;100;;;0;0,08;[2399, 2398, 2400, 2401];[(46.183, 4.192), (46.183, 4.662), (46.016, 4.662), (46.016, 4.192)]
1314;100;;;0;0,51;[2401, 2400, 2402, 2403];[(46.016, 4.192), (46.016, 4.662), (44.938, 4.662), (44.938, 4.192)]
1315;1;;;0;0,37;[2403, 2402, 2404, 2405];[(44.938, 4.192), (44.938, 4.662), (44.155, 4.662), (44.155, 4.192)]
1316;100;;;0;0,58;[2405, 2404, 2406, 2407];[(44.155, 4.192), (44.155, 4.662), (42.92, 4.662), (42.92, 4.192)]
1317;100;;;0;0,09;[2395, 2397, 2409, 2408];[(46.759, 4.662), (46.759, 4.192), (46.957, 4.192), (46.957, 4.662)]
1318;1;;;0;0,46;[2408, 2409, 2411, 2410];[(46.957, 4.662), (46.957, 4.192), (47.943, 4.192), (47.943, 4.662)]
1319;100;;;0;0,21;[2410, 2411, 2413, 2412];[(47.943, 4.662), (47.943, 4.192), (48.392, 4.192), (48.392, 4.662)]
1320;100;;;0;0,09;[2412, 2413, 2415, 2414];[(48.392, 4.662), (48.392, 4.192), (48.59, 4.192), (48.59, 4.662)]
1321;100;;;0;0,83;[2414, 2415, 2417, 2416];[(48.59, 4.662), (48.59, 4.192), (50.345, 4.192), (50.345, 4.662)]
1322;1;;;0;0,43;[2416, 2417, 2419, 2418];[(50.345, 4.662), (50.345, 4.192), (51.268, 4.192), (51.268, 4.662)]
1323;100;;;0;0,15;[2418, 2419, 2421, 2420];[(51.268, 4.662), (51.268, 4.192), (51.578, 4.192), (51.578, 4.662)]
1324;100;;;0;0,08;[2420, 2421, 2423, 2422];[(51.578, 4.662), (51.578, 4.192), (51.75, 4.192), (51.75, 4.662)]
1325;100;;;0;0,12;[2422, 2423, 2425, 2424];[(51.75, 4.662), (51.75, 4.192), (51.995, 4.192), (51.995, 4.662)]
1326;1;;;0;0,43;[2424, 2425, 2427, 2426];[(51.995, 4.662), (51.995, 4.192), (52.917, 4.192), (52.917, 4.662)]
1327;100;;;0;0,45;[2426, 2427, 2429, 2428];[(52.917, 4.662), (52.917, 4.192), (53.878, 4.192), (53.878, 4.662)]
1328;100;;;0;0,27;[2428, 2429, 2431, 2430];[(53.878, 4.662), (53.878, 4.192), (54.456, 4.192), (54.456, 4.662)]
1329;100;;;0;0,21;[2430, 2431, 2433, 2432];[(54.456, 4.662), (54.456, 4.192), (54.898, 4.192), (54.898, 4.662)]
1330;100;;;0;0,07;[2432, 2433, 2435, 2434];[(54.898, 4.662), (54.898, 4.192), (55.041, 4.192), (55.041, 4.662)]
1331;100;;;0;0,98;[1839, 2434, 2435, 1840];[(57.112, 4.654), (55.041, 4.662), (55.041, 4.192), (57.112, 4.181)]
1332;100;;;0;0,08;[2432, 2434, 2437, 2436];[(54.898, 4.662), (55.041, 4.662), (55.041, 5.213), (54.898, 5.213)]
1333;2;;;0;0,11;[2436, 2437, 2439, 2438];[(54.898, 5.213), (55.041, 5.213), (55.041, 5.955), (54.898, 5.955)]
1334;100;;;0;0,20;[2438, 2439, 2441, 2440];[(54.898, 5.955), (55.041, 5.955), (55.041, 7.323), (54.898, 7.323)]
1335;100;;;0;0,02;[2440, 2441, 2443, 2442];[(54.898, 7.323), (55.041, 7.323), (55.041, 7.439), (54.898, 7.439)]
1336;100;;;0;0,03;[2440, 2442, 2445, 2444];[(54.898, 7.323), (54.898, 7.439), (54.64, 7.439), (54.64, 7.323)]
1337;100;;;0;0,27;[1831, 2443, 2441, 1833];[(57.219, 7.439), (55.041, 7.439), (55.041, 7.323), (57.219, 7.308)]
1338;100;;;0;0,34;[2255, 2253, 2446, 2447];[(48.572, 10.163), (48.392, 10.163), (48.392, 8.281), (48.572, 8.281)]
1339;2;;;0;0,17;[2447, 2446, 2448, 2449];[(48.572, 8.281), (48.392, 8.281), (48.392, 7.35), (48.572, 7.35)]
1340;100;;;0;0,13;[2449, 2448, 2450, 2451];[(48.572, 7.35), (48.392, 7.35), (48.392, 6.636), (48.572, 6.636)]
1341;100;;;0;0,03;[2451, 2450, 2452, 2453];[(48.572, 6.636), (48.392, 6.636), (48.392, 6.466), (48.572, 6.466)]
1342;100;;;0;0,34;[2414, 2453, 2452, 2412];[(48.59, 4.662), (48.572, 6.466), (48.392, 6.466), (48.392, 4.662)]
1343;100;;;0;0,51;[2451, 2453, 2455, 2454];[(48.572, 6.636), (48.572, 6.466), (51.58, 6.466), (51.58, 6.636)]
1344;100;;;0;0,03;[2454, 2455, 2457, 2456];[(51.58, 6.636), (51.58, 6.466), (51.75, 6.466), (51.75, 6.636)]
1345;100;;;0;0,62;[2257, 2454, 2456, 2259];[(51.585, 10.163), (51.58, 6.636), (51.75, 6.636), (51.765, 10.163)]
1346;100;;;0;0,31;[2422, 2457, 2455, 2420];[(51.75, 4.662), (51.75, 6.466), (51.58, 6.466), (51.578, 4.662)]
1347;100;;;0;0,06;[2399, 2401, 2459, 2458];[(46.183, 4.192), (46.016, 4.192), (46.016, 3.853), (46.183, 3.853)]
1348;1;;;0;0,20;[2458, 2459, 2461, 2460];[(46.183, 3.853), (46.016, 3.853), (46.016, 2.668), (46.183, 2.668)]
1349;100;;;0;0,04;[2460, 2461, 2463, 2462];[(46.183, 2.668), (46.016, 2.668), (46.016, 2.4), (46.183, 2.4)]
1350;100;;;0;0,03;[2462, 2463, 2465, 2464];[(46.183, 2.4), (46.016, 2.4), (46.016, 2.231), (46.183, 2.231)]
1351;100;;;0;0,57;[1866, 2464, 2465, 1867];[(46.201, -1.227), (46.183, 2.231), (46.016, 2.231), (46.036, -1.227)]
1352;100;;;0;0,31;[2462, 2464, 2467, 2466];[(46.183, 2.4), (46.183, 2.231), (48.028, 2.231), (48.028, 2.4)]
1353;1;;;0;0,16;[2466, 2467, 2469, 2468];[(48.028, 2.4), (48.028, 2.231), (49.0, 2.231), (49.0, 2.4)]
1354;100;;;0;0,22;[2468, 2469, 2471, 2470];[(49.0, 2.4), (49.0, 2.231), (50.29, 2.231), (50.29, 2.4)]
1355;100;;;0;0,02;[2470, 2471, 2473, 2472];[(50.29, 2.4), (50.29, 2.231), (50.404, 2.231), (50.404, 2.4)]
1356;100;;;0;0,19;[2472, 2473, 2475, 2474];[(50.404, 2.4), (50.404, 2.231), (51.515, 2.231), (51.515, 2.4)]
1357;1;;;0;0,17;[2474, 2475, 2477, 2476];[(51.515, 2.4), (51.515, 2.231), (52.544, 2.231), (52.544, 2.4)]
1358;100;;;0;0,22;[2476, 2477, 2479, 2478];[(52.544, 2.4), (52.544, 2.231), (53.867, 2.231), (53.867, 2.4)]
1359;100;;;0;0,10;[2478, 2479, 2481, 2480];[(53.867, 2.4), (53.867, 2.231), (54.455, 2.231), (54.455, 2.4)]
1360;100;;;0;0,44;[1855, 2473, 2471, 1857];[(50.407, -1.407), (50.404, 2.231), (50.29, 2.231), (50.279, -1.407)]
1361;100;;;0;0,08;[2478, 2480, 2550, 2483, 2482];[(53.867, 2.4), (54.455, 2.4), (54.455, 2.468), (54.455, 2.531), (53.867, 2.531)]
1362;1;;;0;0,85;[2482, 2483, 2485, 2484];[(53.867, 2.531), (54.455, 2.531), (54.455, 3.976), (53.867, 3.976)]
1363;100;;;0;0,13;[2429, 2484, 2485, 2431];[(53.878, 4.192), (53.867, 3.976), (54.455, 3.976), (54.456, 4.192)]
1364;100;;;0;2,13;[1852, 2551, 2481, 2479, 1853];[(54.447, -1.407), (54.449, -0.565), (54.455, 2.231), (53.867, 2.231), (53.867, -1.407)]
1365;9;;;0;10,45;[2, 2506, 2505, 331, 329, 5];[(-24.294, 36.837), (-24.303, 32.756), (-21.737, 32.756), (-21.737, 32.925), (-21.737, 33.061), (-21.737, 36.837)]
1366;1;;;0;5,04;[316, 341, 426, 424, 325, 323, 321, 318];[(-21.74, 28.664), (-21.737, 30.639), (-22.362, 30.625), (-23.696, 30.625), (-24.308, 30.625), (-24.308, 30.188), (-24.308, 28.847), (-24.308, 28.664)]
1367;2;;;0;2,73;[343, 345, 347, 349, 360, 362, 340, 342, 314, 311];[(-20.031, 28.664), (-20.031, 29.712), (-20.031, 29.841), (-20.031, 30.767), (-20.127, 30.767), (-20.916, 30.767), (-21.325, 30.792), (-21.325, 30.639), (-21.331, 28.664), (-20.569, 28.664)]
1368;3;;;0;1,35;[348, 346, 353, 355, 357, 509, 507, 505];[(-19.891, 30.767), (-19.891, 29.841), (-19.299, 29.841), (-18.51, 29.841), (-18.428, 29.841), (-18.446, 30.767), (-18.511, 30.767), (-19.303, 30.767)]
1369;3;;;0;1,52;[312, 429, 431, 433, 356, 354, 352, 344];[(-19.891, 28.664), (-18.872, 28.664), (-18.519, 28.664), (-18.46, 28.664), (-18.428, 29.712), (-18.51, 29.712), (-19.299, 29.712), (-19.891, 29.712)]
1370;1;;;0;2,80;[358, 435, 437, 439, 441, 446, 540, 513, 511, 359];[(-18.231, 29.712), (-18.235, 28.664), (-18.078, 28.664), (-17.285, 28.664), (-16.902, 28.664), (-16.902, 28.853), (-16.902, 29.67), (-16.911, 30.767), (-18.242, 30.767), (-18.231, 29.841)]
1371;3;;;0;2,30;[443, 445, 447, 449, 517, 515, 539];[(-16.701, 28.853), (-16.701, 28.664), (-16.63, 28.664), (-15.605, 28.664), (-15.612, 30.767), (-16.706, 30.767), (-16.701, 29.67)]
1372;3;;;0;2,21;[453, 503, 501, 499, 519, 451];[(-14.371, 28.664), (-14.384, 28.845), (-14.384, 29.668), (-14.384, 30.762), (-15.441, 30.767), (-15.434, 28.664)]
1373;1;;;0;14,03;[334, 336, 338, 363, 361, 351, 350, 506, 508, 510, 512, 514, 516, 518, 520, 497, 495, 493, 377, 375, 373, 371, 369, 367, 365, 332];[(-21.325, 32.299), (-21.325, 31.012), (-21.325, 30.91), (-20.916, 30.903), (-20.127, 30.903), (-20.031, 30.903), (-19.891, 30.903), (-19.303, 30.903), (-18.511, 30.903), (-18.446, 30.903), (-18.242, 30.903), (-16.911, 30.903), (-16.706, 30.903), (-15.612, 30.903), (-15.441, 30.903), (-14.384, 30.915), (-14.384, 31.114), (-14.384, 32.772), (-14.384, 32.925), (-15.63, 32.925), (-16.487, 32.925), (-17.8, 32.925), (-17.936, 32.925), (-18.712, 32.925), (-19.61, 32.925), (-21.325, 32.925)]
1374;1;;;0;11,60;[379, 494, 496, 498, 521, 523, 525, 527, 529, 531, 487, 489, 491, 393, 391, 389, 387, 385, 383, 381];[(-13.949, 32.925), (-13.949, 32.772), (-13.949, 31.114), (-13.949, 30.915), (-13.116, 30.915), (-12.944, 30.915), (-11.752, 30.915), (-11.573, 30.915), (-10.356, 30.915), (-10.168, 30.915), (-8.181, 30.91), (-8.181, 31.345), (-8.181, 32.65), (-8.165, 32.925), (-9.281, 32.925), (-10.097, 32.925), (-11.009, 32.925), (-11.193, 32.925), (-12.214, 32.925), (-13.071, 32.925)]
1375;15;103;;0;10,46;[15, 378, 380, 382, 384, 17];[(-13.969, 36.837), (-13.949, 33.061), (-13.071, 33.061), (-12.214, 33.061), (-11.193, 33.061), (-11.186, 36.837)]
1376;8;102;;0;12,91;[11, 370, 372, 374, 376, 13];[(-17.8, 36.837), (-17.8, 33.061), (-16.487, 33.061), (-15.63, 33.061), (-14.384, 33.061), (-14.378, 36.837)]
1377;8;101;;0;12,78;[7, 330, 364, 366, 368, 9];[(-21.325, 36.837), (-21.325, 33.061), (-19.61, 33.061), (-18.712, 33.061), (-17.936, 33.061), (-17.943, 36.837)]
1378;15;104;;0;10,73;[19, 386, 388, 390, 392, 21];[(-11.016, 36.837), (-11.009, 33.061), (-10.097, 33.061), (-9.281, 33.061), (-8.165, 33.061), (-8.179, 36.837)]
1379;2;105;;0;21,89;[23, 394, 396, 398, 400, 402, 28, 25];[(-7.811, 36.837), (-7.811, 33.061), (-7.233, 33.061), (-6.403, 33.061), (-5.797, 33.061), (-5.613, 33.061), (-2.014, 33.062), (-2.014, 36.837)]
1380;1;;;0;8,51;[395, 492, 490, 488, 486, 479, 481, 483, 416, 414, 412, 410, 408, 406, 404, 401, 399, 397];[(-7.811, 32.925), (-7.793, 32.65), (-7.793, 31.345), (-7.793, 30.91), (-7.793, 30.769), (-7.793, 28.664), (-7.113, 28.664), (-5.865, 28.664), (-5.797, 28.7), (-5.797, 29.121), (-5.797, 29.918), (-5.797, 31.347), (-5.797, 31.483), (-5.797, 31.83), (-5.797, 32.653), (-5.797, 32.925), (-6.403, 32.925), (-7.233, 32.925)]
1381;2;108;;0;5,18;[30, 403, 405, 407, 409, 32];[(-2.014, 32.924), (-5.613, 32.925), (-5.613, 32.653), (-5.613, 31.83), (-5.613, 31.483), (-2.014, 31.491)]
1382;2;107;;0;9,56;[34, 411, 413, 415, 417, 420, 422, 36];[(-2.014, 31.353), (-5.613, 31.347), (-5.613, 29.918), (-5.613, 29.121), (-5.613, 28.7), (-5.239, 28.7), (-4.586, 28.7), (-2.014, 28.684)]
1383;3;;;0;4,16;[475, 477, 485, 532, 538, 536];[(-10.156, 28.664), (-8.181, 28.664), (-8.181, 30.769), (-10.168, 30.762), (-10.156, 29.676), (-10.156, 28.844)]
1384;3;;;0;2,51;[469, 471, 473, 535, 537, 530, 528, 467];[(-11.437, 28.664), (-10.61, 28.664), (-10.374, 28.664), (-10.374, 28.844), (-10.374, 29.676), (-10.356, 30.762), (-11.573, 30.762), (-11.555, 28.664)]
1385;3;;;0;4,59;[526, 524, 522, 500, 502, 504, 455, 457, 459, 461, 463, 465];[(-11.752, 30.762), (-12.944, 30.762), (-13.116, 30.762), (-13.949, 30.762), (-13.949, 29.668), (-13.949, 28.845), (-13.965, 28.664), (-13.615, 28.664), (-13.445, 28.664), (-12.769, 28.664), (-11.975, 28.664), (-11.772, 28.664)]
1386;1;;;0;10,28;[460, 561, 563, 565, 567, 571, 573, 478, 476, 474, 472, 470, 468, 466, 464, 462];[(-13.445, 28.238), (-13.439, 26.286), (-10.859, 26.286), (-9.432, 26.286), (-8.175, 26.286), (-8.175, 26.56), (-8.175, 27.822), (-8.181, 28.238), (-10.156, 28.238), (-10.374, 28.238), (-10.61, 28.238), (-11.437, 28.238), (-11.555, 28.238), (-11.772, 28.238), (-11.975, 28.238), (-12.769, 28.238)]
1387;1;;;0;3,35;[432, 542, 544, 546, 551, 553, 555, 575, 577, 444, 442, 440, 438, 436, 434];[(-18.519, 28.238), (-18.519, 27.576), (-18.519, 26.653), (-18.519, 26.286), (-18.108, 26.286), (-17.286, 26.286), (-16.799, 26.286), (-16.799, 26.766), (-16.799, 27.56), (-16.814, 28.238), (-16.902, 28.238), (-17.285, 28.238), (-18.078, 28.238), (-18.235, 28.238), (-18.46, 28.238)]
1388;2;;;0;5,89;[448, 578, 576, 557, 559, 458, 456, 454, 452, 450];[(-16.63, 28.238), (-16.629, 27.56), (-16.629, 26.766), (-16.629, 26.286), (-13.605, 26.286), (-13.615, 28.238), (-13.965, 28.238), (-14.371, 28.238), (-15.434, 28.238), (-15.605, 28.238)]
1389;5;;Буфет;0;57,09;[304, 640, 639, 642, 647, 568, 566, 564, 562, 560, 558, 556, 554, 552, 548, 547, 550, 306];[(-19.891, 21.214), (-13.76, 21.219), (-13.658, 21.219), (-8.171, 21.219), (-8.171, 21.66), (-8.175, 26.09), (-9.432, 26.09), (-10.859, 26.09), (-13.439, 26.09), (-13.605, 26.09), (-16.629, 26.09), (-16.799, 26.09), (-17.286, 26.09), (-18.108, 26.09), (-18.519, 26.09), (-18.872, 26.09), (-19.684, 26.09), (-19.891, 26.082)]
1390;13;;;0;42,84;[300, 631, 634, 636, 638, 302];[(-19.891, 13.826), (-13.76, 13.823), (-13.76, 18.79), (-13.76, 19.656), (-13.76, 20.802), (-19.891, 20.824)]
1391;100;;;0;0,19;[648, 650, 533, 534];[(-7.763, 21.66), (-7.763, 21.081), (-7.44, 21.081), (-7.44, 21.66)]
1392;100;;;0;0,17;[607, 608, 2486, 2487];[(-3.812, 19.076), (-3.877, 19.17), (-5.021, 18.101), (-4.919, 18.044)]
1393;1;;;0;0,78;[2486, 651, 533, 610];[(-5.021, 18.101), (-7.117, 21.081), (-7.44, 21.081), (-5.135, 17.994)]
1394;1;;;0;0,66;[644, 589, 587, 534];[(-7.117, 21.66), (-5.012, 22.24), (-5.012, 22.705), (-7.44, 21.66)]
1395;1;;;0;16,49;[419, 418, 484, 482, 480, 574, 572, 569, 570, 648, 534, 587, 585, 581, 579, 421];[(-5.613, 28.25), (-5.797, 28.25), (-5.865, 28.238), (-7.113, 28.238), (-7.793, 28.238), (-7.759, 27.822), (-7.759, 26.56), (-7.759, 26.286), (-7.759, 26.09), (-7.763, 21.66), (-7.44, 21.66), (-5.012, 22.705), (-5.012, 26.712), (-5.239, 26.797), (-5.239, 28.081), (-5.239, 28.25)]
1396;1;;;0;10,66;[589, 644, 651, 2486, 608, 606, 602, 600, 598, 596, 594, 591, 588];[(-5.012, 22.24), (-7.117, 21.66), (-7.117, 21.081), (-5.021, 18.101), (-3.877, 19.17), (-3.358, 19.17), (-3.358, 19.298), (-3.358, 19.711), (-3.358, 20.672), (-3.358, 20.995), (-3.358, 22.014), (-3.358, 22.24), (-4.586, 22.24)]
1397;1;;;0;3,08;[42, 593, 595, 597, 599, 601, 603, 52, 50, 48, 46, 44];[(-2.014, 22.249), (-3.062, 22.24), (-3.062, 22.014), (-3.062, 20.995), (-3.062, 20.672), (-3.062, 19.711), (-3.062, 19.298), (-2.014, 19.31), (-2.014, 19.677), (-2.014, 20.649), (-2.014, 20.975), (-2.014, 21.996)]
1398;1;;;0;2,87;[2524, 2523, 860, 863, 875, 877];[(-2.014, -2.257), (-4.483, -2.257), (-4.483, -3.421), (-2.014, -3.421), (-2.014, -3.285), (-2.014, -3.183)]
1399;2;;;0;24,29;[2525, 1588, 1586, 1584, 1580, 1578, 1576, 1573, 1564];[(-19.822, -30.739), (-21.694, -30.739), (-24.743, -30.739), (-24.886, -30.739), (-25.954, -30.739), (-25.954, -31.453), (-25.954, -32.254), (-25.954, -34.7), (-19.822, -34.7)]
1400;11;126;Тренажёрный зал;0;71,35;[296, 719, 717, 707, 709, 711, 626, 630, 632, 298];[(-19.891, 7.32), (-10.469, 7.324), (-9.547, 7.324), (-8.175, 7.324), (-8.175, 8.209), (-8.175, 9.496), (-8.18, 13.409), (-13.658, 13.409), (-13.76, 13.409), (-19.891, 13.424)]
1401;1;;;0;12,09;[620, 622, 624, 710, 708, 706, 713, 715, 653, 618];[(-6.23, 13.409), (-7.494, 13.409), (-7.772, 13.409), (-7.766, 9.496), (-7.766, 8.209), (-7.766, 7.324), (-7.325, 7.324), (-6.019, 7.324), (-5.782, 7.324), (-5.782, 13.409)]
1402;8;127;;0;22,17;[58, 613, 614, 616, 652, 656, 658, 660, 662, 60];[(-2.014, 13.422), (-5.029, 13.409), (-5.135, 13.409), (-5.651, 13.409), (-5.651, 7.324), (-5.334, 7.324), (-4.483, 7.324), (-4.211, 7.324), (-4.064, 7.324), (-2.014, 7.313)]
1403;1;;;0;13,46;[655, 714, 712, 704, 702, 700, 698, 696, 692, 690, 688, 681, 679, 677, 675, 674, 672, 668, 666, 664, 661, 659, 657, 654];[(-5.782, 6.91), (-6.019, 6.91), (-7.325, 6.91), (-7.766, 6.91), (-7.766, 6.632), (-7.766, 5.816), (-7.766, 4.449), (-7.766, 4.239), (-7.766, 2.532), (-7.432, 2.532), (-6.116, 2.532), (-5.186, 2.532), (-5.186, 2.878), (-5.186, 4.199), (-5.186, 4.466), (-5.186, 4.687), (-4.676, 4.687), (-4.211, 4.687), (-4.211, 5.277), (-4.211, 6.093), (-4.211, 6.91), (-4.483, 6.91), (-5.334, 6.91), (-5.651, 6.91)]
1404;8;;;0;4,55;[62, 663, 665, 667, 669, 64];[(-2.014, 6.921), (-4.064, 6.91), (-4.064, 6.093), (-4.064, 5.277), (-4.064, 4.687), (-2.014, 4.7)]
1405;1;;;0;5,13;[66, 671, 670, 673, 676, 678, 680, 684, 686, 72, 70, 68];[(-2.014, 4.455), (-4.064, 4.466), (-4.211, 4.466), (-4.676, 4.466), (-4.676, 4.199), (-4.676, 2.878), (-4.676, 2.532), (-4.483, 2.532), (-3.281, 2.532), (-2.014, 2.536), (-2.014, 2.634), (-2.014, 3.948)]
1406;12;129;;0;28,78;[292, 721, 723, 725, 727, 729, 731, 733, 735, 737, 739, 741, 743, 745, 747, 749, 751, 753, 699, 701, 703, 705, 716, 718, 294];[(-19.891, 4.449), (-18.928, 4.449), (-18.83, 4.449), (-18.691, 4.449), (-17.874, 4.449), (-17.686, 4.449), (-17.597, 4.449), (-16.821, 4.449), (-16.731, 4.449), (-16.576, 4.449), (-14.134, 4.449), (-13.971, 4.449), (-11.53, 4.449), (-11.358, 4.449), (-10.403, 4.449), (-10.231, 4.449), (-9.317, 4.449), (-9.137, 4.449), (-8.175, 4.449), (-8.175, 5.816), (-8.175, 6.632), (-8.175, 6.91), (-9.547, 6.91), (-10.469, 6.91), (-19.891, 6.898)]
1407;3;;;0;1,88;[288, 755, 805, 803, 720, 290];[(-19.891, 2.303), (-18.925, 2.303), (-18.928, 3.289), (-18.928, 4.065), (-18.928, 4.253), (-19.891, 4.253)]
1408;3;;;0;1,86;[722, 804, 806, 757, 759, 726, 724];[(-18.83, 4.253), (-18.83, 4.065), (-18.83, 3.289), (-18.832, 2.303), (-17.874, 2.303), (-17.874, 4.253), (-18.691, 4.253)]
1409;12;;;0;1,87;[728, 761, 763, 801, 799, 734, 732, 730];[(-17.686, 4.253), (-17.695, 2.303), (-16.731, 2.303), (-16.731, 2.62), (-16.731, 3.428), (-16.731, 4.253), (-16.821, 4.253), (-17.597, 4.253)]
1410;4;;;0;4,75;[736, 800, 802, 765, 767, 738];[(-16.576, 4.253), (-16.576, 3.428), (-16.576, 2.62), (-16.56, 2.303), (-14.143, 2.303), (-14.134, 4.253)]
1411;4;;;0;4,74;[742, 740, 769, 771, 793, 791];[(-11.53, 4.253), (-13.971, 4.253), (-13.955, 2.303), (-11.538, 2.303), (-11.53, 2.607), (-11.53, 3.42)]
1412;3;;;0;1,79;[748, 779, 781, 783, 785, 797, 795, 750];[(-10.231, 4.253), (-10.232, 2.303), (-10.17, 2.303), (-9.455, 2.303), (-9.302, 2.303), (-9.317, 2.616), (-9.317, 3.42), (-9.317, 4.253)]
1413;12;;;0;1,86;[744, 792, 794, 773, 775, 777, 746];[(-11.358, 4.253), (-11.358, 3.42), (-11.358, 2.607), (-11.366, 2.303), (-11.207, 2.303), (-10.408, 2.303), (-10.403, 4.253)]
1414;3;;;0;1,87;[697, 752, 796, 798, 787, 788, 694];[(-8.175, 4.239), (-9.137, 4.253), (-9.137, 3.42), (-9.137, 2.616), (-9.132, 2.303), (-8.175, 2.303), (-8.175, 2.532)]
1415;12;136;;0;29,02;[284, 811, 809, 807, 789, 786, 784, 782, 780, 778, 776, 774, 772, 770, 768, 766, 764, 762, 760, 758, 756, 754, 286];[(-19.891, -0.576), (-8.175, -0.585), (-8.175, -0.008), (-8.175, 0.826), (-8.175, 1.896), (-9.132, 1.896), (-9.302, 1.896), (-9.455, 1.896), (-10.17, 1.896), (-10.232, 1.896), (-10.408, 1.896), (-11.207, 1.896), (-11.366, 1.896), (-11.538, 1.896), (-13.955, 1.896), (-14.143, 1.896), (-16.56, 1.896), (-16.731, 1.896), (-17.695, 1.896), (-17.874, 1.896), (-18.832, 1.896), (-18.925, 1.896), (-19.891, 1.896)]
1416;12;137;;0;29,25;[280, 858, 856, 854, 852, 850, 848, 846, 844, 842, 840, 838, 836, 834, 832, 830, 828, 824, 819, 817, 815, 813, 282];[(-19.891, -3.302), (-18.949, -3.278), (-18.76, -3.278), (-18.716, -3.278), (-17.945, -3.278), (-17.838, -3.278), (-17.657, -3.278), (-16.877, -3.278), (-16.751, -3.278), (-16.57, -3.278), (-14.141, -3.278), (-13.975, -3.278), (-11.542, -3.278), (-11.38, -3.278), (-10.411, -3.278), (-10.234, -3.278), (-9.301, -3.278), (-9.139, -3.278), (-8.175, -3.278), (-8.175, -1.853), (-8.175, -1.057), (-8.175, -0.785), (-19.891, -0.779)]
1417;1;;;0;15,56;[683, 689, 691, 693, 790, 808, 810, 812, 814, 816, 818, 820, 822, 873, 871, 869, 867, 859, 682];[(-5.186, 2.124), (-6.116, 2.124), (-7.432, 2.124), (-7.766, 2.124), (-7.766, 1.896), (-7.766, 0.826), (-7.766, -0.008), (-7.766, -0.585), (-7.766, -0.785), (-7.766, -1.057), (-7.766, -1.853), (-7.766, -3.278), (-7.766, -3.416), (-7.434, -3.421), (-6.119, -3.421), (-5.801, -3.421), (-5.629, -3.421), (-4.96, -3.421), (-4.96, 2.124)]
1418;1;;;0;3,33;[74, 687, 685, 2514, 2513];[(-2.014, 2.119), (-3.281, 2.124), (-4.483, 2.124), (-4.483, 0.776), (-2.014, 0.776)]
1419;2;145;;0;15,86;[861, 868, 1109, 1111, 1040, 1042, 1044, 898, 896, 894, 864, 862];[(-4.96, -3.845), (-5.629, -3.845), (-5.629, -6.89), (-5.629, -7.69), (-5.64, -8.23), (-5.183, -8.23), (-5.011, -8.23), (-2.014, -8.23), (-2.014, -6.554), (-2.014, -6.198), (-2.014, -3.845), (-4.483, -3.845)]
1420;1;;;0;8,63;[872, 874, 826, 1056, 1054, 1032, 1034, 1036, 1038, 1112, 1110, 870];[(-6.119, -3.845), (-7.434, -3.845), (-7.766, -3.865), (-7.768, -5.653), (-7.769, -5.83), (-7.771, -8.23), (-7.469, -8.23), (-6.203, -8.23), (-5.787, -8.23), (-5.801, -7.69), (-5.801, -6.89), (-5.801, -3.845)]
1421;12;144;;0;28,15;[271, 1024, 1023, 1026, 1028, 1030, 1053, 1057, 1059, 1061, 1063, 1065, 1067, 1069, 1071, 1073, 1075, 1077, 1079, 1081, 1083, 1085, 1087, 1089, 1091, 274];[(-19.891, -8.246), (-13.386, -8.23), (-13.209, -8.23), (-9.551, -8.23), (-8.71, -8.23), (-8.188, -8.23), (-8.181, -5.83), (-9.133, -5.83), (-9.31, -5.83), (-9.378, -5.83), (-10.106, -5.83), (-10.236, -5.83), (-10.406, -5.83), (-10.501, -5.83), (-11.249, -5.83), (-11.372, -5.83), (-11.535, -5.83), (-13.964, -5.83), (-14.141, -5.83), (-16.557, -5.83), (-16.741, -5.83), (-17.659, -5.83), (-17.829, -5.83), (-18.755, -5.83), (-18.918, -5.83), (-19.891, -5.825)]
1422;12;;;0;1,90;[833, 1101, 1103, 1074, 1072, 1070, 1068, 831];[(-11.38, -3.695), (-11.38, -4.566), (-11.38, -5.376), (-11.371, -5.653), (-11.249, -5.653), (-10.5, -5.653), (-10.405, -5.653), (-10.411, -3.695)]
1423;3;;;0;1,83;[829, 1066, 1064, 1062, 1060, 1108, 1106, 827];[(-10.234, -3.695), (-10.235, -5.653), (-10.106, -5.653), (-9.378, -5.653), (-9.31, -5.653), (-9.301, -5.526), (-9.301, -4.73), (-9.301, -3.695)]
1424;3;;;0;1,88;[821, 1105, 1107, 1058, 1055, 825, 823];[(-9.139, -3.695), (-9.139, -4.73), (-9.139, -5.526), (-9.133, -5.653), (-8.18, -5.653), (-8.175, -3.865), (-8.175, -3.695)]
1425;4;;;0;4,76;[835, 837, 1078, 1076, 1104, 1102];[(-11.542, -3.695), (-13.975, -3.695), (-13.964, -5.653), (-11.535, -5.653), (-11.542, -5.376), (-11.542, -4.566)]
1426;4;;;0;4,74;[841, 1099, 1097, 1082, 1080, 839];[(-16.57, -3.695), (-16.556, -4.551), (-16.556, -5.375), (-16.556, -5.653), (-14.141, -5.653), (-14.141, -3.695)]
1427;12;;;0;1,79;[845, 847, 1086, 1084, 1098, 1100, 843];[(-16.877, -3.695), (-17.657, -3.695), (-17.659, -5.653), (-16.74, -5.653), (-16.74, -5.375), (-16.74, -4.551), (-16.751, -3.695)]
1428;3;;;0;1,80;[851, 853, 855, 1095, 1093, 1090, 1088, 849];[(-17.945, -3.695), (-18.716, -3.695), (-18.76, -3.695), (-18.754, -3.973), (-18.754, -4.803), (-18.754, -5.653), (-17.829, -5.653), (-17.838, -3.695)]
1429;3;;;0;1,90;[276, 1092, 1094, 1096, 857, 278];[(-19.891, -5.655), (-18.918, -5.653), (-18.918, -4.803), (-18.918, -3.973), (-18.949, -3.695), (-19.891, -3.708)]
1430;1;;;0;3,12;[989, 2504, 272, 1000, 998, 995, 993, 991];[(-18.618, -11.075), (-18.618, -8.622), (-19.891, -8.623), (-19.892, -8.929), (-19.892, -10.202), (-19.892, -11.075), (-19.814, -11.075), (-19.686, -11.075)]
1431;1;;;0;23,23;[908, 906, 904, 1052, 1051, 1049, 1047, 1045, 1041, 1039, 1037, 1035, 1033, 1031, 1029, 1027, 1025, 1021, 1019, 1017, 981];[(-2.014, -11.075), (-2.014, -10.262), (-2.014, -9.957), (-5.011, -9.967), (-5.183, -9.967), (-5.183, -9.787), (-5.183, -9.575), (-5.183, -8.758), (-5.183, -8.619), (-5.64, -8.619), (-5.787, -8.619), (-6.203, -8.619), (-7.469, -8.619), (-7.771, -8.619), (-8.188, -8.619), (-8.71, -8.619), (-9.551, -8.619), (-13.209, -8.619), (-13.209, -9.331), (-13.209, -10.617), (-13.209, -11.075)]
1432;2;158;;0;3,48;[900, 1043, 1046, 1048, 1050, 902];[(-2.014, -8.636), (-5.011, -8.619), (-5.011, -8.758), (-5.011, -9.575), (-5.011, -9.787), (-2.014, -9.788)]
1433;1;;;0;9,17;[1010, 1008, 1006, 1004, 1002, 997, 999, 1001, 270, 268, 1013, 1011];[(-23.782, -11.65), (-22.518, -11.65), (-21.891, -11.65), (-21.675, -11.65), (-20.568, -11.65), (-20.568, -11.075), (-20.568, -10.202), (-20.568, -8.929), (-20.569, -8.451), (-21.878, -8.451), (-25.001, -11.657), (-24.85, -11.65)]
1434;1;;;0;13,80;[1014, 1651, 1643, 1641, 1639, 1637, 1656, 1658, 1661, 1663, 1665, 1667, 1005, 1007, 1009, 1012];[(-25.394, -12.06), (-25.879, -12.558), (-25.875, -13.864), (-25.875, -14.756), (-25.875, -14.946), (-25.875, -17.974), (-25.415, -17.974), (-24.474, -17.974), (-24.474, -17.807), (-24.474, -17.024), (-24.474, -15.603), (-21.907, -13.045), (-21.891, -12.118), (-22.518, -12.118), (-23.782, -12.118), (-24.85, -12.118)]
1435;2;107;;0;19,11;[994, 996, 1003, 1668, 1666, 1664, 1662, 1660, 1670, 992];[(-19.892, -12.226), (-20.568, -12.226), (-21.675, -12.226), (-21.665, -13.444), (-24.308, -16.063), (-24.308, -17.024), (-24.308, -17.807), (-24.308, -17.974), (-19.814, -17.955), (-19.814, -12.226)]
1436;2;106;;0;25,74;[1611, 1672, 1659, 1676, 1678, 1609];[(-19.811, -24.118), (-19.814, -18.378), (-24.308, -18.376), (-24.308, -18.601), (-24.308, -19.414), (-24.277, -24.118)]
1437;1;;;0;8,11;[1605, 1607, 1677, 1675, 1657, 1655, 1635, 1633, 1631, 1629, 1627, 1621, 1604];[(-24.743, -24.118), (-24.449, -24.118), (-24.474, -19.414), (-24.474, -18.601), (-24.474, -18.376), (-25.415, -18.376), (-25.875, -18.376), (-25.875, -20.943), (-25.875, -21.149), (-25.875, -22.589), (-25.875, -22.766), (-25.875, -24.118), (-24.886, -24.118)]
1438;3;;;0;20,44;[1636, 1638, 1640, 1645, 1650, 1726, 1724, 1718, 1720, 1722, 1634];[(-26.336, -18.376), (-26.336, -17.974), (-26.336, -14.946), (-27.404, -14.946), (-27.833, -14.564), (-30.838, -17.648), (-29.681, -18.753), (-29.681, -20.95), (-29.43, -20.95), (-28.608, -20.95), (-26.336, -20.943)]
1439;1;;;0;1,32;[1644, 1654, 1648, 1646, 1642];[(-26.336, -13.864), (-26.346, -13.037), (-27.665, -14.392), (-27.282, -14.756), (-26.336, -14.756)]
1440;2;105;;0;12,84;[265, 264, 1128, 1704, 1706, 1708, 1715, 1717, 1723, 1728, 266];[(-33.234, -21.462), (-33.234, -22.007), (-33.237, -22.595), (-31.694, -22.595), (-30.869, -22.595), (-29.897, -22.595), (-29.897, -21.158), (-29.897, -20.95), (-29.897, -18.852), (-30.978, -17.792), (-33.234, -20.108)]
1441;3;;;0;4,90;[1632, 1721, 1719, 1716, 1710, 1712, 1714, 1630];[(-26.336, -21.149), (-28.608, -21.158), (-29.43, -21.158), (-29.742, -21.158), (-29.742, -22.595), (-29.43, -22.595), (-28.613, -22.595), (-26.336, -22.589)]
1442;1;;;0;2,95;[1582, 1620, 1622, 1625, 1583];[(-25.954, -30.364), (-25.875, -24.869), (-26.336, -24.869), (-26.591, -24.869), (-26.313, -30.364)]
1443;1;;;0;1,91;[1150, 1574, 1575, 1148];[(-33.237, -36.07), (-26.313, -35.086), (-26.313, -34.7), (-33.237, -35.905)]
1444;1;;;0;2,71;[1170, 1691, 1693, 1168];[(-33.237, -46.095), (-25.834, -40.468), (-26.321, -40.449), (-33.237, -45.726)]
1445;100;;;0;0,07;[1480, 1482, 2488, 2489];[(-21.797, -44.586), (-21.627, -44.168), (-21.741, -44.05), (-21.921, -44.461)]
1446;1;;;0;0,51;[193, 1480, 2489, 195];[(-23.298, -48.691), (-21.797, -44.586), (-21.921, -44.461), (-23.373, -48.691)]
1447;1;;;0;61,28;[195, 2489, 1687, 1689, 1691, 1170, 1172, 1174, 211, 209, 207, 205, 203, 201, 199, 197];[(-23.373, -48.691), (-21.921, -44.461), (-23.638, -42.73), (-23.948, -42.42), (-25.834, -40.468), (-33.237, -46.095), (-33.237, -46.577), (-33.237, -48.055), (-33.225, -48.691), (-31.405, -48.691), (-31.165, -48.691), (-31.038, -48.691), (-29.599, -48.691), (-29.528, -48.691), (-28.033, -48.691), (-24.816, -48.691)]
1448;1;;;0;51,96;[1152, 1154, 1156, 1158, 1160, 1162, 1164, 1166, 1168, 1693, 1694, 1696, 1574, 1150];[(-33.237, -38.604), (-33.237, -38.786), (-33.237, -40.453), (-33.237, -40.589), (-33.237, -44.184), (-33.237, -44.371), (-33.237, -44.581), (-33.237, -45.449), (-33.237, -45.726), (-26.321, -40.449), (-26.32, -39.957), (-26.32, -39.636), (-26.313, -35.086), (-33.237, -36.07)]
1449;1;;;0;85,84;[1119, 1141, 1146, 1148, 1575, 1577, 1579, 1581, 1583, 1625, 1626, 1624, 1623, 1628, 1713, 1711, 1709, 1707, 1705, 1703, 1126, 1124, 1122, 1120];[(-33.237, -24.98), (-33.237, -26.017), (-33.237, -27.348), (-33.237, -35.905), (-26.313, -34.7), (-26.313, -32.254), (-26.313, -31.453), (-26.313, -30.739), (-26.313, -30.364), (-26.591, -24.869), (-26.591, -24.272), (-26.336, -24.272), (-26.336, -24.118), (-26.336, -22.766), (-28.613, -22.766), (-29.43, -22.766), (-29.742, -22.766), (-29.897, -22.766), (-30.869, -22.766), (-31.694, -22.766), (-33.237, -22.766), (-33.237, -22.921), (-33.237, -24.228), (-33.237, -24.62)]
1450;1;;;0;5,65;[1585, 1590, 1592, 1594, 1596, 1598, 1600, 1602, 1620, 1582];[(-24.886, -30.364), (-24.886, -30.095), (-24.886, -28.658), (-24.886, -28.274), (-24.886, -26.87), (-24.886, -26.518), (-24.886, -25.114), (-24.886, -24.869), (-25.875, -24.869), (-25.954, -30.364)]
1451;100;;;0;0,17;[1569, 1617, 1616, 1568];[(-19.684, -28.242), (-19.672, -26.984), (-19.811, -26.984), (-19.822, -28.242)]
1452;1;;;0;0,21;[1440, 1539, 1538, 1439];[(-1.301, -38.675), (-2.644, -38.636), (-2.644, -38.812), (-1.301, -38.813)]
1453;1;;;0;0,19;[1401, 1407, 1408, 1402];[(15.854, -28.178), (15.851, -26.87), (15.709, -26.87), (15.698, -28.178)]
1454;11;;Спортивная арена;0;932,57;[109, 919, 917, 915, 913, 911, 910, 980, 986, 988, 990, 1669, 1671, 1613, 1612, 1615, 1617, 1569, 1567, 1565, 1563, 1561, 1559, 1557, 1555, 1553, 1551, 1549, 1548, 1535, 1534, 1537, 1539, 1440, 1438, 1436, 1434, 1432, 1430, 1428, 1426, 1424, 1422, 1420, 1418, 1416, 1394, 1393, 1396, 1398, 1400, 1402, 1408, 1406, 1350, 1349, 1352, 1354, 111];[(13.787, -12.219), (8.222, -12.226), (8.222, -12.226), (3.464, -12.226), (3.328, -12.226), (-1.294, -12.226), (-2.014, -12.226), (-13.209, -12.226), (-13.386, -12.226), (-18.618, -12.226), (-19.686, -12.226), (-19.686, -17.955), (-19.686, -18.378), (-19.672, -24.118), (-19.672, -24.869), (-19.672, -26.649), (-19.672, -26.984), (-19.684, -28.242), (-19.684, -28.585), (-19.684, -34.7), (-19.684, -35.086), (-19.68, -36.882), (-19.408, -37.229), (-18.089, -38.638), (-17.801, -38.638), (-14.282, -38.638), (-13.824, -38.638), (-8.174, -38.638), (-7.772, -38.638), (-5.087, -38.636), (-4.685, -38.636), (-2.914, -38.636), (-2.644, -38.636), (-1.301, -38.675), (-0.961, -38.675), (0.792, -38.675), (1.208, -38.675), (3.826, -38.675), (4.204, -38.675), (9.887, -38.675), (10.308, -38.675), (13.983, -38.675), (14.103, -38.682), (14.207, -38.573), (15.698, -36.973), (15.698, -36.809), (15.698, -35.078), (15.698, -34.67), (15.698, -30.696), (15.698, -30.288), (15.698, -28.484), (15.698, -28.178), (15.709, -26.87), (15.709, -26.557), (15.709, -24.781), (15.709, -24.381), (15.709, -18.431), (15.709, -17.996), (15.702, -12.219)]
1455;2;;;0;69,59;[244, 1240, 1242, 1244, 1246, 1147, 1145, 1142, 1117, 1115, 1113, 246];[(-39.998, -35.921), (-37.499, -35.921), (-36.676, -35.921), (-35.256, -35.921), (-34.432, -35.921), (-33.637, -35.905), (-33.637, -27.348), (-33.637, -26.017), (-33.637, -24.98), (-38.61, -24.98), (-38.749, -24.98), (-39.998, -24.98)]
1456;1;;;0;2,37;[254, 1135, 1136, 1138, 1140, 2532, 256];[(-39.998, -22.98), (-38.749, -22.97), (-38.61, -22.97), (-37.646, -22.97), (-37.548, -22.97), (-37.548, -22.007), (-39.998, -22.007)]
1457;1;;;0;1,85;[248, 1114, 1129, 1131, 1133, 252, 250];[(-39.998, -24.62), (-38.749, -24.62), (-38.749, -24.53), (-38.749, -23.199), (-38.749, -23.142), (-39.998, -23.129), (-39.998, -24.552)]
1458;1;;;0;16,15;[240, 1205, 1206, 1213, 1211, 1209, 1207, 1151, 1149, 1245, 1243, 1241, 1239, 242];[(-39.998, -38.602), (-37.552, -38.595), (-37.382, -38.595), (-36.002, -38.604), (-35.877, -38.604), (-34.845, -38.604), (-34.692, -38.604), (-33.637, -38.604), (-33.637, -36.07), (-34.432, -36.062), (-35.256, -36.062), (-36.676, -36.062), (-37.499, -36.062), (-39.998, -36.062)]
1459;1;;;0;0,28;[1204, 1214, 1213, 1206];[(-37.382, -38.817), (-36.002, -38.786), (-36.002, -38.604), (-37.382, -38.595)]
1460;1;;;0;6,65;[1161, 1237, 1238, 1189, 1187, 1184, 1182, 1180, 1178, 1167, 1165, 1163];[(-33.637, -44.371), (-35.877, -44.348), (-36.002, -44.348), (-37.382, -44.419), (-37.552, -44.419), (-38.573, -44.419), (-38.573, -44.528), (-38.573, -45.481), (-38.573, -45.726), (-33.637, -45.726), (-33.637, -45.449), (-33.637, -44.581)]
1461;2;;;0;5,95;[236, 1197, 1199, 1201, 1203, 238];[(-39.998, -41.255), (-37.552, -41.244), (-37.552, -40.115), (-37.552, -39.293), (-37.552, -38.817), (-39.998, -38.814)]
1462;2;104/2;Комната персонала;0;6,78;[232, 1185, 1186, 1188, 1191, 1193, 1195, 234];[(-39.998, -44.19), (-38.813, -44.181), (-38.573, -44.181), (-37.552, -44.181), (-37.552, -42.372), (-37.552, -41.55), (-37.552, -41.414), (-39.998, -41.41)]
1463;2;104/7;;0;8,05;[1157, 1226, 1224, 1221, 1231, 1233, 1235, 1159];[(-33.637, -40.589), (-34.698, -40.595), (-34.845, -40.595), (-35.877, -40.595), (-35.877, -42.603), (-35.877, -43.426), (-35.877, -44.191), (-33.637, -44.184)]
1464;3;;;0;1,73;[1212, 1215, 1217, 1219, 1223, 1227, 1229, 1210];[(-35.877, -38.786), (-35.877, -39.636), (-35.877, -40.374), (-35.877, -40.464), (-34.845, -40.464), (-34.845, -40.379), (-34.845, -39.619), (-34.845, -38.786)]
1465;3;;;0;1,77;[1153, 1208, 1230, 1228, 1225, 1155];[(-33.637, -38.786), (-34.692, -38.786), (-34.698, -39.619), (-34.698, -40.379), (-34.698, -40.464), (-33.637, -40.453)]
1466;1;;;0;7,43;[1190, 1236, 1234, 1232, 1222, 1220, 1218, 1216, 1214, 1204, 1202, 1200, 1198, 1196, 1194, 1192];[(-37.382, -44.181), (-36.002, -44.191), (-36.002, -43.426), (-36.002, -42.603), (-36.002, -40.595), (-36.002, -40.464), (-36.002, -40.374), (-36.002, -39.636), (-36.002, -38.786), (-37.382, -38.817), (-37.382, -39.293), (-37.382, -40.115), (-37.382, -41.244), (-37.382, -41.414), (-37.382, -41.55), (-37.382, -42.372)]
1467;1;;;0;0,27;[1189, 1238, 1236, 1190];[(-37.382, -44.419), (-36.002, -44.348), (-36.002, -44.191), (-37.382, -44.181)]
1468;1;;;0;1,48;[224, 1176, 1179, 1181, 1183, 230, 228, 226];[(-39.998, -45.671), (-38.813, -45.671), (-38.813, -45.481), (-38.813, -44.528), (-38.813, -44.419), (-39.998, -44.429), (-39.998, -44.472), (-39.998, -45.474)]
1469;1;;;0;3,44;[213, 1173, 1171, 1169, 2530, 2531];[(-33.606, -48.691), (-33.637, -48.055), (-33.637, -46.577), (-33.637, -46.095), (-34.96, -46.095), (-34.96, -48.691)]
1470;1;;;0;1,05;[189, 1472, 1474, 190];[(-15.718, -48.691), (-13.837, -44.586), (-14.269, -44.586), (-15.8, -48.691)]
1471;1;;;0;1,97;[178, 1499, 1497, 180];[(10.414, -48.708), (10.3, -44.593), (9.891, -44.593), (9.864, -48.708)]
1472;100;;;0;0,13;[1512, 1511, 2490, 2491];[(17.569, -44.196), (17.751, -44.593), (17.983, -44.349), (17.786, -43.968)]
1473;1;;;0;1,47;[1254, 2490, 1511, 1252];[(21.97, -45.728), (17.983, -44.349), (17.751, -44.593), (21.97, -46.117)]
1474;1;;;0;0,55;[1314, 1337, 1339, 1316];[(24.45, -24.639), (22.384, -24.381), (22.384, -24.781), (24.45, -24.769)]
1475;100;;;0;0,49;[2494, 2497, 2496, 2495];[(29.364, -40.325), (30.025, -40.325), (30.025, -39.589), (29.364, -39.589)]
1476;100;;;0;3,57;[2497, 2494, 150, 151];[(30.025, -40.325), (29.364, -40.325), (29.364, -45.721), (30.025, -45.721)]
1477;100;;;0;4,21;[149, 148, 2495, 2496];[(30.025, -33.221), (29.364, -33.221), (29.364, -39.589), (30.025, -39.589)]
1478;100;;;0;0,14;[1329, 2493, 2492, 1330];[(25.895, -28.117), (26.476, -28.847), (26.587, -28.737), (26.039, -28.041)]
1479;1;;;0;1,27;[2493, 1377, 1378, 1332];[(26.476, -28.847), (22.376, -30.295), (22.376, -30.695), (26.604, -29.008)]
1480;1;;;0;25,34;[1566, 1570, 1571, 1568, 1616, 1619, 1618, 1614, 1610, 1608, 1606, 1603, 1601, 1599, 1597, 1595, 1593, 1591, 1587, 1589, 1588, 2525];[(-19.822, -28.585), (-23.406, -28.585), (-23.406, -28.242), (-19.822, -28.242), (-19.811, -26.984), (-23.42, -26.984), (-23.42, -26.649), (-19.811, -26.649), (-19.811, -24.869), (-24.277, -24.869), (-24.449, -24.869), (-24.743, -24.869), (-24.743, -25.114), (-24.743, -26.518), (-24.743, -26.87), (-24.743, -28.274), (-24.743, -28.658), (-24.743, -30.095), (-24.743, -30.364), (-21.694, -30.364), (-21.694, -30.739), (-19.822, -30.739)]
1481;2;;;0;19,79;[1562, 1572, 1695, 1698, 1700, 1560];[(-19.822, -35.086), (-25.954, -35.086), (-25.951, -39.636), (-25.014, -39.221), (-24.159, -38.857), (-19.818, -36.999)]
1482;2;;;0;27,13;[1484, 1686, 1684, 1556, 1558, 1699, 1697, 1692, 1690, 1702, 1701, 1688, 2488, 1482];[(-20.285, -44.168), (-19.92, -43.22), (-19.595, -42.383), (-18.172, -38.818), (-19.546, -37.345), (-23.983, -39.215), (-24.838, -39.578), (-25.715, -39.957), (-23.625, -42.105), (-21.914, -40.647), (-21.623, -40.977), (-23.315, -42.415), (-21.741, -44.05), (-21.627, -44.168)]
1483;2;;;0;25,97;[1473, 1680, 1682, 1552, 1554, 1683, 1685, 1483, 1481, 1477, 1475];[(-14.269, -44.468), (-14.269, -44.186), (-14.269, -43.382), (-14.282, -38.818), (-17.801, -38.818), (-19.223, -42.529), (-19.563, -43.394), (-19.871, -44.168), (-19.599, -44.168), (-19.599, -44.468), (-18.786, -44.468)]
1484;2;;;0;31,97;[1469, 1543, 1545, 1547, 1550, 1681, 1679, 1471];[(-8.174, -44.468), (-8.174, -44.15), (-8.174, -43.374), (-8.174, -38.818), (-13.824, -38.818), (-13.837, -43.382), (-13.837, -44.186), (-13.837, -44.468)]
1485;2;110;;0;15,18;[1461, 1533, 1546, 1544, 1542, 1467, 1465, 1463];[(-5.087, -44.468), (-5.087, -38.812), (-7.772, -38.818), (-7.772, -43.374), (-7.772, -44.15), (-7.772, -44.468), (-6.292, -44.468), (-5.479, -44.468)]
1486;1;;;0;28,75;[1437, 1441, 1442, 1439, 1538, 1541, 1540, 1536, 1532, 1459, 1457, 1455, 1453, 1451, 1449, 1447, 1444, 1435];[(-0.961, -38.813), (-0.961, -42.48), (-1.301, -42.48), (-1.301, -38.813), (-2.644, -38.812), (-2.644, -42.47), (-2.914, -42.47), (-2.914, -38.812), (-4.685, -38.812), (-4.685, -44.468), (-4.607, -44.468), (-2.873, -44.468), (-2.226, -44.468), (-1.687, -44.468), (-0.942, -44.468), (0.714, -44.468), (0.792, -44.468), (0.792, -38.813)]
1487;2;;;0;14,78;[1433, 1443, 1494, 1492, 1489, 1487, 1485, 1431];[(1.208, -38.813), (1.208, -44.468), (1.677, -44.457), (2.425, -44.457), (3.826, -44.457), (3.826, -44.203), (3.826, -43.371), (3.826, -38.813)]
1488;2;;;0;32,09;[1429, 1479, 1486, 1488, 1496, 1427];[(4.204, -38.813), (4.204, -43.371), (4.204, -44.203), (4.204, -44.457), (9.891, -44.457), (9.887, -38.813)]
1489;2;;;0;26,91;[1500, 1502, 1504, 1508, 1509, 1524, 1523, 1423, 1425, 1498];[(12.732, -44.457), (13.526, -44.457), (15.681, -44.457), (15.681, -44.196), (16.083, -44.196), (15.999, -43.941), (15.676, -43.107), (13.983, -38.813), (10.308, -38.813), (10.3, -44.457)]
1490;2;;;0;27,36;[1512, 2491, 1514, 1519, 1520, 1516, 1518, 1530, 1529, 1528, 1525, 1419, 1521, 1522, 1510];[(17.569, -44.196), (17.786, -43.968), (19.14, -42.541), (17.518, -40.987), (17.796, -40.692), (19.418, -42.246), (21.414, -40.142), (21.788, -39.769), (21.531, -39.647), (20.704, -39.297), (15.707, -37.167), (14.321, -38.685), (15.98, -42.958), (16.303, -43.792), (16.509, -44.196)]
1491;2;;;0;18,65;[1388, 1390, 1392, 1415, 1526, 1527, 1531, 1385];[(21.563, -35.078), (20.74, -35.078), (15.854, -35.078), (15.854, -36.809), (20.853, -38.971), (21.68, -39.321), (21.965, -39.437), (21.965, -35.078)]
1492;2;;;0;24,29;[1374, 1395, 1391, 1389, 1387, 1383, 1381, 1379, 1376, 1373];[(20.86, -30.695), (15.854, -30.696), (15.854, -34.67), (20.74, -34.67), (21.563, -34.67), (21.965, -34.67), (21.965, -34.364), (21.965, -33.541), (21.965, -30.695), (21.012, -30.695)]
1493;1;;;0;25,30;[1346, 1348, 1405, 1409, 1410, 1407, 1401, 1404, 1403, 1399, 1397, 1372, 1370, 1368, 1366, 1364, 1362, 1360, 1344];[(19.554, -24.781), (15.851, -24.781), (15.851, -26.557), (19.559, -26.557), (19.559, -26.87), (15.851, -26.87), (15.854, -28.178), (19.556, -28.178), (19.556, -28.484), (15.854, -28.484), (15.854, -30.288), (20.86, -30.295), (20.86, -30.001), (20.86, -28.59), (20.86, -28.249), (20.86, -26.838), (20.86, -26.439), (20.86, -25.075), (20.86, -24.781)]
1494;2;;;0;36,59;[1279, 1282, 1284, 1286, 1357, 1355, 1351, 1347, 1345, 1343, 1341, 1338, 1336, 1334, 1280];[(22.0, -20.06), (22.0, -18.614), (22.0, -18.484), (22.0, -18.418), (21.424, -18.431), (20.566, -18.431), (15.851, -18.431), (15.851, -24.381), (19.554, -24.381), (20.86, -24.381), (21.012, -24.381), (22.0, -24.381), (22.0, -21.806), (22.0, -21.018), (22.0, -20.218)]
1495;2;;;0;35,46;[113, 1353, 1356, 1358, 1288, 123, 115];[(15.843, -12.219), (15.851, -17.996), (20.566, -17.996), (21.424, -17.996), (22.0, -17.994), (21.977, -13.746), (21.977, -12.219)]
1496;3;;;0;8,02;[120, 121, 122, 124, 1287, 1285, 1283, 1290, 1292, 1294];[(24.205, -15.578), (24.205, -14.762), (23.091, -13.746), (22.392, -13.746), (22.384, -17.994), (22.384, -18.418), (22.384, -18.484), (22.515, -18.484), (23.29, -18.484), (24.189, -18.484)]
1497;1;;;0;5,74;[1267, 1306, 1308, 1301, 1299, 1297, 1295, 1293, 1291, 1289, 1281, 1277, 1275, 1273, 1271, 1269];[(26.352, -20.06), (26.352, -19.752), (26.352, -18.957), (26.352, -18.614), (25.675, -18.614), (24.842, -18.614), (24.336, -18.614), (24.189, -18.614), (23.29, -18.614), (22.515, -18.614), (22.384, -18.614), (22.384, -20.06), (22.662, -20.06), (23.486, -20.06), (24.45, -20.06), (24.613, -20.06)]
1498;2;;;0;4,27;[126, 1303, 1307, 1305, 1265, 130, 128];[(27.328, -17.741), (26.498, -18.614), (26.499, -18.957), (26.499, -19.752), (26.499, -20.06), (29.364, -20.06), (29.364, -19.714)]
1499;2;;;0;21,00;[132, 1266, 1268, 1270, 1309, 1311, 1313, 1317, 1319, 1321, 1323, 134];[(29.364, -20.218), (26.499, -20.218), (26.352, -20.218), (24.613, -20.218), (24.613, -22.629), (24.613, -23.464), (24.613, -24.639), (25.895, -24.639), (26.058, -24.639), (28.214, -24.639), (29.047, -24.639), (29.364, -24.647)]
1500;1;;;0;8,87;[1274, 1276, 1278, 1333, 1335, 1337, 1314, 1312, 1310, 1272];[(23.486, -20.218), (22.662, -20.218), (22.384, -20.218), (22.384, -21.018), (22.384, -21.806), (22.384, -24.381), (24.45, -24.639), (24.45, -23.464), (24.45, -22.629), (24.45, -20.218)]
1501;2;;;0;13,37;[136, 1324, 1322, 1320, 1326, 1328, 1330, 2492, 1331, 138];[(29.364, -24.784), (29.047, -24.769), (28.214, -24.769), (26.058, -24.769), (26.058, -25.406), (26.058, -26.181), (26.039, -28.041), (26.587, -28.737), (26.708, -28.89), (29.364, -28.89)]
1502;1;;;0;25,04;[1329, 1327, 1325, 1318, 1315, 1316, 1339, 1340, 1342, 1359, 1361, 1363, 1365, 1367, 1369, 1371, 1375, 1377, 2493];[(25.895, -28.117), (25.895, -26.181), (25.895, -25.406), (25.895, -24.769), (24.613, -24.769), (24.45, -24.769), (22.384, -24.781), (22.0, -24.781), (21.012, -24.781), (21.012, -25.075), (21.012, -26.439), (21.012, -26.838), (21.012, -28.249), (21.012, -28.59), (21.012, -30.001), (21.012, -30.295), (21.965, -30.295), (22.376, -30.295), (26.476, -28.847)]
1503;1;;;0;70,38;[140, 1332, 1378, 1380, 1382, 1384, 1386, 1412, 2495, 148, 146, 144, 142];[(29.364, -29.008), (26.604, -29.008), (22.376, -30.695), (22.376, -33.541), (22.376, -34.364), (22.376, -34.67), (22.376, -35.078), (22.376, -39.593), (29.364, -39.589), (29.364, -33.221), (29.364, -31.771), (29.364, -30.615), (29.364, -29.125)]
1504;1;;;0;50,47;[1255, 1253, 1258, 1260, 150, 2494, 1414, 1413, 1517, 1515, 1513, 2490, 1254, 1256];[(22.379, -45.271), (22.379, -45.728), (26.765, -45.728), (26.985, -45.728), (29.364, -45.721), (29.364, -40.325), (22.376, -40.416), (21.965, -40.416), (21.709, -40.425), (19.713, -42.529), (19.435, -42.824), (17.983, -44.349), (21.97, -45.728), (21.97, -45.271)]
1505;9;;;0;6,18;[164, 1263, 1261, 1257, 2526, 2527];[(26.768, -48.708), (26.765, -47.164), (26.765, -46.247), (26.765, -46.117), (24.379, -46.117), (24.379, -48.708)]
1506;1;;;0;6,16;[152, 1259, 1262, 1264, 162, 158, 156, 154];[(29.364, -46.102), (26.985, -46.117), (26.985, -46.247), (26.985, -47.164), (27.007, -48.708), (29.364, -48.708), (29.364, -48.286), (29.364, -46.245)]
1507;1;;;0;44,57;[168, 1248, 1250, 1252, 1511, 1506, 1507, 1505, 1503, 1501, 1499, 178, 176, 174, 172, 170];[(21.97, -48.708), (21.97, -47.794), (21.97, -46.337), (21.97, -46.117), (17.751, -44.593), (16.509, -44.593), (16.083, -44.593), (15.681, -44.593), (13.526, -44.593), (12.732, -44.593), (10.3, -44.593), (10.414, -48.708), (16.495, -48.708), (17.779, -48.708), (17.878, -48.708), (19.205, -48.708)]
1508;1;;;0;112,62;[180, 1497, 1490, 1491, 1493, 1495, 1445, 1446, 1448, 1450, 1452, 1454, 1456, 1458, 1460, 1462, 1464, 1466, 1468, 1470, 1472, 189, 186, 184, 182];[(9.864, -48.708), (9.891, -44.593), (4.204, -44.593), (3.826, -44.593), (2.425, -44.593), (1.677, -44.593), (1.208, -44.586), (0.792, -44.586), (0.714, -44.586), (-0.942, -44.586), (-1.687, -44.586), (-2.226, -44.586), (-2.873, -44.586), (-4.607, -44.586), (-4.685, -44.586), (-5.087, -44.586), (-5.479, -44.586), (-6.292, -44.586), (-7.772, -44.586), (-8.174, -44.586), (-13.837, -44.586), (-15.718, -48.691), (-15.718, -49.153), (9.073, -49.153), (9.073, -48.708)]
1509;1;;;0;30,84;[190, 1474, 1476, 1478, 1480, 193, 191];[(-15.8, -48.691), (-14.269, -44.586), (-18.786, -44.586), (-19.599, -44.586), (-21.797, -44.586), (-23.298, -48.691), (-21.835, -48.691)]
1510;1;;;0;27,21;[91, 937, 935, 928, 926, 925, 942, 944, 946, 948, 950, 957, 955, 95, 982, 983, 93];[(1.995, -1.743), (1.996, -3.079), (1.996, -3.285), (1.996, -6.195), (3.328, -6.195), (3.464, -6.195), (5.604, -6.195), (6.474, -6.195), (6.979, -6.195), (7.156, -6.195), (8.696, -6.195), (8.681, -5.835), (8.681, -5.051), (8.681, -3.949), (7.658, -2.974), (6.868, -2.22), (6.367, -1.743)]
1511;2;;;0;4,65;[953, 956, 958, 952, 977, 976, 100, 97];[(8.833, -3.949), (8.833, -5.051), (8.833, -5.835), (8.849, -6.195), (9.495, -6.195), (9.863, -6.194), (10.906, -6.194), (10.906, -3.949)]
1512;1;;;0;16,39;[102, 978, 974, 972, 970, 961, 959, 921, 104];[(10.952, -6.58), (9.893, -6.577), (9.902, -6.966), (9.573, -7.295), (8.768, -8.083), (8.539, -8.289), (8.539, -11.075), (13.016, -11.075), (13.016, -8.803)]
1513;1;;;0;19,84;[108, 914, 916, 918, 960, 962, 964, 966, 968, 945, 943, 882, 923, 106];[(3.464, -7.7), (3.464, -11.075), (8.222, -11.075), (8.222, -11.075), (8.222, -8.476), (8.114, -8.368), (7.853, -8.124), (7.172, -7.399), (6.974, -7.16), (6.979, -6.571), (6.474, -6.571), (5.604, -6.571), (3.464, -6.571), (3.464, -6.83)]
1514;1;;;0;2,40;[947, 969, 967, 965, 963, 971, 973, 975, 979, 951, 949];[(7.156, -6.571), (7.161, -6.973), (7.359, -7.211), (8.04, -7.937), (8.301, -8.181), (8.582, -7.899), (9.387, -7.111), (9.523, -6.963), (9.509, -6.574), (8.849, -6.571), (8.696, -6.571)]
1515;2;;;0;20,82;[922, 924, 927, 929, 931, 933, 893, 892, 897, 899, 901, 903, 905, 907, 909, 912, 920];[(3.328, -6.83), (3.328, -6.571), (1.996, -6.571), (1.78, -6.571), (1.202, -6.571), (0.398, -6.571), (0.303, -6.582), (0.065, -6.582), (-1.294, -6.554), (-1.294, -8.23), (-1.294, -8.636), (-1.294, -9.788), (-1.294, -9.957), (-1.294, -10.262), (-1.294, -11.075), (3.328, -11.075), (3.328, -7.7)]
1516;2;;;0;4,29;[940, 941, 885, 887, 889, 891, 934, 932, 930, 936];[(1.498, -3.288), (0.444, -3.288), (0.303, -3.288), (0.303, -5.074), (0.303, -5.89), (0.303, -6.202), (0.398, -6.195), (1.202, -6.195), (1.78, -6.195), (1.78, -3.285)]
1517;2;;;0;1,79;[85, 83, 880, 939, 884, 938, 89, 87];[(0.44, -1.743), (0.383, -1.743), (0.383, -3.09), (0.444, -3.09), (1.498, -3.09), (1.709, -3.079), (1.711, -1.743), (1.502, -1.743)]
1518;2;;Комната персонала;0;6,06;[79, 878, 876, 865, 866, 895, 890, 888, 886, 883, 879, 81];[(-1.299, -1.743), (-1.294, -3.183), (-1.294, -3.285), (-1.294, -3.421), (-1.294, -3.845), (-1.294, -6.198), (0.065, -6.202), (0.065, -5.89), (0.065, -5.074), (0.065, -3.288), (0.065, -3.09), (0.065, -1.743)]
1519;100;;;0;0,32;[2500, 2501, 2498, 2499];[(36.304, 28.169), (36.304, 29.449), (36.051, 29.449), (36.051, 28.169)]
1520;100;;;0;11,67;[2071, 2070, 2501, 2500];[(45.422, 28.169), (45.422, 29.449), (36.304, 29.449), (36.304, 28.169)]
1521;1;;;0;0,32;[1994, 2498, 2501, 1996];[(36.076, 31.024), (36.051, 29.449), (36.304, 29.449), (36.229, 31.024)]
1522;1;;;0;0,44;[2103, 2187, 2185, 2104];[(24.415, 22.842), (23.372, 22.822), (23.372, 22.42), (24.415, 22.395)]
1523;1;;;0;0,49;[2101, 2179, 2178, 2102];[(24.415, 16.704), (23.372, 16.658), (23.372, 16.149), (24.415, 16.281)]
1524;1;;;0;0,57;[2096, 2141, 2139, 2094];[(24.397, 10.707), (23.384, 10.551), (23.384, 9.996), (24.397, 10.143)]
1525;1;;;0;0,38;[2129, 2133, 2132, 2131];[(23.384, 4.696), (24.29, 4.711), (24.29, 5.162), (23.384, 5.088)]
1526;1;;;0;1,38;[2393, 2407, 2406, 2392];[(39.954, 4.182), (42.92, 4.192), (42.92, 4.662), (39.954, 4.643)]
1527;100;;;0;1,28;[2012, 2029, 2027, 2013];[(45.895, 31.024), (48.645, 30.891), (48.645, 31.362), (45.895, 31.483)]
1528;1;;;0;0,31;[2029, 2064, 2063, 2030];[(48.645, 30.891), (48.921, 29.449), (49.166, 29.449), (48.833, 30.891)]
1529;2;;;0;14,08;[1673, 1968, 1971, 2210, 2212, 1731];[(18.966, 37.558), (18.956, 31.483), (21.284, 31.483), (21.284, 31.619), (21.284, 32.565), (21.271, 37.558)]
1530;8;178;Аудитория;0;38,90;[1733, 2213, 2211, 1973, 1975, 1977, 1979, 1981, 1983, 1985, 1987, 1735];[(21.424, 37.558), (21.414, 32.565), (21.414, 31.619), (21.414, 31.483), (22.789, 31.483), (22.978, 31.483), (23.213, 31.483), (24.683, 31.483), (24.788, 31.483), (24.906, 31.483), (27.822, 31.483), (27.82, 37.558)]
1531;8;179;Аудитория;0;49,32;[1737, 1989, 1991, 1993, 1995, 2216, 2214, 1739];[(27.95, 37.558), (27.951, 31.483), (32.619, 31.483), (34.066, 31.483), (36.076, 31.483), (36.063, 36.293), (36.063, 37.17), (36.063, 37.558)]
1532;2;;;0;8,01;[1741, 2215, 2217, 1997, 1999, 1743];[(36.216, 37.558), (36.216, 37.17), (36.216, 36.293), (36.229, 31.483), (37.534, 31.483), (37.545, 37.558)]
1533;8;180;Аудитория;0;49,04;[1745, 2001, 2003, 2005, 2007, 2009, 2011, 1747];[(37.662, 37.558), (37.64, 31.483), (40.862, 31.483), (42.355, 31.483), (45.413, 31.483), (45.565, 31.483), (45.73, 31.483), (45.717, 37.558)]
1534;2;;;0;16,84;[1749, 2013, 2027, 2025, 2023, 2016, 2014, 1751];[(45.905, 37.558), (45.895, 31.483), (48.645, 31.362), (48.645, 32.032), (48.645, 33.114), (48.645, 34.678), (48.645, 35.077), (48.645, 37.558)]
1535;2;;Венткамера;0;28,93;[1770, 2021, 2019, 2017, 2022, 2024, 2026, 2028, 2031, 2038, 2040, 1774];[(57.557, 34.666), (56.464, 34.678), (56.229, 34.678), (49.115, 34.678), (48.833, 34.678), (48.833, 33.114), (48.833, 32.032), (48.833, 31.362), (54.688, 31.362), (55.788, 31.362), (56.983, 31.362), (57.557, 31.354)]
1536;1;;;0;3,26;[1753, 2015, 2536, 2537];[(49.115, 37.558), (49.115, 35.077), (50.428, 35.077), (50.428, 37.558)]
1537;1;;;0;2,73;[1757, 2068, 2069, 2020, 1769, 1767, 1765, 1763, 1759];[(56.452, 37.558), (56.454, 37.093), (56.46, 35.994), (56.464, 35.077), (57.557, 35.08), (57.557, 35.193), (57.557, 35.465), (57.557, 36.923), (57.557, 37.558)]
1538;1;;;0;11,27;[2030, 2063, 2059, 2057, 2055, 2050, 2049, 2044, 2042, 2037, 2032];[(48.833, 30.891), (49.166, 29.449), (49.166, 28.822), (49.891, 28.822), (51.018, 28.822), (53.83, 28.822), (53.83, 29.292), (54.688, 29.292), (54.688, 29.563), (54.688, 30.468), (54.688, 30.891)]
1539;1;;;0;5,36;[1776, 2041, 2039, 2035, 2034, 2036, 2033, 2043, 2047, 2048, 2052, 2045, 1785, 1782, 1783, 1780, 1778];[(57.557, 30.969), (56.983, 30.99), (55.788, 30.99), (55.088, 30.99), (55.088, 30.891), (55.088, 30.468), (55.088, 29.563), (55.088, 29.292), (55.312, 29.292), (55.312, 28.768), (55.502, 28.768), (55.693, 28.768), (56.986, 28.768), (57.557, 28.768), (57.557, 28.909), (57.557, 29.08), (57.557, 30.628)]
1540;1;181;;0;4,87;[2008, 2219, 2221, 2061, 2064, 2029, 2012, 2010];[(45.565, 31.024), (45.565, 30.732), (45.565, 29.786), (45.563, 29.449), (48.921, 29.449), (48.645, 30.891), (45.895, 31.024), (45.73, 31.024)]
1541;1;;;0;14,41;[1996, 2501, 2070, 2220, 2218, 2006, 2004, 2002, 2000, 1998];[(36.229, 31.024), (36.304, 29.449), (45.422, 29.449), (45.413, 29.786), (45.413, 30.732), (45.413, 31.024), (42.355, 31.024), (40.862, 31.024), (37.64, 31.024), (37.534, 31.024)]
1542;1;;;0;17,56;[1984, 2082, 2080, 2074, 2072, 2498, 1994, 1992, 1990, 1988, 1986];[(24.906, 31.024), (24.917, 30.701), (24.917, 29.788), (24.917, 29.449), (25.597, 29.449), (36.051, 29.449), (36.076, 31.024), (34.066, 31.024), (32.619, 31.024), (27.951, 31.024), (27.822, 31.024)]
1543;1;;;0;12,17;[2078, 2200, 2195, 2193, 2191, 2189, 2186, 2187, 2103, 2085, 2075, 2076];[(24.284, 28.385), (22.962, 28.299), (22.787, 28.299), (22.656, 28.299), (22.656, 22.939), (22.656, 22.822), (23.195, 22.822), (23.372, 22.822), (24.415, 22.842), (24.862, 22.842), (24.862, 28.169), (24.862, 28.385)]
1544;1;;;0;8,32;[1960, 2209, 2207, 2198, 2197, 2199, 2202, 2204, 1974, 1972, 1970, 1966, 1964, 1962];[(18.956, 28.884), (20.576, 28.844), (22.096, 28.844), (22.254, 28.844), (22.656, 28.844), (22.787, 28.844), (22.787, 29.507), (22.787, 30.76), (22.789, 31.024), (21.414, 31.024), (21.284, 31.024), (18.956, 31.024), (18.956, 30.777), (18.956, 29.449)]
1545;1;;;0;3,59;[1956, 2192, 2542, 2543];[(18.956, 22.934), (22.254, 22.939), (22.254, 24.026), (18.956, 24.026)]
1546;12;175;;0;24,40;[1952, 2171, 2169, 2167, 2166, 2173, 2175, 2177, 2180, 2182, 2184, 2188, 2190, 1954];[(18.956, 16.655), (19.09, 16.658), (20.001, 16.658), (20.393, 16.658), (20.638, 16.658), (22.088, 16.658), (22.989, 16.658), (23.195, 16.658), (23.195, 18.158), (23.195, 18.961), (23.195, 22.42), (22.656, 22.42), (22.254, 22.42), (18.956, 22.405)]
1547;1;;;0;8,52;[2087, 2104, 2185, 2183, 2181, 2179, 2101, 2089];[(24.862, 22.395), (24.415, 22.395), (23.372, 22.42), (23.372, 18.961), (23.372, 18.158), (23.372, 16.658), (24.415, 16.704), (24.862, 16.704)]
1548;1;;;0;8,32;[2091, 2102, 2178, 2163, 2162, 2141, 2096, 2095, 2093];[(24.862, 16.281), (24.415, 16.281), (23.372, 16.149), (23.366, 13.729), (23.366, 13.218), (23.384, 10.551), (24.397, 10.707), (24.862, 10.707), (24.862, 10.907)]
1549;4;;;0;6,19;[2160, 2161, 2176, 2174, 2172, 2164, 2158];[(23.094, 13.729), (23.196, 13.729), (23.195, 16.149), (22.989, 16.149), (22.088, 16.149), (20.638, 16.149), (20.638, 13.729)]
1550;4;;;0;6,56;[2140, 2156, 2154, 2147, 2145, 2143];[(23.101, 10.551), (23.094, 13.218), (20.638, 13.218), (20.638, 10.551), (21.958, 10.551), (22.836, 10.551)]
1551;3;;;0;3,81;[1948, 2157, 2159, 2165, 2168, 2170, 1950];[(18.956, 13.481), (20.393, 13.511), (20.393, 13.729), (20.393, 16.149), (20.001, 16.149), (19.09, 16.149), (18.956, 16.15)]
1552;3;;;0;3,83;[1944, 2153, 2151, 2149, 2155, 1946];[(18.956, 10.541), (19.107, 10.551), (20.005, 10.551), (20.393, 10.551), (20.393, 13.218), (18.956, 13.21)]
1553;12;172;;0;20,59;[1940, 2130, 2134, 2136, 2138, 2142, 2144, 2146, 2148, 2150, 2152, 1942];[(18.956, 5.097), (23.155, 5.088), (23.155, 6.476), (23.155, 7.399), (23.155, 9.996), (22.836, 9.996), (21.958, 9.996), (20.638, 9.996), (20.393, 9.996), (20.005, 9.996), (19.107, 9.996), (18.956, 10.0)]
1554;1;;;0;7,32;[2097, 2094, 2139, 2137, 2135, 2131, 2132, 2105, 2099];[(24.862, 10.143), (24.397, 10.143), (23.384, 9.996), (23.384, 7.399), (23.384, 6.476), (23.384, 5.088), (24.29, 5.162), (24.862, 5.162), (24.862, 10.072)]
1555;12;171;;0;11,78;[1936, 2120, 2124, 2126, 2128, 1938];[(18.956, 1.887), (23.155, 1.895), (23.155, 2.418), (23.155, 3.382), (23.155, 4.696), (18.956, 4.697)]
1556;1;;;0;4,15;[2107, 2133, 2129, 2127, 2125, 2123, 2116, 2114, 2110, 2109];[(24.862, 4.711), (24.29, 4.711), (23.384, 4.696), (23.384, 3.382), (23.384, 2.418), (23.384, 1.895), (24.862, 1.895), (24.862, 2.312), (24.862, 3.545), (24.862, 4.076)]
1557;1;;;0;4,44;[1925, 2118, 2122, 2121, 2546, 1929, 1927];[(24.906, -1.065), (24.862, 1.503), (23.384, 1.503), (23.155, 1.503), (23.155, -1.065), (23.354, -1.065), (24.494, -1.065)]
1558;9;;;0;11,61;[1911, 2544, 2545, 2117, 2119, 1924, 1922, 1918, 1916, 1914, 1910];[(28.257, -1.413), (28.249, 2.081), (25.532, 2.081), (25.532, 1.895), (25.532, 1.503), (25.529, -1.065), (25.529, -1.758), (25.529, -2.182), (26.399, -2.182), (27.152, -2.182), (28.257, -2.182)]
1559;8;164;;0;12,61;[1907, 2278, 2276, 2274, 2272, 1909];[(32.278, -1.413), (32.27, 2.241), (30.812, 2.241), (29.859, 2.241), (28.824, 2.241), (28.821, -1.413)]
1560;1;;;0;13,37;[2263, 2266, 2268, 2270, 2273, 2275, 2277, 2279, 2281, 2283, 2285, 2289, 2291, 2293, 2297, 2299, 2300, 2304, 2306, 2308, 2310, 2312, 2314, 2316, 2318, 2320, 2322, 2264];[(28.824, 4.076), (28.824, 4.005), (28.824, 2.559), (28.824, 2.441), (29.859, 2.441), (30.812, 2.441), (32.27, 2.441), (32.411, 2.441), (33.857, 2.441), (34.798, 2.441), (36.503, 2.441), (36.503, 2.723), (36.503, 3.864), (36.503, 4.181), (36.009, 4.181), (35.703, 4.181), (35.283, 4.181), (34.461, 4.181), (34.053, 4.181), (33.888, 4.181), (32.165, 4.181), (32.165, 4.181), (31.252, 4.181), (30.804, 4.181), (30.605, 4.181), (30.52, 4.181), (29.573, 4.181), (28.824, 4.193)]
1561;20;163;Медицинский кабинет;0;14,98;[1886, 2286, 2284, 2282, 2280, 1905, 1903];[(36.511, -1.227), (36.503, 2.241), (34.798, 2.241), (33.857, 2.241), (32.411, 2.241), (32.408, -1.413), (36.511, -1.413)]
1562;12;167;;0;27,82;[2100, 2106, 2108, 2111, 2260, 2262, 2323, 2321, 2319, 2325, 2327, 2329, 2331, 2226, 2223, 2098];[(25.419, 10.072), (25.419, 5.162), (25.419, 4.711), (25.532, 4.711), (28.248, 4.711), (28.824, 4.711), (29.573, 4.703), (30.52, 4.703), (30.605, 4.703), (30.605, 6.352), (30.605, 6.842), (30.605, 6.948), (30.605, 7.863), (30.609, 9.974), (30.609, 10.072), (25.597, 10.072)]
1563;3;;;0;5,08;[2309, 2332, 2324, 2317, 2315, 2313, 2311];[(33.888, 4.703), (33.882, 6.352), (30.804, 6.352), (30.804, 4.703), (31.252, 4.703), (32.165, 4.703), (32.165, 4.703)]
1564;2;169;;0;18,86;[2227, 2330, 2328, 2326, 2333, 2335, 2334, 2307, 2305, 2303, 2302, 2337, 2339, 2341, 2343, 2228];[(30.812, 9.974), (30.804, 7.863), (30.804, 6.948), (30.804, 6.842), (33.882, 6.842), (34.062, 6.842), (34.062, 6.352), (34.053, 4.703), (34.461, 4.703), (35.283, 4.703), (35.703, 4.703), (35.703, 6.418), (35.703, 6.744), (35.703, 6.875), (35.703, 7.757), (35.711, 9.974)]
1565;2;;;0;8,63;[2230, 2342, 2340, 2338, 2348, 2346, 2344, 2233, 2231];[(36.005, 9.974), (36.009, 7.757), (36.009, 6.875), (36.009, 6.744), (38.528, 6.733), (38.528, 6.986), (38.528, 7.811), (38.528, 10.163), (36.005, 10.163)]
1566;2;;;0;7,98;[2235, 2345, 2347, 2349, 2352, 2354, 2356, 2374, 2376, 2378, 2380, 2237];[(38.773, 10.163), (38.773, 7.811), (38.773, 6.986), (38.773, 6.733), (39.035, 6.733), (39.19, 6.733), (41.101, 6.733), (41.101, 6.896), (41.101, 7.599), (41.101, 7.876), (41.101, 8.293), (41.101, 10.163)]
1567;2;;;0;5,33;[2296, 2388, 2386, 2384, 2353, 2351, 2350, 2336, 2301, 2298, 2295];[(36.679, 4.652), (39.035, 4.643), (39.035, 5.015), (39.035, 5.956), (39.035, 6.406), (38.773, 6.406), (38.528, 6.406), (36.009, 6.418), (36.009, 4.703), (36.009, 4.652), (36.503, 4.652)]
1568;2;;Комната персонала;0;12,98;[2355, 2385, 2387, 2389, 2392, 2406, 2404, 2402, 2400, 2398, 2394, 2367, 2362, 2363, 2361, 2359, 2357];[(39.19, 6.406), (39.19, 5.956), (39.19, 5.015), (39.19, 4.643), (39.954, 4.643), (42.92, 4.662), (44.155, 4.662), (44.938, 4.662), (46.016, 4.662), (46.183, 4.662), (46.604, 4.662), (46.604, 6.406), (46.302, 6.406), (44.081, 6.406), (43.526, 6.406), (41.313, 6.406), (41.101, 6.406)]
1569;2;;;0;6,93;[2239, 2381, 2383, 2382, 2379, 2377, 2375, 2358, 2360, 2364, 2368, 2372, 2241];[(41.321, 10.163), (41.313, 8.293), (42.861, 8.293), (42.861, 7.876), (41.313, 7.876), (41.313, 7.599), (41.313, 6.896), (41.313, 6.733), (43.526, 6.733), (43.526, 6.945), (43.526, 7.092), (43.526, 7.925), (43.518, 10.163)]
1570;2;;;0;7,15;[2243, 2373, 2371, 2365, 2366, 2245];[(44.081, 10.163), (44.081, 7.925), (44.081, 7.092), (44.081, 6.945), (46.302, 6.945), (46.302, 10.163)]
1571;1;170;;0;9,00;[2249, 2247, 2370, 2369, 2395, 2408, 2410, 2412, 2452, 2450, 2448, 2446, 2253, 2251];[(47.208, 10.163), (46.751, 10.163), (46.759, 6.945), (46.759, 6.406), (46.759, 4.662), (46.957, 4.662), (47.943, 4.662), (48.392, 4.662), (48.392, 6.466), (48.392, 6.636), (48.392, 7.35), (48.392, 8.281), (48.392, 10.163), (48.229, 10.163)]
1572;2;;Комната персонала;0;10,62;[2255, 2447, 2449, 2451, 2454, 2257];[(48.572, 10.163), (48.572, 8.281), (48.572, 7.35), (48.572, 6.636), (51.58, 6.636), (51.585, 10.163)]
1573;2;171;;0;23,61;[1789, 2259, 2456, 2457, 2422, 2424, 2426, 2428, 2430, 2432, 2436, 2438, 2440, 2444, 2445, 2442, 2443, 1831, 1790];[(56.986, 10.174), (51.765, 10.163), (51.75, 6.636), (51.75, 6.466), (51.75, 4.662), (51.995, 4.662), (52.917, 4.662), (53.878, 4.662), (54.456, 4.662), (54.898, 4.662), (54.898, 5.213), (54.898, 5.955), (54.898, 7.323), (54.64, 7.323), (54.64, 7.439), (54.898, 7.439), (55.041, 7.439), (57.219, 7.439), (57.219, 10.174)]
1574;2;;;0;5,79;[1833, 2441, 2439, 2437, 2434, 1839, 1835];[(57.219, 7.308), (55.041, 7.323), (55.041, 5.955), (55.041, 5.213), (55.041, 4.662), (57.112, 4.654), (57.219, 4.654)]
1575;1;;;0;4,57;[1840, 2435, 2433, 2431, 2485, 2483, 2550, 2549];[(57.112, 4.181), (55.041, 4.192), (54.898, 4.192), (54.456, 4.192), (54.455, 3.976), (54.455, 2.531), (54.455, 2.468), (57.112, 2.468)]
1576;1;;;0;13,77;[2396, 2399, 2458, 2460, 2462, 2466, 2468, 2470, 2472, 2474, 2476, 2478, 2482, 2484, 2429, 2427, 2425, 2423, 2421, 2419, 2417, 2415, 2413, 2411, 2409, 2397];[(46.604, 4.192), (46.183, 4.192), (46.183, 3.853), (46.183, 2.668), (46.183, 2.4), (48.028, 2.4), (49.0, 2.4), (50.29, 2.4), (50.404, 2.4), (51.515, 2.4), (52.544, 2.4), (53.867, 2.4), (53.867, 2.531), (53.867, 3.976), (53.878, 4.192), (52.917, 4.192), (51.995, 4.192), (51.75, 4.192), (51.578, 4.192), (51.268, 4.192), (50.345, 4.192), (48.59, 4.192), (48.392, 4.192), (47.943, 4.192), (46.957, 4.192), (46.759, 4.192)]
1577;3;;;0;5,41;[2414, 2416, 2418, 2420, 2455, 2453];[(48.59, 4.662), (50.345, 4.662), (51.268, 4.662), (51.578, 4.662), (51.58, 6.466), (48.572, 6.466)]
1578;13;160;;0;12,59;[1853, 2479, 2477, 2475, 2473, 1855];[(53.867, -1.407), (53.867, 2.231), (52.544, 2.231), (51.515, 2.231), (50.404, 2.231), (50.407, -1.407)]
1579;13;;;0;14,88;[1857, 2471, 2469, 2467, 2464, 1866, 1863, 1861, 1859];[(50.279, -1.407), (50.29, 2.231), (49.0, 2.231), (48.028, 2.231), (46.183, 2.231), (46.201, -1.227), (46.201, -1.407), (46.584, -1.407), (47.028, -1.407)]
1580;1;;Вестибюль;0;50,55;[1867, 2465, 2463, 2461, 2459, 2401, 2403, 2405, 2407, 2393, 2391, 2390, 2294, 2292, 2290, 2287, 2288, 1884, 1882, 1880, 1878, 1876, 1874, 1872, 1870, 1868];[(46.036, -1.227), (46.016, 2.231), (46.016, 2.4), (46.016, 2.668), (46.016, 3.853), (46.016, 4.192), (44.938, 4.192), (44.155, 4.192), (42.92, 4.192), (39.954, 4.182), (39.19, 4.182), (39.035, 4.182), (36.679, 4.181), (36.679, 3.864), (36.679, 2.723), (36.679, 2.441), (36.679, 2.241), (36.7, -1.227), (37.323, -1.227), (37.746, -1.227), (39.392, -1.227), (40.133, -1.227), (40.874, -1.227), (42.108, -1.227), (42.896, -1.227), (43.602, -1.227)]
1581;1;;;0;1,54;[1871, 1873, 1875, 1899, 1902, 1869];[(42.108, -2.182), (40.874, -2.182), (40.133, -2.182), (40.133, -2.734), (42.896, -2.746), (42.896, -2.182)]
1582;1;;;0;38,92;[1862, 1864, 1865, 1901, 1902, 1899, 1900, 1877, 1879, 1887, 1891, 1893, 1895, 1860];[(46.201, -2.182), (46.036, -2.182), (43.602, -2.182), (43.602, -2.746), (42.896, -2.746), (40.133, -2.734), (39.392, -2.734), (39.392, -2.182), (37.746, -2.182), (37.746, -6.85), (40.862, -6.85), (42.285, -6.85), (46.588, -6.85), (46.584, -2.182)]
1583;21;;;0;541,82;[1803, 1801, 1806, 1797, 1800, 1795, 1793, 1809, 1808, 1813, 1812, 1816, 1786, 2046, 2051, 2053, 2054, 2056, 2058, 2060, 2062, 2065, 2071, 2500, 2499, 2073, 2084, 2086, 2088, 2090, 2092, 2222, 2224, 2225, 2229, 2232, 2234, 2236, 2238, 2240, 2242, 2244, 2246, 2248, 2250, 2252, 2254, 2256, 2258, 1787];[(56.986, 11.974), (56.986, 13.276), (56.986, 14.714), (56.986, 16.015), (56.986, 17.588), (56.986, 18.789), (56.986, 20.391), (56.986, 21.74), (56.986, 23.123), (56.986, 24.481), (56.986, 25.862), (56.986, 27.478), (56.986, 28.181), (55.693, 28.169), (55.502, 28.169), (55.312, 28.169), (53.83, 28.169), (51.018, 28.169), (49.891, 28.169), (49.166, 28.169), (48.921, 28.169), (45.563, 28.169), (45.422, 28.169), (36.304, 28.169), (36.051, 28.169), (25.597, 28.169), (25.597, 22.842), (25.597, 22.395), (25.597, 16.704), (25.597, 16.281), (25.597, 10.907), (30.609, 10.907), (30.812, 10.907), (35.711, 10.907), (36.005, 10.907), (38.528, 10.907), (38.773, 10.907), (41.101, 10.907), (41.321, 10.907), (43.518, 10.907), (44.081, 10.907), (46.302, 10.907), (46.751, 10.907), (47.208, 10.907), (48.229, 10.907), (48.392, 10.907), (48.572, 10.907), (51.585, 10.907), (51.765, 10.907), (56.986, 10.909)]
1584;1;;;0;4,10;[2503, 2502, 987, 1018, 1020, 1022];[(-15.054, -8.62), (-15.054, -11.075), (-13.386, -11.075), (-13.386, -10.617), (-13.386, -9.331), (-13.386, -8.619)]
1585;9;;;0;8,74;[2504, 989, 2502, 2503];[(-18.618, -8.622), (-18.618, -11.075), (-15.054, -11.075), (-15.054, -8.62)]
1586;1;;;0;5,10;[2505, 2506, 327, 425, 427, 339, 337, 335, 333];[(-21.737, 32.756), (-24.303, 32.756), (-24.308, 30.766), (-23.696, 30.766), (-22.362, 30.766), (-21.737, 30.792), (-21.737, 30.91), (-21.737, 31.012), (-21.737, 32.299)]
1587;1;;;0;0,64;[2507, 2508, 310, 309];[(-20.569, 26.985), (-19.891, 26.985), (-19.891, 27.93), (-20.569, 27.93)]
1588;9;;;0;7,71;[2509, 2510, 582, 584, 2511, 2512];[(-2.014, 26.897), (-4.586, 26.897), (-4.586, 26.797), (-4.586, 26.712), (-4.586, 23.899), (-2.014, 23.899)]
1589;1;;;0;3,07;[2512, 2511, 586, 590, 592, 40];[(-2.014, 23.899), (-4.586, 23.899), (-4.586, 22.705), (-3.358, 22.705), (-3.062, 22.705), (-2.014, 22.698)]
1590;9;;;0;7,49;[2513, 2514, 2523, 2524, 78, 76];[(-2.014, 0.776), (-4.483, 0.776), (-4.483, -2.257), (-2.014, -2.257), (-2.014, -1.743), (-2.014, -1.008)]
1591;1;;;0;0,78;[2517, 2516, 2515, 2518];[(-2.014, 27.046), (-1.299, 27.046), (-1.299, 28.136), (-2.014, 28.136)]
1592;100;;;0;0,07;[39, 38, 2518, 2515];[(-1.299, 28.235), (-2.014, 28.235), (-2.014, 28.136), (-1.299, 28.136)]
1593;100;;;0;3,11;[2516, 2517, 2509, 2512, 40, 41];[(-1.299, 27.046), (-2.014, 27.046), (-2.014, 26.897), (-2.014, 23.899), (-2.014, 22.698), (-1.299, 22.698)]
1594;1;;;0;3,46;[38, 423, 580, 2510, 2509, 2517, 2518];[(-2.014, 28.235), (-4.586, 28.25), (-4.586, 28.081), (-4.586, 26.897), (-2.014, 26.897), (-2.014, 27.046), (-2.014, 28.136)]
1595;100;;;0;0,56;[2519, 2522, 2521, 2520];[(-8.177, 16.651), (-7.768, 16.651), (-7.766, 18.021), (-8.175, 18.021)]
1596;1;;;0;1,00;[646, 645, 2520, 2521];[(-7.763, 20.475), (-8.171, 20.475), (-8.175, 18.021), (-7.766, 18.021)]
1597;1;;;0;38,26;[645, 641, 637, 635, 633, 629, 625, 628, 2519, 2520];[(-8.171, 20.475), (-8.171, 20.802), (-13.658, 20.802), (-13.658, 19.656), (-13.658, 18.79), (-13.658, 13.823), (-8.18, 13.823), (-8.18, 14.197), (-8.177, 16.651), (-8.175, 18.021)]
1598;1;;;0;1,00;[2522, 2519, 628, 627];[(-7.768, 16.651), (-8.177, 16.651), (-8.18, 14.197), (-7.772, 14.197)]
1599;1;;;0;5,18;[2527, 2526, 1251, 1249, 1247, 166];[(24.379, -48.708), (24.379, -46.117), (22.379, -46.117), (22.379, -46.337), (22.379, -47.794), (22.379, -48.708)]
1600;1;;;0;4,90;[2528, 2529, 1177, 1175, 222, 220, 218, 215];[(-38.109, -48.691), (-38.109, -46.095), (-38.573, -46.094), (-38.813, -46.094), (-39.998, -46.094), (-39.998, -46.701), (-39.998, -48.197), (-39.998, -48.691)]
1601;9;;;0;8,18;[2531, 2530, 2529, 2528];[(-34.96, -48.691), (-34.96, -46.095), (-38.109, -46.095), (-38.109, -48.691)]
1602;9;;;0;6,78;[2532, 1140, 1139, 1144, 2533, 2535, 2534];[(-37.548, -22.007), (-37.548, -22.97), (-37.548, -23.142), (-37.548, -23.37), (-37.548, -24.62), (-34.953, -24.62), (-34.953, -22.007)]
1603;1;;;0;1,55;[2533, 1144, 1143, 1137, 1134, 1132, 1130, 1116];[(-37.548, -24.62), (-37.548, -23.37), (-37.646, -23.37), (-37.646, -23.142), (-38.61, -23.142), (-38.61, -23.199), (-38.61, -24.53), (-38.61, -24.62)]
1604;1;;;0;3,44;[2534, 2535, 1118, 1121, 1123, 1125, 1127, 262, 260];[(-34.953, -22.007), (-34.953, -24.62), (-33.637, -24.62), (-33.637, -24.228), (-33.637, -22.921), (-33.637, -22.766), (-33.637, -22.595), (-33.629, -22.007), (-33.779, -22.007)]
1605;3;;;0;5,91;[118, 119, 1296, 1298, 1300, 1302, 1304, 117];[(24.943, -15.424), (24.338, -15.578), (24.336, -18.484), (24.842, -18.484), (25.675, -18.484), (26.352, -18.484), (26.423, -18.48), (27.206, -17.623)]
1606;100;;;0;0,41;[119, 120, 1294, 1296];[(24.338, -15.578), (24.205, -15.578), (24.189, -18.484), (24.336, -18.484)]
1607;9;;;0;11,32;[2537, 2536, 2539, 2538];[(50.428, 37.558), (50.428, 35.077), (54.991, 35.077), (54.991, 37.558)]
1608;1;;;0;3,09;[2538, 2539, 2018, 2066, 2067, 1755];[(54.991, 37.558), (54.991, 35.077), (56.229, 35.077), (56.233, 35.994), (56.238, 37.093), (56.24, 37.558)]
1609;1;;;0;3,28;[1976, 2205, 2203, 2201, 2077, 2079, 2081, 2083, 1982, 1980, 1978];[(22.978, 31.024), (22.962, 30.76), (22.962, 29.507), (22.962, 28.844), (24.284, 29.449), (24.792, 29.449), (24.792, 29.788), (24.792, 30.701), (24.788, 31.024), (24.683, 31.024), (23.213, 31.024)]
1610;1;;;0;1,06;[2077, 2201, 2200, 2078];[(24.284, 29.449), (22.962, 28.844), (22.962, 28.299), (24.284, 28.385)]
1611;1;;;0;4,91;[2541, 2540, 2194, 2196, 2206, 2208, 1958];[(18.956, 26.933), (22.254, 26.933), (22.254, 28.299), (22.254, 28.418), (22.096, 28.418), (20.576, 28.418), (18.956, 28.426)]
1612;9;;;0;9,59;[2543, 2542, 2540, 2541];[(18.956, 24.026), (22.254, 24.026), (22.254, 26.933), (18.956, 26.933)]
1613;1;;;0;5,42;[2545, 2544, 2271, 2269, 2267, 2265, 2261, 2112, 2113, 2115];[(25.532, 2.081), (28.249, 2.081), (28.248, 2.241), (28.248, 2.441), (28.248, 2.559), (28.248, 4.005), (28.248, 4.076), (25.532, 4.076), (25.532, 3.545), (25.532, 2.312)]
1614;9;;;0;7,34;[2546, 2121, 2547, 2548];[(23.155, -1.065), (23.155, 1.503), (20.299, 1.508), (20.299, -1.065)]
1615;1;;;0;3,46;[2548, 2547, 1934, 1931];[(20.299, -1.065), (20.299, 1.508), (18.956, 1.511), (18.956, -1.065)]
1616;9;;;0;8,07;[2549, 2550, 2480, 2481, 2551, 2552];[(57.112, 2.468), (54.455, 2.468), (54.455, 2.4), (54.455, 2.231), (54.449, -0.565), (57.112, -0.565)]
1617;1;;;0;4,04;[2552, 2551, 1852, 1848, 1846, 1844, 1841];[(57.112, -0.565), (54.449, -0.565), (54.447, -1.407), (54.447, -2.082), (55.194, -2.082), (56.328, -2.082), (57.112, -2.082)]
1618;200;;TITLE;0;4,00;[2553, 2554, 2556, 2555];[(9.055, 50.115), (11.055, 50.115), (11.055, 52.115), (9.055, 52.115)]
1619;200;;ВХОД;0;4,00;[2557, 2558, 2560, 2559];[(3.258, 19.836), (5.258, 19.836), (5.258, 21.836), (3.258, 21.836)]
1620;1;;;0;0,11;[2561, 2564, 2563, 2562];[(-5.135, 14.907), (-5.029, 14.907), (-5.029, 15.912), (-5.135, 15.912)]
1621;1;;;0;15,55;[627, 623, 621, 619, 617, 615, 612, 2561, 2562, 610, 533, 650, 643, 646, 2521, 2522];[(-7.772, 14.197), (-7.772, 13.823), (-7.494, 13.823), (-6.23, 13.823), (-5.782, 13.823), (-5.651, 13.823), (-5.135, 13.823), (-5.135, 14.907), (-5.135, 15.912), (-5.135, 17.994), (-7.44, 21.081), (-7.763, 21.081), (-7.763, 20.802), (-7.763, 20.475), (-7.766, 18.021), (-7.768, 16.651)]
1622;100;;;0;0,22;[609, 610, 2562, 2563];[(-5.029, 17.941), (-5.135, 17.994), (-5.135, 15.912), (-5.029, 15.912)]
1623;100;;;0;0,12;[2564, 2561, 612, 611];[(-5.029, 14.907), (-5.135, 14.907), (-5.135, 13.823), (-5.029, 13.823)]
1624;2;;;0;15,14;[54, 605, 604, 607, 2487, 609, 2563, 2564, 611, 56];[(-2.014, 19.073), (-3.062, 19.076), (-3.358, 19.076), (-3.812, 19.076), (-4.919, 18.044), (-5.029, 17.941), (-5.029, 15.912), (-5.029, 14.907), (-5.029, 13.823), (-2.014, 13.831)]
