ID;roomID;roomNo;Description;areClosed;Area (m2);Vertex_Indices;World_Coords_XY
0;100;;;0;0,26;[0, 1, 3, 2];[(-83.823, 12.191), (-83.262, 12.191), (-83.262, 12.653), (-83.823, 12.653)]
1;100;;;0;2,74;[3, 1, 308, 306, 4, 5];[(-83.262, 12.653), (-83.262, 12.191), (-81.858, 12.191), (-78.707, 12.191), (-77.336, 12.191), (-77.336, 12.653)]
2;100;;;0;0,12;[5, 4, 6, 7];[(-77.336, 12.653), (-77.336, 12.191), (-77.068, 12.191), (-77.068, 12.653)]
3;100;;;0;2,61;[7, 6, 8, 9];[(-77.068, 12.653), (-77.068, 12.191), (-71.41, 12.191), (-71.41, 12.653)]
4;100;;;0;0,08;[9, 8, 10, 11];[(-71.41, 12.653), (-71.41, 12.191), (-71.24, 12.191), (-71.24, 12.653)]
5;100;;;0;2,91;[11, 10, 12, 13];[(-71.24, 12.653), (-71.24, 12.191), (-64.947, 12.191), (-64.947, 12.653)]
6;100;;;0;0,20;[13, 12, 14, 15];[(-64.947, 12.653), (-64.947, 12.191), (-64.524, 12.191), (-64.524, 12.653)]
7;100;;;0;3,81;[14, 12, 16, 17];[(-64.524, 12.191), (-64.947, 12.191), (-64.947, 3.189), (-64.524, 3.189)]
8;100;;;0;0,09;[17, 16, 18, 19];[(-64.524, 3.189), (-64.947, 3.189), (-64.947, 2.977), (-64.524, 2.977)]
9;100;;;0;2,57;[19, 18, 20, 21];[(-64.524, 2.977), (-64.947, 2.977), (-64.947, -3.09), (-64.524, -3.09)]
10;100;;;0;0,08;[21, 20, 22, 23];[(-64.524, -3.09), (-64.947, -3.09), (-64.947, -3.288), (-64.524, -3.288)]
11;100;;;0;3,49;[23, 22, 24, 25];[(-64.524, -3.288), (-64.947, -3.288), (-64.947, -11.528), (-64.524, -11.528)]
12;100;;;0;0,26;[25, 24, 26, 27];[(-64.524, -11.528), (-64.947, -11.528), (-64.947, -12.149), (-64.524, -12.149)]
13;100;;;0;3,39;[25, 27, 29, 28];[(-64.524, -11.528), (-64.524, -12.149), (-59.063, -12.149), (-59.063, -11.528)]
14;100;;;0;0,29;[28, 29, 31, 30];[(-59.063, -11.528), (-59.063, -12.149), (-58.598, -12.149), (-58.598, -11.528)]
15;100;;;0;3,50;[31, 29, 32, 33];[(-58.598, -12.149), (-59.063, -12.149), (-59.063, -19.669), (-58.598, -19.669)]
16;100;;;0;0,12;[33, 32, 34, 35];[(-58.598, -19.669), (-59.063, -19.669), (-59.063, -19.923), (-58.598, -19.923)]
17;100;;;0;1,78;[301, 300, 36, 37];[(-58.598, -22.149), (-59.063, -22.149), (-59.063, -25.962), (-58.598, -25.962)]
18;100;;;0;0,15;[37, 36, 38, 39];[(-58.598, -25.962), (-59.063, -25.962), (-59.063, -26.287), (-58.598, -26.287)]
19;100;;;0;1,90;[38, 36, 40, 41];[(-59.063, -26.287), (-59.063, -25.962), (-64.905, -25.962), (-64.905, -26.287)]
20;100;;;0;0,12;[41, 40, 42, 43];[(-64.905, -26.287), (-64.905, -25.962), (-65.286, -25.962), (-65.286, -26.287)]
21;100;;;0;1,85;[43, 42, 44, 45];[(-65.286, -26.287), (-65.286, -25.962), (-70.986, -25.962), (-70.986, -26.287)]
22;100;;;0;0,14;[45, 44, 46, 47];[(-70.986, -26.287), (-70.986, -25.962), (-71.41, -25.962), (-71.41, -26.287)]
23;100;;;0;1,84;[47, 46, 48, 49];[(-71.41, -26.287), (-71.41, -25.962), (-77.068, -25.962), (-77.068, -26.287)]
24;100;;;0;0,11;[49, 48, 50, 51];[(-77.068, -26.287), (-77.068, -25.962), (-77.392, -25.962), (-77.392, -26.287)]
25;100;;;0;1,95;[51, 50, 52, 53];[(-77.392, -26.287), (-77.392, -25.962), (-83.389, -25.962), (-83.389, -26.287)]
26;100;;;0;0,12;[53, 52, 54, 55];[(-83.389, -26.287), (-83.389, -25.962), (-83.756, -25.962), (-83.756, -26.287)]
27;100;;;0;0,91;[55, 54, 56, 57];[(-83.756, -26.287), (-83.756, -25.962), (-86.55, -25.962), (-86.55, -26.287)]
28;100;;;0;0,07;[57, 56, 58, 59];[(-86.55, -26.287), (-86.55, -25.962), (-86.761, -25.962), (-86.761, -26.287)]
29;100;;;0;0,90;[59, 58, 60, 61];[(-86.761, -26.287), (-86.761, -25.962), (-89.527, -25.962), (-89.527, -26.287)]
30;100;;;0;0,14;[61, 60, 62, 63];[(-89.527, -26.287), (-89.527, -25.962), (-89.964, -25.962), (-89.964, -26.287)]
31;100;;;0;1,75;[62, 60, 64, 65];[(-89.964, -25.962), (-89.527, -25.962), (-89.527, -21.955), (-89.964, -21.955)]
32;100;;;0;0,07;[65, 64, 66, 67];[(-89.964, -21.955), (-89.527, -21.955), (-89.527, -21.786), (-89.964, -21.786)]
33;100;;;0;0,94;[67, 66, 68, 69];[(-89.964, -21.786), (-89.527, -21.786), (-89.527, -19.627), (-89.964, -19.627)]
34;100;;;0;0,06;[69, 68, 70, 71];[(-89.964, -19.627), (-89.527, -19.627), (-89.527, -19.5), (-89.964, -19.5)]
35;100;;;0;3,31;[71, 70, 72, 73];[(-89.964, -19.5), (-89.527, -19.5), (-89.527, -11.937), (-89.964, -11.937)]
36;100;;;0;0,19;[73, 72, 74, 75];[(-89.964, -11.937), (-89.527, -11.937), (-89.527, -11.514), (-89.964, -11.514)]
37;100;;;0;2,41;[74, 72, 76, 77];[(-89.527, -11.514), (-89.527, -11.937), (-83.841, -11.937), (-83.841, -11.514)]
38;100;;;0;0,24;[77, 76, 78, 79];[(-83.841, -11.514), (-83.841, -11.937), (-83.262, -11.937), (-83.262, -11.514)]
39;100;;;0;5,01;[77, 79, 81, 80];[(-83.841, -11.514), (-83.262, -11.514), (-83.262, -2.858), (-83.841, -2.858)]
40;100;;;0;0,13;[80, 81, 83, 82];[(-83.841, -2.858), (-83.262, -2.858), (-83.262, -2.633), (-83.841, -2.633)]
41;100;;;0;3,33;[82, 83, 85, 84];[(-83.841, -2.633), (-83.262, -2.633), (-83.262, 3.124), (-83.841, 3.124)]
42;100;;;0;0,11;[84, 85, 87, 86];[(-83.841, 3.124), (-83.262, 3.124), (-83.262, 3.31), (-83.841, 3.31)]
43;100;;;0;3,31;[86, 87, 89, 88];[(-83.841, 3.31), (-83.262, 3.31), (-83.262, 9.033), (-83.841, 9.033)]
44;100;;;0;0,13;[88, 89, 91, 90];[(-83.841, 9.033), (-83.262, 9.033), (-83.262, 9.253), (-83.841, 9.253)]
45;100;;;0;1,67;[0, 90, 91, 1];[(-83.823, 12.191), (-83.841, 9.253), (-83.262, 9.253), (-83.262, 12.191)]
46;100;;;0;0,97;[91, 89, 92, 93, 307];[(-83.262, 9.253), (-83.262, 9.033), (-78.86, 9.033), (-78.86, 9.253), (-81.858, 9.253)]
47;100;;;0;0,03;[93, 92, 94, 95];[(-78.86, 9.253), (-78.86, 9.033), (-78.707, 9.033), (-78.707, 9.253)]
48;100;;;0;0,08;[95, 94, 96, 97];[(-78.707, 9.253), (-78.707, 9.033), (-78.352, 9.033), (-78.352, 9.253)]
49;1;;;0;0,19;[97, 96, 98, 99];[(-78.352, 9.253), (-78.352, 9.033), (-77.488, 9.033), (-77.488, 9.253)]
50;100;;;0;0,03;[99, 98, 100, 101];[(-77.488, 9.253), (-77.488, 9.033), (-77.338, 9.033), (-77.338, 9.253)]
51;100;;;0;0,06;[101, 100, 102, 103];[(-77.338, 9.253), (-77.338, 9.033), (-77.073, 9.033), (-77.073, 9.253)]
52;100;;;0;0,49;[6, 4, 104, 105];[(-77.068, 12.191), (-77.336, 12.191), (-77.336, 10.357), (-77.068, 10.357)]
53;1;;;0;0,23;[105, 104, 106, 107];[(-77.068, 10.357), (-77.336, 10.357), (-77.336, 9.499), (-77.068, 9.499)]
54;100;;;0;0,07;[103, 107, 106, 101];[(-77.073, 9.253), (-77.068, 9.499), (-77.336, 9.499), (-77.338, 9.253)]
55;100;;;0;0,74;[103, 102, 108, 109];[(-77.073, 9.253), (-77.073, 9.033), (-73.702, 9.033), (-73.702, 9.253)]
56;100;;;0;0,04;[109, 108, 110, 111];[(-73.702, 9.253), (-73.702, 9.033), (-73.526, 9.033), (-73.526, 9.253)]
57;100;;;0;0,27;[110, 108, 112, 113];[(-73.526, 9.033), (-73.702, 9.033), (-73.702, 7.485), (-73.526, 7.485)]
58;100;;;0;0,03;[113, 112, 114, 115];[(-73.526, 7.485), (-73.702, 7.485), (-73.702, 7.309), (-73.526, 7.309)]
59;100;;;0;0,20;[115, 114, 116, 117];[(-73.526, 7.309), (-73.702, 7.309), (-73.702, 6.201), (-73.526, 6.201)]
60;100;;;0;0,03;[117, 116, 118, 119];[(-73.526, 6.201), (-73.702, 6.201), (-73.702, 6.054), (-73.526, 6.054)]
61;100;;;0;0,05;[118, 116, 120, 121];[(-73.702, 6.054), (-73.702, 6.201), (-74.026, 6.201), (-74.026, 6.054)]
62;1;;;0;0,11;[121, 120, 122, 123];[(-74.026, 6.054), (-74.026, 6.201), (-74.741, 6.201), (-74.741, 6.054)]
63;100;;;0;0,23;[312, 311, 124, 125];[(-75.513, 6.054), (-75.513, 6.201), (-77.063, 6.201), (-77.063, 6.054)]
64;100;;;0;0,04;[125, 124, 126, 127];[(-77.063, 6.054), (-77.063, 6.201), (-77.328, 6.201), (-77.328, 6.054)]
65;100;;;0;0,75;[100, 126, 124, 102];[(-77.338, 9.033), (-77.328, 6.201), (-77.063, 6.201), (-77.073, 9.033)]
66;100;;;0;0,47;[94, 92, 128, 129];[(-78.707, 9.033), (-78.86, 9.033), (-78.86, 5.976), (-78.707, 5.976)]
67;1;;;0;0,15;[129, 128, 130, 131];[(-78.707, 5.976), (-78.86, 5.976), (-78.86, 5.016), (-78.707, 5.016)]
68;100;;;0;0,16;[131, 130, 132, 133];[(-78.707, 5.016), (-78.86, 5.016), (-78.86, 3.957), (-78.707, 3.957)]
69;100;;;0;0,03;[133, 132, 134, 135];[(-78.707, 3.957), (-78.86, 3.957), (-78.86, 3.742), (-78.707, 3.742)]
70;100;;;0;0,07;[135, 134, 136, 137];[(-78.707, 3.742), (-78.86, 3.742), (-78.86, 3.311), (-78.707, 3.311)]
71;100;;;0;0,02;[137, 136, 138, 139];[(-78.707, 3.311), (-78.86, 3.311), (-78.86, 3.154), (-78.707, 3.154)]
72;100;;;0;0,76;[85, 138, 136, 87];[(-83.262, 3.124), (-78.86, 3.154), (-78.86, 3.311), (-83.262, 3.31)]
73;100;;;0;0,57;[305, 304, 141, 140];[(-78.17, 3.957), (-78.17, 3.742), (-75.542, 3.742), (-75.542, 3.957)]
74;100;;;0;0,05;[140, 141, 143, 142];[(-75.542, 3.957), (-75.542, 3.742), (-75.307, 3.742), (-75.307, 3.957)]
75;100;;;0;1,17;[143, 141, 144, 145];[(-75.307, 3.742), (-75.542, 3.742), (-75.542, -1.225), (-75.307, -1.225)]
76;1;;;0;0,26;[145, 144, 146, 147];[(-75.307, -1.225), (-75.542, -1.225), (-75.542, -2.34), (-75.307, -2.34)]
77;100;;;0;0,10;[147, 146, 148, 149];[(-75.307, -2.34), (-75.542, -2.34), (-75.542, -2.763), (-75.307, -2.763)]
78;100;;;0;0,04;[149, 148, 150, 151];[(-75.307, -2.763), (-75.542, -2.763), (-75.542, -2.946), (-75.307, -2.946)]
79;100;;;0;0,72;[151, 150, 152, 153];[(-75.307, -2.946), (-75.542, -2.946), (-75.542, -6.022), (-75.307, -6.022)]
80;1;;;0;0,34;[153, 152, 154, 155];[(-75.307, -6.022), (-75.542, -6.022), (-75.542, -7.447), (-75.307, -7.447)]
81;100;;;0;1,65;[155, 154, 156, 157];[(-75.307, -7.447), (-75.542, -7.447), (-75.542, -14.46), (-75.307, -14.46)]
82;1;;;0;0,31;[157, 156, 158, 159];[(-75.307, -14.46), (-75.542, -14.46), (-75.542, -15.772), (-75.307, -15.772)]
83;100;;;0;0,10;[159, 158, 160, 161];[(-75.307, -15.772), (-75.542, -15.772), (-75.542, -16.182), (-75.307, -16.182)]
84;100;;;0;0,05;[161, 160, 162, 163];[(-75.307, -16.182), (-75.542, -16.182), (-75.542, -16.379), (-75.307, -16.379)]
85;100;;;0;1,09;[162, 160, 164, 165];[(-75.542, -16.379), (-75.542, -16.182), (-81.059, -16.182), (-81.059, -16.379)]
86;100;;;0;0,04;[165, 164, 166, 167];[(-81.059, -16.379), (-81.059, -16.182), (-81.243, -16.182), (-81.243, -16.379)]
87;100;;;0;0,36;[167, 166, 168, 169];[(-81.243, -16.379), (-81.243, -16.182), (-83.049, -16.182), (-83.049, -16.379)]
88;100;;;0;0,04;[169, 168, 170, 171];[(-83.049, -16.379), (-83.049, -16.182), (-83.275, -16.182), (-83.275, -16.379)]
89;100;;;0;0,70;[169, 171, 173, 172];[(-83.049, -16.379), (-83.275, -16.379), (-83.275, -19.483), (-83.049, -19.483)]
90;100;;;0;0,04;[172, 173, 175, 174];[(-83.049, -19.483), (-83.275, -19.483), (-83.275, -19.653), (-83.049, -19.653)]
91;100;;;0;0,06;[175, 173, 176, 177];[(-83.275, -19.653), (-83.275, -19.483), (-83.613, -19.483), (-83.613, -19.653)]
92;1;;;0;0,14;[177, 176, 178, 179];[(-83.613, -19.653), (-83.613, -19.483), (-84.432, -19.483), (-84.432, -19.653)]
93;100;;;0;0,75;[68, 179, 178, 70];[(-89.527, -19.627), (-84.432, -19.653), (-84.432, -19.483), (-89.527, -19.5)]
94;100;;;0;0,10;[79, 78, 180, 181];[(-83.262, -11.514), (-83.262, -11.937), (-83.022, -11.937), (-83.022, -11.514)]
95;100;;;0;0,99;[168, 180, 78, 170];[(-83.049, -16.182), (-83.022, -11.937), (-83.262, -11.937), (-83.275, -16.182)]
96;100;;;0;0,04;[172, 174, 183, 182];[(-83.049, -19.483), (-83.049, -19.653), (-82.826, -19.653), (-82.826, -19.483)]
97;1;;;0;0,15;[182, 183, 185, 184];[(-82.826, -19.483), (-82.826, -19.653), (-81.92, -19.653), (-81.92, -19.483)]
98;100;;;0;0,11;[184, 185, 187, 186];[(-81.92, -19.483), (-81.92, -19.653), (-81.297, -19.653), (-81.297, -19.483)]
99;100;;;0;0,04;[186, 187, 189, 188];[(-81.297, -19.483), (-81.297, -19.653), (-81.074, -19.653), (-81.074, -19.483)]
100;100;;;0;0,63;[167, 186, 188, 165];[(-81.243, -16.379), (-81.297, -19.483), (-81.074, -19.483), (-81.059, -16.379)]
101;100;;;0;0,19;[66, 64, 190, 191];[(-89.527, -21.786), (-89.527, -21.955), (-88.386, -21.955), (-88.386, -21.786)]
102;1;;;0;0,16;[191, 190, 192, 193];[(-88.386, -21.786), (-88.386, -21.955), (-87.458, -21.955), (-87.458, -21.786)]
103;100;;;0;0,12;[193, 192, 194, 195];[(-87.458, -21.786), (-87.458, -21.955), (-86.721, -21.955), (-86.721, -21.786)]
104;100;;;0;0,03;[195, 194, 196, 197];[(-86.721, -21.786), (-86.721, -21.955), (-86.522, -21.955), (-86.522, -21.786)]
105;100;;;0;0,05;[197, 196, 198, 199];[(-86.522, -21.786), (-86.522, -21.955), (-86.235, -21.955), (-86.235, -21.786)]
106;1;;;0;0,14;[199, 198, 200, 201];[(-86.235, -21.786), (-86.235, -21.955), (-85.388, -21.955), (-85.388, -21.786)]
107;100;;;0;0,28;[201, 200, 202, 203];[(-85.388, -21.786), (-85.388, -21.955), (-83.73, -21.955), (-83.73, -21.786)]
108;100;;;0;0,06;[203, 202, 204, 205];[(-83.73, -21.786), (-83.73, -21.955), (-83.366, -21.955), (-83.366, -21.786)]
109;100;;;0;0,29;[205, 204, 206, 207];[(-83.366, -21.786), (-83.366, -21.955), (-81.649, -21.955), (-81.649, -21.786)]
110;1;;;0;0,17;[207, 206, 208, 209];[(-81.649, -21.786), (-81.649, -21.955), (-80.649, -21.955), (-80.649, -21.786)]
111;100;;;0;0,55;[209, 208, 210, 211];[(-80.649, -21.786), (-80.649, -21.955), (-77.404, -21.955), (-77.404, -21.786)]
112;100;;;0;0,05;[211, 210, 212, 213];[(-77.404, -21.786), (-77.404, -21.955), (-77.087, -21.955), (-77.087, -21.786)]
113;100;;;0;0,25;[213, 212, 214, 215];[(-77.087, -21.786), (-77.087, -21.955), (-75.582, -21.955), (-75.582, -21.786)]
114;1;;;0;0,17;[215, 214, 216, 217];[(-75.582, -21.786), (-75.582, -21.955), (-74.559, -21.955), (-74.559, -21.786)]
115;100;;;0;0,53;[217, 216, 218, 219];[(-74.559, -21.786), (-74.559, -21.955), (-71.407, -21.955), (-71.407, -21.786)]
116;100;;;0;0,06;[219, 218, 220, 221];[(-71.407, -21.786), (-71.407, -21.955), (-71.055, -21.955), (-71.055, -21.786)]
117;100;;;0;0,78;[221, 220, 222, 223];[(-71.055, -21.786), (-71.055, -21.955), (-66.457, -21.955), (-66.457, -21.786)]
118;1;;;0;0,14;[223, 222, 224, 225];[(-66.457, -21.786), (-66.457, -21.955), (-65.61, -21.955), (-65.61, -21.786)]
119;100;;;0;0,06;[225, 224, 226, 227];[(-65.61, -21.786), (-65.61, -21.955), (-65.258, -21.955), (-65.258, -21.786)]
120;100;;;0;0,05;[227, 226, 228, 229];[(-65.258, -21.786), (-65.258, -21.955), (-64.933, -21.955), (-64.933, -21.786)]
121;100;;;0;1,41;[40, 228, 226, 42];[(-64.905, -25.962), (-64.933, -21.955), (-65.258, -21.955), (-65.286, -25.962)]
122;100;;;0;1,55;[44, 220, 218, 46];[(-70.986, -25.962), (-71.055, -21.955), (-71.407, -21.955), (-71.41, -25.962)]
123;100;;;0;1,29;[48, 212, 210, 50];[(-77.068, -25.962), (-77.087, -21.955), (-77.404, -21.955), (-77.392, -25.962)]
124;100;;;0;1,47;[52, 204, 202, 54];[(-83.389, -25.962), (-83.366, -21.955), (-83.73, -21.955), (-83.756, -25.962)]
125;100;;;0;0,82;[56, 196, 194, 58];[(-86.55, -25.962), (-86.522, -21.955), (-86.721, -21.955), (-86.761, -25.962)]
126;100;;;0;0,23;[34, 32, 230, 231];[(-59.063, -19.923), (-59.063, -19.669), (-59.952, -19.669), (-59.952, -19.923)]
127;1;;;0;0,28;[231, 230, 232, 233];[(-59.952, -19.923), (-59.952, -19.669), (-61.039, -19.669), (-61.039, -19.923)]
128;100;;;0;1,06;[233, 232, 234, 235];[(-61.039, -19.923), (-61.039, -19.669), (-65.215, -19.669), (-65.215, -19.923)]
129;100;;;0;0,09;[235, 234, 236, 237];[(-65.215, -19.923), (-65.215, -19.669), (-65.582, -19.669), (-65.582, -19.923)]
130;100;;;0;1,15;[236, 234, 238, 239];[(-65.582, -19.669), (-65.215, -19.669), (-65.215, -16.537), (-65.582, -16.537)]
131;100;;;0;0,11;[239, 238, 240, 241];[(-65.582, -16.537), (-65.215, -16.537), (-65.215, -16.226), (-65.582, -16.226)]
132;100;;;0;0,21;[245, 244, 242, 243];[(-65.211, -12.149), (-65.211, -11.528), (-65.554, -11.528), (-65.554, -12.149)]
133;100;;;0;0,16;[26, 24, 244, 245];[(-64.947, -12.149), (-64.947, -11.528), (-65.211, -11.528), (-65.211, -12.149)]
134;100;;;0;1,45;[240, 245, 243, 241];[(-65.215, -16.226), (-65.211, -12.149), (-65.554, -12.149), (-65.582, -16.226)]
135;100;;;0;2,29;[239, 241, 247, 246];[(-65.582, -16.537), (-65.582, -16.226), (-72.962, -16.226), (-72.962, -16.537)]
136;100;;;0;0,08;[246, 247, 249, 248];[(-72.962, -16.537), (-72.962, -16.226), (-73.23, -16.226), (-73.23, -16.537)]
137;100;;;0;0,61;[249, 247, 250, 251];[(-73.23, -16.226), (-72.962, -16.226), (-72.962, -13.941), (-73.23, -13.941)]
138;1;;;0;0,36;[251, 250, 252, 253];[(-73.23, -13.941), (-72.962, -13.941), (-72.962, -12.603), (-73.23, -12.603)]
139;100;;;0;2,50;[253, 252, 254, 255];[(-73.23, -12.603), (-72.962, -12.603), (-72.962, -3.273), (-73.23, -3.273)]
140;100;;;0;0,05;[255, 254, 256, 257];[(-73.23, -3.273), (-72.962, -3.273), (-72.962, -3.087), (-73.23, -3.087)]
141;100;;;0;1,34;[257, 256, 258, 259];[(-73.23, -3.087), (-72.962, -3.087), (-72.962, 1.908), (-73.23, 1.908)]
142;1;;;0;0,30;[259, 258, 260, 261];[(-73.23, 1.908), (-72.962, 1.908), (-72.962, 3.008), (-73.23, 3.008)]
143;100;;;0;0,22;[261, 260, 262, 263];[(-73.23, 3.008), (-72.962, 3.008), (-72.962, 3.827), (-73.23, 3.827)]
144;100;;;0;0,06;[263, 262, 264, 265];[(-73.23, 3.827), (-72.962, 3.827), (-72.962, 4.038), (-73.23, 4.038)]
145;100;;;0;0,32;[264, 262, 266, 267];[(-72.962, 4.038), (-72.962, 3.827), (-71.438, 3.827), (-71.438, 4.038)]
146;100;;;0;0,04;[267, 266, 268, 269];[(-71.438, 4.038), (-71.438, 3.827), (-71.24, 3.827), (-71.24, 4.038)]
147;100;;;0;0,13;[268, 266, 270, 271];[(-71.24, 3.827), (-71.438, 3.827), (-71.438, 3.192), (-71.24, 3.192)]
148;100;;;0;0,04;[271, 270, 272, 273];[(-71.24, 3.192), (-71.438, 3.192), (-71.438, 2.98), (-71.24, 2.98)]
149;100;;;0;1,33;[16, 271, 273, 18];[(-64.947, 3.189), (-71.24, 3.192), (-71.24, 2.98), (-64.947, 2.977)]
150;100;;;0;0,14;[267, 269, 275, 274];[(-71.438, 4.038), (-71.24, 4.038), (-71.24, 4.73), (-71.438, 4.73)]
151;1;;;0;0,18;[274, 275, 277, 276];[(-71.438, 4.73), (-71.24, 4.73), (-71.24, 5.661), (-71.438, 5.661)]
152;100;;;0;0,08;[276, 277, 279, 278];[(-71.438, 5.661), (-71.24, 5.661), (-71.24, 6.056), (-71.438, 6.056)]
153;100;;;0;0,03;[278, 279, 281, 280];[(-71.438, 6.056), (-71.24, 6.056), (-71.24, 6.183), (-71.438, 6.183)]
154;100;;;0;0,23;[280, 281, 283, 282];[(-71.438, 6.183), (-71.24, 6.183), (-71.24, 7.326), (-71.438, 7.326)]
155;100;;;0;0,04;[282, 283, 285, 284];[(-71.438, 7.326), (-71.24, 7.326), (-71.24, 7.509), (-71.438, 7.509)]
156;100;;;0;0,30;[284, 285, 287, 286];[(-71.438, 7.509), (-71.24, 7.509), (-71.24, 9.047), (-71.438, 9.047)]
157;100;;;0;0,04;[286, 287, 289, 288];[(-71.438, 9.047), (-71.24, 9.047), (-71.24, 9.245), (-71.438, 9.245)]
158;100;;;0;0,54;[8, 288, 289, 10];[(-71.41, 12.191), (-71.438, 9.245), (-71.24, 9.245), (-71.24, 12.191)]
159;100;;;0;0,20;[111, 110, 290, 291];[(-73.526, 9.253), (-73.526, 9.033), (-72.637, 9.033), (-72.637, 9.253)]
160;8;;;0;0,19;[291, 290, 292, 293];[(-72.637, 9.253), (-72.637, 9.033), (-71.79, 9.033), (-71.79, 9.253)]
161;100;;;0;0,07;[288, 293, 292, 286];[(-71.438, 9.245), (-71.79, 9.253), (-71.79, 9.033), (-71.438, 9.047)]
162;100;;;0;0,38;[115, 282, 284, 113];[(-73.526, 7.309), (-71.438, 7.326), (-71.438, 7.509), (-73.526, 7.485)]
163;100;;;0;1,58;[81, 150, 148, 83];[(-83.262, -2.858), (-75.542, -2.946), (-75.542, -2.763), (-83.262, -2.633)]
164;100;;;0;1,54;[20, 256, 254, 22];[(-64.947, -3.09), (-72.962, -3.087), (-72.962, -3.273), (-64.947, -3.288)]
165;8;270;;0;11,16;[58, 194, 192, 190, 64, 60];[(-86.761, -25.962), (-86.721, -21.955), (-87.458, -21.955), (-88.386, -21.955), (-89.527, -21.955), (-89.527, -25.962)]
166;8;271;;0;11,19;[54, 202, 200, 198, 196, 56];[(-83.756, -25.962), (-83.73, -21.955), (-85.388, -21.955), (-86.235, -21.955), (-86.522, -21.955), (-86.55, -25.962)]
167;8;272;Аудитория;0;23,96;[50, 210, 208, 206, 204, 52];[(-77.392, -25.962), (-77.404, -21.955), (-80.649, -21.955), (-81.649, -21.955), (-83.366, -21.955), (-83.389, -25.962)]
168;8;273;Аудитория;0;22,72;[46, 218, 216, 214, 212, 48];[(-71.41, -25.962), (-71.407, -21.955), (-74.559, -21.955), (-75.582, -21.955), (-77.087, -21.955), (-77.068, -25.962)]
169;8;274;Аудитория;0;23,04;[42, 226, 224, 222, 220, 44];[(-65.286, -25.962), (-65.258, -21.955), (-65.61, -21.955), (-66.457, -21.955), (-71.055, -21.955), (-70.986, -25.962)]
170;8;261;Аудитория;0;46,26;[26, 245, 240, 238, 234, 232, 230, 32, 29, 27];[(-64.947, -12.149), (-65.211, -12.149), (-65.215, -16.226), (-65.215, -16.537), (-65.215, -19.669), (-61.039, -19.669), (-59.952, -19.669), (-59.063, -19.669), (-59.063, -12.149), (-64.524, -12.149)]
171;8;262;Аудитория;0;100,85;[22, 254, 252, 250, 247, 241, 243, 242, 244, 24];[(-64.947, -3.288), (-72.962, -3.273), (-72.962, -12.603), (-72.962, -13.941), (-72.962, -16.226), (-65.582, -16.226), (-65.554, -12.149), (-65.554, -11.528), (-65.211, -11.528), (-64.947, -11.528)]
172;8;267;Аудитория;0;101,45;[79, 181, 180, 168, 166, 164, 160, 158, 156, 154, 152, 150, 81];[(-83.262, -11.514), (-83.022, -11.514), (-83.022, -11.937), (-83.049, -16.182), (-81.243, -16.182), (-81.059, -16.182), (-75.542, -16.182), (-75.542, -15.772), (-75.542, -14.46), (-75.542, -7.447), (-75.542, -6.022), (-75.542, -2.946), (-83.262, -2.858)]
173;8;260;Аудитория;0;47,25;[70, 178, 176, 173, 171, 170, 78, 76, 72];[(-89.527, -19.5), (-84.432, -19.483), (-83.613, -19.483), (-83.275, -19.483), (-83.275, -16.379), (-83.275, -16.182), (-83.262, -11.937), (-83.841, -11.937), (-89.527, -11.937)]
174;2;;;0;5,52;[169, 172, 182, 184, 186, 167];[(-83.049, -16.379), (-83.049, -19.483), (-82.826, -19.483), (-81.92, -19.483), (-81.297, -19.483), (-81.243, -16.379)]
175;8;266;;0;46,97;[83, 148, 146, 144, 141, 304, 302, 135, 137, 139, 138, 85];[(-83.262, -2.633), (-75.542, -2.763), (-75.542, -2.34), (-75.542, -1.225), (-75.542, 3.742), (-78.17, 3.742), (-78.34, 3.742), (-78.707, 3.742), (-78.707, 3.311), (-78.707, 3.154), (-78.86, 3.154), (-83.262, 3.124)]
176;8;263;Аудитория;0;49,92;[18, 273, 272, 270, 266, 262, 260, 258, 256, 20];[(-64.947, 2.977), (-71.24, 2.98), (-71.438, 2.98), (-71.438, 3.192), (-71.438, 3.827), (-72.962, 3.827), (-72.962, 3.008), (-72.962, 1.908), (-72.962, -3.087), (-64.947, -3.09)]
177;8;265;;0;25,19;[87, 136, 134, 132, 130, 128, 92, 89];[(-83.262, 3.31), (-78.86, 3.311), (-78.86, 3.742), (-78.86, 3.957), (-78.86, 5.016), (-78.86, 5.976), (-78.86, 9.033), (-83.262, 9.033)]
178;3;;;0;9,53;[102, 124, 311, 309, 122, 120, 116, 114, 112, 108];[(-77.073, 9.033), (-77.063, 6.201), (-75.513, 6.201), (-75.317, 6.201), (-74.741, 6.201), (-74.026, 6.201), (-73.702, 6.201), (-73.702, 7.309), (-73.702, 7.485), (-73.702, 9.033)]
179;100;;;0;0,10;[316, 315, 295, 294];[(-73.013, 6.201), (-73.013, 6.054), (-72.362, 6.054), (-72.362, 6.201)]
180;1;;;0;0,09;[294, 295, 297, 296];[(-72.362, 6.201), (-72.362, 6.054), (-71.727, 6.054), (-71.727, 6.201)]
181;100;;;0;0,04;[280, 296, 297, 278];[(-71.438, 6.183), (-71.727, 6.201), (-71.727, 6.054), (-71.438, 6.056)]
182;2;;;0;2,33;[117, 314, 316, 294, 296, 280, 282, 115];[(-73.526, 6.201), (-73.25, 6.201), (-73.013, 6.201), (-72.362, 6.201), (-71.727, 6.201), (-71.438, 6.183), (-71.438, 7.326), (-73.526, 7.309)]
183;2;;;0;3,21;[110, 113, 284, 286, 292, 290];[(-73.526, 9.033), (-73.526, 7.485), (-71.438, 7.509), (-71.438, 9.047), (-71.79, 9.033), (-72.637, 9.033)]
184;8;;;0;16,58;[6, 105, 107, 103, 109, 111, 291, 293, 288, 8];[(-77.068, 12.191), (-77.068, 10.357), (-77.068, 9.499), (-77.073, 9.253), (-73.702, 9.253), (-73.526, 9.253), (-72.637, 9.253), (-71.79, 9.253), (-71.438, 9.245), (-71.41, 12.191)]
185;1;;;0;4,13;[1, 91, 307, 308];[(-83.262, 12.191), (-83.262, 9.253), (-81.858, 9.253), (-81.858, 12.191)]
186;8;264;Аудитория;0;56,64;[10, 289, 287, 285, 283, 281, 279, 277, 275, 269, 268, 271, 16, 12];[(-71.24, 12.191), (-71.24, 9.245), (-71.24, 9.047), (-71.24, 7.509), (-71.24, 7.326), (-71.24, 6.183), (-71.24, 6.056), (-71.24, 5.661), (-71.24, 4.73), (-71.24, 4.038), (-71.24, 3.827), (-71.24, 3.192), (-64.947, 3.189), (-64.947, 12.191)]
187;1;;;0;0,64;[229, 235, 237, 227];[(-64.933, -21.786), (-65.215, -19.923), (-65.582, -19.923), (-65.258, -21.786)]
188;1;;;0;0,53;[163, 248, 249, 161];[(-75.307, -16.379), (-73.23, -16.537), (-73.23, -16.226), (-75.307, -16.182)]
189;100;;;0;0,92;[35, 34, 298, 299];[(-58.598, -19.923), (-59.063, -19.923), (-59.063, -21.897), (-58.598, -21.897)]
190;100;;;0;0,12;[299, 298, 300, 301];[(-58.598, -21.897), (-59.063, -21.897), (-59.063, -22.149), (-58.598, -22.149)]
191;1;;;0;1,24;[228, 300, 298, 229];[(-64.933, -21.955), (-59.063, -22.149), (-59.063, -21.897), (-64.933, -21.786)]
192;1;;;0;0,63;[175, 203, 205, 174];[(-83.275, -19.653), (-83.73, -21.786), (-83.366, -21.786), (-83.049, -19.653)]
193;1;;;0;0,58;[187, 211, 213, 189];[(-81.297, -19.653), (-77.404, -21.786), (-77.087, -21.786), (-81.074, -19.653)]
194;1;;;0;12,92;[66, 191, 193, 195, 197, 199, 201, 203, 175, 177, 179, 68];[(-89.527, -21.786), (-88.386, -21.786), (-87.458, -21.786), (-86.721, -21.786), (-86.522, -21.786), (-86.235, -21.786), (-85.388, -21.786), (-83.73, -21.786), (-83.275, -19.653), (-83.613, -19.653), (-84.432, -19.653), (-89.527, -19.627)]
195;1;;;0;8,23;[174, 205, 207, 209, 211, 187, 185, 183];[(-83.049, -19.653), (-83.366, -21.786), (-81.649, -21.786), (-80.649, -21.786), (-77.404, -21.786), (-81.297, -19.653), (-81.92, -19.653), (-82.826, -19.653)]
196;1;;;0;6,72;[323, 324, 237, 236];[(-71.114, -18.461), (-71.114, -20.637), (-65.582, -19.923), (-65.582, -19.669)]
197;1;;;0;11,52;[231, 233, 235, 229, 298, 34];[(-59.952, -19.923), (-61.039, -19.923), (-65.215, -19.923), (-64.933, -21.786), (-59.063, -21.897), (-59.063, -19.923)]
198;1;;;0;22,90;[300, 228, 40, 36];[(-59.063, -22.149), (-64.933, -21.955), (-64.905, -25.962), (-59.063, -25.962)]
199;1;;;0;0,38;[151, 255, 257, 149];[(-75.307, -2.946), (-73.23, -3.273), (-73.23, -3.087), (-75.307, -2.763)]
200;1;;;0;27,20;[151, 153, 155, 157, 159, 161, 249, 251, 253, 255];[(-75.307, -2.946), (-75.307, -6.022), (-75.307, -7.447), (-75.307, -14.46), (-75.307, -15.772), (-75.307, -16.182), (-73.23, -16.226), (-73.23, -13.941), (-73.23, -12.603), (-73.23, -3.273)]
201;1;;;0;0,44;[143, 263, 265, 142];[(-75.307, 3.742), (-73.23, 3.827), (-73.23, 4.038), (-75.307, 3.957)]
202;100;;;0;0,08;[133, 135, 302, 303];[(-78.707, 3.957), (-78.707, 3.742), (-78.34, 3.742), (-78.34, 3.957)]
203;100;;;0;0,04;[303, 302, 304, 305];[(-78.34, 3.957), (-78.34, 3.742), (-78.17, 3.742), (-78.17, 3.957)]
204;1;;;0;0,46;[127, 303, 305, 125];[(-77.328, 6.054), (-78.34, 3.957), (-78.17, 3.957), (-77.063, 6.054)]
205;1;;;0;4,38;[140, 312, 125, 305];[(-75.542, 3.957), (-75.513, 6.054), (-77.063, 6.054), (-78.17, 3.957)]
206;1;;;0;5,93;[94, 129, 131, 133, 303, 127, 126, 100, 98, 96];[(-78.707, 9.033), (-78.707, 5.976), (-78.707, 5.016), (-78.707, 3.957), (-78.34, 3.957), (-77.328, 6.054), (-77.328, 6.201), (-77.338, 9.033), (-77.488, 9.033), (-78.352, 9.033)]
207;1;;;0;13,94;[145, 147, 149, 257, 259, 261, 263, 143];[(-75.307, -1.225), (-75.307, -2.34), (-75.307, -2.763), (-73.23, -3.087), (-73.23, 1.908), (-73.23, 3.008), (-73.23, 3.827), (-75.307, 3.742)]
208;100;;;0;0,08;[123, 122, 309, 310];[(-74.741, 6.054), (-74.741, 6.201), (-75.317, 6.201), (-75.317, 6.054)]
209;1;;;0;4,03;[306, 95, 97, 99, 101, 106, 104, 4];[(-78.707, 12.191), (-78.707, 9.253), (-78.352, 9.253), (-77.488, 9.253), (-77.338, 9.253), (-77.336, 9.499), (-77.336, 10.357), (-77.336, 12.191)]
210;9;;;0;9,26;[308, 307, 93, 95, 306];[(-81.858, 12.191), (-81.858, 9.253), (-78.86, 9.253), (-78.707, 9.253), (-78.707, 12.191)]
211;100;;;0;0,03;[310, 309, 311, 312];[(-75.317, 6.054), (-75.317, 6.201), (-75.513, 6.201), (-75.513, 6.054)]
212;1;;;0;0,45;[142, 310, 312, 140];[(-75.307, 3.957), (-75.317, 6.054), (-75.513, 6.054), (-75.542, 3.957)]
213;1;;;0;3,12;[315, 264, 267, 274, 276, 278, 297, 295];[(-73.013, 6.054), (-72.962, 4.038), (-71.438, 4.038), (-71.438, 4.73), (-71.438, 5.661), (-71.438, 6.056), (-71.727, 6.054), (-72.362, 6.054)]
214;100;;;0;0,04;[117, 119, 313, 314];[(-73.526, 6.201), (-73.526, 6.054), (-73.25, 6.054), (-73.25, 6.201)]
215;100;;;0;0,03;[314, 313, 315, 316];[(-73.25, 6.201), (-73.25, 6.054), (-73.013, 6.054), (-73.013, 6.201)]
216;1;;;0;4,26;[118, 121, 123, 310, 142, 265, 313, 119];[(-73.702, 6.054), (-74.026, 6.054), (-74.741, 6.054), (-75.317, 6.054), (-75.307, 3.957), (-73.23, 4.038), (-73.25, 6.054), (-73.526, 6.054)]
217;1;;;0;0,51;[313, 265, 264, 315];[(-73.25, 6.054), (-73.23, 4.038), (-72.962, 4.038), (-73.013, 6.054)]
218;1;;;0;11,96;[162, 165, 188, 322, 163];[(-75.542, -16.379), (-81.059, -16.379), (-81.074, -19.483), (-77.219, -18.461), (-75.307, -16.379)]
219;1;;;0;6,67;[213, 321, 322, 188, 189];[(-77.087, -21.786), (-77.219, -20.616), (-77.219, -18.461), (-81.074, -19.483), (-81.074, -19.653)]
220;9;;;0;11,43;[317, 320, 319, 318];[(-77.13, -20.488), (-71.203, -20.509), (-71.203, -18.57), (-77.13, -18.57)]
221;1;;;0;8,19;[163, 322, 323, 248];[(-75.307, -16.379), (-77.219, -18.461), (-71.114, -18.461), (-73.23, -16.537)]
222;1;;;0;16,02;[248, 323, 236, 239, 246];[(-73.23, -16.537), (-71.114, -18.461), (-65.582, -19.669), (-65.582, -16.537), (-72.962, -16.537)]
223;1;;;0;7,03;[324, 321, 213, 215, 217, 219, 221];[(-71.114, -20.637), (-77.219, -20.616), (-77.087, -21.786), (-75.582, -21.786), (-74.559, -21.786), (-71.407, -21.786), (-71.055, -21.786)]
224;1;;;0;8,60;[237, 324, 221, 223, 225, 227];[(-65.582, -19.923), (-71.114, -20.637), (-71.055, -21.786), (-66.457, -21.786), (-65.61, -21.786), (-65.258, -21.786)]
225;100;;;0;0,18;[317, 318, 322, 321];[(-77.13, -20.488), (-77.13, -18.57), (-77.219, -18.461), (-77.219, -20.616)]
226;100;;;0;0,66;[318, 319, 323, 322];[(-77.13, -18.57), (-71.203, -18.57), (-71.114, -18.461), (-77.219, -18.461)]
227;1;;;0;0,18;[319, 320, 324, 323];[(-71.203, -18.57), (-71.203, -20.509), (-71.114, -20.637), (-71.114, -18.461)]
228;100;;;0;0,77;[320, 317, 321, 324];[(-71.203, -20.509), (-77.13, -20.488), (-77.219, -20.616), (-71.114, -20.637)]
229;100;;;0;0,47;[325, 326, 328, 327];[(-50.633, -12.557), (-49.872, -12.557), (-49.872, -11.939), (-50.633, -11.939)]
230;100;;;0;3,29;[328, 326, 329, 330];[(-49.872, -11.939), (-49.872, -12.557), (-44.549, -12.557), (-44.549, -11.939)]
231;1;;;0;1,33;[334, 333, 332, 335];[(-43.695, -11.939), (-43.695, -12.557), (-41.536, -12.557), (-41.536, -11.939)]
232;100;;;0;0,08;[335, 332, 336, 337];[(-41.536, -11.939), (-41.536, -12.557), (-41.409, -12.557), (-41.409, -11.939)]
233;100;;;0;0,53;[331, 333, 334, 330, 329];[(-43.922, -12.557), (-43.695, -12.557), (-43.695, -11.939), (-44.549, -11.939), (-44.549, -12.557)]
234;100;;;0;0,39;[337, 336, 338, 339];[(-41.409, -11.939), (-41.409, -12.557), (-40.774, -12.557), (-40.774, -11.939)]
235;100;;;0;1,42;[339, 338, 340, 341];[(-40.774, -11.939), (-40.774, -12.557), (-38.475, -12.557), (-38.475, -11.939)]
236;100;;;0;0,27;[341, 340, 342, 343];[(-38.475, -11.939), (-38.475, -12.557), (-38.037, -12.557), (-38.037, -11.939)]
237;100;;;0;1,67;[343, 342, 344, 345];[(-38.037, -11.939), (-38.037, -12.557), (-35.342, -12.557), (-35.342, -11.939)]
238;100;;;0;0,24;[345, 344, 346, 347];[(-35.342, -11.939), (-35.342, -12.557), (-34.961, -12.557), (-34.961, -11.939)]
239;100;;;0;1,97;[347, 346, 348, 349];[(-34.961, -11.939), (-34.961, -12.557), (-31.772, -12.557), (-31.772, -11.939)]
240;100;;;0;0,11;[349, 348, 350, 351];[(-31.772, -11.939), (-31.772, -12.557), (-31.589, -12.557), (-31.589, -11.939)]
241;100;;;0;2,14;[351, 350, 352, 353];[(-31.589, -11.939), (-31.589, -12.557), (-28.135, -12.557), (-28.135, -11.939)]
242;100;;;0;0,15;[353, 352, 354, 355];[(-28.135, -11.939), (-28.135, -12.557), (-27.891, -12.557), (-27.891, -11.939)]
243;100;;;0;4,44;[355, 354, 356, 357];[(-27.891, -11.939), (-27.891, -12.557), (-20.718, -12.557), (-20.718, -11.939)]
244;100;;;0;0,15;[357, 356, 358, 359];[(-20.718, -11.939), (-20.718, -12.557), (-20.475, -12.557), (-20.475, -11.939)]
245;100;;;0;1,96;[359, 358, 360, 361];[(-20.475, -11.939), (-20.475, -12.557), (-17.305, -12.557), (-17.305, -11.939)]
246;100;;;0;0,23;[361, 360, 362, 363];[(-17.305, -11.939), (-17.305, -12.557), (-16.939, -12.557), (-16.939, -11.939)]
247;100;;;0;1,95;[363, 362, 364, 365];[(-16.939, -11.939), (-16.939, -12.557), (-13.79, -12.557), (-13.79, -11.939)]
248;100;;;0;0,14;[365, 364, 366, 367];[(-13.79, -11.939), (-13.79, -12.557), (-13.566, -12.557), (-13.566, -11.939)]
249;100;;;0;6,61;[367, 366, 368, 369];[(-13.566, -11.939), (-13.566, -12.557), (-2.879, -12.557), (-2.879, -11.939)]
250;100;;;0;0,10;[369, 368, 370, 371];[(-2.879, -11.939), (-2.879, -12.557), (-2.716, -12.557), (-2.716, -11.939)]
251;100;;;0;2,17;[371, 370, 372, 373];[(-2.716, -11.939), (-2.716, -12.557), (0.799, -12.557), (0.799, -11.939)]
252;100;;;0;0,14;[373, 372, 374, 375];[(0.799, -11.939), (0.799, -12.557), (1.022, -12.557), (1.022, -11.939)]
253;100;;;0;4,56;[375, 374, 376, 377];[(1.022, -11.939), (1.022, -12.557), (8.398, -12.557), (8.398, -11.939)]
254;100;;;0;0,11;[377, 376, 378, 379];[(8.398, -11.939), (8.398, -12.557), (8.581, -12.557), (8.581, -11.939)]
255;100;;;0;1,97;[379, 378, 380, 381];[(8.581, -11.939), (8.581, -12.557), (11.771, -12.557), (11.771, -11.939)]
256;100;;;0;0,10;[381, 380, 382, 383];[(11.771, -11.939), (11.771, -12.557), (11.933, -12.557), (11.933, -11.939)]
257;100;;;0;2,12;[383, 382, 384, 385];[(11.933, -11.939), (11.933, -12.557), (15.367, -12.557), (15.367, -11.939)]
258;100;;;0;0,28;[385, 384, 386, 387];[(15.367, -11.939), (15.367, -12.557), (15.814, -12.557), (15.814, -11.939)]
259;100;;;0;1,93;[387, 386, 388, 389];[(15.814, -11.939), (15.814, -12.557), (18.935, -12.557), (18.935, -11.939)]
260;100;;;0;0,20;[389, 388, 390, 391];[(18.935, -11.939), (18.935, -12.557), (19.252, -12.557), (19.252, -11.939)]
261;100;;;0;4,31;[391, 390, 392, 393];[(19.252, -11.939), (19.252, -12.557), (26.215, -12.557), (26.215, -11.939)]
262;100;;;0;0,14;[393, 392, 394, 395];[(26.215, -11.939), (26.215, -12.557), (26.435, -12.557), (26.435, -11.939)]
263;100;;;0;1,18;[395, 394, 396, 397];[(26.435, -11.939), (26.435, -12.557), (28.339, -12.557), (28.339, -11.939)]
264;100;;;0;0,46;[397, 396, 398, 399];[(28.339, -11.939), (28.339, -12.557), (29.084, -12.557), (29.084, -11.939)]
265;100;;;0;0,41;[399, 398, 400, 401];[(29.084, -11.939), (29.084, -12.557), (29.745, -12.557), (29.745, -11.939)]
266;100;;;0;0,13;[401, 400, 402, 403];[(29.745, -11.939), (29.745, -12.557), (29.948, -12.557), (29.948, -11.939)]
267;100;;;0;0,18;[403, 402, 404, 405];[(29.948, -11.939), (29.948, -12.557), (30.242, -12.557), (30.242, -11.939)]
268;1;;;0;1,97;[405, 404, 406, 407];[(30.242, -11.939), (30.242, -12.557), (33.428, -12.557), (33.428, -11.939)]
269;100;;;0;0,75;[407, 406, 408, 409];[(33.428, -11.939), (33.428, -12.557), (34.639, -12.557), (34.639, -11.939)]
270;100;;;0;0,21;[409, 408, 410, 411];[(34.639, -11.939), (34.639, -12.557), (34.98, -12.557), (34.98, -11.939)]
271;100;;;0;0,08;[411, 410, 412, 413];[(34.98, -11.939), (34.98, -12.557), (35.11, -12.557), (35.11, -11.939)]
272;1;;;0;0,91;[413, 412, 414, 415];[(35.11, -11.939), (35.11, -12.557), (36.58, -12.557), (36.58, -11.939)]
273;100;;;0;0,36;[415, 414, 416, 417];[(36.58, -11.939), (36.58, -12.557), (37.168, -12.557), (37.168, -11.939)]
274;100;;;0;0,21;[417, 416, 418, 419];[(37.168, -11.939), (37.168, -12.557), (37.509, -12.557), (37.509, -11.939)]
275;100;;;0;0,33;[419, 418, 420, 421];[(37.509, -11.939), (37.509, -12.557), (38.038, -12.557), (38.038, -11.939)]
276;100;;;0;1,54;[421, 420, 422, 423];[(38.038, -11.939), (38.038, -12.557), (40.53, -12.557), (40.53, -11.939)]
277;100;;;0;0,41;[423, 422, 424, 425];[(40.53, -11.939), (40.53, -12.557), (41.201, -12.557), (41.201, -11.939)]
278;100;;;0;1,66;[425, 424, 426, 427];[(41.201, -11.939), (41.201, -12.557), (43.883, -12.557), (43.883, -11.939)]
279;100;;;0;0,13;[427, 426, 428, 429];[(43.883, -11.939), (43.883, -12.557), (44.086, -12.557), (44.086, -11.939)]
280;100;;;0;2,10;[429, 428, 430, 431];[(44.086, -11.939), (44.086, -12.557), (47.479, -12.557), (47.479, -11.939)]
281;100;;;0;0,14;[431, 430, 432, 433];[(47.479, -11.939), (47.479, -12.557), (47.703, -12.557), (47.703, -11.939)]
282;100;;;0;2,34;[433, 432, 434, 435];[(47.703, -11.939), (47.703, -12.557), (51.482, -12.557), (51.482, -11.939)]
283;100;;;0;0,14;[435, 434, 436, 437];[(51.482, -11.939), (51.482, -12.557), (51.705, -12.557), (51.705, -11.939)]
284;100;;;0;1,97;[437, 436, 438, 439];[(51.705, -11.939), (51.705, -12.557), (54.895, -12.557), (54.895, -11.939)]
285;100;;;0;0,30;[439, 438, 440, 441];[(54.895, -11.939), (54.895, -12.557), (55.383, -12.557), (55.383, -11.939)]
286;100;;;0;14,54;[441, 440, 442, 443];[(55.383, -11.939), (55.383, -12.557), (78.891, -12.557), (78.891, -11.939)]
287;100;;;0;0,33;[443, 442, 444, 445];[(78.891, -11.939), (78.891, -12.557), (79.42, -12.557), (79.42, -11.939)]
288;100;;;0;3,65;[445, 444, 446, 447];[(79.42, -11.939), (79.42, -12.557), (85.329, -12.557), (85.329, -11.939)]
289;100;;;0;0,35;[447, 446, 448, 449];[(85.329, -11.939), (85.329, -12.557), (85.898, -12.557), (85.898, -11.939)]
290;100;;;0;1,69;[449, 448, 450, 451];[(85.898, -11.939), (85.898, -12.557), (88.624, -12.557), (88.624, -11.939)]
291;100;;;0;0,44;[451, 450, 452, 453];[(88.624, -11.939), (88.624, -12.557), (89.335, -12.557), (89.335, -11.939)]
292;100;;;0;4,70;[452, 450, 454, 455];[(89.335, -12.557), (88.624, -12.557), (88.624, -19.161), (89.335, -19.161)]
293;100;;;0;0,13;[455, 454, 456, 457];[(89.335, -19.161), (88.624, -19.161), (88.624, -19.344), (89.335, -19.344)]
294;100;;;0;3,58;[457, 456, 458, 459];[(89.335, -19.344), (88.624, -19.344), (88.624, -24.383), (89.335, -24.383)]
295;100;;;0;0,13;[459, 458, 460, 461];[(89.335, -24.383), (88.624, -24.383), (88.624, -24.566), (89.335, -24.566)]
296;100;;;0;4,77;[461, 460, 1409, 1411, 462, 463];[(89.335, -24.566), (88.624, -24.566), (88.624, -25.667), (88.624, -29.274), (88.624, -31.271), (89.335, -31.271)]
297;100;;;0;0,43;[463, 462, 464, 465];[(89.335, -31.271), (88.624, -31.271), (88.624, -31.88), (89.335, -31.88)]
298;100;;;0;1,66;[464, 462, 466, 467];[(88.624, -31.88), (88.624, -31.271), (85.901, -31.271), (85.901, -31.88)]
299;100;;;0;0,28;[467, 466, 468, 469];[(85.901, -31.88), (85.901, -31.271), (85.332, -31.271), (85.332, -31.657)]
300;100;;;0;0,29;[467, 469, 471, 470];[(85.901, -31.88), (85.332, -31.657), (85.332, -32.287), (85.901, -32.287)]
301;100;;;0;3,78;[471, 469, 472, 473];[(85.332, -32.287), (85.332, -31.657), (79.328, -31.657), (79.328, -32.287)]
302;100;;;0;0,34;[473, 472, 474, 475];[(79.328, -32.287), (79.328, -31.657), (78.79, -31.657), (78.79, -32.287)]
303;100;;;0;14,77;[475, 474, 476, 477];[(78.79, -32.287), (78.79, -31.657), (55.342, -31.657), (55.342, -32.287)]
304;100;;;0;0,35;[477, 476, 478, 479];[(55.342, -32.287), (55.342, -31.657), (54.794, -31.657), (54.794, -32.287)]
305;100;;;0;1,43;[479, 478, 480, 481];[(54.794, -32.287), (54.794, -31.657), (52.518, -31.657), (52.518, -32.287)]
306;100;;;0;0,46;[481, 480, 482, 483];[(52.518, -32.287), (52.518, -31.657), (51.787, -31.657), (51.787, -32.287)]
307;100;;;0;2,35;[482, 480, 484, 485];[(51.787, -31.657), (52.518, -31.657), (52.518, -28.446), (51.787, -28.446)]
308;100;;;0;0,56;[485, 484, 486, 487];[(51.787, -28.446), (52.518, -28.446), (52.518, -27.674), (51.787, -27.674)]
309;100;;;0;0,16;[485, 487, 489, 488];[(51.787, -28.446), (51.787, -27.674), (51.583, -27.674), (51.583, -28.446)]
310;100;;;0;0,14;[488, 489, 491, 490];[(51.583, -28.446), (51.583, -27.674), (51.401, -27.674), (51.401, -28.446)]
311;100;;;0;2,93;[490, 491, 493, 492];[(51.401, -28.446), (51.401, -27.674), (47.601, -27.674), (47.601, -28.446)]
312;100;;;0;0,11;[492, 493, 495, 494];[(47.601, -28.446), (47.601, -27.674), (47.459, -27.674), (47.459, -28.446)]
313;100;;;0;7,99;[494, 495, 497, 496];[(47.459, -28.446), (47.459, -27.674), (37.117, -27.674), (37.117, -28.446)]
314;100;;;0;0,39;[496, 497, 499, 500, 498];[(37.117, -28.446), (37.117, -27.674), (36.609, -27.674), (36.609, -27.883), (36.609, -28.446)]
315;100;;;0;3,74;[498, 500, 502, 501];[(36.609, -28.446), (36.609, -27.883), (29.97, -27.883), (29.97, -28.446)]
316;100;;;0;0,17;[501, 502, 504, 503];[(29.97, -28.446), (29.97, -27.883), (29.66, -27.883), (29.66, -28.446)]
317;100;;;0;4,08;[503, 504, 506, 505];[(29.66, -28.446), (29.66, -27.883), (22.405, -27.883), (22.405, -28.446)]
318;100;;;0;0,10;[505, 506, 508, 507];[(22.405, -28.446), (22.405, -27.883), (22.228, -27.883), (22.228, -28.446)]
319;100;;;0;3,74;[507, 508, 510, 509];[(22.228, -28.446), (22.228, -27.883), (15.585, -27.883), (15.585, -28.446)]
320;100;;;0;0,21;[509, 510, 512, 511];[(15.585, -28.446), (15.585, -27.883), (15.209, -27.883), (15.209, -28.446)]
321;100;;;0;4,10;[511, 512, 514, 513];[(15.209, -28.446), (15.209, -27.883), (7.93, -27.883), (7.93, -28.446)]
322;100;;;0;0,15;[513, 514, 516, 515];[(7.93, -28.446), (7.93, -27.883), (7.672, -27.883), (7.672, -28.446)]
323;100;;;0;1,71;[515, 516, 518, 517];[(7.672, -28.446), (7.672, -27.883), (4.638, -27.883), (4.638, -28.446)]
324;100;;;0;0,15;[517, 518, 520, 519];[(4.638, -28.446), (4.638, -27.883), (4.379, -27.883), (4.379, -28.446)]
325;100;;;0;3,98;[519, 520, 522, 521];[(4.379, -28.446), (4.379, -27.883), (-2.688, -27.883), (-2.688, -28.446)]
326;100;;;0;0,16;[521, 522, 524, 523];[(-2.688, -28.446), (-2.688, -27.883), (-2.97, -27.883), (-2.97, -28.446)]
327;100;;;0;3,89;[523, 524, 526, 525];[(-2.97, -28.446), (-2.97, -27.883), (-9.884, -27.883), (-9.884, -28.446)]
328;100;;;0;0,13;[525, 526, 528, 527];[(-9.884, -28.446), (-9.884, -27.883), (-10.119, -27.883), (-10.119, -28.446)]
329;100;;;0;1,92;[527, 528, 530, 529];[(-10.119, -28.446), (-10.119, -27.883), (-13.525, -27.883), (-13.525, -28.446)]
330;100;;;0;0,16;[529, 530, 532, 531];[(-13.525, -28.446), (-13.525, -27.883), (-13.805, -27.883), (-13.805, -28.446)]
331;100;;;0;1,86;[531, 532, 534, 533];[(-13.805, -28.446), (-13.805, -27.883), (-17.106, -27.883), (-17.106, -28.446)]
332;100;;;0;0,22;[533, 534, 536, 535];[(-17.106, -28.446), (-17.106, -27.883), (-17.492, -27.883), (-17.492, -28.446)]
333;100;;;0;6,03;[535, 536, 538, 537];[(-17.492, -28.446), (-17.492, -27.883), (-28.201, -27.883), (-28.201, -28.446)]
334;100;;;0;0,10;[537, 538, 540, 539];[(-28.201, -28.446), (-28.201, -27.883), (-28.376, -27.883), (-28.376, -28.446)]
335;100;;;0;1,82;[539, 540, 542, 541];[(-28.376, -28.446), (-28.376, -27.883), (-31.607, -27.883), (-31.607, -28.446)]
336;100;;;0;0,13;[541, 542, 544, 543];[(-31.607, -28.446), (-31.607, -27.883), (-31.83, -27.883), (-31.83, -28.446)]
337;100;;;0;1,82;[543, 544, 546, 545];[(-31.83, -28.446), (-31.83, -27.883), (-35.061, -27.883), (-35.061, -28.446)]
338;100;;;0;0,38;[545, 546, 548, 547];[(-35.061, -28.446), (-35.061, -27.883), (-35.732, -27.883), (-35.732, -28.446)]
339;100;;;0;7,26;[545, 547, 550, 549];[(-35.061, -28.446), (-35.732, -28.446), (-35.732, -39.276), (-35.061, -39.276)]
340;100;;;0;0,54;[549, 550, 552, 551];[(-35.061, -39.276), (-35.732, -39.276), (-35.732, -40.089), (-35.061, -40.089)]
341;100;;;0;4,87;[552, 550, 553, 554];[(-35.732, -40.089), (-35.732, -39.276), (-41.726, -39.276), (-41.726, -40.089)]
342;100;;;0;0,31;[554, 553, 555, 556];[(-41.726, -40.089), (-41.726, -39.276), (-42.112, -39.276), (-42.112, -40.089)]
343;100;;;0;6,37;[556, 555, 557, 558];[(-42.112, -40.089), (-42.112, -39.276), (-49.955, -39.276), (-49.955, -40.089)]
344;100;;;0;0,63;[558, 557, 559, 560];[(-49.955, -40.089), (-49.955, -39.276), (-50.727, -39.276), (-50.727, -40.089)]
345;100;;;0;10,92;[559, 557, 561, 562];[(-50.727, -39.276), (-49.955, -39.276), (-49.955, -25.134), (-50.727, -25.134)]
346;100;;;0;0,27;[562, 561, 563, 564];[(-50.727, -25.134), (-49.955, -25.134), (-49.955, -24.789), (-50.727, -24.789)]
347;100;;;0;4,63;[564, 563, 565, 566];[(-50.727, -24.789), (-49.955, -24.789), (-49.955, -18.795), (-50.727, -18.795)]
348;100;;;0;0,27;[566, 565, 567, 568];[(-50.727, -18.795), (-49.955, -18.795), (-49.955, -18.45), (-50.727, -18.45)]
349;100;;;0;4,52;[325, 568, 567, 326];[(-50.633, -12.557), (-50.727, -18.45), (-49.955, -18.45), (-49.872, -12.557)]
350;100;;;0;3,51;[337, 339, 570, 569];[(-41.409, -11.939), (-40.774, -11.939), (-40.774, -6.404), (-41.409, -6.404)]
351;100;;;0;0,46;[569, 570, 572, 646, 571];[(-41.409, -6.404), (-40.774, -6.404), (-40.774, -5.673), (-41.186, -5.673), (-41.409, -5.673)]
352;100;;;0;3,91;[572, 570, 573, 574];[(-40.774, -5.673), (-40.774, -6.404), (-35.435, -6.404), (-35.435, -5.673)]
353;100;;;0;0,61;[574, 573, 575, 576];[(-35.435, -5.673), (-35.435, -6.404), (-34.606, -6.404), (-34.606, -5.673)]
354;100;;;0;2,49;[574, 576, 578, 577];[(-35.435, -5.673), (-34.606, -5.673), (-34.606, -2.674), (-35.435, -2.674)]
355;100;;;0;0,27;[577, 578, 580, 579];[(-35.435, -2.674), (-34.606, -2.674), (-34.606, -2.349), (-35.435, -2.349)]
356;100;;;0;1,79;[579, 580, 582, 581];[(-35.435, -2.349), (-34.606, -2.349), (-34.606, -0.187), (-35.435, -0.187)]
357;100;;;0;0,32;[581, 582, 584, 583];[(-35.435, -0.187), (-34.606, -0.187), (-34.606, 0.203), (-35.435, 0.203)]
358;100;;;0;24,40;[583, 584, 586, 585];[(-35.435, 0.203), (-34.606, 0.203), (-34.606, 29.638), (-35.435, 29.638)]
359;100;;;0;0,41;[585, 586, 588, 587];[(-35.435, 29.638), (-34.606, 29.638), (-34.606, 30.135), (-35.435, 30.135)]
360;100;;;0;2,07;[587, 588, 590, 589];[(-35.435, 30.135), (-34.606, 30.135), (-34.606, 32.637), (-35.435, 32.637)]
361;100;;;0;0,58;[589, 590, 592, 591];[(-35.435, 32.637), (-34.606, 32.637), (-34.606, 33.331), (-35.435, 33.331)]
362;100;;;0;3,57;[589, 591, 594, 593];[(-35.435, 32.637), (-35.435, 33.331), (-40.585, 33.331), (-40.585, 32.637)]
363;100;;;0;0,24;[593, 594, 596, 595];[(-40.585, 32.637), (-40.585, 33.331), (-40.926, 33.331), (-40.926, 32.637)]
364;100;;;0;2,04;[595, 596, 598, 597];[(-40.926, 32.637), (-40.926, 33.331), (-43.866, 33.331), (-43.866, 32.637)]
365;100;;;0;0,21;[597, 598, 600, 599];[(-43.866, 32.637), (-43.866, 33.331), (-44.171, 33.331), (-44.171, 32.637)]
366;100;;;0;4,72;[330, 334, 602, 601];[(-44.549, -11.939), (-43.695, -11.939), (-43.695, -6.404), (-44.549, -6.404)]
367;100;;;0;0,67;[601, 602, 604, 645, 603];[(-44.549, -6.404), (-43.695, -6.404), (-43.695, -5.624), (-43.956, -5.624), (-44.549, -5.624)]
368;100;;;0;4,03;[601, 603, 606, 605];[(-44.549, -6.404), (-44.549, -5.624), (-49.718, -5.624), (-49.718, -6.404)]
369;100;;;0;0,63;[605, 606, 608, 607];[(-49.718, -6.404), (-49.718, -5.624), (-50.522, -5.624), (-50.522, -6.404)]
370;100;;;0;4,51;[608, 606, 609, 610];[(-50.522, -5.624), (-49.718, -5.624), (-49.718, -0.016), (-50.522, -0.016)]
371;100;;;0;0,33;[610, 609, 611, 612];[(-50.522, -0.016), (-49.718, -0.016), (-49.718, 0.398), (-50.522, 0.398)]
372;100;;;0;23,70;[612, 611, 613, 614];[(-50.522, 0.398), (-49.718, 0.398), (-49.718, 29.856), (-50.522, 29.856)]
373;100;;;0;0,33;[614, 613, 615, 616];[(-50.522, 29.856), (-49.718, 29.856), (-49.718, 30.262), (-50.522, 30.262)]
374;100;;;0;1,88;[616, 615, 617, 618];[(-50.522, 30.262), (-49.718, 30.262), (-49.718, 32.599), (-50.522, 32.599)]
375;100;;;0;0,59;[618, 617, 619, 620];[(-50.522, 32.599), (-49.718, 32.599), (-49.718, 33.331), (-50.522, 33.331)]
376;100;;;0;3,95;[600, 619, 617, 599];[(-44.171, 33.331), (-49.718, 33.331), (-49.718, 32.599), (-44.171, 32.637)]
377;100;;;0;2,23;[615, 613, 621, 622];[(-49.718, 30.262), (-49.718, 29.856), (-44.232, 29.856), (-44.232, 30.262)]
378;100;;;0;0,14;[622, 621, 623, 624];[(-44.232, 30.262), (-44.232, 29.856), (-43.886, 29.856), (-43.886, 30.262)]
379;100;;;0;0,77;[599, 622, 624, 597];[(-44.171, 32.637), (-44.232, 30.262), (-43.886, 30.262), (-43.866, 32.637)]
380;100;;;0;0,49;[593, 595, 626, 625];[(-40.585, 32.637), (-40.926, 32.637), (-40.926, 31.194), (-40.585, 31.194)]
381;2;;;0;0,33;[625, 626, 628, 627];[(-40.585, 31.194), (-40.926, 31.194), (-40.926, 30.239), (-40.585, 30.239)]
382;100;;;0;0,03;[627, 628, 630, 629];[(-40.585, 30.239), (-40.926, 30.239), (-40.926, 30.138), (-40.585, 30.138)]
383;100;;;0;0,12;[629, 630, 632, 631];[(-40.585, 30.138), (-40.926, 30.138), (-40.926, 29.772), (-40.585, 29.772)]
384;100;;;0;1,14;[623, 632, 630, 624];[(-43.886, 29.856), (-40.926, 29.772), (-40.926, 30.138), (-43.886, 30.262)]
385;100;;;0;2,22;[587, 629, 631, 585];[(-35.435, 30.135), (-40.585, 30.138), (-40.585, 29.772), (-35.435, 29.638)]
386;100;;;0;2,41;[611, 609, 633, 634];[(-49.718, 0.398), (-49.718, -0.016), (-43.915, -0.016), (-43.915, 0.398)]
387;100;;;0;0,13;[634, 633, 635, 636];[(-43.915, 0.398), (-43.915, -0.016), (-43.598, -0.016), (-43.598, 0.398)]
388;100;;;0;0,91;[636, 635, 637, 638];[(-43.598, 0.398), (-43.598, -0.016), (-41.402, -0.016), (-41.402, 0.398)]
389;100;;;0;0,19;[638, 637, 639, 640];[(-41.402, 0.398), (-41.402, -0.016), (-40.942, -0.016), (-40.942, 0.398)]
390;100;;;0;2,22;[583, 640, 639, 581];[(-35.435, 0.203), (-40.942, 0.398), (-40.942, -0.016), (-35.435, -0.187)]
391;100;;;0;0,75;[635, 633, 641, 642];[(-43.598, -0.016), (-43.915, -0.016), (-43.915, -2.381), (-43.598, -2.381)]
392;1;;;0;0,30;[642, 641, 643, 644];[(-43.598, -2.381), (-43.915, -2.381), (-43.915, -3.332), (-43.598, -3.332)]
393;100;;;0;0,66;[643, 645, 604, 644];[(-43.915, -3.332), (-43.956, -5.624), (-43.695, -5.624), (-43.598, -3.332)]
394;100;;;0;0,23;[571, 646, 648, 647];[(-41.409, -5.673), (-41.186, -5.673), (-41.186, -4.629), (-41.409, -4.629)]
395;1;;;0;0,23;[647, 648, 650, 649];[(-41.409, -4.629), (-41.186, -4.629), (-41.186, -3.599), (-41.409, -3.599)]
396;100;;;0;0,21;[649, 650, 652, 651];[(-41.409, -3.599), (-41.186, -3.599), (-41.186, -2.653), (-41.409, -2.653)]
397;100;;;0;1,91;[579, 656, 655, 577];[(-35.435, -2.349), (-40.96, -2.286), (-40.96, -2.653), (-35.435, -2.674)]
398;100;;;0;0,12;[653, 656, 657, 654];[(-41.409, -2.286), (-40.96, -2.286), (-40.96, -2.018), (-41.409, -2.018)]
399;100;;;0;0,16;[652, 655, 656, 653, 651];[(-41.186, -2.653), (-40.96, -2.653), (-40.96, -2.286), (-41.409, -2.286), (-41.409, -2.653)]
400;1;;;0;0,47;[654, 657, 659, 658];[(-41.409, -2.018), (-40.96, -2.018), (-40.96, -0.974), (-41.409, -0.974)]
401;100;;;0;0,44;[637, 658, 659, 639];[(-41.402, -0.016), (-41.409, -0.974), (-40.96, -0.974), (-40.942, -0.016)]
402;100;;;0;1,04;[567, 565, 660, 661];[(-49.955, -18.45), (-49.955, -18.795), (-46.958, -18.795), (-46.958, -18.45)]
403;1;;;0;0,51;[661, 660, 662, 663];[(-46.958, -18.45), (-46.958, -18.795), (-45.468, -18.795), (-45.468, -18.45)]
404;100;;;0;0,54;[663, 662, 664, 665];[(-45.468, -18.45), (-45.468, -18.795), (-43.91, -18.795), (-43.91, -18.45)]
405;100;;;0;0,06;[665, 664, 666, 667];[(-43.91, -18.45), (-43.91, -18.795), (-43.74, -18.795), (-43.74, -18.45)]
406;100;;;0;0,07;[667, 666, 668, 669];[(-43.74, -18.45), (-43.74, -18.795), (-43.537, -18.795), (-43.537, -18.45)]
407;1;;;0;0,60;[669, 668, 670, 671];[(-43.537, -18.45), (-43.537, -18.795), (-41.81, -18.795), (-41.81, -18.45)]
408;100;;;0;0,08;[671, 670, 672, 673];[(-41.81, -18.45), (-41.81, -18.795), (-41.573, -18.795), (-41.573, -18.45)]
409;100;;;0;0,05;[673, 672, 674, 675];[(-41.573, -18.45), (-41.573, -18.795), (-41.438, -18.795), (-41.438, -18.45)]
410;100;;;0;1,01;[675, 674, 676, 677];[(-41.438, -18.45), (-41.438, -18.795), (-38.508, -18.795), (-38.508, -18.45)]
411;100;;;0;0,17;[677, 676, 678, 679];[(-38.508, -18.45), (-38.508, -18.795), (-38.017, -18.795), (-38.017, -18.45)]
412;100;;;0;0,08;[678, 676, 680, 681];[(-38.017, -18.795), (-38.508, -18.795), (-38.508, -18.964), (-38.017, -18.964)]
413;100;;;0;0,05;[678, 681, 683, 682];[(-38.017, -18.795), (-38.017, -18.964), (-37.735, -18.964), (-37.735, -18.795)]
414;1;;;0;0,34;[682, 683, 685, 684];[(-37.735, -18.795), (-37.735, -18.964), (-35.732, -18.964), (-35.732, -18.795)]
415;100;;;0;0,36;[684, 688, 690, 691, 686];[(-35.732, -18.795), (-34.984, -18.795), (-34.984, -18.315), (-35.414, -18.315), (-35.732, -18.315)]
416;100;;;0;2,34;[344, 1407, 1406, 691, 690, 346];[(-35.342, -12.557), (-35.358, -13.821), (-35.404, -17.546), (-35.414, -18.315), (-34.984, -18.315), (-34.961, -12.557)]
417;100;;;0;0,13;[687, 689, 688, 684, 685];[(-35.435, -18.964), (-34.984, -18.964), (-34.984, -18.795), (-35.732, -18.795), (-35.732, -18.964)]
418;100;;;0;2,74;[340, 677, 679, 1405, 1408, 342];[(-38.475, -12.557), (-38.508, -18.45), (-38.017, -18.45), (-38.02, -17.546), (-38.033, -13.821), (-38.037, -12.557)]
419;100;;;0;0,27;[688, 689, 693, 692];[(-34.984, -18.795), (-34.984, -18.964), (-33.392, -18.964), (-33.392, -18.795)]
420;1;;;0;0,16;[692, 693, 695, 694];[(-33.392, -18.795), (-33.392, -18.964), (-32.461, -18.964), (-32.461, -18.795)]
421;100;;;0;0,12;[694, 695, 697, 696];[(-32.461, -18.795), (-32.461, -18.964), (-31.75, -18.964), (-31.75, -18.795)]
422;100;;;0;0,06;[703, 701, 700, 696, 697, 702];[(-31.614, -19.082), (-31.614, -18.638), (-31.75, -18.638), (-31.75, -18.795), (-31.75, -18.964), (-31.75, -19.082)]
423;100;;;0;0,38;[705, 704, 706, 707];[(-29.018, -18.638), (-29.018, -19.082), (-28.165, -19.082), (-28.165, -18.638)]
424;100;;;0;0,73;[701, 703, 698, 699];[(-31.614, -18.638), (-31.614, -19.082), (-29.968, -19.082), (-29.968, -18.638)]
425;1;;;0;0,42;[699, 698, 704, 705];[(-29.968, -18.638), (-29.968, -19.082), (-29.018, -19.082), (-29.018, -18.638)]
426;100;;;0;0,10;[707, 706, 708, 709];[(-28.165, -18.638), (-28.165, -19.082), (-27.95, -19.082), (-27.95, -18.638)]
427;100;;;0;3,21;[709, 708, 710, 711];[(-27.95, -18.638), (-27.95, -19.082), (-20.718, -19.082), (-20.718, -18.638)]
428;100;;;0;0,12;[711, 710, 712, 713];[(-20.718, -18.638), (-20.718, -19.082), (-20.454, -19.082), (-20.454, -18.638)]
429;100;;;0;0,10;[713, 712, 714, 715];[(-20.454, -18.638), (-20.454, -19.082), (-20.238, -19.082), (-20.238, -18.638)]
430;1;;;0;0,54;[715, 714, 716, 717];[(-20.238, -18.638), (-20.238, -19.082), (-19.013, -19.082), (-19.013, -18.638)]
431;100;;;0;0,76;[717, 716, 718, 719];[(-19.013, -18.638), (-19.013, -19.082), (-17.307, -19.082), (-17.307, -18.638)]
432;100;;;0;0,16;[719, 718, 720, 721];[(-17.307, -18.638), (-17.307, -19.082), (-16.946, -19.082), (-16.946, -18.638)]
433;100;;;0;0,36;[721, 720, 722, 723];[(-16.946, -18.638), (-16.946, -19.082), (-16.142, -19.082), (-16.142, -18.638)]
434;1;;;0;0,51;[723, 722, 724, 725];[(-16.142, -18.638), (-16.142, -19.082), (-14.986, -19.082), (-14.986, -18.638)]
435;100;;;0;0,51;[725, 724, 726, 727];[(-14.986, -18.638), (-14.986, -19.082), (-13.84, -19.082), (-13.84, -18.638)]
436;100;;;0;0,10;[727, 726, 728, 729];[(-13.84, -18.638), (-13.84, -19.082), (-13.618, -19.082), (-13.618, -18.638)]
437;100;;;0;3,68;[729, 728, 730, 731];[(-13.618, -18.638), (-13.618, -19.082), (-5.319, -19.082), (-5.319, -18.638)]
438;1;;;0;0,67;[731, 730, 732, 733];[(-5.319, -18.638), (-5.319, -19.082), (-3.8, -19.082), (-3.8, -18.638)]
439;100;;;0;0,39;[733, 732, 734, 735];[(-3.8, -18.638), (-3.8, -19.082), (-2.918, -19.082), (-2.918, -18.638)]
440;100;;;0;0,10;[735, 734, 736, 737];[(-2.918, -18.638), (-2.918, -19.082), (-2.693, -19.082), (-2.693, -18.638)]
441;100;;;0;1,54;[737, 736, 738, 739];[(-2.693, -18.638), (-2.693, -19.082), (0.786, -19.082), (0.786, -18.638)]
442;100;;;0;0,08;[739, 738, 740, 741];[(0.786, -18.638), (0.786, -19.082), (0.972, -19.082), (0.972, -18.638)]
443;100;;;0;2,40;[741, 740, 742, 743];[(0.972, -18.638), (0.972, -19.082), (6.391, -19.082), (6.391, -18.638)]
444;1;;;0;0,36;[743, 742, 744, 745];[(6.391, -18.638), (6.391, -19.082), (7.204, -19.082), (7.204, -18.638)]
445;100;;;0;0,52;[745, 744, 746, 747];[(7.204, -18.638), (7.204, -19.082), (8.38, -19.082), (8.38, -18.638)]
446;100;;;0;0,08;[747, 746, 748, 749];[(8.38, -18.638), (8.38, -19.082), (8.556, -19.082), (8.556, -18.638)]
447;100;;;0;0,63;[749, 748, 750, 751];[(8.556, -18.638), (8.556, -19.082), (9.977, -19.082), (9.977, -18.638)]
448;1;;;0;0,41;[751, 750, 752, 753];[(9.977, -18.638), (9.977, -19.082), (10.898, -19.082), (10.898, -18.638)]
449;100;;;0;0,38;[753, 752, 754, 755];[(10.898, -18.638), (10.898, -19.082), (11.76, -19.082), (11.76, -18.638)]
450;100;;;0;0,07;[755, 754, 756, 757];[(11.76, -18.638), (11.76, -19.082), (11.907, -19.082), (11.907, -18.638)]
451;100;;;0;0,66;[757, 756, 758, 759];[(11.907, -18.638), (11.907, -19.082), (13.397, -19.082), (13.397, -18.638)]
452;1;;;0;0,40;[759, 758, 760, 761];[(13.397, -18.638), (13.397, -19.082), (14.308, -19.082), (14.308, -18.638)]
453;100;;;0;0,47;[761, 760, 762, 763];[(14.308, -18.638), (14.308, -19.082), (15.357, -19.082), (15.357, -18.638)]
454;100;;;0;0,18;[763, 762, 764, 765];[(15.357, -18.638), (15.357, -19.082), (15.758, -19.082), (15.758, -18.638)]
455;100;;;0;0,55;[765, 764, 766, 767];[(15.758, -18.638), (15.758, -19.082), (16.993, -19.082), (16.993, -18.638)]
456;1;;;0;0,40;[767, 766, 768, 769];[(16.993, -18.638), (16.993, -19.082), (17.904, -19.082), (17.904, -18.638)]
457;100;;;0;0,47;[769, 768, 770, 771];[(17.904, -18.638), (17.904, -19.082), (18.953, -19.082), (18.953, -18.638)]
458;100;;;0;0,10;[771, 770, 772, 773];[(18.953, -18.638), (18.953, -19.082), (19.188, -19.082), (19.188, -18.638)]
459;100;;;0;1,93;[773, 772, 774, 775];[(19.188, -18.638), (19.188, -19.082), (23.529, -19.082), (23.529, -18.638)]
460;1;;;0;0,64;[775, 774, 776, 777];[(23.529, -18.638), (23.529, -19.082), (24.979, -19.082), (24.979, -18.638)]
461;100;;;0;0,54;[777, 776, 778, 779];[(24.979, -18.638), (24.979, -19.082), (26.204, -19.082), (26.204, -18.638)]
462;100;;;0;0,09;[779, 778, 780, 781];[(26.204, -18.638), (26.204, -19.082), (26.4, -19.082), (26.4, -18.638)]
463;100;;;0;0,64;[781, 780, 782, 783];[(26.4, -18.638), (26.4, -19.082), (27.85, -19.082), (27.85, -18.638)]
464;1;;;0;0,41;[783, 782, 784, 785];[(27.85, -18.638), (27.85, -19.082), (28.781, -19.082), (28.781, -18.638)]
465;100;;;0;0,35;[785, 784, 786, 787];[(28.781, -18.638), (28.781, -19.082), (29.574, -19.082), (29.574, -18.638)]
466;100;;;0;0,09;[787, 786, 788, 789];[(29.574, -18.638), (29.574, -19.082), (29.78, -19.082), (29.78, -18.638)]
467;100;;;0;0,06;[789, 788, 790, 791];[(29.78, -18.638), (29.78, -19.082), (29.921, -19.082), (29.921, -18.638)]
468;100;;;0;1,05;[400, 789, 791, 402];[(29.745, -12.557), (29.78, -18.638), (29.921, -18.638), (29.948, -12.557)]
469;100;;;0;0,08;[788, 786, 792, 793];[(29.78, -19.082), (29.574, -19.082), (29.574, -19.494), (29.78, -19.494)]
470;1;;;0;0,38;[793, 792, 794, 795];[(29.78, -19.494), (29.574, -19.494), (29.574, -21.363), (29.78, -21.363)]
471;100;;;0;1,82;[548, 546, 796, 797];[(-35.732, -27.883), (-35.061, -27.883), (-35.061, -25.174), (-35.732, -25.174)]
472;100;;;0;0,26;[797, 796, 798, 816, 799];[(-35.732, -25.174), (-35.061, -25.174), (-35.061, -24.785), (-35.502, -24.785), (-35.732, -24.785)]
473;100;;;0;1,49;[797, 799, 801, 800];[(-35.732, -25.174), (-35.732, -24.785), (-39.558, -24.785), (-39.558, -25.174)]
474;1;;;0;0,62;[800, 801, 803, 802];[(-39.558, -25.174), (-39.558, -24.785), (-41.15, -24.785), (-41.15, -25.174)]
475;100;;;0;0,18;[802, 803, 805, 804];[(-41.15, -25.174), (-41.15, -24.785), (-41.607, -24.785), (-41.607, -25.174)]
476;100;;;0;0,15;[804, 805, 807, 806];[(-41.607, -25.174), (-41.607, -24.785), (-41.98, -24.785), (-41.98, -25.174)]
477;100;;;0;0,23;[563, 561, 808, 809];[(-49.955, -24.789), (-49.955, -25.134), (-49.294, -25.134), (-49.294, -24.789)]
478;1;;;0;0,49;[809, 808, 810, 811];[(-49.294, -24.789), (-49.294, -25.134), (-47.872, -25.134), (-47.872, -24.789)]
479;100;;;0;1,35;[811, 810, 812, 813];[(-47.872, -24.789), (-47.872, -25.134), (-43.961, -25.134), (-43.961, -24.789)]
480;1;;;0;0,53;[813, 812, 814, 815];[(-43.961, -24.789), (-43.961, -25.134), (-42.437, -25.134), (-42.437, -24.789)]
481;100;;;0;0,17;[807, 815, 814, 806];[(-41.98, -24.785), (-42.437, -24.789), (-42.437, -25.134), (-41.98, -25.174)]
482;100;;;0;1,30;[816, 798, 817, 818];[(-35.502, -24.785), (-35.061, -24.785), (-35.061, -21.839), (-35.502, -21.839)]
483;100;;;0;0,17;[818, 817, 819, 820];[(-35.502, -21.839), (-35.061, -21.839), (-35.061, -21.449), (-35.502, -21.449)]
484;100;;;0;0,45;[819, 817, 821, 822];[(-35.061, -21.449), (-35.061, -21.839), (-33.893, -21.839), (-33.893, -21.449)]
485;1;;;0;0,36;[822, 821, 823, 824];[(-33.893, -21.449), (-33.893, -21.839), (-32.961, -21.839), (-32.961, -21.449)]
486;100;;;0;0,45;[824, 823, 825, 826];[(-32.961, -21.449), (-32.961, -21.839), (-31.81, -21.839), (-31.81, -21.449)]
487;100;;;0;0,07;[826, 825, 827, 828];[(-31.81, -21.449), (-31.81, -21.839), (-31.641, -21.839), (-31.641, -21.449)]
488;100;;;0;0,47;[828, 827, 829, 830];[(-31.641, -21.449), (-31.641, -21.839), (-30.422, -21.839), (-30.422, -21.449)]
489;1;;;0;0,36;[830, 829, 831, 832];[(-30.422, -21.449), (-30.422, -21.839), (-29.49, -21.839), (-29.49, -21.449)]
490;100;;;0;0,45;[832, 831, 833, 834];[(-29.49, -21.449), (-29.49, -21.839), (-28.344, -21.839), (-28.344, -21.449)]
491;100;;;0;0,06;[834, 833, 835, 836];[(-28.344, -21.449), (-28.344, -21.839), (-28.187, -21.839), (-28.187, -21.449)]
492;100;;;0;0,53;[836, 835, 837, 838];[(-28.187, -21.449), (-28.187, -21.839), (-26.815, -21.839), (-26.815, -21.449)]
493;1;;;0;0,56;[838, 837, 839, 840];[(-26.815, -21.449), (-26.815, -21.839), (-25.385, -21.839), (-25.385, -21.449)]
494;100;;;0;3,10;[840, 839, 841, 842];[(-25.385, -21.449), (-25.385, -21.839), (-17.418, -21.839), (-17.418, -21.449)]
495;100;;;0;0,16;[842, 841, 843, 844];[(-17.418, -21.449), (-17.418, -21.839), (-17.017, -21.839), (-17.017, -21.449)]
496;100;;;0;0,38;[844, 843, 845, 846];[(-17.017, -21.449), (-17.017, -21.839), (-16.037, -21.839), (-16.037, -21.449)]
497;1;;;0;0,35;[846, 845, 847, 848];[(-16.037, -21.449), (-16.037, -21.839), (-15.126, -21.839), (-15.126, -21.449)]
498;100;;;0;0,50;[848, 847, 849, 850];[(-15.126, -21.449), (-15.126, -21.839), (-13.842, -21.839), (-13.842, -21.449)]
499;100;;;0;0,10;[850, 849, 851, 852];[(-13.842, -21.449), (-13.842, -21.839), (-13.597, -21.839), (-13.597, -21.449)]
500;100;;;0;0,40;[852, 851, 853, 854];[(-13.597, -21.449), (-13.597, -21.839), (-12.558, -21.839), (-12.558, -21.449)]
501;1;;;0;0,36;[854, 853, 855, 856];[(-12.558, -21.449), (-12.558, -21.839), (-11.627, -21.839), (-11.627, -21.449)]
502;100;;;0;0,60;[856, 855, 857, 858];[(-11.627, -21.449), (-11.627, -21.839), (-10.089, -21.839), (-10.089, -21.449)]
503;100;;;0;0,07;[858, 857, 859, 860];[(-10.089, -21.449), (-10.089, -21.839), (-9.913, -21.839), (-9.913, -21.449)]
504;100;;;0;0,39;[860, 859, 861, 862];[(-9.913, -21.449), (-9.913, -21.839), (-8.923, -21.839), (-8.923, -21.449)]
505;1;;;0;0,55;[862, 861, 863, 864];[(-8.923, -21.449), (-8.923, -21.839), (-7.522, -21.839), (-7.522, -21.449)]
506;100;;;0;1,81;[864, 863, 865, 866];[(-7.522, -21.449), (-7.522, -21.839), (-2.865, -21.839), (-2.865, -21.449)]
507;100;;;0;0,07;[866, 865, 867, 868];[(-2.865, -21.449), (-2.865, -21.839), (-2.677, -21.839), (-2.677, -21.449)]
508;100;;;0;0,38;[868, 867, 869, 870];[(-2.677, -21.449), (-2.677, -21.839), (-1.69, -21.839), (-1.69, -21.449)]
509;1;;;0;0,56;[870, 869, 871, 872];[(-1.69, -21.449), (-1.69, -21.839), (-0.255, -21.839), (-0.255, -21.449)]
510;100;;;0;1,81;[872, 871, 873, 874];[(-0.255, -21.449), (-0.255, -21.839), (4.401, -21.839), (4.401, -21.449)]
511;100;;;0;0,10;[874, 873, 875, 876];[(4.401, -21.449), (4.401, -21.839), (4.66, -21.839), (4.66, -21.449)]
512;100;;;0;0,31;[876, 875, 877, 878];[(4.66, -21.449), (4.66, -21.839), (5.459, -21.839), (5.459, -21.449)]
513;1;;;0;0,43;[878, 877, 879, 880];[(5.459, -21.449), (5.459, -21.839), (6.553, -21.839), (6.553, -21.449)]
514;100;;;0;0,45;[880, 879, 881, 882];[(6.553, -21.449), (6.553, -21.839), (7.717, -21.839), (7.717, -21.449)]
515;100;;;0;0,10;[882, 881, 883, 884];[(7.717, -21.449), (7.717, -21.839), (7.976, -21.839), (7.976, -21.449)]
516;100;;;0;0,41;[884, 883, 885, 886];[(7.976, -21.449), (7.976, -21.839), (9.034, -21.839), (9.034, -21.449)]
517;1;;;0;0,33;[886, 885, 887, 888];[(9.034, -21.449), (9.034, -21.839), (9.892, -21.839), (9.892, -21.449)]
518;100;;;0;1,07;[888, 887, 889, 890];[(9.892, -21.449), (9.892, -21.839), (12.644, -21.839), (12.644, -21.449)]
519;1;;;0;0,57;[890, 889, 891, 892];[(12.644, -21.449), (12.644, -21.839), (14.114, -21.839), (14.114, -21.449)]
520;100;;;0;0,43;[892, 891, 893, 894];[(14.114, -21.449), (14.114, -21.839), (15.207, -21.839), (15.207, -21.449)]
521;100;;;0;0,16;[894, 893, 895, 896];[(15.207, -21.449), (15.207, -21.839), (15.63, -21.839), (15.63, -21.449)]
522;100;;;0;0,33;[896, 895, 897, 898];[(15.63, -21.449), (15.63, -21.839), (16.477, -21.839), (16.477, -21.449)]
523;1;;;0;0,63;[898, 897, 899, 900];[(16.477, -21.449), (16.477, -21.839), (18.1, -21.839), (18.1, -21.449)]
524;100;;;0;1,61;[900, 899, 901, 902];[(18.1, -21.449), (18.1, -21.839), (22.227, -21.839), (22.227, -21.449)]
525;100;;;0;0,08;[902, 901, 903, 904];[(22.227, -21.449), (22.227, -21.839), (22.439, -21.839), (22.439, -21.449)]
526;100;;;0;0,45;[904, 903, 905, 906];[(22.439, -21.449), (22.439, -21.839), (23.591, -21.839), (23.591, -21.449)]
527;1;;;0;0,56;[906, 905, 907, 908];[(23.591, -21.449), (23.591, -21.839), (25.037, -21.839), (25.037, -21.449)]
528;100;;;0;1,77;[908, 907, 909, 910];[(25.037, -21.449), (25.037, -21.839), (29.588, -21.839), (29.588, -21.449)]
529;100;;;0;0,07;[910, 909, 911, 912];[(29.588, -21.449), (29.588, -21.839), (29.739, -21.839), (29.788, -21.449)]
530;100;;;0;0,10;[912, 911, 913, 914];[(29.788, -21.449), (29.739, -21.839), (30.011, -21.839), (30.011, -21.449)]
531;100;;;0;0,02;[794, 910, 912, 795];[(29.574, -21.363), (29.588, -21.449), (29.788, -21.449), (29.78, -21.363)]
532;100;;;0;1,76;[502, 913, 911, 504];[(29.97, -27.883), (30.011, -21.839), (29.739, -21.839), (29.66, -27.883)]
533;100;;;0;1,17;[506, 903, 901, 508];[(22.405, -27.883), (22.439, -21.839), (22.227, -21.839), (22.228, -27.883)]
534;100;;;0;2,42;[510, 895, 893, 512];[(15.585, -27.883), (15.63, -21.839), (15.207, -21.839), (15.209, -27.883)]
535;100;;;0;1,56;[514, 883, 881, 516];[(7.93, -27.883), (7.976, -21.839), (7.717, -21.839), (7.672, -27.883)]
536;100;;;0;1,56;[518, 875, 873, 520];[(4.638, -27.883), (4.66, -21.839), (4.401, -21.839), (4.379, -27.883)]
537;100;;;0;1,42;[522, 867, 865, 524];[(-2.688, -27.883), (-2.677, -21.839), (-2.865, -21.839), (-2.97, -27.883)]
538;100;;;0;1,24;[526, 859, 857, 528];[(-9.884, -27.883), (-9.913, -21.839), (-10.089, -21.839), (-10.119, -27.883)]
539;100;;;0;1,59;[530, 851, 849, 532];[(-13.525, -27.883), (-13.597, -21.839), (-13.842, -21.839), (-13.805, -27.883)]
540;100;;;0;2,38;[534, 843, 841, 536];[(-17.106, -27.883), (-17.017, -21.839), (-17.418, -21.839), (-17.492, -27.883)]
541;100;;;0;0,15;[835, 833, 915, 916];[(-28.187, -21.839), (-28.344, -21.839), (-28.344, -22.77), (-28.187, -22.77)]
542;8;;;0;0,13;[916, 915, 917, 918];[(-28.187, -22.77), (-28.344, -22.77), (-28.344, -23.602), (-28.187, -23.602)]
543;100;;;0;0,71;[538, 918, 917, 540];[(-28.201, -27.883), (-28.187, -23.602), (-28.344, -23.602), (-28.376, -27.883)]
544;100;;;0;1,19;[542, 827, 825, 544];[(-31.607, -27.883), (-31.641, -21.839), (-31.81, -21.839), (-31.83, -27.883)]
545;100;;;0;5,35;[553, 804, 806, 555];[(-41.726, -39.276), (-41.607, -25.174), (-41.98, -25.174), (-42.112, -39.276)]
546;100;;;0;0,74;[333, 331, 919, 920];[(-43.695, -12.557), (-43.922, -12.557), (-43.922, -16.593), (-43.78, -16.593)]
547;100;;;0;0,04;[920, 919, 921, 922];[(-43.78, -16.593), (-43.922, -16.593), (-43.922, -16.847), (-43.78, -16.847)]
548;100;;;0;0,25;[667, 922, 921, 665];[(-43.74, -18.45), (-43.78, -16.847), (-43.922, -16.847), (-43.91, -18.45)]
549;100;;;0;0,14;[920, 922, 924, 923];[(-43.78, -16.593), (-43.78, -16.847), (-43.23, -16.847), (-43.23, -16.593)]
550;1;;;0;0,32;[923, 924, 926, 925];[(-43.23, -16.593), (-43.23, -16.847), (-41.974, -16.847), (-41.974, -16.593)]
551;100;;;0;0,06;[673, 675, 928, 927];[(-41.573, -18.45), (-41.438, -18.45), (-41.438, -17.97), (-41.573, -17.97)]
552;1;;;0;0,12;[927, 928, 930, 929];[(-41.573, -17.97), (-41.438, -17.97), (-41.438, -17.081), (-41.573, -17.081)]
553;100;;;0;0,03;[929, 930, 932, 931];[(-41.573, -17.081), (-41.438, -17.081), (-41.438, -16.869), (-41.573, -16.869)]
554;100;;;0;0,04;[931, 932, 934, 933];[(-41.573, -16.869), (-41.438, -16.869), (-41.438, -16.587), (-41.573, -16.587)]
555;100;;;0;0,53;[332, 933, 934, 336];[(-41.536, -12.557), (-41.573, -16.587), (-41.438, -16.587), (-41.409, -12.557)]
556;100;;;0;0,11;[926, 931, 933, 925];[(-41.974, -16.847), (-41.573, -16.869), (-41.573, -16.587), (-41.974, -16.593)]
557;100;;;0;0,97;[348, 700, 701, 350];[(-31.772, -12.557), (-31.75, -18.638), (-31.614, -18.638), (-31.589, -12.557)]
558;100;;;0;1,40;[352, 707, 709, 354];[(-28.135, -12.557), (-28.165, -18.638), (-27.95, -18.638), (-27.891, -12.557)]
559;100;;;0;1,04;[358, 356, 935, 936];[(-20.475, -12.557), (-20.718, -12.557), (-20.718, -16.824), (-20.475, -16.824)]
560;100;;;0;0,05;[936, 935, 937, 938];[(-20.475, -16.824), (-20.718, -16.824), (-20.718, -17.027), (-20.475, -17.027)]
561;100;;;0;0,06;[938, 937, 939, 940];[(-20.475, -17.027), (-20.718, -17.027), (-20.718, -17.281), (-20.475, -17.281)]
562;1;;;0;0,29;[940, 939, 941, 942];[(-20.475, -17.281), (-20.718, -17.281), (-20.718, -18.467), (-20.475, -18.467)]
563;100;;;0;0,04;[713, 942, 941, 711];[(-20.454, -18.638), (-20.475, -18.467), (-20.718, -18.467), (-20.718, -18.638)]
564;100;;;0;0,11;[936, 938, 944, 943];[(-20.475, -16.824), (-20.475, -17.027), (-19.91, -17.027), (-19.91, -16.824)]
565;1;;;0;0,30;[943, 944, 946, 945];[(-19.91, -16.824), (-19.91, -17.027), (-18.447, -17.027), (-18.447, -16.824)]
566;100;;;0;1,55;[362, 360, 947, 948];[(-16.939, -12.557), (-17.305, -12.557), (-17.305, -16.795), (-16.939, -16.795)]
567;100;;;0;0,08;[948, 947, 949, 950];[(-16.939, -16.795), (-17.305, -16.795), (-17.305, -17.024), (-16.939, -17.024)]
568;100;;;0;0,59;[721, 950, 949, 719];[(-16.946, -18.638), (-16.939, -17.024), (-17.305, -17.024), (-17.307, -18.638)]
569;100;;;0;0,25;[946, 949, 947, 945];[(-18.447, -17.027), (-17.305, -17.024), (-17.305, -16.795), (-18.447, -16.824)]
570;100;;;0;1,35;[364, 727, 729, 366];[(-13.79, -12.557), (-13.84, -18.638), (-13.618, -18.638), (-13.566, -12.557)]
571;100;;;0;0,71;[370, 368, 951, 952];[(-2.716, -12.557), (-2.879, -12.557), (-2.879, -16.898), (-2.716, -16.898)]
572;8;;;0;0,15;[952, 951, 953, 954];[(-2.716, -16.898), (-2.879, -16.898), (-2.879, -17.829), (-2.716, -17.829)]
573;100;;;0;0,16;[737, 954, 953, 735];[(-2.693, -18.638), (-2.716, -17.829), (-2.879, -17.829), (-2.918, -18.638)]
574;100;;;0;1,25;[372, 739, 741, 374];[(0.799, -12.557), (0.786, -18.638), (0.972, -18.638), (1.022, -12.557)]
575;100;;;0;0,85;[378, 376, 955, 956];[(8.581, -12.557), (8.398, -12.557), (8.398, -17.192), (8.581, -17.192)]
576;8;;;0;0,18;[956, 955, 957, 958];[(8.581, -17.192), (8.398, -17.192), (8.398, -18.152), (8.581, -18.152)]
577;100;;;0;0,09;[749, 958, 957, 747];[(8.556, -18.638), (8.581, -18.152), (8.398, -18.152), (8.38, -18.638)]
578;100;;;0;0,06;[755, 757, 960, 959];[(11.76, -18.638), (11.907, -18.638), (11.907, -18.246), (11.76, -18.246)]
579;8;;;0;0,13;[959, 960, 962, 961];[(11.76, -18.246), (11.907, -18.246), (11.907, -17.384), (11.76, -17.384)]
580;100;;;0;0,75;[380, 961, 962, 382];[(11.771, -12.557), (11.76, -17.384), (11.907, -17.384), (11.933, -12.557)]
581;100;;;0;2,58;[384, 763, 765, 386];[(15.367, -12.557), (15.357, -18.638), (15.758, -18.638), (15.814, -12.557)]
582;100;;;0;1,68;[388, 771, 773, 390];[(18.935, -12.557), (18.953, -18.638), (19.188, -18.638), (19.252, -12.557)]
583;100;;;0;1,26;[392, 779, 781, 394];[(26.215, -12.557), (26.204, -18.638), (26.4, -18.638), (26.435, -12.557)]
584;100;;;0;0,18;[499, 497, 963, 964];[(36.609, -27.674), (37.117, -27.674), (37.117, -27.329), (36.609, -27.329)]
585;1;;;0;0,76;[964, 963, 965, 966];[(36.609, -27.329), (37.117, -27.329), (37.117, -25.825), (36.609, -25.825)]
586;100;;;0;0,62;[966, 965, 967, 968];[(36.609, -25.825), (37.117, -25.825), (37.117, -24.606), (36.609, -24.606)]
587;1;;;0;0,78;[968, 967, 969, 970];[(36.609, -24.606), (37.117, -24.606), (37.117, -23.062), (36.609, -23.062)]
588;100;;;0;0,63;[970, 969, 971, 972];[(36.609, -23.062), (37.117, -23.062), (37.117, -21.823), (36.609, -21.823)]
589;100;;;0;0,09;[972, 971, 973, 974];[(36.609, -21.823), (37.117, -21.823), (37.117, -21.64), (36.609, -21.64)]
590;100;;;0;0,38;[974, 973, 975, 976];[(36.609, -21.64), (37.117, -21.64), (37.117, -20.888), (36.609, -20.888)]
591;1;;;0;0,78;[976, 975, 977, 978];[(36.609, -20.888), (37.117, -20.888), (37.117, -19.344), (36.609, -19.344)]
592;100;;;0;0,11;[978, 977, 979, 980];[(36.609, -19.344), (37.117, -19.344), (37.117, -19.13), (36.609, -19.13)]
593;100;;;0;0,11;[980, 979, 981, 982];[(36.609, -19.13), (37.117, -19.13), (37.117, -18.917), (36.609, -18.917)]
594;100;;;0;3,48;[414, 982, 981, 416];[(36.58, -12.557), (36.609, -18.917), (37.117, -18.917), (37.168, -12.557)]
595;100;;;0;0,94;[981, 979, 983, 984];[(37.117, -18.917), (37.117, -19.13), (41.547, -19.13), (41.547, -18.917)]
596;1;;;0;0,32;[984, 983, 985, 986];[(41.547, -18.917), (41.547, -19.13), (43.029, -19.13), (43.029, -18.917)]
597;100;;;0;0,18;[986, 985, 987, 988];[(43.029, -18.917), (43.029, -19.13), (43.861, -19.13), (43.861, -18.917)]
598;100;;;0;0,05;[988, 987, 989, 990];[(43.861, -18.917), (43.861, -19.13), (44.115, -19.13), (44.115, -18.917)]
599;100;;;0;0,24;[990, 989, 991, 992];[(44.115, -18.917), (44.115, -19.13), (45.258, -19.13), (45.258, -18.917)]
600;1;;;0;0,17;[992, 991, 993, 994];[(45.258, -18.917), (45.258, -19.13), (46.062, -19.13), (46.062, -18.917)]
601;100;;;0;0,31;[994, 993, 995, 996];[(46.062, -18.917), (46.062, -19.13), (47.502, -19.13), (47.502, -18.917)]
602;100;;;0;0,05;[996, 995, 997, 998];[(47.502, -18.917), (47.502, -19.13), (47.727, -19.13), (47.727, -18.917)]
603;100;;;0;0,15;[998, 997, 999, 1000];[(47.727, -18.917), (47.727, -19.13), (48.447, -19.13), (48.447, -18.917)]
604;1;;;0;0,17;[1000, 999, 1001, 1002];[(48.447, -18.917), (48.447, -19.13), (49.265, -19.13), (49.265, -18.917)]
605;100;;;0;0,48;[1002, 1001, 1003, 1004];[(49.265, -18.917), (49.265, -19.13), (51.509, -19.13), (51.509, -18.917)]
606;100;;;0;0,04;[1004, 1003, 1005, 1006];[(51.509, -18.917), (51.509, -19.13), (51.706, -19.13), (51.706, -18.917)]
607;100;;;0;0,15;[1006, 1005, 1007, 1008];[(51.706, -18.917), (51.706, -19.13), (52.398, -19.13), (52.398, -18.917)]
608;1;;;0;0,19;[1008, 1007, 1009, 1010];[(52.398, -18.917), (52.398, -19.13), (53.287, -19.13), (53.287, -18.917)]
609;100;;;0;0,32;[1010, 1009, 1011, 1012];[(53.287, -18.917), (53.287, -19.13), (54.797, -19.13), (54.797, -18.917)]
610;100;;;0;0,11;[1012, 1011, 1013, 1014];[(54.797, -18.917), (54.797, -19.13), (55.305, -19.13), (55.305, -18.917)]
611;100;;;0;3,17;[438, 1012, 1014, 440];[(54.895, -12.557), (54.797, -18.917), (55.305, -18.917), (55.383, -12.557)]
612;100;;;0;0,16;[1013, 1011, 1015, 1016];[(55.305, -19.13), (54.797, -19.13), (54.797, -19.44), (55.305, -19.44)]
613;1;;;0;0,74;[1016, 1015, 1017, 1018];[(55.305, -19.44), (54.797, -19.44), (54.797, -20.894), (55.305, -20.894)]
614;100;;;0;0,21;[1018, 1017, 1019, 1020];[(55.305, -20.894), (54.797, -20.894), (54.797, -21.303), (55.305, -21.303)]
615;100;;;0;0,31;[1020, 1019, 1021, 1022];[(55.305, -21.303), (54.797, -21.303), (54.797, -21.909), (55.305, -21.909)]
616;100;;;0;0,78;[1022, 1021, 1023, 1024];[(55.305, -21.909), (54.797, -21.909), (54.797, -23.447), (55.305, -23.447)]
617;1;;;0;0,71;[1024, 1023, 1025, 1026];[(55.305, -23.447), (54.797, -23.447), (54.797, -24.844), (55.305, -24.844)]
618;100;;;0;0,61;[1026, 1025, 1027, 1028];[(55.305, -24.844), (54.797, -24.844), (54.797, -26.044), (55.305, -26.044)]
619;1;;;0;0,72;[1028, 1027, 1029, 1030];[(55.305, -26.044), (54.797, -26.044), (54.797, -27.455), (55.305, -27.455)]
620;100;;;0;0,12;[1030, 1029, 1031, 1032];[(55.305, -27.455), (54.797, -27.455), (54.797, -27.695), (55.305, -27.695)]
621;100;;;0;0,39;[1032, 1031, 1033, 1034];[(55.305, -27.695), (54.797, -27.695), (54.797, -28.471), (55.305, -28.471)]
622;100;;;0;1,76;[484, 1033, 1031, 486];[(52.518, -28.446), (54.797, -28.471), (54.797, -27.695), (52.518, -27.674)]
623;100;;;0;1,68;[476, 1034, 1033, 478];[(55.342, -31.657), (55.305, -28.471), (54.797, -28.471), (54.794, -31.657)]
624;100;;;0;14,24;[1020, 1022, 1036, 1035];[(55.305, -21.303), (55.305, -21.909), (78.77, -21.909), (78.77, -21.303)]
625;100;;;0;0,34;[1035, 1036, 1038, 1037];[(78.77, -21.303), (78.77, -21.909), (79.329, -21.909), (79.329, -21.303)]
626;100;;;0;4,19;[1038, 1036, 1039, 1040];[(79.329, -21.909), (78.77, -21.909), (78.77, -29.41), (79.329, -29.41)]
627;8;;;0;0,79;[1040, 1039, 1041, 1042];[(79.329, -29.41), (78.77, -29.41), (78.77, -30.816), (79.329, -30.816)]
628;100;;;0;0,46;[472, 1042, 1041, 474];[(79.328, -31.657), (79.329, -30.816), (78.77, -30.816), (78.79, -31.657)]
629;100;;;0;0,10;[468, 466, 1043, 1044];[(85.332, -31.271), (85.901, -31.271), (85.901, -31.101), (85.332, -31.101)]
630;1;;;0;0,51;[1044, 1043, 1045, 1046];[(85.332, -31.101), (85.901, -31.101), (85.901, -30.204), (85.332, -30.204)]
631;100;;;0;3,20;[1046, 1045, 1412, 1410, 1047, 1048];[(85.332, -30.204), (85.901, -30.204), (85.901, -29.274), (85.901, -25.667), (85.901, -24.582), (85.332, -24.582)]
632;100;;;0;0,12;[1048, 1047, 1049, 1050];[(85.332, -24.582), (85.901, -24.582), (85.901, -24.379), (85.332, -24.379)]
633;100;;;0;0,04;[1049, 1047, 1051, 1052];[(85.901, -24.379), (85.901, -24.582), (86.105, -24.582), (86.105, -24.379)]
634;1;;;0;0,15;[1052, 1051, 1053, 1054];[(86.105, -24.379), (86.105, -24.582), (86.867, -24.582), (86.867, -24.379)]
635;100;;;0;0,34;[458, 1054, 1053, 460];[(88.624, -24.383), (86.867, -24.379), (86.867, -24.582), (88.624, -24.566)]
636;100;;;0;2,48;[1050, 1049, 1055, 1056];[(85.332, -24.379), (85.901, -24.379), (85.901, -20.028), (85.332, -20.028)]
637;100;;;0;0,37;[1056, 1055, 1057, 1058];[(85.332, -20.028), (85.901, -20.028), (85.901, -19.384), (85.332, -19.384)]
638;100;;;0;0,13;[1058, 1057, 1059, 1060];[(85.332, -19.384), (85.901, -19.384), (85.901, -19.164), (85.332, -19.164)]
639;100;;;0;2,75;[1060, 1059, 1061, 1062];[(85.332, -19.164), (85.901, -19.164), (85.901, -14.339), (85.332, -14.339)]
640;1;;;0;0,54;[1062, 1061, 1063, 1064];[(85.332, -14.339), (85.901, -14.339), (85.901, -13.39), (85.332, -13.39)]
641;100;;;0;0,47;[446, 1064, 1063, 448];[(85.329, -12.557), (85.332, -13.39), (85.901, -13.39), (85.898, -12.557)]
642;100;;;0;3,60;[444, 442, 1065, 1066];[(79.42, -12.557), (78.891, -12.557), (78.891, -19.381), (79.42, -19.381)]
643;100;;;0;0,32;[1066, 1065, 1067, 1068];[(79.42, -19.381), (78.891, -19.381), (78.891, -19.99), (79.42, -19.99)]
644;100;;;0;0,13;[1068, 1067, 1069, 1070];[(79.42, -19.99), (78.891, -19.99), (78.891, -20.244), (79.42, -20.244)]
645;8;;;0;0,58;[1037, 1070, 1069, 1035];[(79.329, -21.303), (79.42, -20.244), (78.891, -20.244), (78.77, -21.303)]
646;100;;;0;3,70;[1058, 1066, 1068, 1056];[(85.332, -19.384), (79.42, -19.381), (79.42, -19.99), (85.332, -20.028)]
647;100;;;0;0,24;[1059, 1057, 1071, 1072];[(85.901, -19.164), (85.901, -19.384), (86.985, -19.384), (86.985, -19.164)]
648;1;;;0;0,19;[1072, 1071, 1073, 1074];[(86.985, -19.164), (86.985, -19.384), (87.832, -19.384), (87.832, -19.164)]
649;100;;;0;0,16;[454, 1074, 1073, 456];[(88.624, -19.161), (87.832, -19.164), (87.832, -19.384), (88.624, -19.344)]
650;100;;;0;0,16;[491, 489, 1075, 1076];[(51.401, -27.674), (51.583, -27.674), (51.583, -26.821), (51.401, -26.821)]
651;1;;;0;0,16;[1076, 1075, 1077, 1078];[(51.401, -26.821), (51.583, -26.821), (51.583, -25.968), (51.401, -25.968)]
652;100;;;0;0,74;[1078, 1077, 1079, 1080];[(51.401, -25.968), (51.583, -25.968), (51.583, -21.904), (51.401, -21.904)]
653;100;;;0;0,05;[1080, 1079, 1081, 1082];[(51.401, -21.904), (51.583, -21.904), (51.583, -21.64), (51.401, -21.64)]
654;100;;;0;1,00;[1080, 1082, 1084, 1083];[(51.401, -21.904), (51.401, -21.64), (47.621, -21.64), (47.621, -21.904)]
655;100;;;0;0,04;[1083, 1084, 1086, 1085];[(47.621, -21.904), (47.621, -21.64), (47.479, -21.64), (47.479, -21.904)]
656;100;;;0;2,32;[971, 1085, 1086, 973];[(37.117, -21.823), (47.479, -21.904), (47.479, -21.64), (37.117, -21.64)]
657;100;;;0;1,45;[426, 988, 990, 428];[(43.883, -12.557), (43.861, -18.917), (44.115, -18.917), (44.086, -12.557)]
658;100;;;0;1,43;[430, 996, 998, 432];[(47.479, -12.557), (47.502, -18.917), (47.727, -18.917), (47.703, -12.557)]
659;100;;;0;1,34;[434, 1004, 1006, 436];[(51.482, -12.557), (51.509, -18.917), (51.706, -18.917), (51.705, -12.557)]
660;100;;;0;0,82;[493, 1083, 1085, 495];[(47.601, -27.674), (47.621, -21.904), (47.479, -21.904), (47.459, -27.674)]
661;100;;;0;6,81;[397, 399, 1401, 1404, 1088, 1087];[(28.339, -11.939), (29.084, -11.939), (29.084, -9.357), (29.084, -5.581), (29.084, -2.796), (28.339, -2.796)]
662;100;;;0;0,40;[1087, 1088, 1090, 1089];[(28.339, -2.796), (29.084, -2.796), (29.084, -2.137), (28.61, -2.137)]
663;100;;;0;0,31;[1087, 1089, 1092, 1091];[(28.339, -2.796), (28.61, -2.137), (28.001, -2.137), (28.001, -2.796)]
664;100;;;0;2,11;[1092, 1089, 1093, 1094];[(28.001, -2.137), (28.61, -2.137), (28.61, 1.317), (28.001, 1.317)]
665;100;;;0;0,15;[1094, 1093, 1095, 1096];[(28.001, 1.317), (28.61, 1.317), (28.61, 1.571), (28.001, 1.571)]
666;100;;;0;2,12;[1096, 1095, 1097, 1098];[(28.001, 1.571), (28.61, 1.571), (28.61, 5.042), (28.001, 5.042)]
667;100;;;0;0,11;[1098, 1097, 1099, 1100];[(28.001, 5.042), (28.61, 5.042), (28.61, 5.228), (28.001, 5.228)]
668;100;;;0;6,46;[1100, 1099, 1101, 1102];[(28.001, 5.228), (28.61, 5.228), (28.61, 15.828), (28.001, 15.828)]
669;100;;;0;0,15;[1102, 1101, 1103, 1104];[(28.001, 15.828), (28.61, 15.828), (28.61, 16.082), (28.001, 16.082)]
670;100;;;0;2,13;[1104, 1103, 1105, 1106];[(28.001, 16.082), (28.61, 16.082), (28.61, 19.57), (28.001, 19.57)]
671;100;;;0;0,22;[1106, 1105, 1107, 1108];[(28.001, 19.57), (28.61, 19.57), (28.61, 19.925), (28.001, 19.925)]
672;100;;;0;1,88;[1108, 1107, 1109, 1110];[(28.001, 19.925), (28.61, 19.925), (28.61, 23.007), (28.001, 23.007)]
673;100;;;0;0,13;[1110, 1109, 1111, 1112];[(28.001, 23.007), (28.61, 23.007), (28.61, 23.227), (28.001, 23.227)]
674;100;;;0;6,52;[1112, 1111, 1113, 1114];[(28.001, 23.227), (28.61, 23.227), (28.61, 33.928), (28.001, 33.928)]
675;100;;;0;0,13;[1114, 1113, 1115, 1116];[(28.001, 33.928), (28.61, 33.928), (28.61, 34.148), (28.001, 34.148)]
676;100;;;0;4,51;[1116, 1115, 1117, 1118];[(28.001, 34.148), (28.61, 34.148), (28.61, 41.547), (28.001, 41.547)]
677;100;;;0;0,26;[1118, 1117, 1119, 1120];[(28.001, 41.547), (28.61, 41.547), (28.61, 41.971), (28.001, 41.971)]
678;100;;;0;1,70;[1120, 1119, 1121, 1122];[(28.001, 41.971), (28.61, 41.971), (28.61, 44.765), (28.001, 44.765)]
679;100;;;0;0,21;[1122, 1121, 1123, 1124];[(28.001, 44.765), (28.61, 44.765), (28.61, 45.103), (28.001, 45.103)]
680;100;;;0;2,37;[1124, 1123, 1125, 1126];[(28.001, 45.103), (28.61, 45.103), (28.61, 48.998), (28.001, 48.998)]
681;100;;;0;0,12;[1126, 1125, 1127, 1128];[(28.001, 48.998), (28.61, 48.998), (28.61, 49.201), (28.001, 49.201)]
682;100;;;0;2,40;[1128, 1127, 1129, 1130];[(28.001, 49.201), (28.61, 49.201), (28.61, 53.146), (28.001, 53.146)]
683;100;;;0;0,41;[1130, 1129, 1131, 1132];[(28.001, 53.146), (28.61, 53.146), (28.61, 53.823), (28.001, 53.823)]
684;100;;;0;4,08;[1131, 1129, 1133, 1134];[(28.61, 53.823), (28.61, 53.146), (34.638, 53.146), (34.638, 53.823)]
685;100;;;0;0,35;[1134, 1133, 1135, 1136];[(34.638, 53.823), (34.638, 53.146), (35.16, 53.146), (35.16, 53.823)]
686;100;;;0;1,58;[1136, 1135, 1137, 1138];[(35.16, 53.823), (35.16, 53.146), (37.5, 53.146), (37.5, 53.823)]
687;100;;;0;0,37;[1138, 1137, 1139, 1140];[(37.5, 53.823), (37.5, 53.146), (38.041, 53.146), (38.041, 53.823)]
688;100;;;0;3,98;[1140, 1139, 1141, 1142];[(38.041, 53.823), (38.041, 53.146), (43.917, 53.146), (43.917, 53.823)]
689;100;;;0;0,45;[1142, 1141, 1143, 1144];[(43.917, 53.823), (43.917, 53.146), (44.577, 53.146), (44.577, 53.823)]
690;100;;;0;3,06;[1143, 1141, 1145, 1146];[(44.577, 53.146), (43.917, 53.146), (43.917, 48.507), (44.577, 48.507)]
691;100;;;0;0,10;[1146, 1145, 1147, 1148];[(44.577, 48.507), (43.917, 48.507), (43.917, 48.354), (44.577, 48.354)]
692;100;;;0;2,07;[1148, 1147, 1149, 1150];[(44.577, 48.354), (43.917, 48.354), (43.917, 45.222), (44.577, 45.222)]
693;100;;;0;0,22;[1150, 1149, 1151, 1152];[(44.577, 45.222), (43.917, 45.222), (43.917, 44.883), (44.577, 44.883)]
694;100;;;0;2,33;[1152, 1151, 1153, 1154];[(44.577, 44.883), (43.917, 44.883), (43.917, 41.361), (44.577, 41.361)]
695;100;;;0;0,15;[1154, 1153, 1155, 1156];[(44.577, 41.361), (43.917, 41.361), (43.917, 41.141), (44.577, 41.141)]
696;100;;;0;2,24;[1156, 1155, 1157, 1158];[(44.577, 41.141), (43.917, 41.141), (43.917, 37.755), (44.577, 37.755)]
697;100;;;0;0,11;[1158, 1157, 1159, 1160];[(44.577, 37.755), (43.917, 37.755), (43.917, 37.585), (44.577, 37.585)]
698;100;;;0;2,25;[1160, 1159, 1161, 1162];[(44.577, 37.585), (43.917, 37.585), (43.917, 34.182), (44.577, 34.182)]
699;100;;;0;0,13;[1162, 1161, 1163, 1164];[(44.577, 34.182), (43.917, 34.182), (43.917, 33.979), (44.577, 33.979)]
700;100;;;0;2,24;[1164, 1163, 1165, 1166];[(44.577, 33.979), (43.917, 33.979), (43.917, 30.592), (44.577, 30.592)]
701;100;;;0;0,13;[1166, 1165, 1167, 1168];[(44.577, 30.592), (43.917, 30.592), (43.917, 30.389), (44.577, 30.389)]
702;100;;;0;2,23;[1168, 1167, 1169, 1170];[(44.577, 30.389), (43.917, 30.389), (43.917, 27.02), (44.577, 27.02)]
703;100;;;0;0,22;[1170, 1169, 1171, 1172];[(44.577, 27.02), (43.917, 27.02), (43.917, 26.681), (44.577, 26.681)]
704;100;;;0;2,21;[1172, 1171, 1173, 1174];[(44.577, 26.681), (43.917, 26.681), (43.917, 23.329), (44.577, 23.329)]
705;100;;;0;0,16;[1174, 1173, 1175, 1176];[(44.577, 23.329), (43.917, 23.329), (43.917, 23.092), (44.577, 23.092)]
706;100;;;0;2,06;[1176, 1175, 1177, 1178];[(44.577, 23.092), (43.917, 23.092), (43.917, 19.976), (44.577, 19.976)]
707;100;;;0;0,22;[1178, 1177, 1179, 1180];[(44.577, 19.976), (43.917, 19.976), (43.917, 19.637), (44.577, 19.637)]
708;100;;;0;2,30;[1180, 1179, 1181, 1182];[(44.577, 19.637), (43.917, 19.637), (43.917, 16.149), (44.577, 16.149)]
709;100;;;0;0,20;[1182, 1181, 1183, 1184];[(44.577, 16.149), (43.917, 16.149), (43.917, 15.845), (44.577, 15.845)]
710;100;;;0;2,33;[1184, 1183, 1185, 1186];[(44.577, 15.845), (43.917, 15.845), (43.917, 12.323), (44.577, 12.323)]
711;100;;;0;0,15;[1186, 1185, 1187, 1188];[(44.577, 12.323), (43.917, 12.323), (43.917, 12.103), (44.577, 12.103)]
712;100;;;0;2,19;[1188, 1187, 1189, 1190];[(44.577, 12.103), (43.917, 12.103), (43.917, 8.784), (44.577, 8.784)]
713;100;;;0;0,19;[1190, 1189, 1191, 1192];[(44.577, 8.784), (43.917, 8.784), (43.917, 8.496), (44.577, 8.496)]
714;100;;;0;7,02;[1192, 1191, 1193, 1194];[(44.577, 8.496), (43.917, 8.496), (43.917, -2.137), (44.577, -2.137)]
715;100;;;0;0,40;[1194, 1193, 1195, 1196];[(44.577, -2.137), (43.917, -2.137), (43.917, -2.747), (44.577, -2.747)]
716;100;;;0;1,66;[1195, 1193, 1197, 1198];[(43.917, -2.747), (43.917, -2.137), (41.191, -2.137), (41.191, -2.747)]
717;100;;;0;0,35;[1198, 1197, 1199, 1200];[(41.191, -2.747), (41.191, -2.137), (40.615, -2.137), (40.615, -2.747)]
718;100;;;0;5,73;[425, 1198, 1200, 423];[(41.201, -11.939), (41.191, -2.747), (40.615, -2.747), (40.53, -11.939)]
719;100;;;0;1,43;[419, 421, 1202, 1201];[(37.509, -11.939), (38.038, -11.939), (38.038, -9.23), (37.509, -9.23)]
720;1;;;0;0,73;[1201, 1202, 1204, 1203];[(37.509, -9.23), (38.038, -9.23), (38.038, -7.841), (37.509, -7.841)]
721;100;;;0;2,68;[1203, 1204, 1206, 1205];[(37.509, -7.841), (38.038, -7.841), (38.038, -2.779), (37.509, -2.779)]
722;100;;;0;0,34;[1205, 1206, 1208, 1207];[(37.509, -2.779), (38.038, -2.779), (38.038, -2.135), (37.509, -2.135)]
723;100;;;0;0,88;[1208, 1206, 1209, 1210];[(38.038, -2.135), (38.038, -2.779), (39.409, -2.779), (39.409, -2.135)]
724;8;;;0;0,60;[1210, 1209, 1211, 1212];[(39.409, -2.135), (39.409, -2.779), (40.34, -2.779), (40.34, -2.135)]
725;100;;;0;0,17;[1199, 1212, 1211, 1200];[(40.615, -2.137), (40.34, -2.135), (40.34, -2.779), (40.615, -2.747)]
726;100;;;0;2,66;[1207, 1208, 1214, 1213];[(37.509, -2.135), (38.038, -2.135), (38.038, 2.894), (37.509, 2.894)]
727;1;;;0;0,77;[1213, 1214, 1216, 1215];[(37.509, 2.894), (38.038, 2.894), (38.038, 4.35), (37.509, 4.35)]
728;100;;;0;2,20;[1215, 1216, 1218, 1217];[(37.509, 4.35), (38.038, 4.35), (38.038, 8.498), (37.509, 8.498)]
729;100;;;0;0,15;[1217, 1218, 1220, 1219];[(37.509, 8.498), (38.038, 8.498), (38.038, 8.786), (37.509, 8.786)]
730;100;;;0;0,78;[1219, 1220, 1222, 1221];[(37.509, 8.786), (38.038, 8.786), (38.038, 10.259), (37.509, 10.259)]
731;1;;;0;0,46;[1221, 1222, 1224, 1223];[(37.509, 10.259), (38.038, 10.259), (38.038, 11.123), (37.509, 11.123)]
732;100;;;0;0,56;[1223, 1224, 1226, 1225];[(37.509, 11.123), (38.038, 11.123), (38.038, 12.172), (37.509, 12.172)]
733;100;;;0;0,09;[1225, 1226, 1228, 1227];[(37.509, 12.172), (38.038, 12.172), (38.038, 12.342), (37.509, 12.342)]
734;100;;;0;0,66;[1227, 1228, 1230, 1229];[(37.509, 12.342), (38.038, 12.342), (38.038, 13.595), (37.509, 13.595)]
735;1;;;0;0,50;[1229, 1230, 1232, 1231];[(37.509, 13.595), (38.038, 13.595), (38.038, 14.543), (37.509, 14.543)]
736;100;;;0;0,69;[1231, 1232, 1234, 1233];[(37.509, 14.543), (38.038, 14.543), (38.038, 15.847), (37.509, 15.847)]
737;100;;;0;0,13;[1233, 1234, 1236, 1235];[(37.509, 15.847), (38.038, 15.847), (38.038, 16.101), (37.509, 16.101)]
738;100;;;0;0,55;[1235, 1236, 1238, 1237];[(37.509, 16.101), (38.038, 16.101), (38.038, 17.133), (37.509, 17.133)]
739;1;;;0;0,53;[1237, 1238, 1240, 1239];[(37.509, 17.133), (38.038, 17.133), (38.038, 18.132), (37.509, 18.132)]
740;100;;;0;0,77;[1239, 1240, 1242, 1241];[(37.509, 18.132), (38.038, 18.132), (38.038, 19.589), (37.509, 19.589)]
741;100;;;0;0,20;[1241, 1242, 1244, 1243];[(37.509, 19.589), (38.038, 19.589), (38.038, 19.961), (37.509, 19.961)]
742;100;;;0;0,55;[1243, 1244, 1246, 1245];[(37.509, 19.961), (38.038, 19.961), (38.038, 20.994), (37.509, 20.994)]
743;1;;;0;0,49;[1245, 1246, 1248, 1247];[(37.509, 20.994), (38.038, 20.994), (38.038, 21.925), (37.509, 21.925)]
744;100;;;0;0,60;[1247, 1248, 1250, 1249];[(37.509, 21.925), (38.038, 21.925), (38.038, 23.06), (37.509, 23.06)]
745;100;;;0;0,15;[1249, 1250, 1252, 1251];[(37.509, 23.06), (38.038, 23.06), (38.038, 23.348), (37.509, 23.348)]
746;100;;;0;0,63;[1251, 1252, 1254, 1253];[(37.509, 23.348), (38.038, 23.348), (38.038, 24.533), (37.509, 24.533)]
747;1;;;0;0,55;[1253, 1254, 1256, 1255];[(37.509, 24.533), (38.038, 24.533), (38.038, 25.566), (37.509, 25.566)]
748;100;;;0;0,60;[1255, 1256, 1258, 1257];[(37.509, 25.566), (38.038, 25.566), (38.038, 26.7), (37.509, 26.7)]
749;100;;;0;0,14;[1257, 1258, 1260, 1259];[(37.509, 26.7), (38.038, 26.7), (38.038, 26.971), (37.509, 26.971)]
750;100;;;0;0,56;[1259, 1260, 1262, 1261];[(37.509, 26.971), (38.038, 26.971), (38.038, 28.038), (37.509, 28.038)]
751;1;;;0;0,51;[1261, 1262, 1264, 1263];[(37.509, 28.038), (38.038, 28.038), (38.038, 29.003), (37.509, 29.003)]
752;100;;;0;0,73;[1263, 1264, 1266, 1265];[(37.509, 29.003), (38.038, 29.003), (38.038, 30.374), (37.509, 30.374)]
753;100;;;0;0,10;[1265, 1266, 1268, 1267];[(37.509, 30.374), (38.038, 30.374), (38.038, 30.561), (37.509, 30.561)]
754;100;;;0;0,64;[1267, 1268, 1270, 1269];[(37.509, 30.561), (38.038, 30.561), (38.038, 31.763), (37.509, 31.763)]
755;1;;;0;0,50;[1269, 1270, 1272, 1271];[(37.509, 31.763), (38.038, 31.763), (38.038, 32.711), (37.509, 32.711)]
756;100;;;0;0,68;[1271, 1272, 1274, 1273];[(37.509, 32.711), (38.038, 32.711), (38.038, 33.998), (37.509, 33.998)]
757;100;;;0;0,12;[1273, 1274, 1276, 1275];[(37.509, 33.998), (38.038, 33.998), (38.038, 34.218), (37.509, 34.218)]
758;100;;;0;0,63;[1275, 1276, 1278, 1277];[(37.509, 34.218), (38.038, 34.218), (38.038, 35.403), (37.509, 35.403)]
759;1;;;0;0,52;[1277, 1278, 1280, 1279];[(37.509, 35.403), (38.038, 35.403), (38.038, 36.385), (37.509, 36.385)]
760;100;;;0;0,65;[1279, 1280, 1282, 1281];[(37.509, 36.385), (38.038, 36.385), (38.038, 37.604), (37.509, 37.604)]
761;100;;;0;0,11;[1281, 1282, 1284, 1283];[(37.509, 37.604), (38.038, 37.604), (38.038, 37.808), (37.509, 37.808)]
762;100;;;0;0,67;[1283, 1284, 1286, 1285];[(37.509, 37.808), (38.038, 37.808), (38.038, 39.077), (37.509, 39.077)]
763;1;;;0;0,47;[1285, 1286, 1288, 1287];[(37.509, 39.077), (38.038, 39.077), (38.038, 39.958), (37.509, 39.958)]
764;100;;;0;0,64;[1287, 1288, 1290, 1289];[(37.509, 39.958), (38.038, 39.958), (38.038, 41.16), (37.509, 41.16)]
765;100;;;0;0,11;[1289, 1290, 1292, 1291];[(37.509, 41.16), (38.038, 41.16), (38.038, 41.363), (37.509, 41.363)]
766;100;;;0;0,65;[1291, 1292, 1294, 1293];[(37.509, 41.363), (38.038, 41.363), (38.038, 42.582), (37.509, 42.582)]
767;1;;;0;0,52;[1293, 1294, 1296, 1295];[(37.509, 42.582), (38.038, 42.582), (38.038, 43.564), (37.509, 43.564)]
768;100;;;0;0,65;[1295, 1296, 1298, 1297];[(37.509, 43.564), (38.038, 43.564), (38.038, 44.784), (37.509, 44.784)]
769;100;;;0;0,22;[1297, 1298, 1300, 1299];[(37.509, 44.784), (38.038, 44.784), (38.038, 45.19), (37.509, 45.19)]
770;100;;;0;0,63;[1299, 1300, 1302, 1301];[(37.509, 45.19), (38.038, 45.19), (38.038, 46.375), (37.509, 46.375)]
771;1;;;0;0,48;[1301, 1302, 1304, 1303];[(37.509, 46.375), (38.038, 46.375), (38.038, 47.289), (37.509, 47.289)]
772;100;;;0;0,56;[1303, 1304, 1306, 1305];[(37.509, 47.289), (38.038, 47.289), (38.038, 48.339), (37.509, 48.339)]
773;100;;;0;0,09;[1305, 1306, 1308, 1307];[(37.509, 48.339), (38.038, 48.339), (38.038, 48.509), (37.509, 48.509)]
774;100;;;0;0,66;[1307, 1308, 1310, 1309];[(37.509, 48.509), (38.038, 48.509), (38.038, 49.762), (37.509, 49.762)]
775;1;;;0;0,47;[1309, 1310, 1312, 1311];[(37.509, 49.762), (38.038, 49.762), (38.038, 50.659), (37.509, 50.659)]
776;100;;;0;1,33;[1137, 1311, 1312, 1139];[(37.5, 53.146), (37.509, 50.659), (38.038, 50.659), (38.041, 53.146)]
777;100;;;0;3,11;[409, 411, 1314, 1313, 1403, 1402];[(34.639, -11.939), (34.98, -11.939), (34.98, -2.82), (34.639, -2.82), (34.639, -5.581), (34.639, -9.357)]
778;100;;;0;0,22;[1313, 1314, 1316, 1315];[(34.639, -2.82), (34.98, -2.82), (34.91, -2.113), (34.639, -2.113)]
779;100;;;0;3,79;[1088, 1313, 1315, 1090];[(29.084, -2.796), (34.639, -2.82), (34.639, -2.113), (29.084, -2.137)]
780;100;;;0;0,13;[1316, 1314, 1317, 1318];[(34.91, -2.113), (34.98, -2.82), (35.136, -2.82), (35.136, -2.113)]
781;100;;;0;0,39;[1316, 1318, 1320, 1319];[(34.91, -2.113), (35.136, -2.113), (35.136, -0.406), (34.91, -0.406)]
782;1;;;0;0,20;[1319, 1320, 1322, 1321];[(34.91, -0.406), (35.136, -0.406), (35.136, 0.469), (34.91, 0.469)]
783;100;;;0;0,17;[1321, 1322, 1324, 1323];[(34.91, 0.469), (35.136, 0.469), (35.136, 1.217), (34.91, 1.217)]
784;100;;;0;1,61;[1093, 1325, 1328, 1095];[(28.61, 1.317), (34.628, 1.386), (34.628, 1.669), (28.61, 1.571)]
785;100;;;0;0,86;[1328, 1326, 1329, 1330];[(34.628, 1.669), (35.136, 1.669), (35.136, 3.362), (34.628, 3.362)]
786;100;;;0;0,23;[1326, 1328, 1325, 1327, 1323, 1324];[(35.136, 1.669), (34.628, 1.669), (34.628, 1.386), (34.628, 1.217), (34.91, 1.217), (35.136, 1.217)]
787;1;;;0;0,46;[1330, 1329, 1331, 1332];[(34.628, 3.362), (35.136, 3.362), (35.136, 4.265), (34.628, 4.265)]
788;100;;;0;0,37;[1332, 1331, 1333, 1334];[(34.628, 4.265), (35.136, 4.265), (35.136, 4.984), (34.628, 4.984)]
789;100;;;0;0,10;[1334, 1333, 1335, 1336];[(34.628, 4.984), (35.136, 4.984), (35.136, 5.182), (34.628, 5.182)]
790;100;;;0;4,19;[1336, 1335, 1337, 1338];[(34.628, 5.182), (35.136, 5.182), (35.136, 13.422), (34.628, 13.422)]
791;1;;;0;0,74;[1338, 1337, 1339, 1340];[(34.628, 13.422), (35.136, 13.422), (35.136, 14.876), (34.628, 14.876)]
792;100;;;0;0,48;[1340, 1339, 1341, 1342];[(34.628, 14.876), (35.136, 14.876), (35.136, 15.821), (34.628, 15.821)]
793;100;;;0;0,11;[1342, 1341, 1343, 1344];[(34.628, 15.821), (35.136, 15.821), (35.136, 16.033), (34.628, 16.033)]
794;100;;;0;0,67;[1344, 1343, 1345, 1346];[(34.628, 16.033), (35.136, 16.033), (35.136, 17.359), (34.628, 17.359)]
795;1;;;0;0,45;[1346, 1345, 1347, 1348];[(34.628, 17.359), (35.136, 17.359), (35.136, 18.248), (34.628, 18.248)]
796;100;;;0;0,67;[1348, 1347, 1349, 1350];[(34.628, 18.248), (35.136, 18.248), (35.136, 19.56), (34.628, 19.56)]
797;100;;;0;0,17;[1350, 1349, 1351, 1352];[(34.628, 19.56), (35.136, 19.56), (35.136, 19.899), (34.628, 19.899)]
798;1;;;0;1,56;[1352, 1351, 1353, 1354];[(34.628, 19.899), (35.136, 19.899), (35.136, 22.961), (34.628, 22.961)]
799;100;;;0;0,14;[1354, 1353, 1355, 1356];[(34.628, 22.961), (35.136, 22.961), (35.136, 23.243), (34.628, 23.243)]
800;100;;;0;4,32;[1356, 1355, 1357, 1358];[(34.628, 23.243), (35.136, 23.243), (35.136, 31.751), (34.628, 31.751)]
801;1;;;0;0,77;[1358, 1357, 1359, 1360];[(34.628, 31.751), (35.136, 31.751), (35.136, 33.261), (34.628, 33.261)]
802;100;;;0;0,30;[1360, 1359, 1361, 1362];[(34.628, 33.261), (35.136, 33.261), (35.136, 33.854), (34.628, 33.854)]
803;100;;;0;0,11;[1362, 1361, 1363, 1364];[(34.628, 33.854), (35.136, 33.854), (35.136, 34.065), (34.628, 34.065)]
804;100;;;0;2,26;[1364, 1363, 1365, 1366];[(34.628, 34.065), (35.136, 34.065), (35.136, 38.524), (34.628, 38.524)]
805;1;;;0;0,73;[1366, 1365, 1367, 1368];[(34.628, 38.524), (35.136, 38.524), (35.136, 39.963), (34.628, 39.963)]
806;100;;;0;0,79;[1368, 1367, 1369, 1370];[(34.628, 39.963), (35.136, 39.963), (35.136, 41.515), (34.628, 41.515)]
807;100;;;0;0,23;[1370, 1369, 1371, 1372];[(34.628, 41.515), (35.136, 41.515), (35.136, 41.967), (34.628, 41.967)]
808;100;;;0;0,16;[1372, 1371, 1373, 1374];[(34.628, 41.967), (35.136, 41.967), (35.136, 42.277), (34.628, 42.277)]
809;1;;;0;1,07;[1374, 1373, 1375, 1376];[(34.628, 42.277), (35.136, 42.277), (35.136, 44.38), (34.628, 44.38)]
810;100;;;0;0,18;[1376, 1375, 1377, 1378];[(34.628, 44.38), (35.136, 44.38), (35.136, 44.733), (34.628, 44.733)]
811;100;;;0;0,18;[1378, 1377, 1379, 1380];[(34.628, 44.733), (35.136, 44.733), (35.136, 45.085), (34.628, 45.085)]
812;100;;;0;0,54;[1380, 1379, 1381, 1382];[(34.628, 45.085), (35.136, 45.085), (35.136, 46.144), (34.628, 46.144)]
813;1;;;0;0,44;[1382, 1381, 1383, 1384];[(34.628, 46.144), (35.136, 46.144), (35.136, 47.018), (34.628, 47.018)]
814;100;;;0;1,01;[1384, 1383, 1385, 1386];[(34.628, 47.018), (35.136, 47.018), (35.136, 49.008), (34.628, 49.008)]
815;100;;;0;0,12;[1386, 1385, 1387, 1388];[(34.628, 49.008), (35.136, 49.008), (35.136, 49.248), (34.628, 49.248)]
816;100;;;0;0,77;[1388, 1387, 1389, 1390];[(34.628, 49.248), (35.136, 49.248), (35.136, 50.772), (34.628, 50.772)]
817;1;;;0;0,47;[1390, 1389, 1391, 1392];[(34.628, 50.772), (35.136, 50.772), (35.136, 51.703), (34.628, 51.703)]
818;100;;;0;0,74;[1133, 1392, 1391, 1135];[(34.638, 53.146), (34.628, 51.703), (35.136, 51.703), (35.16, 53.146)]
819;100;;;0;1,33;[1125, 1386, 1388, 1127];[(28.61, 48.998), (34.628, 49.008), (34.628, 49.248), (28.61, 49.201)]
820;100;;;0;2,08;[1121, 1415, 1414, 1378, 1380, 1123];[(28.61, 44.765), (29.774, 44.758), (33.598, 44.738), (34.628, 44.733), (34.628, 45.085), (28.61, 45.103)]
821;100;;;0;2,63;[1117, 1370, 1372, 1413, 1416, 1119];[(28.61, 41.547), (34.628, 41.515), (34.628, 41.967), (33.598, 41.968), (29.774, 41.97), (28.61, 41.971)]
822;100;;;0;1,30;[1113, 1362, 1364, 1115];[(28.61, 33.928), (34.628, 33.854), (34.628, 34.065), (28.61, 34.148)]
823;100;;;0;1,51;[1109, 1354, 1356, 1111];[(28.61, 23.007), (34.628, 22.961), (34.628, 23.243), (28.61, 23.227)]
824;100;;;0;2,09;[1105, 1350, 1352, 1107];[(28.61, 19.57), (34.628, 19.56), (34.628, 19.899), (28.61, 19.925)]
825;100;;;0;1,40;[1101, 1342, 1344, 1103];[(28.61, 15.828), (34.628, 15.821), (34.628, 16.033), (28.61, 16.082)]
826;100;;;0;1,15;[1097, 1334, 1336, 1099];[(28.61, 5.042), (34.628, 4.984), (34.628, 5.182), (28.61, 5.228)]
827;100;;;0;1,69;[1189, 1220, 1218, 1191];[(43.917, 8.784), (38.038, 8.786), (38.038, 8.498), (43.917, 8.496)]
828;100;;;0;1,14;[1185, 1228, 1226, 1187];[(43.917, 12.323), (38.038, 12.342), (38.038, 12.172), (43.917, 12.103)]
829;100;;;0;1,64;[1181, 1236, 1234, 1183];[(43.917, 16.149), (38.038, 16.101), (38.038, 15.847), (43.917, 15.845)]
830;100;;;0;2,09;[1177, 1244, 1242, 1179];[(43.917, 19.976), (38.038, 19.961), (38.038, 19.589), (43.917, 19.637)]
831;100;;;0;1,54;[1173, 1252, 1250, 1175];[(43.917, 23.329), (38.038, 23.348), (38.038, 23.06), (43.917, 23.092)]
832;100;;;0;1,79;[1169, 1260, 1258, 1171];[(43.917, 27.02), (38.038, 26.971), (38.038, 26.7), (43.917, 26.681)]
833;100;;;0;1,14;[1165, 1268, 1266, 1167];[(43.917, 30.592), (38.038, 30.561), (38.038, 30.374), (43.917, 30.389)]
834;100;;;0;1,24;[1161, 1276, 1274, 1163];[(43.917, 34.182), (38.038, 34.218), (38.038, 33.998), (43.917, 33.979)]
835;100;;;0;0,43;[1284, 1282, 1393, 1394];[(38.038, 37.808), (38.038, 37.604), (40.168, 37.604), (40.168, 37.808)]
836;100;;;0;0,22;[1394, 1393, 1395, 1396];[(40.168, 37.808), (40.168, 37.604), (41.241, 37.604), (41.241, 37.808)]
837;100;;;0;0,50;[1157, 1396, 1395, 1159];[(43.917, 37.755), (41.241, 37.808), (41.241, 37.604), (43.917, 37.585)]
838;100;;;0;0,14;[1292, 1290, 1397, 1398];[(38.038, 41.363), (38.038, 41.16), (38.743, 41.16), (38.743, 41.363)]
839;100;;;0;0,20;[1398, 1397, 1399, 1400];[(38.743, 41.363), (38.743, 41.16), (39.745, 41.16), (39.745, 41.363)]
840;100;;;0;0,88;[1153, 1400, 1399, 1155];[(43.917, 41.361), (39.745, 41.363), (39.745, 41.16), (43.917, 41.141)]
841;100;;;0;2,19;[1149, 1300, 1298, 1151];[(43.917, 45.222), (38.038, 45.19), (38.038, 44.784), (43.917, 44.883)]
842;100;;;0;0,95;[1145, 1308, 1306, 1147];[(43.917, 48.507), (38.038, 48.509), (38.038, 48.339), (43.917, 48.354)]
843;1;;;0;0,90;[1299, 1379, 1377, 1297];[(37.509, 45.19), (35.136, 45.085), (35.136, 44.733), (37.509, 44.784)]
844;1;;;0;0,51;[1275, 1363, 1361, 1273];[(37.509, 34.218), (35.136, 34.065), (35.136, 33.854), (37.509, 33.998)]
845;1;;;0;0,68;[1251, 1355, 1353, 1249];[(37.509, 23.348), (35.136, 23.243), (35.136, 22.961), (37.509, 23.06)]
846;1;;;0;0,84;[1243, 1351, 1349, 1241];[(37.509, 19.961), (35.136, 19.899), (35.136, 19.56), (37.509, 19.589)]
847;1;;;0;1,60;[1207, 1318, 1317, 1205];[(37.509, -2.135), (35.136, -2.113), (35.136, -2.82), (37.509, -2.779)]
848;1;;;0;0,55;[1235, 1343, 1341, 1233];[(37.509, 16.101), (35.136, 16.033), (35.136, 15.821), (37.509, 15.847)]
849;8;230;;0;23,61;[1127, 1388, 1390, 1392, 1133, 1129];[(28.61, 49.201), (34.628, 49.248), (34.628, 50.772), (34.628, 51.703), (34.638, 53.146), (28.61, 53.146)]
850;8;231;;0;27,27;[1139, 1312, 1310, 1308, 1145, 1141];[(38.041, 53.146), (38.038, 50.659), (38.038, 49.762), (38.038, 48.509), (43.917, 48.507), (43.917, 53.146)]
851;8;229;;0;23,52;[1123, 1380, 1382, 1384, 1386, 1125];[(28.61, 45.103), (34.628, 45.085), (34.628, 46.144), (34.628, 47.018), (34.628, 49.008), (28.61, 48.998)]
852;8;232;;0;18,47;[1147, 1306, 1304, 1302, 1300, 1149];[(43.917, 48.354), (38.038, 48.339), (38.038, 47.289), (38.038, 46.375), (38.038, 45.19), (43.917, 45.222)]
853;1;;;0;3,25;[1119, 1416, 1415, 1121];[(28.61, 41.971), (29.774, 41.97), (29.774, 44.758), (28.61, 44.765)]
854;8;233;;0;20,41;[1151, 1298, 1296, 1294, 1292, 1398, 1400, 1153];[(43.917, 44.883), (38.038, 44.784), (38.038, 43.564), (38.038, 42.582), (38.038, 41.363), (38.743, 41.363), (39.745, 41.363), (43.917, 41.361)]
855;8;228;Аудитория;0;44,68;[1115, 1364, 1366, 1368, 1370, 1117];[(28.61, 34.148), (34.628, 34.065), (34.628, 38.524), (34.628, 39.963), (34.628, 41.515), (28.61, 41.547)]
856;8;234;;0;19,74;[1155, 1399, 1397, 1290, 1288, 1286, 1284, 1394, 1396, 1157];[(43.917, 41.141), (39.745, 41.16), (38.743, 41.16), (38.038, 41.16), (38.038, 39.958), (38.038, 39.077), (38.038, 37.808), (40.168, 37.808), (41.241, 37.808), (43.917, 37.755)]
857;8;235;;0;19,99;[1159, 1395, 1393, 1282, 1280, 1278, 1276, 1161];[(43.917, 37.585), (41.241, 37.604), (40.168, 37.604), (38.038, 37.604), (38.038, 36.385), (38.038, 35.403), (38.038, 34.218), (43.917, 34.182)]
858;8;227;Аудитория;0;64,12;[1111, 1356, 1358, 1360, 1362, 1113];[(28.61, 23.227), (34.628, 23.243), (34.628, 31.751), (34.628, 33.261), (34.628, 33.854), (28.61, 33.928)]
859;8;236;;0;20,06;[1163, 1274, 1272, 1270, 1268, 1165];[(43.917, 33.979), (38.038, 33.998), (38.038, 32.711), (38.038, 31.763), (38.038, 30.561), (43.917, 30.592)]
860;8;237;;0;19,91;[1167, 1266, 1264, 1262, 1260, 1169];[(43.917, 30.389), (38.038, 30.374), (38.038, 29.003), (38.038, 28.038), (38.038, 26.971), (43.917, 27.02)]
861;8;238;;0;19,71;[1171, 1258, 1256, 1254, 1252, 1173];[(43.917, 26.681), (38.038, 26.7), (38.038, 25.566), (38.038, 24.533), (38.038, 23.348), (43.917, 23.329)]
862;1;;;0;18,48;[1107, 1352, 1354, 1109];[(28.61, 19.925), (34.628, 19.899), (34.628, 22.961), (28.61, 23.007)]
863;8;239;;0;18,27;[1175, 1250, 1248, 1246, 1244, 1177];[(43.917, 23.092), (38.038, 23.06), (38.038, 21.925), (38.038, 20.994), (38.038, 19.961), (43.917, 19.976)]
864;8;226;;0;21,11;[1103, 1344, 1346, 1348, 1350, 1105];[(28.61, 16.082), (34.628, 16.033), (34.628, 17.359), (34.628, 18.248), (34.628, 19.56), (28.61, 19.57)]
865;8;240;;0;20,51;[1179, 1242, 1240, 1238, 1236, 1181];[(43.917, 19.637), (38.038, 19.589), (38.038, 18.132), (38.038, 17.133), (38.038, 16.101), (43.917, 16.149)]
866;8;225;Аудитория;0;63,90;[1099, 1336, 1338, 1340, 1342, 1101];[(28.61, 5.228), (34.628, 5.182), (34.628, 13.422), (34.628, 14.876), (34.628, 15.821), (28.61, 15.828)]
867;8;241;;0;20,66;[1183, 1234, 1232, 1230, 1228, 1185];[(43.917, 15.845), (38.038, 15.847), (38.038, 14.543), (38.038, 13.595), (38.038, 12.342), (43.917, 12.323)]
868;8;242;;0;19,71;[1187, 1226, 1224, 1222, 1220, 1189];[(43.917, 12.103), (38.038, 12.172), (38.038, 11.123), (38.038, 10.259), (38.038, 8.786), (43.917, 8.784)]
869;8;243;Аудитория;0;62,52;[1191, 1218, 1216, 1214, 1208, 1210, 1212, 1199, 1197, 1193];[(43.917, 8.496), (38.038, 8.498), (38.038, 4.35), (38.038, 2.894), (38.038, -2.135), (39.409, -2.135), (40.34, -2.135), (40.615, -2.137), (41.191, -2.137), (43.917, -2.137)]
870;8;224;;0;20,42;[1095, 1328, 1330, 1332, 1334, 1097];[(28.61, 1.571), (34.628, 1.669), (34.628, 3.362), (34.628, 4.265), (34.628, 4.984), (28.61, 5.042)]
871;3;;;0;21,87;[1090, 1315, 1316, 1319, 1321, 1323, 1327, 1325, 1093, 1089];[(29.084, -2.137), (34.639, -2.113), (34.91, -2.113), (34.91, -0.406), (34.91, 0.469), (34.91, 1.217), (34.628, 1.217), (34.628, 1.386), (28.61, 1.317), (28.61, -2.137)]
872;8;244;;0;23,23;[423, 1200, 1211, 1209, 1206, 1204, 1202, 421];[(40.53, -11.939), (40.615, -2.747), (40.34, -2.779), (39.409, -2.779), (38.038, -2.779), (38.038, -7.841), (38.038, -9.23), (38.038, -11.939)]
873;1;;;0;14,34;[401, 403, 405, 407, 409, 1402, 1401, 399];[(29.745, -11.939), (29.948, -11.939), (30.242, -11.939), (33.428, -11.939), (34.639, -11.939), (34.639, -9.357), (29.084, -9.357), (29.084, -11.939)]
874;1;;;0;23,10;[413, 415, 417, 419, 1201, 1203, 1205, 1317, 1314, 411];[(35.11, -11.939), (36.58, -11.939), (37.168, -11.939), (37.509, -11.939), (37.509, -9.23), (37.509, -7.841), (37.509, -2.779), (35.136, -2.82), (34.98, -2.82), (34.98, -11.939)]
875;1;;;0;42,61;[1213, 1215, 1217, 1219, 1221, 1223, 1225, 1227, 1229, 1231, 1233, 1341, 1339, 1337, 1335, 1333, 1331, 1329, 1326, 1324, 1322, 1320, 1318, 1207];[(37.509, 2.894), (37.509, 4.35), (37.509, 8.498), (37.509, 8.786), (37.509, 10.259), (37.509, 11.123), (37.509, 12.172), (37.509, 12.342), (37.509, 13.595), (37.509, 14.543), (37.509, 15.847), (35.136, 15.821), (35.136, 14.876), (35.136, 13.422), (35.136, 5.182), (35.136, 4.984), (35.136, 4.265), (35.136, 3.362), (35.136, 1.669), (35.136, 1.217), (35.136, 0.469), (35.136, -0.406), (35.136, -2.113), (37.509, -2.135)]
876;1;;;0;8,32;[1237, 1239, 1241, 1349, 1347, 1345, 1343, 1235];[(37.509, 17.133), (37.509, 18.132), (37.509, 19.589), (35.136, 19.56), (35.136, 18.248), (35.136, 17.359), (35.136, 16.033), (37.509, 16.101)]
877;1;;;0;7,31;[1243, 1245, 1247, 1249, 1353, 1351];[(37.509, 19.961), (37.509, 20.994), (37.509, 21.925), (37.509, 23.06), (35.136, 22.961), (35.136, 19.899)]
878;1;;;0;25,22;[1253, 1255, 1257, 1259, 1261, 1263, 1265, 1267, 1269, 1271, 1273, 1361, 1359, 1357, 1355, 1251];[(37.509, 24.533), (37.509, 25.566), (37.509, 26.7), (37.509, 26.971), (37.509, 28.038), (37.509, 29.003), (37.509, 30.374), (37.509, 30.561), (37.509, 31.763), (37.509, 32.711), (37.509, 33.998), (35.136, 33.854), (35.136, 33.261), (35.136, 31.751), (35.136, 23.243), (37.509, 23.348)]
879;1;;;0;25,19;[1277, 1279, 1281, 1283, 1285, 1287, 1289, 1291, 1293, 1295, 1297, 1377, 1375, 1373, 1371, 1369, 1367, 1365, 1363, 1275];[(37.509, 35.403), (37.509, 36.385), (37.509, 37.604), (37.509, 37.808), (37.509, 39.077), (37.509, 39.958), (37.509, 41.16), (37.509, 41.363), (37.509, 42.582), (37.509, 43.564), (37.509, 44.784), (35.136, 44.733), (35.136, 44.38), (35.136, 42.277), (35.136, 41.967), (35.136, 41.515), (35.136, 39.963), (35.136, 38.524), (35.136, 34.065), (37.509, 34.218)]
880;1;;;0;18,97;[1135, 1391, 1389, 1387, 1385, 1383, 1381, 1379, 1299, 1301, 1303, 1305, 1307, 1309, 1311, 1137];[(35.16, 53.146), (35.136, 51.703), (35.136, 50.772), (35.136, 49.248), (35.136, 49.008), (35.136, 47.018), (35.136, 46.144), (35.136, 45.085), (37.509, 45.19), (37.509, 46.375), (37.509, 47.289), (37.509, 48.339), (37.509, 48.509), (37.509, 49.762), (37.509, 50.659), (37.5, 53.146)]
881;8;246;;0;42,80;[416, 981, 984, 986, 988, 426, 424, 422, 420, 418];[(37.168, -12.557), (37.117, -18.917), (41.547, -18.917), (43.029, -18.917), (43.861, -18.917), (43.883, -12.557), (41.201, -12.557), (40.53, -12.557), (38.038, -12.557), (37.509, -12.557)]
882;8;247;;0;21,56;[428, 990, 992, 994, 996, 430];[(44.086, -12.557), (44.115, -18.917), (45.258, -18.917), (46.062, -18.917), (47.502, -18.917), (47.479, -12.557)]
883;8;248;;0;24,04;[432, 998, 1000, 1002, 1004, 434];[(47.703, -12.557), (47.727, -18.917), (48.447, -18.917), (49.265, -18.917), (51.509, -18.917), (51.482, -12.557)]
884;8;249;;0;19,97;[436, 1006, 1008, 1010, 1012, 438];[(51.705, -12.557), (51.706, -18.917), (52.398, -18.917), (53.287, -18.917), (54.797, -18.917), (54.895, -12.557)]
885;1;;;0;0,48;[1003, 1082, 1081, 1005];[(51.509, -19.13), (51.401, -21.64), (51.583, -21.64), (51.706, -19.13)]
886;1;;;0;1,40;[1019, 1081, 1079, 1021];[(54.797, -21.303), (51.583, -21.64), (51.583, -21.904), (54.797, -21.909)]
887;1;;;0;7,37;[1005, 1081, 1019, 1017, 1015, 1011, 1009, 1007];[(51.706, -19.13), (51.583, -21.64), (54.797, -21.303), (54.797, -20.894), (54.797, -19.44), (54.797, -19.13), (53.287, -19.13), (52.398, -19.13)]
888;1;;;0;35,99;[973, 1086, 1084, 1082, 1003, 1001, 999, 997, 995, 993, 991, 989, 987, 985, 983, 979, 977, 975];[(37.117, -21.64), (47.479, -21.64), (47.621, -21.64), (51.401, -21.64), (51.509, -19.13), (49.265, -19.13), (48.447, -19.13), (47.727, -19.13), (47.502, -19.13), (46.062, -19.13), (45.258, -19.13), (44.115, -19.13), (43.861, -19.13), (43.029, -19.13), (41.547, -19.13), (37.117, -19.13), (37.117, -19.344), (37.117, -20.888)]
889;1;;;0;18,56;[486, 1031, 1029, 1027, 1025, 1023, 1021, 1079, 1077, 1075, 489, 487];[(52.518, -27.674), (54.797, -27.695), (54.797, -27.455), (54.797, -26.044), (54.797, -24.844), (54.797, -23.447), (54.797, -21.909), (51.583, -21.904), (51.583, -25.968), (51.583, -26.821), (51.583, -27.674), (51.787, -27.674)]
890;2;;;0;7,28;[478, 1033, 484, 480];[(54.794, -31.657), (54.797, -28.471), (52.518, -28.446), (52.518, -31.657)]
891;8;245;Аудитория;0;60,16;[495, 1085, 971, 969, 967, 965, 963, 497];[(47.459, -27.674), (47.479, -21.904), (37.117, -21.823), (37.117, -23.062), (37.117, -24.606), (37.117, -25.825), (37.117, -27.329), (37.117, -27.674)]
892;8;245а;;0;21,87;[491, 1076, 1078, 1080, 1083, 493];[(51.401, -27.674), (51.401, -26.821), (51.401, -25.968), (51.401, -21.904), (47.621, -21.904), (47.601, -27.674)]
893;1;;;0;102,20;[402, 791, 790, 788, 793, 795, 912, 914, 913, 502, 500, 499, 964, 966, 968, 970, 972, 974, 976, 978, 980, 982, 414, 412, 410, 408, 406, 404];[(29.948, -12.557), (29.921, -18.638), (29.921, -19.082), (29.78, -19.082), (29.78, -19.494), (29.78, -21.363), (29.788, -21.449), (30.011, -21.449), (30.011, -21.839), (29.97, -27.883), (36.609, -27.883), (36.609, -27.674), (36.609, -27.329), (36.609, -25.825), (36.609, -24.606), (36.609, -23.062), (36.609, -21.823), (36.609, -21.64), (36.609, -20.888), (36.609, -19.344), (36.609, -19.13), (36.609, -18.917), (36.58, -12.557), (35.11, -12.557), (34.98, -12.557), (34.639, -12.557), (33.428, -12.557), (30.242, -12.557)]
894;8;250;Аудитория;0;205,96;[440, 1014, 1013, 1016, 1018, 1020, 1035, 1069, 1067, 1065, 442];[(55.383, -12.557), (55.305, -18.917), (55.305, -19.13), (55.305, -19.44), (55.305, -20.894), (55.305, -21.303), (78.77, -21.303), (78.891, -20.244), (78.891, -19.99), (78.891, -19.381), (78.891, -12.557)]
895;8;251;Аудитория;0;228,67;[474, 1041, 1039, 1036, 1022, 1024, 1026, 1028, 1030, 1032, 1034, 476];[(78.79, -31.657), (78.77, -30.816), (78.77, -29.41), (78.77, -21.909), (55.305, -21.909), (55.305, -23.447), (55.305, -24.844), (55.305, -26.044), (55.305, -27.455), (55.305, -27.695), (55.305, -28.471), (55.342, -31.657)]
896;8;252;Аудитория;0;69,86;[468, 1044, 1046, 1048, 1050, 1056, 1068, 1070, 1037, 1038, 1040, 1042, 472, 469];[(85.332, -31.271), (85.332, -31.101), (85.332, -30.204), (85.332, -24.582), (85.332, -24.379), (85.332, -20.028), (79.42, -19.99), (79.42, -20.244), (79.329, -21.303), (79.329, -21.909), (79.329, -29.41), (79.329, -30.816), (79.328, -31.657), (85.332, -31.657)]
897;8;253;;0;40,35;[444, 1066, 1058, 1060, 1062, 1064, 446];[(79.42, -12.557), (79.42, -19.381), (85.332, -19.384), (85.332, -19.164), (85.332, -14.339), (85.332, -13.39), (85.329, -12.557)]
898;1;;;0;17,99;[448, 1063, 1061, 1059, 1072, 1074, 454, 450];[(85.898, -12.557), (85.901, -13.39), (85.901, -14.339), (85.901, -19.164), (86.985, -19.164), (87.832, -19.164), (88.624, -19.161), (88.624, -12.557)]
899;1;;;0;13,62;[456, 1073, 1071, 1057, 1055, 1049, 1052, 1054, 458];[(88.624, -19.344), (87.832, -19.384), (86.985, -19.384), (85.901, -19.384), (85.901, -20.028), (85.901, -24.379), (86.105, -24.379), (86.867, -24.379), (88.624, -24.383)]
900;1;;;0;2,97;[460, 1053, 1051, 1047, 1410, 1409];[(88.624, -24.566), (86.867, -24.582), (86.105, -24.582), (85.901, -24.582), (85.901, -25.667), (88.624, -25.667)]
901;1;;;0;0,98;[762, 894, 896, 764];[(15.357, -19.082), (15.207, -21.449), (15.63, -21.449), (15.758, -19.082)]
902;1;;;0;0,55;[726, 850, 852, 728];[(-13.84, -19.082), (-13.842, -21.449), (-13.597, -21.449), (-13.618, -19.082)]
903;1;;;0;1,11;[687, 820, 819, 689];[(-35.435, -18.964), (-35.502, -21.449), (-35.061, -21.449), (-34.984, -18.964)]
904;1;;;0;0,90;[718, 842, 844, 720];[(-17.307, -19.082), (-17.418, -21.449), (-17.017, -21.449), (-16.946, -19.082)]
905;8;223;Аудитория;0;42,50;[390, 773, 775, 777, 779, 392];[(19.252, -12.557), (19.188, -18.638), (23.529, -18.638), (24.979, -18.638), (26.204, -18.638), (26.215, -12.557)]
906;8;224а;;0;20,34;[394, 781, 783, 785, 787, 789, 400, 398, 396];[(26.435, -12.557), (26.4, -18.638), (27.85, -18.638), (28.781, -18.638), (29.574, -18.638), (29.78, -18.638), (29.745, -12.557), (29.084, -12.557), (28.339, -12.557)]
907;1;;;0;32,86;[764, 896, 898, 900, 902, 904, 906, 908, 910, 794, 792, 786, 784, 782, 780, 778, 776, 774, 772, 770, 768, 766];[(15.758, -19.082), (15.63, -21.449), (16.477, -21.449), (18.1, -21.449), (22.227, -21.449), (22.439, -21.449), (23.591, -21.449), (25.037, -21.449), (29.588, -21.449), (29.574, -21.363), (29.574, -19.494), (29.574, -19.082), (28.781, -19.082), (27.85, -19.082), (26.4, -19.082), (26.204, -19.082), (24.979, -19.082), (23.529, -19.082), (19.188, -19.082), (18.953, -19.082), (17.904, -19.082), (16.993, -19.082)]
908;8;200;Аудитория;0;43,99;[504, 911, 909, 907, 905, 903, 506];[(29.66, -27.883), (29.739, -21.839), (29.588, -21.839), (25.037, -21.839), (23.591, -21.839), (22.439, -21.839), (22.405, -27.883)]
909;8;201;Аудитория;0;40,02;[508, 901, 899, 897, 895, 510];[(22.228, -27.883), (22.227, -21.839), (18.1, -21.839), (16.477, -21.839), (15.63, -21.839), (15.585, -27.883)]
910;8;222;;0;19,20;[386, 765, 767, 769, 771, 388];[(15.814, -12.557), (15.758, -18.638), (16.993, -18.638), (17.904, -18.638), (18.953, -18.638), (18.935, -12.557)]
911;17;221;;0;20,94;[382, 962, 960, 757, 759, 761, 763, 384];[(11.933, -12.557), (11.907, -17.384), (11.907, -18.246), (11.907, -18.638), (13.397, -18.638), (14.308, -18.638), (15.357, -18.638), (15.367, -12.557)]
912;8;220;;0;19,37;[378, 956, 958, 749, 751, 753, 755, 959, 961, 380];[(8.581, -12.557), (8.581, -17.192), (8.581, -18.152), (8.556, -18.638), (9.977, -18.638), (10.898, -18.638), (11.76, -18.638), (11.76, -18.246), (11.76, -17.384), (11.771, -12.557)]
913;8;202;Аудитория;0;43,85;[512, 893, 891, 889, 887, 885, 883, 514];[(15.209, -27.883), (15.207, -21.839), (14.114, -21.839), (12.644, -21.839), (9.892, -21.839), (9.034, -21.839), (7.976, -21.839), (7.93, -27.883)]
914;8;203;;0;18,41;[516, 881, 879, 877, 875, 518];[(7.672, -27.883), (7.717, -21.839), (6.553, -21.839), (5.459, -21.839), (4.66, -21.839), (4.638, -27.883)]
915;8;204;Аудитория;0;42,75;[520, 873, 871, 869, 867, 522];[(4.379, -27.883), (4.401, -21.839), (-0.255, -21.839), (-1.69, -21.839), (-2.677, -21.839), (-2.688, -27.883)]
916;8;205;Аудитория;0;42,20;[524, 865, 863, 861, 859, 526];[(-2.97, -27.883), (-2.865, -21.839), (-7.522, -21.839), (-8.923, -21.839), (-9.913, -21.839), (-9.884, -27.883)]
917;8;206;;0;20,90;[528, 857, 855, 853, 851, 530];[(-10.119, -27.883), (-10.089, -21.839), (-11.627, -21.839), (-12.558, -21.839), (-13.597, -21.839), (-13.525, -27.883)]
918;8;;;0;19,57;[532, 849, 847, 845, 843, 534];[(-13.805, -27.883), (-13.842, -21.839), (-15.126, -21.839), (-16.037, -21.839), (-17.017, -21.839), (-17.106, -27.883)]
919;8;207;Аудитория;0;64,90;[536, 841, 839, 837, 835, 916, 918, 538];[(-17.492, -27.883), (-17.418, -21.839), (-25.385, -21.839), (-26.815, -21.839), (-28.187, -21.839), (-28.187, -22.77), (-28.187, -23.602), (-28.201, -27.883)]
920;8;208;;0;19,76;[540, 917, 915, 833, 831, 829, 827, 542];[(-28.376, -27.883), (-28.344, -23.602), (-28.344, -22.77), (-28.344, -21.839), (-29.49, -21.839), (-30.422, -21.839), (-31.641, -21.839), (-31.607, -27.883)]
921;8;209;;0;19,59;[544, 825, 823, 821, 817, 798, 796, 546];[(-31.83, -27.883), (-31.81, -21.839), (-32.961, -21.839), (-33.893, -21.839), (-35.061, -21.839), (-35.061, -24.785), (-35.061, -25.174), (-35.061, -27.883)]
922;1;;;0;42,20;[689, 819, 822, 824, 826, 828, 830, 832, 834, 836, 838, 840, 842, 718, 716, 714, 712, 710, 708, 706, 704, 698, 703, 697, 695, 693];[(-34.984, -18.964), (-35.061, -21.449), (-33.893, -21.449), (-32.961, -21.449), (-31.81, -21.449), (-31.641, -21.449), (-30.422, -21.449), (-29.49, -21.449), (-28.344, -21.449), (-28.187, -21.449), (-26.815, -21.449), (-25.385, -21.449), (-17.418, -21.449), (-17.307, -19.082), (-19.013, -19.082), (-20.238, -19.082), (-20.454, -19.082), (-20.718, -19.082), (-27.95, -19.082), (-28.165, -19.082), (-29.018, -19.082), (-29.968, -19.082), (-31.614, -19.082), (-31.75, -18.964), (-32.461, -18.964), (-33.392, -18.964)]
923;1;;;0;7,43;[720, 844, 846, 848, 850, 726, 724, 722];[(-16.946, -19.082), (-17.017, -21.449), (-16.037, -21.449), (-15.126, -21.449), (-13.842, -21.449), (-13.84, -19.082), (-14.986, -19.082), (-16.142, -19.082)]
924;1;;;0;68,39;[728, 852, 854, 856, 858, 860, 862, 864, 866, 868, 870, 872, 874, 876, 878, 880, 882, 884, 886, 888, 890, 892, 894, 762, 760, 758, 756, 754, 752, 750, 748, 746, 744, 742, 740, 738, 736, 734, 732, 730];[(-13.618, -19.082), (-13.597, -21.449), (-12.558, -21.449), (-11.627, -21.449), (-10.089, -21.449), (-9.913, -21.449), (-8.923, -21.449), (-7.522, -21.449), (-2.865, -21.449), (-2.677, -21.449), (-1.69, -21.449), (-0.255, -21.449), (4.401, -21.449), (4.66, -21.449), (5.459, -21.449), (6.553, -21.449), (7.717, -21.449), (7.976, -21.449), (9.034, -21.449), (9.892, -21.449), (12.644, -21.449), (14.114, -21.449), (15.207, -21.449), (15.357, -19.082), (14.308, -19.082), (13.397, -19.082), (11.907, -19.082), (11.76, -19.082), (10.898, -19.082), (9.977, -19.082), (8.556, -19.082), (8.38, -19.082), (7.204, -19.082), (6.391, -19.082), (0.972, -19.082), (0.786, -19.082), (-2.693, -19.082), (-2.918, -19.082), (-3.8, -19.082), (-5.319, -19.082)]
925;8;218а;Аудитория;0;65,13;[366, 729, 731, 733, 735, 953, 951, 368];[(-13.566, -12.557), (-13.618, -18.638), (-5.319, -18.638), (-3.8, -18.638), (-2.918, -18.638), (-2.879, -17.829), (-2.879, -16.898), (-2.879, -12.557)]
926;8;218;;0;21,33;[370, 952, 954, 737, 739, 372];[(-2.716, -12.557), (-2.716, -16.898), (-2.716, -17.829), (-2.693, -18.638), (0.786, -18.638), (0.799, -12.557)]
927;8;219;Аудитория;0;45,00;[374, 741, 743, 745, 747, 957, 955, 376];[(1.022, -12.557), (0.972, -18.638), (6.391, -18.638), (7.204, -18.638), (8.38, -18.638), (8.398, -18.152), (8.398, -17.192), (8.398, -12.557)]
928;8;217;;0;19,01;[362, 948, 950, 721, 723, 725, 727, 364];[(-16.939, -12.557), (-16.939, -16.795), (-16.939, -17.024), (-16.946, -18.638), (-16.142, -18.638), (-14.986, -18.638), (-13.84, -18.638), (-13.79, -12.557)]
929;8;216а;;0;13,51;[358, 936, 943, 945, 947, 360];[(-20.475, -12.557), (-20.475, -16.824), (-19.91, -16.824), (-18.447, -16.824), (-17.305, -16.795), (-17.305, -12.557)]
930;1;;;0;5,10;[715, 717, 719, 949, 946, 944, 938, 940, 942, 713];[(-20.238, -18.638), (-19.013, -18.638), (-17.307, -18.638), (-17.305, -17.024), (-18.447, -17.027), (-19.91, -17.027), (-20.475, -17.027), (-20.475, -17.281), (-20.475, -18.467), (-20.454, -18.638)]
931;8;216;Аудитория;0;43,79;[354, 709, 711, 941, 939, 937, 935, 356];[(-27.891, -12.557), (-27.95, -18.638), (-20.718, -18.638), (-20.718, -18.467), (-20.718, -17.281), (-20.718, -17.027), (-20.718, -16.824), (-20.718, -12.557)]
932;8;215;;0;20,99;[350, 701, 699, 705, 707, 352];[(-31.589, -12.557), (-31.614, -18.638), (-29.968, -18.638), (-29.018, -18.638), (-28.165, -18.638), (-28.135, -12.557)]
933;3;;;0;20,04;[346, 690, 688, 692, 694, 696, 700, 348];[(-34.961, -12.557), (-34.984, -18.315), (-34.984, -18.795), (-33.392, -18.795), (-32.461, -18.795), (-31.75, -18.795), (-31.75, -18.638), (-31.772, -12.557)]
934;1;;;0;3,39;[342, 1408, 1407, 344];[(-38.037, -12.557), (-38.033, -13.821), (-35.358, -13.821), (-35.342, -12.557)]
935;8;214;;0;17,30;[336, 934, 932, 930, 928, 675, 677, 340, 338];[(-41.409, -12.557), (-41.438, -16.587), (-41.438, -16.869), (-41.438, -17.081), (-41.438, -17.97), (-41.438, -18.45), (-38.508, -18.45), (-38.475, -12.557), (-40.774, -12.557)]
936;1;;;0;3,50;[669, 671, 673, 927, 929, 931, 926, 924, 922, 667];[(-43.537, -18.45), (-41.81, -18.45), (-41.573, -18.45), (-41.573, -17.97), (-41.573, -17.081), (-41.573, -16.869), (-41.974, -16.847), (-43.23, -16.847), (-43.78, -16.847), (-43.74, -18.45)]
937;1;;;0;8,81;[333, 920, 923, 925, 933, 332];[(-43.695, -12.557), (-43.78, -16.593), (-43.23, -16.593), (-41.974, -16.593), (-41.573, -16.587), (-41.536, -12.557)]
938;8;212;;0;35,31;[329, 326, 567, 661, 663, 665, 921, 919, 331];[(-44.549, -12.557), (-49.872, -12.557), (-49.955, -18.45), (-46.958, -18.45), (-45.468, -18.45), (-43.91, -18.45), (-43.922, -16.847), (-43.922, -16.593), (-43.922, -12.557)]
939;1;;;0;86,17;[563, 809, 811, 813, 815, 807, 805, 803, 801, 799, 816, 818, 820, 687, 685, 683, 681, 680, 676, 674, 672, 670, 668, 666, 664, 662, 660, 565];[(-49.955, -24.789), (-49.294, -24.789), (-47.872, -24.789), (-43.961, -24.789), (-42.437, -24.789), (-41.98, -24.785), (-41.607, -24.785), (-41.15, -24.785), (-39.558, -24.785), (-35.732, -24.785), (-35.502, -24.785), (-35.502, -21.839), (-35.502, -21.449), (-35.435, -18.964), (-35.732, -18.964), (-37.735, -18.964), (-38.017, -18.964), (-38.508, -18.964), (-38.508, -18.795), (-41.438, -18.795), (-41.573, -18.795), (-41.81, -18.795), (-43.537, -18.795), (-43.74, -18.795), (-43.91, -18.795), (-45.468, -18.795), (-46.958, -18.795), (-49.955, -18.795)]
940;8;210;Аудитория;0;83,69;[548, 797, 800, 802, 804, 553, 550, 547];[(-35.732, -27.883), (-35.732, -25.174), (-39.558, -25.174), (-41.15, -25.174), (-41.607, -25.174), (-41.726, -39.276), (-35.732, -39.276), (-35.732, -28.446)]
941;8;211;Аудитория;0;111,84;[555, 806, 814, 812, 810, 808, 561, 557];[(-42.112, -39.276), (-41.98, -25.174), (-42.437, -25.134), (-43.961, -25.134), (-47.872, -25.134), (-49.294, -25.134), (-49.955, -25.134), (-49.955, -39.276)]
942;1;;;0;26,82;[335, 337, 569, 571, 647, 649, 651, 653, 654, 658, 637, 635, 642, 644, 604, 602, 334];[(-41.536, -11.939), (-41.409, -11.939), (-41.409, -6.404), (-41.409, -5.673), (-41.409, -4.629), (-41.409, -3.599), (-41.409, -2.653), (-41.409, -2.286), (-41.409, -2.018), (-41.409, -0.974), (-41.402, -0.016), (-43.598, -0.016), (-43.598, -2.381), (-43.598, -3.332), (-43.695, -5.624), (-43.695, -6.404), (-43.695, -11.939)]
943;8;;;0;17,31;[574, 577, 655, 652, 650, 648, 646, 572];[(-35.435, -5.673), (-35.435, -2.674), (-40.96, -2.653), (-41.186, -2.653), (-41.186, -3.599), (-41.186, -4.629), (-41.186, -5.673), (-40.774, -5.673)]
944;2;;Вентиляционная;0;12,24;[581, 639, 659, 657, 656, 579];[(-35.435, -0.187), (-40.942, -0.016), (-40.96, -0.974), (-40.96, -2.018), (-40.96, -2.286), (-35.435, -2.349)]
945;8;213;;0;32,50;[645, 643, 641, 633, 609, 606, 603];[(-43.956, -5.624), (-43.915, -3.332), (-43.915, -2.381), (-43.915, -0.016), (-49.718, -0.016), (-49.718, -5.624), (-44.549, -5.624)]
946;2;;;0;420,34;[585, 631, 632, 623, 621, 613, 611, 634, 636, 638, 640, 583];[(-35.435, 29.638), (-40.585, 29.772), (-40.926, 29.772), (-43.886, 29.856), (-44.232, 29.856), (-49.718, 29.856), (-49.718, 0.398), (-43.915, 0.398), (-43.598, 0.398), (-41.402, 0.398), (-40.942, 0.398), (-35.435, 0.203)]
947;2;;;0;12,99;[615, 622, 599, 617];[(-49.718, 30.262), (-44.232, 30.262), (-44.171, 32.637), (-49.718, 32.599)]
948;2;;;0;7,19;[597, 624, 630, 628, 626, 595];[(-43.866, 32.637), (-43.886, 30.262), (-40.926, 30.138), (-40.926, 30.239), (-40.926, 31.194), (-40.926, 32.637)]
949;2;;Вентиляционная;0;12,88;[589, 593, 625, 627, 629, 587];[(-35.435, 32.637), (-40.585, 32.637), (-40.585, 31.194), (-40.585, 30.239), (-40.585, 30.138), (-35.435, 30.135)]
950;9;;;0;20,98;[1401, 1402, 1403, 1404];[(29.084, -9.357), (34.639, -9.357), (34.639, -5.581), (29.084, -5.581)]
951;1;;;0;15,41;[1404, 1403, 1313, 1088];[(29.084, -5.581), (34.639, -5.581), (34.639, -2.82), (29.084, -2.796)]
952;1;;;0;3,11;[1406, 1405, 679, 678, 682, 684, 686, 691];[(-35.404, -17.546), (-38.02, -17.546), (-38.017, -18.45), (-38.017, -18.795), (-37.735, -18.795), (-35.732, -18.795), (-35.732, -18.315), (-35.414, -18.315)]
953;9;;;0;9,85;[1407, 1408, 1405, 1406];[(-35.358, -13.821), (-38.033, -13.821), (-38.02, -17.546), (-35.404, -17.546)]
954;9;;;0;9,82;[1409, 1410, 1412, 1411];[(88.624, -25.667), (85.901, -25.667), (85.901, -29.274), (88.624, -29.274)]
955;1;;;0;5,44;[1411, 1412, 1045, 1043, 466, 462];[(88.624, -29.274), (85.901, -29.274), (85.901, -30.204), (85.901, -31.101), (85.901, -31.271), (88.624, -31.271)]
956;1;;;0;2,85;[1414, 1413, 1372, 1374, 1376, 1378];[(33.598, 44.738), (33.598, 41.968), (34.628, 41.967), (34.628, 42.277), (34.628, 44.38), (34.628, 44.733)]
957;9;;;0;10,63;[1415, 1416, 1413, 1414];[(29.774, 44.758), (29.774, 41.97), (33.598, 41.968), (33.598, 44.738)]
958;200;;TITLE;0;4,00;[1417, 1418, 1420, 1419];[(-3.174, 21.043), (-1.174, 21.043), (-1.174, 23.043), (-3.174, 23.043)]
