ID;roomID;roomNo;Description;areClosed;Area (m2);Vertex_Indices;World_Coords_XY
0;100;;;0;0,63;[0, 1, 3, 2];[(-6.565, -21.231), (-5.925, -21.231), (-5.925, -20.246), (-6.565, -20.246)]
1;100;;;0;5,36;[76, 75, 5, 4];[(-6.565, -20.138), (-5.925, -20.138), (-5.925, -11.76), (-6.565, -11.76)]
2;100;;;0;0,47;[4, 5, 7, 6];[(-6.565, -11.76), (-5.925, -11.76), (-5.816, -11.089), (-6.565, -11.089)]
3;100;;;0;3,33;[6, 7, 9, 8];[(-6.565, -11.089), (-5.816, -11.089), (-5.816, -6.647), (-6.565, -6.647)]
4;100;;;0;0,12;[8, 9, 11, 10];[(-6.565, -6.647), (-5.816, -6.647), (-5.816, -6.484), (-6.565, -6.484)]
5;100;;;0;1,51;[10, 11, 13, 12];[(-6.565, -6.484), (-5.816, -6.484), (-5.816, -4.471), (-6.565, -4.471)]
6;100;;;0;0,57;[12, 13, 15, 14];[(-6.565, -4.471), (-5.816, -4.471), (-5.907, -3.655), (-6.565, -3.655)]
7;100;;;0;5,14;[14, 15, 17, 16];[(-6.565, -3.655), (-5.907, -3.655), (-5.907, 4.164), (-6.565, 4.164)]
8;100;;;0;0,27;[16, 17, 19, 18];[(-6.565, 4.164), (-5.907, 4.164), (-5.907, 4.58), (-6.565, 4.58)]
9;100;;;0;5,96;[18, 19, 21, 20];[(-6.565, 4.58), (-5.907, 4.58), (-5.907, 13.646), (-6.565, 13.646)]
10;100;;;0;0,67;[20, 21, 23, 22];[(-6.565, 13.646), (-5.907, 13.646), (-5.907, 14.658), (-6.565, 14.658)]
11;100;;;0;0,23;[20, 22, 25, 24];[(-6.565, 13.646), (-6.565, 14.658), (-6.791, 14.658), (-6.791, 13.646)]
12;100;;;0;6,85;[24, 25, 27, 26];[(-6.791, 13.646), (-6.791, 14.658), (-13.561, 14.658), (-13.561, 13.646)]
13;100;;;0;0,40;[26, 27, 29, 28];[(-13.561, 13.646), (-13.561, 14.658), (-13.954, 14.658), (-13.954, 13.646)]
14;100;;;0;4,70;[28, 29, 31, 30];[(-13.954, 13.646), (-13.954, 14.658), (-18.592, 14.658), (-18.592, 13.646)]
15;100;;;0;1,02;[30, 31, 33, 32];[(-18.592, 13.646), (-18.592, 14.658), (-19.605, 14.658), (-19.605, 13.646)]
16;100;;;0;2,57;[32, 33, 35, 34];[(-19.605, 13.646), (-19.605, 14.658), (-22.143, 14.658), (-22.143, 13.646)]
17;100;;;0;0,31;[34, 35, 37, 36];[(-22.143, 13.646), (-22.143, 14.658), (-22.445, 14.658), (-22.445, 13.646)]
18;100;;;0;3,96;[36, 37, 39, 38];[(-22.445, 13.646), (-22.445, 14.658), (-26.359, 14.658), (-26.359, 13.646)]
19;100;;;0;0,62;[38, 39, 41, 40];[(-26.359, 13.646), (-26.359, 14.658), (-26.918, 14.848), (-26.918, 13.646)]
20;100;;;0;4,83;[40, 41, 43, 42];[(-26.918, 13.646), (-26.918, 14.848), (-30.94, 14.848), (-30.94, 13.646)]
21;100;;;0;1,13;[42, 43, 45, 44];[(-30.94, 13.646), (-30.94, 14.848), (-31.953, 14.848), (-31.953, 13.828)]
22;100;;;0;13,80;[42, 44, 47, 46];[(-30.94, 13.646), (-31.953, 13.828), (-31.953, 0.116), (-30.94, 0.116)]
23;100;;;0;0,58;[46, 47, 49, 48];[(-30.94, 0.116), (-31.953, 0.116), (-31.953, -0.452), (-30.94, -0.452)]
24;100;;;0;1,02;[50, 51, 53, 52];[(-30.94, -4.651), (-31.953, -4.651), (-31.953, -5.653), (-30.94, -5.653)]
25;100;;;0;5,65;[50, 52, 55, 54, 1288];[(-30.94, -4.651), (-30.94, -5.653), (-25.301, -5.653), (-25.301, -4.651), (-28.728, -4.651)]
26;100;;;0;1,01;[54, 55, 57, 1243, 56];[(-25.301, -4.651), (-25.301, -5.653), (-24.298, -5.653), (-24.298, -5.227), (-24.298, -4.651)]
27;100;;;0;6,11;[57, 55, 58, 59];[(-24.298, -5.653), (-25.301, -5.653), (-25.301, -11.746), (-24.298, -11.746)]
28;100;;;0;0,76;[59, 58, 60, 61];[(-24.298, -11.746), (-25.301, -11.746), (-25.301, -12.507), (-24.298, -12.507)]
29;100;;;0;7,80;[61, 60, 62, 63];[(-24.298, -12.507), (-25.301, -12.507), (-25.301, -20.286), (-24.298, -20.286)]
30;100;;;0;0,38;[63, 62, 64, 65];[(-24.298, -20.286), (-25.301, -20.286), (-25.301, -20.667), (-24.298, -20.667)]
31;100;;;0;0,84;[65, 64, 66, 67];[(-24.298, -20.667), (-25.301, -20.667), (-25.301, -21.501), (-24.298, -21.501)]
32;100;;;0;3,93;[2, 76, 73, 74, 0];[(-6.565, -20.246), (-6.565, -20.138), (-10.1, -20.118), (-10.1, -21.246), (-6.565, -21.231)]
33;100;;;0;0,37;[3, 1, 69, 1328, 77];[(-5.925, -20.246), (-5.925, -21.231), (-5.547, -21.231), (-5.547, -21.062), (-5.547, -20.246)]
34;1;;;0;1,88;[1021, 1331, 1329, 1020];[(-14.111, -21.501), (-14.114, -23.307), (-13.06, -23.307), (-13.087, -21.501)]
35;100;;;0;0,07;[2, 3, 75, 76];[(-6.565, -20.246), (-5.925, -20.246), (-5.925, -20.138), (-6.565, -20.138)]
36;100;;;0;1,65;[1001, 1002, 72, 68, 70];[(-10.974, -21.501), (-10.974, -20.118), (-12.168, -20.118), (-12.168, -20.286), (-12.168, -21.501)]
37;100;;;0;0,41;[80, 81, 78, 79];[(-5.547, -29.527), (-5.842, -29.527), (-5.842, -30.908), (-5.547, -30.908)]
38;100;;;0;0,85;[84, 83, 81, 80];[(-5.547, -26.656), (-5.842, -26.656), (-5.842, -29.527), (-5.547, -29.527)]
39;100;;;0;3,76;[1050, 1044, 1008, 1007, 82, 83, 84, 605, 606];[(-5.547, -22.957), (-6.565, -22.957), (-6.565, -23.27), (-6.565, -23.586), (-6.565, -26.656), (-5.842, -26.656), (-5.547, -26.656), (-5.547, -23.409), (-5.547, -23.067)]
40;100;;;0;12,14;[80, 79, 85, 86];[(-5.547, -29.527), (-5.547, -30.908), (3.242, -30.908), (3.242, -29.527)]
41;100;;;0;0,63;[86, 85, 87, 88];[(3.242, -29.527), (3.242, -30.908), (3.695, -30.908), (3.695, -29.527)]
42;100;;;0;12,18;[88, 87, 89, 90];[(3.695, -29.527), (3.695, -30.908), (12.51, -30.908), (12.51, -29.527)]
43;100;;;0;1,39;[90, 89, 91, 92];[(12.51, -29.527), (12.51, -30.908), (13.517, -30.908), (13.517, -29.527)]
44;100;;;0;6,72;[92, 91, 93, 94];[(13.517, -29.527), (13.517, -30.908), (18.377, -30.908), (18.377, -29.527)]
45;100;;;0;1,11;[94, 93, 95, 96];[(18.377, -29.527), (18.377, -30.908), (19.183, -30.908), (19.183, -29.527)]
46;100;;;0;4,91;[96, 95, 97, 98];[(19.183, -29.527), (19.183, -30.908), (22.734, -30.908), (22.734, -29.527)]
47;100;;;0;1,02;[98, 97, 99, 100];[(22.734, -29.527), (22.734, -30.908), (23.527, -30.908), (23.527, -29.728)]
48;100;;;0;2,82;[100, 99, 101, 102];[(23.527, -29.728), (23.527, -30.908), (25.92, -30.908), (25.92, -29.728)]
49;100;;;0;0,36;[102, 101, 103, 104];[(25.92, -29.728), (25.92, -30.908), (26.222, -30.908), (26.222, -29.728)]
50;100;;;0;10,82;[104, 103, 105, 106];[(26.222, -29.728), (26.222, -30.908), (35.387, -30.908), (35.387, -29.728)]
51;100;;;0;0,31;[106, 105, 107, 108];[(35.387, -29.728), (35.387, -30.908), (35.648, -30.908), (35.648, -29.728)]
52;100;;;0;7,55;[108, 107, 109, 110];[(35.648, -29.728), (35.648, -30.908), (42.045, -30.908), (42.045, -29.728)]
53;100;;;0;0,89;[110, 109, 111, 112];[(42.045, -29.728), (42.045, -30.908), (42.802, -30.908), (42.802, -29.728)]
54;100;;;0;10,14;[112, 111, 113, 114];[(42.802, -29.728), (42.802, -30.908), (51.392, -30.908), (51.392, -29.728)]
55;100;;;0;1,32;[114, 113, 115, 116];[(51.392, -29.728), (51.392, -30.908), (52.515, -30.908), (52.515, -29.728)]
56;100;;;0;4,34;[114, 116, 118, 117];[(51.392, -29.728), (52.515, -29.728), (52.515, -25.864), (51.392, -25.864)]
57;100;;;0;1,11;[117, 118, 120, 119];[(51.392, -25.864), (52.515, -25.864), (52.515, -24.872), (51.392, -24.872)]
58;100;;;0;6,99;[120, 118, 121, 122];[(52.515, -24.872), (52.515, -25.864), (59.565, -25.864), (59.565, -24.872)]
59;100;;;0;0,57;[122, 121, 123, 124];[(59.565, -24.872), (59.565, -25.864), (60.139, -25.864), (60.139, -24.872)]
60;100;;;0;4,92;[124, 123, 125, 126];[(60.139, -24.872), (60.139, -25.864), (65.101, -25.864), (65.101, -24.872)]
61;100;;;0;0,60;[126, 125, 127, 128];[(65.101, -24.872), (65.101, -25.864), (65.705, -25.864), (65.705, -24.872)]
62;100;;;0;2,50;[127, 125, 129, 130];[(65.705, -25.864), (65.101, -25.864), (65.101, -30.006), (65.705, -30.006)]
63;100;;;0;0,34;[130, 129, 131, 132];[(65.705, -30.006), (65.101, -30.006), (65.101, -30.573), (65.705, -30.573)]
64;100;;;0;1,02;[130, 132, 134, 133];[(65.705, -30.006), (65.705, -30.573), (67.506, -30.573), (67.506, -30.006)]
65;100;;;0;0,06;[133, 134, 136, 135];[(67.506, -30.006), (67.506, -30.573), (67.619, -30.573), (67.619, -30.006)]
66;100;;;0;5,59;[135, 136, 138, 137];[(67.619, -30.006), (67.619, -30.573), (77.478, -30.573), (77.478, -30.006)]
67;100;;;0;0,34;[137, 138, 140, 139];[(77.478, -30.006), (77.478, -30.573), (78.083, -30.573), (78.083, -30.006)]
68;100;;;0;14,12;[137, 139, 142, 141];[(77.478, -30.006), (78.083, -30.006), (78.083, -6.645), (77.478, -6.645)]
69;100;;;0;0,35;[141, 142, 144, 143];[(77.478, -6.645), (78.083, -6.645), (78.083, -6.065), (77.478, -6.065)]
70;100;;;0;6,83;[141, 143, 146, 145];[(77.478, -6.645), (77.478, -6.065), (65.692, -6.065), (65.692, -6.645)]
71;100;;;0;0,34;[145, 146, 148, 1272, 147];[(65.692, -6.645), (65.692, -6.065), (65.113, -6.065), (65.113, -6.224), (65.113, -6.645)]
72;100;;;0;0,32;[148, 146, 149, 150];[(65.113, -6.065), (65.692, -6.065), (65.686, -5.374), (65.09, -5.664)]
73;100;;;0;0,21;[150, 149, 151, 152];[(65.09, -5.664), (65.686, -5.374), (65.569, -5.021), (65.018, -5.39)]
74;100;;;0;0,52;[152, 151, 153, 154];[(65.018, -5.39), (65.569, -5.021), (65.134, -4.32), (64.608, -4.867)]
75;100;;;0;0,51;[154, 153, 155, 156];[(64.608, -4.867), (65.134, -4.32), (64.364, -3.899), (64.168, -4.632)]
76;100;;;0;0,65;[156, 155, 157, 158];[(64.168, -4.632), (64.364, -3.899), (63.275, -3.929), (63.508, -4.674)]
77;100;;;0;0,42;[158, 157, 159, 160];[(63.508, -4.674), (63.275, -3.929), (62.629, -4.328), (63.148, -4.83)]
78;100;;;0;0,49;[160, 159, 161, 162];[(63.148, -4.83), (62.629, -4.328), (62.154, -4.997), (62.691, -5.312)]
79;100;;;0;0,35;[162, 161, 163, 164];[(62.691, -5.312), (62.154, -4.997), (62.02, -5.767), (62.563, -5.767)]
80;100;;;0;2,10;[164, 163, 165, 166, 1274, 1273];[(62.563, -5.767), (62.02, -5.767), (62.02, -9.6), (62.573, -9.589), (62.572, -9.236), (62.564, -6.224)]
81;100;;;0;0,13;[166, 165, 167, 168];[(62.573, -9.589), (62.02, -9.6), (61.996, -9.719), (62.587, -9.936)]
82;100;;;0;1,77;[168, 167, 169, 170];[(62.587, -9.936), (61.996, -9.719), (59.926, -11.735), (60.357, -12.158)]
83;100;;;0;0,70;[174, 173, 171, 172];[(60.244, -12.256), (59.614, -12.056), (59.612, -13.27), (60.234, -13.27)]
84;100;;;0;0,18;[170, 169, 173, 174];[(60.357, -12.158), (59.926, -11.735), (59.614, -12.056), (60.244, -12.256)]
85;100;;;0;0,47;[172, 171, 175, 176];[(60.234, -13.27), (59.612, -13.27), (59.612, -14.023), (60.234, -14.023)]
86;100;;;0;0,15;[1282, 1283, 177, 178];[(60.234, -15.551), (59.612, -15.551), (59.612, -15.799), (60.234, -15.799)]
87;100;;;0;0,23;[178, 177, 179, 180];[(60.234, -15.799), (59.612, -15.799), (59.612, -16.164), (60.234, -16.164)]
88;100;;;0;5,34;[175, 171, 181, 182];[(59.612, -14.023), (59.612, -13.27), (52.523, -13.27), (52.523, -14.023)]
89;100;;;0;0,80;[182, 181, 183, 184];[(52.523, -14.023), (52.523, -13.27), (51.465, -13.27), (51.465, -14.023)]
90;100;;;0;0,69;[183, 181, 185, 187, 186, 475];[(51.465, -13.27), (52.523, -13.27), (52.523, -12.616), (51.608, -12.616), (51.465, -12.616), (51.465, -13.049)]
91;100;;;0;9,08;[187, 185, 188, 189];[(51.608, -12.616), (52.523, -12.616), (52.523, -2.698), (51.608, -2.698)]
92;100;;;0;0,73;[189, 188, 190, 191];[(51.608, -2.698), (52.523, -2.698), (52.523, -1.904), (51.608, -1.904)]
93;100;;;0;9,76;[191, 190, 192, 193];[(51.608, -1.904), (52.523, -1.904), (52.523, 8.763), (51.608, 8.763)]
94;100;;;0;0,97;[193, 192, 194, 195];[(51.608, 8.763), (52.523, 8.763), (52.523, 9.821), (51.608, 9.821)]
95;100;;;0;9,08;[193, 195, 197, 196];[(51.608, 8.763), (51.608, 9.821), (43.025, 9.821), (43.025, 8.763)]
96;100;;;0;0,80;[196, 197, 199, 198];[(43.025, 8.763), (43.025, 9.821), (42.27, 9.821), (42.27, 8.763)]
97;100;;;0;3,61;[198, 199, 201, 200];[(42.27, 8.763), (42.27, 9.821), (38.855, 9.821), (38.855, 8.763)]
98;100;;;0;9,09;[474, 473, 203, 202];[(38.11, 8.763), (38.11, 9.821), (29.517, 9.821), (29.517, 8.763)]
99;100;;;0;0,97;[202, 203, 205, 204];[(29.517, 8.763), (29.517, 9.821), (28.595, 9.821), (28.595, 8.763)]
100;100;;;0;6,38;[202, 204, 207, 206];[(29.517, 8.763), (28.595, 8.763), (28.595, 1.843), (29.517, 1.843)]
101;100;;;0;0,22;[206, 207, 209, 208];[(29.517, 1.843), (28.595, 1.843), (28.595, 1.601), (29.517, 1.601)]
102;100;;;0;3,25;[208, 209, 211, 210];[(29.517, 1.601), (28.595, 1.601), (28.595, -1.919), (29.517, -1.919)]
103;100;;;0;0,71;[210, 211, 213, 212];[(29.517, -1.919), (28.595, -1.919), (28.595, -2.69), (29.517, -2.69)]
104;100;;;0;9,82;[212, 213, 215, 214];[(29.517, -2.69), (28.595, -2.69), (28.595, -13.343), (29.517, -13.343)]
105;100;;;0;0,77;[214, 215, 217, 216];[(29.517, -13.343), (28.595, -13.343), (28.595, -14.174), (29.517, -14.174)]
106;100;;;0;2,88;[216, 217, 219, 218];[(29.517, -14.174), (28.595, -14.174), (28.595, -17.296), (29.517, -17.296)]
107;100;;;0;0,22;[218, 219, 221, 220];[(29.517, -17.296), (28.595, -17.296), (28.595, -17.536), (29.517, -17.536)]
108;100;;;0;0,63;[220, 221, 223, 222];[(29.517, -17.536), (28.595, -17.536), (28.595, -18.216), (29.517, -18.216)]
109;100;;;0;0,75;[226, 224, 225, 227];[(23.537, -18.216), (23.537, -17.296), (22.719, -17.296), (22.719, -18.216)]
110;100;;;0;3,26;[227, 225, 228, 229];[(22.719, -18.216), (22.719, -17.296), (19.172, -17.296), (19.172, -18.216)]
111;100;;;0;4,65;[221, 219, 224, 226, 223];[(28.595, -17.536), (28.595, -17.296), (23.537, -17.296), (23.537, -18.216), (28.595, -18.216)]
112;100;;;0;0,74;[229, 228, 230, 231];[(19.172, -18.216), (19.172, -17.296), (18.364, -17.296), (18.364, -18.216)]
113;100;;;0;4,46;[231, 230, 232, 233];[(18.364, -18.216), (18.364, -17.296), (13.516, -17.296), (13.516, -18.216)]
114;100;;;0;0,94;[233, 232, 234, 235];[(13.516, -18.216), (13.516, -17.296), (12.499, -17.296), (12.499, -18.216)]
115;100;;;0;1,31;[234, 232, 236, 237];[(12.499, -17.296), (13.516, -17.296), (13.516, -16.012), (12.499, -16.012)]
116;100;;;0;0,35;[237, 236, 238, 239];[(12.499, -16.012), (13.516, -16.012), (13.516, -15.665), (12.499, -15.665)]
117;100;;;0;1,57;[239, 238, 240, 241];[(12.499, -15.665), (13.516, -15.665), (13.516, -14.123), (12.499, -14.123)]
118;100;;;0;0,28;[241, 240, 242, 243];[(12.499, -14.123), (13.516, -14.123), (13.516, -13.851), (12.499, -13.851)]
119;100;;;0;5,00;[243, 242, 244, 245];[(12.499, -13.851), (13.516, -13.851), (13.516, -8.941), (12.499, -8.941)]
120;100;;;0;0,38;[245, 244, 246, 247];[(12.499, -8.941), (13.516, -8.941), (13.516, -8.563), (12.499, -8.563)]
121;100;;;0;4,11;[247, 246, 248, 249];[(12.499, -8.563), (13.516, -8.563), (13.516, -4.528), (12.499, -4.528)]
122;100;;;0;0,14;[249, 248, 250, 251];[(12.499, -4.528), (13.516, -4.528), (13.516, -4.39), (12.499, -4.39)]
123;100;;;0;0,78;[251, 250, 252, 253];[(12.499, -4.39), (13.516, -4.39), (13.516, -3.625), (12.499, -3.625)]
124;100;;;0;2,10;[252, 250, 254, 255];[(13.516, -3.625), (13.516, -4.39), (16.256, -4.39), (16.256, -3.625)]
125;100;;;0;1,39;[255, 259, 256, 257];[(16.256, -3.625), (16.908, -4.394), (18.01, -2.974), (17.068, -2.746)]
126;100;;;0;0,25;[255, 254, 259];[(16.256, -3.625), (16.256, -4.39), (16.908, -4.394)]
127;100;;;0;0,36;[257, 256, 258, 260];[(17.068, -2.746), (18.01, -2.974), (18.01, -2.486), (17.068, -2.476)]
128;100;;;0;6,94;[260, 258, 261, 262];[(17.068, -2.476), (18.01, -2.486), (18.01, 4.888), (17.068, 4.888)]
129;100;;;0;0,11;[262, 261, 263, 264];[(17.068, 4.888), (18.01, 4.888), (18.01, 5.006), (17.068, 5.006)]
130;100;;;0;2,72;[264, 263, 265, 266];[(17.068, 5.006), (18.01, 5.006), (18.01, 7.892), (17.068, 7.892)]
131;100;;;0;0,12;[266, 265, 267, 268];[(17.068, 7.892), (18.01, 7.892), (18.01, 8.018), (17.068, 8.018)]
132;100;;;0;2,36;[268, 267, 269, 270];[(17.068, 8.018), (18.01, 8.018), (18.01, 10.523), (17.068, 10.523)]
133;100;;;0;0,21;[270, 269, 271, 272];[(17.068, 10.523), (18.01, 10.523), (18.01, 10.75), (17.068, 10.75)]
134;100;;;0;2,74;[272, 271, 273, 274];[(17.068, 10.75), (18.01, 10.75), (18.01, 13.659), (17.068, 13.659)]
135;100;;;0;1,01;[274, 273, 275, 276];[(17.068, 13.659), (18.01, 13.659), (18.01, 14.729), (17.068, 14.729)]
136;100;;;0;8,42;[276, 275, 277, 278];[(17.068, 14.729), (18.01, 14.729), (18.01, 23.669), (17.068, 23.669)]
137;100;;;0;0,89;[278, 277, 279, 280];[(17.068, 23.669), (18.01, 23.669), (18.01, 24.609), (17.068, 24.609)]
138;100;;;0;10,56;[280, 279, 281, 282];[(17.068, 24.609), (18.01, 24.609), (18.01, 35.81), (17.068, 35.81)]
139;100;;;0;0,93;[282, 281, 283, 284];[(17.068, 35.81), (18.01, 35.81), (18.01, 36.803), (17.068, 36.803)]
140;100;;;0;8,01;[282, 284, 286, 285];[(17.068, 35.81), (17.068, 36.803), (9.052, 36.803), (9.003, 35.803)]
141;100;;;0;0,62;[285, 286, 288, 287];[(9.003, 35.803), (9.052, 36.803), (8.347, 36.803), (8.361, 35.949)]
142;100;;;0;0,77;[287, 288, 290, 289];[(8.361, 35.949), (8.347, 36.803), (7.459, 36.803), (7.474, 35.927)]
143;100;;;0;2,06;[289, 290, 1302, 1303, 1301];[(7.474, 35.927), (7.459, 36.803), (5.117, 36.803), (5.117, 35.927), (5.93, 35.927)]
144;100;;;0;0,81;[291, 292, 294, 293];[(3.947, 35.927), (3.947, 36.803), (3.087, 36.803), (3.087, 35.789)]
145;100;;;0;8,81;[293, 294, 296, 295];[(3.087, 35.789), (3.087, 36.803), (-5.601, 36.803), (-5.601, 35.789)]
146;100;;;0;1,11;[295, 296, 298, 297];[(-5.601, 35.789), (-5.601, 36.803), (-6.795, 36.803), (-6.795, 35.955)]
147;100;;;0;5,74;[297, 298, 300, 299];[(-6.795, 35.955), (-6.795, 36.803), (-13.564, 36.803), (-13.564, 35.955)]
148;100;;;0;0,28;[299, 300, 302, 301];[(-13.564, 35.955), (-13.564, 36.803), (-13.897, 36.803), (-13.897, 35.955)]
149;100;;;0;3,97;[301, 302, 304, 303];[(-13.897, 35.955), (-13.897, 36.803), (-18.581, 36.803), (-18.581, 35.955)]
150;100;;;0;0,74;[303, 304, 306, 305];[(-18.581, 35.955), (-18.581, 36.803), (-19.457, 36.803), (-19.457, 35.955)]
151;100;;;0;2,83;[303, 305, 308, 307];[(-18.581, 35.955), (-19.457, 35.955), (-19.457, 32.721), (-18.581, 32.721)]
152;100;;;0;2,28;[307, 308, 311, 310, 309];[(-18.581, 32.721), (-19.457, 32.721), (-19.926, 32.706), (-19.941, 31.029), (-18.581, 31.029)]
153;100;;;0;1,89;[309, 310, 313, 950, 312];[(-18.581, 31.029), (-19.941, 31.029), (-19.941, 29.639), (-19.622, 29.639), (-18.581, 29.639)]
154;100;;;0;2,42;[313, 310, 314, 316, 315];[(-19.941, 29.639), (-19.941, 31.029), (-21.679, 31.029), (-21.679, 30.334), (-21.679, 29.639)]
155;100;;;0;2,04;[315, 316, 318, 317];[(-21.679, 29.639), (-21.679, 30.334), (-24.612, 30.334), (-24.612, 29.639)]
156;100;;;0;0,55;[317, 318, 324, 320, 319];[(-24.612, 29.639), (-24.612, 30.334), (-24.619, 31.725), (-24.877, 31.732), (-24.877, 29.639)]
157;100;;;0;3,03;[319, 320, 322, 323, 321];[(-24.877, 29.639), (-24.877, 31.732), (-26.564, 31.744), (-26.57, 30.729), (-25.62, 29.639)]
158;100;;;0;9,07;[323, 322, 325, 326];[(-26.57, 30.729), (-26.564, 31.744), (-35.504, 31.744), (-35.511, 30.729)]
159;100;;;0;0,85;[326, 325, 327, 328];[(-35.511, 30.729), (-35.504, 31.744), (-36.423, 31.744), (-35.888, 30.301)]
160;100;;;0;1,41;[328, 327, 329, 330];[(-35.888, 30.301), (-36.423, 31.744), (-37.343, 31.744), (-37.349, 30.729)]
161;100;;;0;0,76;[328, 330, 332, 331];[(-35.888, 30.301), (-37.349, 30.729), (-37.349, 30.238), (-36.43, 29.734)]
162;100;;;0;0,42;[331, 332, 334, 333];[(-36.43, 29.734), (-37.349, 30.238), (-37.349, 29.533), (-36.43, 29.533)]
163;100;;;0;0,66;[1165, 1241, 1246, 1247];[(-39.232, 26.922), (-38.979, 26.922), (-38.98, 29.533), (-39.229, 29.533)]
164;100;;;0;0,72;[336, 335, 337, 338];[(-42.625, 29.533), (-42.625, 30.238), (-43.645, 30.238), (-43.645, 29.533)]
165;100;;;0;2,66;[336, 338, 340, 339];[(-42.625, 29.533), (-43.645, 29.533), (-43.645, 26.922), (-42.625, 26.922)]
166;100;;;0;0,16;[339, 340, 342, 341];[(-42.625, 26.922), (-43.645, 26.922), (-43.645, 26.765), (-42.625, 26.765)]
167;100;;;0;6,84;[341, 342, 344, 343];[(-42.625, 26.765), (-43.645, 26.765), (-43.645, 20.056), (-42.625, 20.056)]
168;100;;;0;0,77;[343, 344, 346, 345];[(-42.625, 20.056), (-43.645, 20.056), (-43.645, 19.195), (-42.867, 19.195)]
169;100;;;0;3,36;[345, 346, 348, 347];[(-42.867, 19.195), (-43.645, 19.195), (-43.645, 14.874), (-42.867, 14.874)]
170;100;;;0;0,93;[347, 348, 350, 349];[(-42.867, 14.874), (-43.645, 14.874), (-43.645, 13.831), (-42.64, 13.831)]
171;100;;;0;18,55;[349, 350, 352, 351];[(-42.64, 13.831), (-43.645, 13.831), (-43.645, -4.63), (-42.64, -4.63)]
172;100;;;0;1,01;[351, 352, 354, 353];[(-42.64, -4.63), (-43.645, -4.63), (-43.645, -5.636), (-42.64, -5.636)]
173;100;;;0;15,15;[353, 354, 356, 355];[(-42.64, -5.636), (-43.645, -5.636), (-43.645, -20.714), (-42.64, -20.714)]
174;100;;;0;0,82;[355, 356, 358, 357];[(-42.64, -20.714), (-43.645, -20.714), (-43.645, -21.53), (-42.64, -21.53)]
175;100;;;0;3,81;[357, 358, 360, 359];[(-42.64, -21.53), (-43.645, -21.53), (-43.645, -25.323), (-42.64, -25.323)]
176;100;;;0;0,30;[359, 360, 362, 361];[(-42.64, -25.323), (-43.645, -25.323), (-43.645, -25.625), (-42.64, -25.625)]
177;100;;;0;4,37;[361, 362, 364, 363];[(-42.64, -25.625), (-43.645, -25.625), (-43.645, -29.977), (-42.64, -29.977)]
178;100;;;0;0,94;[363, 364, 366, 365];[(-42.64, -29.977), (-43.645, -29.977), (-43.645, -30.914), (-42.64, -30.914)]
179;100;;;0;5,85;[363, 365, 368, 367];[(-42.64, -29.977), (-42.64, -30.914), (-36.4, -30.914), (-36.4, -29.977)]
180;100;;;0;0,82;[367, 368, 370, 369];[(-36.4, -29.977), (-36.4, -30.914), (-35.523, -30.914), (-35.523, -29.977)]
181;100;;;0;5,69;[369, 370, 372, 371];[(-35.523, -29.977), (-35.523, -30.914), (-29.449, -30.914), (-29.449, -29.977)]
182;100;;;0;0,11;[371, 372, 374, 373];[(-29.449, -29.977), (-29.449, -30.914), (-29.328, -30.914), (-29.328, -29.977)]
183;100;;;0;5,53;[373, 374, 376, 375];[(-29.328, -29.977), (-29.328, -30.914), (-23.42, -30.914), (-23.42, -29.977)]
184;100;;;0;0,64;[375, 376, 378, 377];[(-23.42, -29.977), (-23.42, -30.914), (-22.74, -30.914), (-22.74, -29.977)]
185;100;;;0;3,89;[377, 378, 380, 379];[(-22.74, -29.977), (-22.74, -30.914), (-18.585, -30.914), (-18.585, -29.977)]
186;100;;;0;0,88;[379, 380, 382, 381];[(-18.585, -29.977), (-18.585, -30.914), (-17.648, -30.914), (-17.648, -29.977)]
187;100;;;0;3,29;[381, 382, 384, 383];[(-17.648, -29.977), (-17.648, -30.914), (-14.139, -30.914), (-14.139, -29.977)]
188;100;;;0;0,85;[383, 384, 386, 385];[(-14.139, -29.977), (-14.139, -30.914), (-13.23, -30.914), (-13.23, -29.977)]
189;100;;;0;2,08;[385, 386, 388, 387];[(-13.23, -29.977), (-13.23, -30.914), (-11.005, -30.914), (-11.005, -29.977)]
190;100;;;0;0,91;[387, 388, 390, 389];[(-11.005, -29.977), (-11.005, -30.914), (-10.128, -30.914), (-10.128, -29.767)]
191;100;;;0;4,10;[389, 390, 392, 391];[(-10.128, -29.767), (-10.128, -30.914), (-6.55, -30.914), (-6.55, -29.767)]
192;100;;;0;0,98;[81, 393, 391, 392, 78];[(-5.842, -29.527), (-6.542, -29.531), (-6.55, -29.767), (-6.55, -30.914), (-5.842, -30.908)]
193;100;;;0;3,21;[145, 147, 1275, 801, 395, 394];[(65.692, -6.645), (65.113, -6.645), (65.113, -9.645), (65.113, -10.369), (65.113, -12.193), (65.692, -12.193)]
194;100;;;0;0,15;[394, 395, 397, 396];[(65.692, -12.193), (65.113, -12.193), (65.113, -12.454), (65.692, -12.454)]
195;100;;;0;0,10;[396, 397, 399, 398];[(65.692, -12.454), (65.113, -12.454), (65.113, -12.62), (65.692, -12.62)]
196;1;;;0;0,47;[398, 399, 1265, 401, 400];[(65.692, -12.62), (65.113, -12.62), (65.113, -13.391), (65.113, -13.425), (65.692, -13.425)]
197;100;;;0;1,39;[400, 401, 403, 402];[(65.692, -13.425), (65.113, -13.425), (65.113, -15.818), (65.692, -15.818)]
198;100;;;0;0,20;[402, 403, 405, 404];[(65.692, -15.818), (65.113, -15.818), (65.113, -16.163), (65.692, -16.163)]
199;100;;;0;5,15;[128, 404, 405, 126];[(65.705, -24.872), (65.692, -16.163), (65.113, -16.163), (65.101, -24.872)]
200;100;;;0;1,24;[122, 124, 407, 406];[(59.565, -24.872), (60.139, -24.872), (60.139, -22.714), (59.565, -22.714)]
201;100;;;0;0,80;[180, 179, 408, 409];[(60.234, -16.164), (59.612, -16.164), (59.612, -17.448), (60.234, -17.448)]
202;100;;;0;0,47;[409, 408, 410, 411];[(60.234, -17.448), (59.612, -17.448), (59.612, -18.204), (60.234, -18.204)]
203;100;;;0;3,02;[407, 412, 411, 410, 406];[(60.139, -22.714), (60.281, -22.71), (60.234, -18.204), (59.612, -18.204), (59.565, -22.714)]
204;100;;;0;0,47;[394, 396, 413, 414];[(65.692, -12.193), (65.692, -12.454), (67.508, -12.454), (67.508, -12.193)]
205;100;;;0;0,03;[414, 413, 419, 420];[(67.508, -12.193), (67.508, -12.454), (67.623, -12.454), (67.623, -12.193)]
206;1;;;0;0,36;[415, 418, 417, 416];[(63.3, -16.163), (63.3, -15.811), (62.278, -15.807), (62.278, -16.163)]
207;100;;;0;0,63;[415, 405, 403, 418];[(63.3, -16.163), (65.113, -16.163), (65.113, -15.818), (63.3, -15.811)]
208;100;;;0;0,74;[180, 416, 417, 178];[(60.234, -16.164), (62.278, -16.163), (62.278, -15.807), (60.234, -15.799)]
209;100;;;0;2,01;[135, 419, 413, 133];[(67.619, -30.006), (67.623, -12.454), (67.508, -12.454), (67.506, -30.006)]
210;11;;верхняя часть спортивного зала;0;240,98;[137, 141, 145, 394, 414, 420, 419, 135];[(77.478, -30.006), (77.478, -6.645), (65.692, -6.645), (65.692, -12.193), (67.508, -12.193), (67.623, -12.193), (67.623, -12.454), (67.619, -30.006)]
211;1;;;0;31,73;[127, 130, 133, 413, 396, 398, 400, 402, 404, 128];[(65.705, -25.864), (65.705, -30.006), (67.506, -30.006), (67.508, -12.454), (65.692, -12.454), (65.692, -12.62), (65.692, -13.425), (65.692, -15.818), (65.692, -16.163), (65.705, -24.872)]
212;1;;;0;3,34;[148, 150, 152, 154, 156, 158, 160, 162, 164, 1273, 1272];[(65.113, -6.065), (65.09, -5.664), (65.018, -5.39), (64.608, -4.867), (64.168, -4.632), (63.508, -4.674), (63.148, -4.83), (62.691, -5.312), (62.563, -5.767), (62.564, -6.224), (65.113, -6.224)]
213;14;243;Кафедра физкультуры;0;42,53;[126, 405, 415, 416, 180, 409, 411, 412, 407, 124];[(65.101, -24.872), (65.113, -16.163), (63.3, -16.163), (62.278, -16.163), (60.234, -16.164), (60.234, -17.448), (60.234, -18.204), (60.281, -22.71), (60.139, -22.714), (60.139, -24.872)]
214;100;;;0;0,46;[182, 184, 422, 421];[(52.523, -14.023), (51.465, -14.023), (51.465, -14.458), (52.523, -14.458)]
215;1;;;0;2,47;[421, 422, 424, 423];[(52.523, -14.458), (51.465, -14.458), (51.465, -16.797), (52.523, -16.797)]
216;100;;;0;0,64;[423, 424, 426, 425];[(52.523, -16.797), (51.465, -16.797), (51.465, -17.36), (52.523, -17.45)]
217;100;;;0;0,85;[425, 426, 428, 427];[(52.523, -17.45), (51.465, -17.36), (51.465, -18.212), (52.523, -18.212)]
218;100;;;0;7,26;[120, 427, 428, 119];[(52.515, -24.872), (52.523, -18.212), (51.465, -18.212), (51.392, -24.872)]
219;100;;;0;0,36;[425, 427, 430, 429];[(52.523, -17.45), (52.523, -18.212), (52.995, -18.212), (52.995, -17.45)]
220;100;;;0;0,68;[429, 430, 432, 431];[(52.995, -17.45), (52.995, -18.212), (53.883, -18.212), (53.883, -17.45)]
221;100;;;0;3,34;[431, 432, 434, 433];[(53.883, -17.45), (53.883, -18.212), (58.271, -18.212), (58.271, -17.45)]
222;1;;;0;0,73;[433, 434, 436, 435];[(58.271, -17.45), (58.271, -18.212), (59.232, -18.212), (59.232, -17.45)]
223;100;;;0;0,29;[408, 435, 436, 410];[(59.612, -17.448), (59.232, -17.45), (59.232, -18.212), (59.612, -18.204)]
224;17;242;;0;47,03;[122, 406, 410, 436, 434, 432, 430, 427, 120];[(59.565, -24.872), (59.565, -22.714), (59.612, -18.204), (59.232, -18.212), (58.271, -18.212), (53.883, -18.212), (52.995, -18.212), (52.523, -18.212), (52.515, -24.872)]
225;1;;;0;24,29;[175, 182, 421, 423, 425, 429, 431, 433, 435, 408, 179, 177, 1283];[(59.612, -14.023), (52.523, -14.023), (52.523, -14.458), (52.523, -16.797), (52.523, -17.45), (52.995, -17.45), (53.883, -17.45), (58.271, -17.45), (59.232, -17.45), (59.612, -17.448), (59.612, -16.164), (59.612, -15.799), (59.612, -15.551)]
226;100;;;0;7,15;[428, 426, 437, 438];[(51.465, -18.212), (51.465, -17.36), (43.079, -17.36), (43.079, -18.212)]
227;100;;;0;0,22;[438, 437, 439, 440];[(43.079, -18.212), (43.079, -17.36), (42.822, -17.36), (42.822, -18.212)]
228;100;;;0;0,67;[440, 439, 443, 441, 442];[(42.822, -18.212), (42.822, -17.36), (42.246, -17.36), (42.037, -17.36), (42.037, -18.212)]
229;100;;;0;1,00;[450, 452, 451, 449];[(43.079, -13.045), (42.246, -13.045), (42.246, -14.249), (43.079, -14.249)]
230;100;;;0;2,84;[454, 455, 457, 458, 456];[(42.246, -7.665), (43.079, -7.665), (43.079, -4.251), (42.663, -4.251), (42.246, -4.251)]
231;1;;;0;2,31;[449, 451, 446, 444];[(43.079, -14.249), (42.246, -14.249), (42.246, -17.019), (43.079, -17.019)]
232;100;;;0;0,35;[452, 450, 447, 445];[(42.246, -13.045), (43.079, -13.045), (43.079, -12.622), (42.246, -12.622)]
233;100;;;0;3,03;[445, 447, 453, 448];[(42.246, -12.622), (43.079, -12.622), (43.079, -8.98), (42.246, -8.98)]
234;1;;;0;1,10;[448, 453, 455, 454];[(42.246, -8.98), (43.079, -8.98), (43.079, -7.665), (42.246, -7.665)]
235;100;;;0;0,28;[439, 437, 444, 446, 443];[(42.822, -17.36), (43.079, -17.36), (43.079, -17.019), (42.246, -17.019), (42.246, -17.36)]
236;100;;;0;0,65;[456, 458, 460, 459];[(42.246, -4.251), (42.663, -4.251), (42.663, -2.679), (42.246, -2.679)]
237;100;;;0;0,30;[459, 460, 462, 463, 461];[(42.246, -2.679), (42.663, -2.679), (42.663, -1.905), (42.404, -1.96), (42.246, -2.014)]
238;100;;;0;7,01;[191, 462, 460, 189];[(51.608, -1.904), (42.663, -1.905), (42.663, -2.679), (51.608, -2.698)]
239;100;;;0;0,29;[459, 461, 465, 464];[(42.246, -2.679), (42.246, -2.014), (41.816, -2.014), (41.816, -2.679)]
240;100;;;0;0,25;[461, 463, 467, 466];[(42.246, -2.014), (42.404, -1.96), (42.404, -0.381), (42.246, -0.381)]
241;100;;;0;0,46;[466, 467, 470, 469, 468];[(42.246, -0.381), (42.404, -0.381), (43.038, -0.376), (43.044, 0.196), (42.246, 0.196)]
242;1;;;0;1,10;[468, 469, 472, 471];[(42.246, 0.196), (43.044, 0.196), (43.044, 1.581), (42.246, 1.581)]
243;100;;;0;5,58;[198, 471, 472, 196];[(42.27, 8.763), (42.246, 1.581), (43.044, 1.581), (43.025, 8.763)]
244;100;;;0;0,79;[200, 201, 473, 474];[(38.855, 8.763), (38.855, 9.821), (38.11, 9.821), (38.11, 8.763)]
245;100;;;0;3,59;[450, 475, 186, 447];[(43.079, -13.045), (51.465, -13.049), (51.465, -12.616), (43.079, -12.622)]
246;1;;;0;36,17;[183, 475, 450, 449, 444, 437, 426, 424, 422, 184];[(51.465, -13.27), (51.465, -13.049), (43.079, -13.045), (43.079, -14.249), (43.079, -17.019), (43.079, -17.36), (51.465, -17.36), (51.465, -16.797), (51.465, -14.458), (51.465, -14.023)]
247;17;246;;0;85,34;[187, 189, 460, 458, 457, 455, 453, 447, 186];[(51.608, -12.616), (51.608, -2.698), (42.663, -2.679), (42.663, -4.251), (43.079, -4.251), (43.079, -7.665), (43.079, -8.98), (43.079, -12.622), (51.465, -12.616)]
248;17;247;;0;92,41;[193, 196, 472, 469, 470, 467, 463, 462, 191];[(51.608, 8.763), (43.025, 8.763), (43.044, 1.581), (43.044, 0.196), (43.038, -0.376), (42.404, -0.381), (42.404, -1.96), (42.663, -1.905), (51.608, -1.904)]
249;100;;;0;0,22;[440, 442, 477, 476];[(42.822, -18.212), (42.037, -18.212), (42.037, -18.489), (42.822, -18.489)]
250;1;;;0;1,10;[476, 477, 479, 478];[(42.822, -18.489), (42.037, -18.489), (42.037, -19.887), (42.822, -19.887)]
251;100;;;0;0,30;[478, 479, 481, 480];[(42.822, -19.887), (42.037, -19.887), (42.037, -20.264), (42.822, -20.264)]
252;100;;;0;0,28;[480, 481, 483, 482];[(42.822, -20.264), (42.037, -20.264), (42.037, -20.617), (42.822, -20.617)]
253;100;;;0;7,03;[112, 482, 483, 110];[(42.802, -29.728), (42.822, -20.617), (42.037, -20.617), (42.045, -29.728)]
254;17;240;;0;99,03;[114, 117, 119, 428, 438, 440, 476, 478, 480, 482, 112];[(51.392, -29.728), (51.392, -25.864), (51.392, -24.872), (51.465, -18.212), (43.079, -18.212), (42.822, -18.212), (42.822, -18.489), (42.822, -19.887), (42.822, -20.264), (42.822, -20.617), (42.802, -29.728)]
255;100;;;0;1,66;[102, 104, 485, 484];[(25.92, -29.728), (26.222, -29.728), (26.222, -24.226), (25.92, -24.226)]
256;100;;;0;0,17;[484, 485, 488, 487, 486, 489];[(25.92, -24.226), (26.222, -24.226), (26.299, -24.226), (26.299, -23.848), (25.863, -23.848), (25.863, -24.226)]
257;100;;;0;0,13;[486, 487, 491, 490];[(25.863, -23.848), (26.299, -23.848), (26.299, -23.555), (25.812, -23.555)]
258;100;;;0;1,42;[490, 491, 493, 492];[(25.812, -23.555), (26.299, -23.555), (26.299, -20.641), (25.812, -20.641)]
259;100;;;0;0,18;[492, 493, 495, 494];[(25.812, -20.641), (26.299, -20.641), (26.299, -20.274), (25.812, -20.274)]
260;100;;;0;2,35;[495, 493, 496, 497];[(26.299, -20.274), (26.299, -20.641), (32.699, -20.641), (32.699, -20.274)]
261;1;;;0;0,47;[497, 496, 498, 499];[(32.699, -20.274), (32.699, -20.641), (33.967, -20.641), (33.967, -20.274)]
262;100;;;0;0,52;[499, 498, 500, 501];[(33.967, -20.274), (33.967, -20.641), (35.384, -20.641), (35.384, -20.274)]
263;100;;;0;0,09;[501, 500, 502, 503];[(35.384, -20.274), (35.384, -20.641), (35.637, -20.641), (35.637, -20.274)]
264;100;;;0;1,61;[503, 502, 504, 505];[(35.637, -20.274), (35.637, -20.641), (40.036, -20.641), (40.036, -20.274)]
265;1;;;0;0,44;[505, 504, 506, 507];[(40.036, -20.274), (40.036, -20.641), (41.242, -20.641), (41.242, -20.274)]
266;100;;;0;0,29;[481, 507, 506, 483];[(42.037, -20.264), (41.242, -20.274), (41.242, -20.641), (42.037, -20.617)]
267;100;;;0;2,34;[108, 502, 500, 106];[(35.648, -29.728), (35.637, -20.641), (35.384, -20.641), (35.387, -29.728)]
268;100;;;0;4,28;[98, 100, 509, 508];[(22.734, -29.527), (23.527, -29.728), (23.527, -24.232), (22.734, -24.232)]
269;100;;;0;0,52;[508, 509, 511, 510];[(22.734, -24.232), (23.527, -24.232), (23.527, -23.576), (22.734, -23.576)]
270;100;;;0;0,30;[510, 511, 513, 512];[(22.734, -23.576), (23.527, -23.576), (23.527, -23.203), (22.734, -23.203)]
271;100;;;0;0,17;[509, 516, 514, 515, 511];[(23.527, -24.232), (23.781, -24.222), (23.791, -23.848), (23.791, -23.555), (23.527, -23.576)]
272;1;;;0;1,51;[512, 513, 518, 517];[(22.734, -23.203), (23.527, -23.203), (23.527, -21.302), (22.734, -21.302)]
273;100;;;0;0,12;[517, 518, 520, 519];[(22.734, -21.302), (23.527, -21.302), (23.527, -21.157), (22.734, -21.157)]
274;100;;;0;2,37;[227, 519, 520, 226];[(22.719, -18.216), (22.734, -21.157), (23.527, -21.157), (23.537, -18.216)]
275;100;;;0;5,84;[220, 222, 522, 521, 1278, 1280];[(29.517, -17.536), (29.517, -18.216), (38.111, -18.216), (38.111, -17.536), (36.14, -17.536), (30.972, -17.536)]
276;100;;;0;0,63;[521, 522, 524, 523];[(38.111, -17.536), (38.111, -18.216), (38.946, -18.216), (38.946, -17.389)]
277;100;;;0;0,19;[523, 524, 526, 525];[(38.946, -17.389), (38.946, -18.216), (39.176, -18.216), (39.176, -17.389)]
278;1;;;0;2,40;[441, 525, 526, 442];[(42.037, -17.36), (39.176, -17.389), (39.176, -18.216), (42.037, -18.212)]
279;17;239;;0;58,15;[110, 483, 506, 504, 502, 108];[(42.045, -29.728), (42.037, -20.617), (41.242, -20.641), (40.036, -20.641), (35.637, -20.641), (35.648, -29.728)]
280;17;238;;0;82,99;[106, 500, 498, 496, 493, 491, 487, 488, 485, 104];[(35.387, -29.728), (35.384, -20.641), (33.967, -20.641), (32.699, -20.641), (26.299, -20.641), (26.299, -23.555), (26.299, -23.848), (26.299, -24.226), (26.222, -24.226), (26.222, -29.728)]
281;100;;;0;0,34;[521, 523, 528, 527];[(38.111, -17.536), (38.946, -17.389), (38.946, -17.059), (38.111, -17.059)]
282;1;;;0;2,16;[527, 528, 530, 529];[(38.111, -17.059), (38.946, -17.059), (38.946, -14.465), (38.111, -14.465)]
283;100;;;0;0,24;[529, 530, 532, 531];[(38.111, -14.465), (38.946, -14.465), (38.946, -14.176), (38.111, -14.176)]
284;100;;;0;0,68;[531, 532, 534, 533];[(38.111, -14.176), (38.946, -14.176), (38.946, -13.357), (38.111, -13.357)]
285;100;;;0;3,93;[533, 534, 536, 535];[(38.111, -13.357), (38.946, -13.357), (38.946, -8.648), (38.111, -8.648)]
286;1;;;0;1,08;[535, 536, 538, 537];[(38.111, -8.648), (38.946, -8.648), (38.946, -7.351), (38.111, -7.351)]
287;100;;;0;3,89;[537, 538, 540, 539];[(38.111, -7.351), (38.946, -7.351), (38.946, -2.692), (38.111, -2.692)]
288;100;;;0;0,53;[539, 540, 542, 541];[(38.111, -2.692), (38.946, -2.692), (38.861, -2.012), (38.141, -2.012)]
289;100;;;0;0,07;[541, 542, 544, 543];[(38.141, -2.012), (38.861, -2.012), (38.861, -1.909), (38.141, -1.909)]
290;100;;;0;0,20;[542, 540, 545, 546];[(38.861, -2.012), (38.946, -2.692), (39.19, -2.692), (39.19, -2.012)]
291;100;;;0;1,23;[543, 544, 548, 547];[(38.141, -1.909), (38.861, -1.909), (38.861, -0.203), (38.141, -0.203)]
292;100;;;0;0,26;[547, 548, 550, 549];[(38.141, -0.203), (38.861, -0.203), (38.861, 0.156), (38.141, 0.156)]
293;1;;;0;1,01;[549, 550, 552, 551];[(38.141, 0.156), (38.861, 0.156), (38.861, 1.564), (38.141, 1.564)]
294;100;;;0;5,27;[474, 551, 552, 200];[(38.11, 8.763), (38.141, 1.564), (38.861, 1.564), (38.855, 8.763)]
295;100;;;0;1,54;[206, 208, 554, 553];[(29.517, 1.843), (29.517, 1.601), (35.876, 1.601), (35.876, 1.843)]
296;14;;;0;0,71;[555, 557, 558, 556];[(36.053, -2.692), (36.053, -1.909), (35.14, -1.909), (35.14, -2.692)]
297;100;;;0;1,62;[539, 541, 543, 557, 555];[(38.111, -2.692), (38.141, -2.012), (38.141, -1.909), (36.053, -1.909), (36.053, -2.692)]
298;100;;;0;4,37;[212, 556, 558, 210];[(29.517, -2.69), (35.14, -2.692), (35.14, -1.909), (29.517, -1.919)]
299;100;;;0;7,09;[216, 1281, 1279, 531, 533, 214];[(29.517, -14.174), (30.972, -14.174), (36.14, -14.175), (38.111, -14.176), (38.111, -13.357), (29.517, -13.343)]
300;8;202;аудитория;0;91,61;[214, 533, 535, 537, 539, 555, 556, 212];[(29.517, -13.343), (38.111, -13.357), (38.111, -8.648), (38.111, -7.351), (38.111, -2.692), (36.053, -2.692), (35.14, -2.692), (29.517, -2.69)]
301;1;;;0;4,89;[218, 220, 1280, 1281, 216];[(29.517, -17.296), (29.517, -17.536), (30.972, -17.536), (30.972, -14.174), (29.517, -14.174)]
302;1;;;0;36,59;[200, 552, 550, 548, 544, 542, 546, 465, 461, 466, 468, 471, 198];[(38.855, 8.763), (38.861, 1.564), (38.861, 0.156), (38.861, -0.203), (38.861, -1.909), (38.861, -2.012), (39.19, -2.012), (41.816, -2.014), (42.246, -2.014), (42.246, -0.381), (42.246, 0.196), (42.246, 1.581), (42.27, 8.763)]
303;1;;;0;48,48;[443, 446, 451, 452, 445, 448, 454, 456, 459, 464, 545, 540, 538, 536, 534, 532, 530, 528, 523, 525, 441];[(42.246, -17.36), (42.246, -17.019), (42.246, -14.249), (42.246, -13.045), (42.246, -12.622), (42.246, -8.98), (42.246, -7.665), (42.246, -4.251), (42.246, -2.679), (41.816, -2.679), (39.19, -2.692), (38.946, -2.692), (38.946, -7.351), (38.946, -8.648), (38.946, -13.357), (38.946, -14.176), (38.946, -14.465), (38.946, -17.059), (38.946, -17.389), (39.176, -17.389), (42.037, -17.36)]
304;1;;;0;1,77;[465, 546, 545, 464];[(41.816, -2.014), (39.19, -2.012), (39.19, -2.692), (41.816, -2.679)]
305;100;;;0;4,81;[94, 96, 560, 559];[(18.377, -29.527), (19.183, -29.527), (19.183, -23.561), (18.377, -23.561)]
306;100;;;0;0,29;[559, 560, 562, 561];[(18.377, -23.561), (19.183, -23.561), (19.183, -23.198), (18.377, -23.198)]
307;100;;;0;0,11;[561, 562, 564, 563];[(18.377, -23.198), (19.183, -23.198), (19.183, -23.067), (18.377, -23.067)]
308;1;;;0;1,42;[563, 564, 566, 565];[(18.377, -23.067), (19.183, -23.067), (19.183, -21.304), (18.377, -21.304)]
309;100;;;0;0,11;[565, 566, 568, 567];[(18.377, -21.304), (19.183, -21.304), (19.183, -21.165), (18.377, -21.165)]
310;100;;;0;0,23;[567, 568, 570, 569];[(18.377, -21.165), (19.183, -21.165), (19.183, -20.874), (18.377, -20.874)]
311;100;;;0;2,14;[231, 569, 570, 229];[(18.364, -18.216), (18.377, -20.874), (19.183, -20.874), (19.172, -18.216)]
312;100;;;0;0,16;[568, 566, 571, 572];[(19.183, -21.165), (19.183, -21.304), (20.338, -21.304), (20.338, -21.165)]
313;1;;;0;0,16;[572, 571, 573, 574];[(20.338, -21.165), (20.338, -21.304), (21.492, -21.304), (21.492, -21.165)]
314;100;;;0;0,18;[519, 574, 573, 517];[(22.734, -21.157), (21.492, -21.165), (21.492, -21.304), (22.734, -21.302)]
315;100;;;0;0,50;[562, 560, 575, 576];[(19.183, -23.198), (19.183, -23.561), (20.556, -23.561), (20.556, -23.198)]
316;1;;;0;0,41;[576, 575, 577, 578];[(20.556, -23.198), (20.556, -23.561), (21.693, -23.561), (21.693, -23.198)]
317;100;;;0;0,38;[512, 578, 577, 510];[(22.734, -23.203), (21.693, -23.198), (21.693, -23.561), (22.734, -23.576)]
318;15;236;Кабинет декана ФКиФМН;0;21,18;[96, 98, 508, 510, 577, 575, 560];[(19.183, -29.527), (22.734, -29.527), (22.734, -24.232), (22.734, -23.576), (21.693, -23.561), (20.556, -23.561), (19.183, -23.561)]
319;1;;;0;6,73;[517, 573, 571, 566, 564, 562, 576, 578, 512];[(22.734, -21.302), (21.492, -21.304), (20.338, -21.304), (19.183, -21.304), (19.183, -23.067), (19.183, -23.198), (20.556, -23.198), (21.693, -23.198), (22.734, -23.203)]
320;8;203;;0;10,46;[229, 570, 568, 572, 574, 519, 227];[(19.172, -18.216), (19.183, -20.874), (19.183, -21.165), (20.338, -21.165), (21.492, -21.165), (22.734, -21.157), (22.719, -18.216)]
321;100;;;0;2,15;[233, 235, 580, 579];[(13.516, -18.216), (12.499, -18.216), (12.499, -20.331), (13.516, -20.331)]
322;100;;;0;0,52;[579, 580, 582, 581];[(13.516, -20.331), (12.499, -20.331), (12.499, -20.845), (13.516, -20.845)]
323;100;;;0;0,23;[581, 582, 584, 583];[(13.516, -20.845), (12.499, -20.845), (12.499, -21.072), (13.516, -21.072)]
324;100;;;0;0,11;[583, 584, 586, 585];[(13.516, -21.072), (12.499, -21.072), (12.499, -21.177), (13.516, -21.177)]
325;1;;;0;1,86;[585, 586, 588, 587];[(13.516, -21.177), (12.499, -21.177), (12.499, -23.006), (13.516, -23.006)]
326;100;;;0;0,08;[587, 588, 590, 589];[(13.516, -23.006), (12.499, -23.006), (12.499, -23.086), (13.516, -23.086)]
327;100;;;0;0,12;[589, 590, 592, 591];[(13.516, -23.086), (12.499, -23.086), (12.499, -23.202), (13.516, -23.202)]
328;100;;;0;0,23;[591, 592, 594, 593];[(13.516, -23.202), (12.499, -23.202), (12.499, -23.428), (13.516, -23.428)]
329;100;;;0;0,09;[593, 594, 596, 595];[(13.516, -23.428), (12.499, -23.428), (12.499, -23.516), (13.516, -23.516)]
330;100;;;0;6,09;[92, 595, 596, 90];[(13.517, -29.527), (13.516, -23.516), (12.499, -23.516), (12.51, -29.527)]
331;1;;;0;0,35;[598, 600, 601, 599];[(13.597, -23.202), (13.597, -23.516), (14.721, -23.516), (14.721, -23.202)]
332;100;;;0;1,24;[561, 599, 601, 559];[(18.377, -23.198), (14.721, -23.202), (14.721, -23.516), (18.377, -23.561)]
333;100;;;0;0,03;[591, 593, 595, 600, 598];[(13.516, -23.202), (13.516, -23.428), (13.516, -23.516), (13.597, -23.516), (13.597, -23.202)]
334;100;;;0;0,57;[581, 583, 585, 602, 597];[(13.516, -20.845), (13.516, -21.072), (13.516, -21.177), (15.223, -21.177), (15.223, -20.845)]
335;100;;;0;0,64;[567, 569, 604, 603];[(18.377, -21.165), (18.377, -20.874), (16.319, -20.853), (16.319, -21.186)]
336;1;;;0;0,36;[602, 603, 604, 597];[(15.223, -21.177), (16.319, -21.186), (16.319, -20.853), (15.223, -20.845)]
337;8;204;;0;12,81;[233, 579, 581, 597, 604, 569, 231];[(13.516, -18.216), (13.516, -20.331), (13.516, -20.845), (15.223, -20.845), (16.319, -20.853), (18.377, -20.874), (18.364, -18.216)]
338;1;;;0;9,83;[563, 565, 567, 603, 602, 585, 587, 589, 591, 598, 599, 561];[(18.377, -23.067), (18.377, -21.304), (18.377, -21.165), (16.319, -21.186), (15.223, -21.177), (13.516, -21.177), (13.516, -23.006), (13.516, -23.086), (13.516, -23.202), (13.597, -23.202), (14.721, -23.202), (18.377, -23.198)]
339;15;235;Координационный центр деканата ФКиФМН;0;29,13;[94, 559, 601, 600, 595, 92];[(18.377, -29.527), (18.377, -23.561), (14.721, -23.516), (13.597, -23.516), (13.516, -23.516), (13.517, -29.527)]
340;100;;;0;2,42;[606, 605, 607, 608];[(-5.547, -23.067), (-5.547, -23.409), (1.51, -23.409), (1.51, -23.067)]
341;1;;;0;0,46;[608, 607, 609, 610];[(1.51, -23.067), (1.51, -23.409), (2.848, -23.409), (2.848, -23.067)]
342;100;;;0;0,13;[610, 609, 611, 612];[(2.848, -23.067), (2.848, -23.409), (3.241, -23.409), (3.241, -23.067)]
343;100;;;0;0,15;[612, 611, 613, 614];[(3.241, -23.067), (3.241, -23.409), (3.687, -23.409), (3.687, -23.067)]
344;100;;;0;2,39;[614, 613, 615, 616];[(3.687, -23.067), (3.687, -23.409), (10.665, -23.409), (10.665, -23.067)]
345;1;;;0;0,47;[615, 619, 617, 616];[(10.665, -23.409), (12.047, -23.428), (12.047, -23.086), (10.665, -23.067)]
346;100;;;0;2,75;[88, 613, 611, 86];[(3.695, -29.527), (3.687, -23.409), (3.241, -23.409), (3.242, -29.527)]
347;100;;;0;0,15;[592, 590, 617, 619, 594];[(12.499, -23.202), (12.499, -23.086), (12.047, -23.086), (12.047, -23.428), (12.499, -23.428)]
348;8;233;;0;53,76;[80, 86, 611, 609, 607, 605, 84];[(-5.547, -29.527), (3.242, -29.527), (3.241, -23.409), (2.848, -23.409), (1.51, -23.409), (-5.547, -23.409), (-5.547, -26.656)]
349;8;234;;0;53,89;[90, 596, 594, 619, 615, 613, 88];[(12.51, -29.527), (12.499, -23.516), (12.499, -23.428), (12.047, -23.428), (10.665, -23.409), (3.687, -23.409), (3.695, -29.527)]
350;100;;;0;7,04;[77, 1328, 1327, 620, 1284, 1286];[(-5.547, -20.246), (-5.547, -21.062), (3.084, -21.062), (3.084, -20.246), (1.152, -20.246), (-3.245, -20.246)]
351;100;;;0;0,37;[620, 621, 623, 622];[(3.084, -20.246), (3.944, -20.246), (3.944, -19.816), (3.084, -19.816)]
352;100;;;0;0,78;[628, 627, 629, 630];[(8.078, -20.343), (8.078, -21.109), (9.095, -21.109), (9.095, -20.343)]
353;1;;;0;1,08;[630, 629, 631, 632];[(9.095, -20.343), (9.095, -21.109), (10.507, -21.109), (10.507, -20.343)]
354;100;;;0;1,50;[631, 584, 582, 580, 632];[(10.507, -21.109), (12.499, -21.072), (12.499, -20.845), (12.499, -20.331), (10.507, -20.343)]
355;9;;1;0;3,05;[1300, 1312, 1301, 1303, 291];[(3.971, 34.381), (5.93, 34.381), (5.93, 35.927), (5.117, 35.927), (3.947, 35.927)]
356;100;;;0;0,29;[624, 626, 634, 635, 633];[(7.47, -20.246), (8.078, -20.246), (8.078, -19.772), (7.683, -19.772), (7.47, -19.772)]
357;100;;;0;0,68;[635, 634, 636, 637];[(7.683, -19.772), (8.078, -19.772), (8.078, -18.054), (7.683, -18.054)]
358;100;;;0;0,23;[637, 636, 638, 639];[(7.683, -18.054), (8.078, -18.054), (8.078, -17.465), (7.683, -17.465)]
359;100;;;0;0,25;[639, 638, 640, 641];[(7.683, -17.465), (8.078, -17.465), (8.078, -16.846), (7.683, -16.846)]
360;100;;;0;0,33;[641, 640, 642, 643];[(7.683, -16.846), (8.078, -16.846), (8.078, -16.008), (7.683, -16.008)]
361;100;;;0;0,13;[643, 642, 644, 645];[(7.683, -16.008), (8.078, -16.008), (8.078, -15.674), (7.683, -15.674)]
362;100;;;0;0,31;[645, 644, 646, 647];[(7.683, -15.674), (8.078, -15.674), (8.078, -14.896), (7.683, -14.896)]
363;100;;;0;0,29;[647, 646, 648, 649, 784];[(7.683, -14.896), (8.078, -14.896), (8.078, -14.447), (7.527, -14.274), (7.537, -14.893)]
364;100;;;0;0,02;[649, 648, 650, 651];[(7.527, -14.274), (8.078, -14.447), (8.201, -14.446), (7.683, -14.277)]
365;100;;;0;0,12;[651, 650, 652, 653];[(7.683, -14.277), (8.201, -14.446), (8.197, -14.125), (7.683, -14.125)]
366;100;;;0;0,12;[653, 652, 654, 655];[(7.683, -14.125), (8.197, -14.125), (8.078, -13.852), (7.683, -13.852)]
367;100;;;0;0,78;[655, 654, 656, 657];[(7.683, -13.852), (8.078, -13.852), (8.078, -11.888), (7.683, -11.888)]
368;1;;;0;0,95;[176, 175, 1283, 1282];[(60.234, -14.023), (59.612, -14.023), (59.612, -15.551), (60.234, -15.551)]
369;100;;;0;1,13;[660, 659, 661, 662];[(7.544, -11.072), (8.078, -11.072), (8.078, -8.958), (7.544, -8.958)]
370;100;;;0;0,21;[662, 661, 663, 664];[(7.544, -8.958), (8.078, -8.958), (8.078, -8.572), (7.544, -8.572)]
371;100;;;0;0,06;[664, 663, 665, 666];[(7.544, -8.572), (8.078, -8.572), (8.078, -8.456), (7.544, -8.456)]
372;1;;;0;0,71;[666, 665, 667, 668];[(7.544, -8.456), (8.078, -8.456), (8.078, -7.126), (7.544, -7.126)]
373;100;;;0;1,41;[668, 667, 669, 670];[(7.544, -7.126), (8.078, -7.126), (8.078, -4.486), (7.544, -4.486)]
374;100;;;0;0,66;[670, 669, 671, 672];[(7.544, -4.486), (8.078, -4.486), (8.201, -3.62), (7.343, -3.445)]
375;100;;;0;0,46;[726, 725, 673, 674];[(7.343, 5.001), (8.201, 5.001), (8.201, 5.534), (7.343, 5.534)]
376;1;;;0;1,03;[674, 673, 675, 676];[(7.343, 5.534), (8.201, 5.534), (8.201, 6.73), (7.343, 6.73)]
377;100;;;0;2,22;[676, 675, 770, 677, 679, 678];[(7.343, 6.73), (8.201, 6.73), (8.201, 9.242), (8.201, 9.318), (7.912, 9.318), (7.343, 9.318)]
378;100;;;0;0,44;[678, 679, 681, 682, 680];[(7.343, 9.318), (7.912, 9.318), (7.912, 10.088), (7.628, 10.088), (7.343, 10.088)]
379;100;;;0;0,12;[680, 682, 684, 683];[(7.343, 10.088), (7.628, 10.088), (7.628, 10.525), (7.343, 10.525)]
380;100;;;0;0,06;[683, 684, 686, 685];[(7.343, 10.525), (7.628, 10.525), (7.628, 10.752), (7.343, 10.752)]
381;100;;;0;0,93;[685, 686, 688, 687];[(7.343, 10.752), (7.628, 10.752), (7.628, 13.664), (7.273, 13.664)]
382;100;;;0;0,05;[687, 688, 690, 689];[(7.273, 13.664), (7.628, 13.664), (7.628, 13.813), (7.273, 13.813)]
383;100;;;0;0,97;[689, 690, 692, 691];[(7.273, 13.813), (7.628, 13.813), (9.263, 14.705), (7.448, 14.705)]
384;100;;;0;1,03;[691, 692, 694, 693];[(7.448, 14.705), (9.263, 14.705), (9.263, 15.273), (7.448, 15.273)]
385;100;;;0;1,09;[693, 694, 696, 697, 695];[(7.448, 15.273), (9.263, 15.273), (8.712, 15.981), (8.374, 15.981), (7.448, 15.981)]
386;100;;;0;0,90;[695, 697, 699, 698];[(7.448, 15.981), (8.374, 15.981), (8.374, 16.952), (7.448, 16.952)]
387;1;;;0;1,28;[698, 699, 701, 700];[(7.448, 16.952), (8.374, 16.952), (8.374, 18.333), (7.448, 18.333)]
388;100;;;0;4,92;[700, 701, 703, 702];[(7.448, 18.333), (8.374, 18.333), (8.374, 23.641), (7.448, 23.641)]
389;100;;;0;0,90;[702, 703, 705, 704];[(7.448, 23.641), (8.374, 23.641), (8.374, 24.612), (7.448, 24.612)]
390;100;;;0;1,16;[704, 705, 707, 706];[(7.448, 24.612), (8.374, 24.612), (8.374, 25.862), (7.448, 25.862)]
391;100;;;0;1,37;[706, 707, 709, 708];[(7.448, 25.862), (8.374, 25.862), (8.374, 27.34), (7.448, 27.34)]
392;1;;;0;1,32;[708, 709, 711, 710];[(7.448, 27.34), (8.374, 27.34), (8.374, 28.765), (7.448, 28.765)]
393;100;;;0;5,19;[710, 711, 713, 712];[(7.448, 28.765), (8.374, 28.765), (8.389, 34.367), (7.463, 34.371)]
394;100;;;0;2,37;[287, 289, 712, 713, 714, 285];[(8.361, 35.949), (7.474, 35.927), (7.463, 34.371), (8.389, 34.367), (9.003, 34.367), (9.003, 35.803)]
395;100;;;0;0,21;[689, 691, 846, 715];[(7.273, 13.813), (7.448, 14.705), (7.123, 14.703), (7.118, 13.813)]
396;100;;;0;0,16;[717, 720, 722, 719];[(10.089, 13.664), (10.242, 13.664), (10.242, 14.705), (10.089, 14.705)]
397;100;;;0;7,37;[280, 718, 721, 278];[(17.068, 24.609), (9.369, 24.612), (9.331, 23.641), (17.068, 23.669)]
398;100;;;0;7,20;[276, 722, 720, 274];[(17.068, 14.729), (10.242, 14.705), (10.242, 13.664), (17.068, 13.659)]
399;100;;;0;0,95;[705, 703, 721, 718];[(8.374, 24.612), (8.374, 23.641), (9.331, 23.641), (9.369, 24.612)]
400;100;;;0;1,83;[690, 688, 717, 719, 692];[(7.628, 13.813), (7.628, 13.664), (10.089, 13.664), (10.089, 14.705), (9.263, 14.705)]
401;100;;;0;7,22;[672, 671, 723, 724];[(7.343, -3.445), (8.201, -3.62), (8.201, 4.888), (7.343, 4.888)]
402;100;;;0;0,10;[724, 723, 725, 726];[(7.343, 4.888), (8.201, 4.888), (8.201, 5.001), (7.343, 5.001)]
403;100;;;0;0,19;[725, 723, 727, 728];[(8.201, 5.001), (8.201, 4.888), (9.877, 4.888), (9.877, 5.001)]
404;100;;;0;0,01;[728, 727, 729, 730];[(9.877, 5.001), (9.877, 4.888), (9.986, 4.888), (9.986, 5.001)]
405;100;;;0;0,02;[730, 729, 731, 732];[(9.986, 5.001), (9.986, 4.888), (10.132, 4.888), (10.132, 5.001)]
406;100;;;0;0,80;[264, 732, 731, 262];[(17.068, 5.006), (10.132, 5.001), (10.132, 4.888), (17.068, 4.888)]
407;100;;;0;1,50;[671, 669, 733, 734];[(8.201, -3.62), (8.078, -4.486), (9.872, -4.486), (9.872, -3.62)]
408;100;;;0;0,09;[734, 733, 735, 736];[(9.872, -3.62), (9.872, -4.486), (9.981, -4.486), (9.981, -3.62)]
409;16;;;0;1,32;[736, 735, 737, 738];[(9.981, -3.62), (9.981, -4.486), (11.505, -4.486), (11.505, -3.62)]
410;100;;;0;0,88;[251, 253, 738, 737, 249];[(12.499, -4.39), (12.499, -3.625), (11.505, -3.62), (11.505, -4.486), (12.499, -4.528)]
411;16;;;0;0,16;[734, 736, 740, 739];[(9.872, -3.62), (9.981, -3.62), (9.981, -2.154), (9.872, -2.154)]
412;100;;;0;0,77;[727, 739, 740, 729];[(9.877, 4.888), (9.872, -2.154), (9.981, -2.154), (9.986, 4.888)]
413;100;;;0;0,12;[730, 732, 742, 741];[(9.986, 5.001), (10.132, 5.001), (10.132, 5.795), (9.986, 5.795)]
414;1;;;0;0,14;[741, 742, 744, 743];[(9.986, 5.795), (10.132, 5.795), (10.132, 6.728), (9.986, 6.728)]
415;100;;;0;0,17;[743, 744, 746, 745];[(9.986, 6.728), (10.132, 6.728), (10.132, 7.886), (9.986, 7.886)]
416;100;;;0;0,04;[745, 746, 748, 747];[(9.986, 7.886), (10.132, 7.886), (10.132, 8.185), (9.986, 8.185)]
417;100;;;0;0,01;[747, 748, 750, 749];[(9.986, 8.185), (10.132, 8.185), (10.132, 8.28), (9.986, 8.28)]
418;1;;;0;0,13;[749, 750, 752, 751];[(9.986, 8.28), (10.132, 8.28), (10.132, 9.154), (9.986, 9.154)]
419;100;;;0;0,01;[751, 752, 754, 753];[(9.986, 9.154), (10.132, 9.154), (10.132, 9.235), (9.986, 9.235)]
420;100;;;0;0,01;[753, 754, 756, 755];[(9.986, 9.235), (10.132, 9.235), (10.132, 9.337), (9.986, 9.337)]
421;100;;;0;0,18;[755, 756, 758, 757];[(9.986, 9.337), (10.132, 9.337), (10.132, 10.546), (9.986, 10.546)]
422;100;;;0;0,03;[757, 758, 760, 759];[(9.986, 10.546), (10.132, 10.546), (10.132, 10.758), (9.986, 10.758)]
423;100;;;0;0,02;[760, 758, 761, 762];[(10.132, 10.758), (10.132, 10.546), (10.249, 10.546), (10.249, 10.758)]
424;100;;;0;0,39;[717, 760, 762, 720];[(10.089, 13.664), (10.132, 10.758), (10.249, 10.758), (10.242, 13.664)]
425;100;;;0;0,26;[762, 761, 763, 764];[(10.249, 10.758), (10.249, 10.546), (11.502, 10.546), (11.502, 10.758)]
426;8;;;0;0,20;[764, 763, 765, 766];[(11.502, 10.758), (11.502, 10.546), (12.435, 10.546), (12.435, 10.758)]
427;100;;;0;1,01;[272, 766, 765, 270];[(17.068, 10.75), (12.435, 10.758), (12.435, 10.546), (17.068, 10.523)]
428;100;;;0;0,19;[748, 746, 767, 769, 768];[(10.132, 8.185), (10.132, 7.886), (10.761, 7.886), (10.761, 8.036), (10.761, 8.185)]
429;100;;;0;0,87;[268, 769, 767, 266];[(17.068, 8.018), (10.761, 8.036), (10.761, 7.886), (17.068, 7.892)]
430;100;;;0;0,22;[686, 684, 771, 772];[(7.628, 10.752), (7.628, 10.525), (8.599, 10.525), (8.599, 10.752)]
431;2;;;0;0,17;[772, 771, 773, 774];[(8.599, 10.752), (8.599, 10.525), (9.353, 10.525), (9.353, 10.752)]
432;100;;;0;0,14;[759, 774, 773, 757];[(9.986, 10.758), (9.353, 10.752), (9.353, 10.525), (9.986, 10.546)]
433;100;;;0;0,29;[670, 672, 994, 775];[(7.544, -4.486), (7.343, -3.445), (7.163, -3.448), (7.173, -4.486)]
434;100;;;0;0,08;[663, 661, 776, 777];[(8.078, -8.572), (8.078, -8.958), (8.28, -8.958), (8.28, -8.572)]
435;16;;;0;0,54;[777, 776, 778, 779];[(8.28, -8.572), (8.28, -8.958), (9.678, -8.958), (9.678, -8.572)]
436;100;;;0;1,08;[247, 779, 778, 245];[(12.499, -8.563), (9.678, -8.572), (9.678, -8.958), (12.499, -8.941)]
437;100;;;0;0,17;[658, 656, 780, 781];[(8.078, -11.223), (8.078, -11.888), (8.33, -11.888), (8.33, -11.223)]
438;100;;;0;1,19;[243, 654, 652, 241];[(12.499, -13.851), (8.078, -13.852), (8.197, -14.125), (12.499, -14.123)]
439;100;;;0;0,29;[644, 642, 785, 786];[(8.078, -15.674), (8.078, -16.008), (8.947, -16.008), (8.947, -15.674)]
440;8;;;0;0,30;[786, 785, 787, 788];[(8.947, -15.674), (8.947, -16.008), (9.854, -16.008), (9.854, -15.674)]
441;100;;;0;0,90;[239, 788, 787, 237];[(12.499, -15.665), (9.854, -15.674), (9.854, -16.008), (12.499, -16.012)]
442;100;;;0;0,07;[638, 636, 789, 790];[(8.078, -17.465), (8.078, -18.054), (8.202, -18.054), (8.202, -17.465)]
443;100;;;0;0,11;[639, 641, 792, 791];[(7.683, -17.465), (7.683, -16.846), (7.508, -16.846), (7.508, -17.465)]
444;100;;;0;1,09;[794, 793, 707, 705, 718];[(9.357, 25.17), (8.954, 25.862), (8.374, 25.862), (8.374, 24.612), (9.369, 24.612)]
445;8;209;аудитория;0;95,29;[282, 285, 714, 713, 711, 709, 707, 793, 794, 718, 280];[(17.068, 35.81), (9.003, 35.803), (9.003, 34.367), (8.389, 34.367), (8.374, 28.765), (8.374, 27.34), (8.374, 25.862), (8.954, 25.862), (9.357, 25.17), (9.369, 24.612), (17.068, 24.609)]
446;8;208;аудитория;0;76,77;[703, 701, 699, 697, 696, 694, 692, 719, 722, 276, 278, 721];[(8.374, 23.641), (8.374, 18.333), (8.374, 16.952), (8.374, 15.981), (8.712, 15.981), (9.263, 15.273), (9.263, 14.705), (10.089, 14.705), (10.242, 14.705), (17.068, 14.729), (17.068, 23.669), (9.331, 23.641)]
447;2;;;0;7,23;[686, 772, 774, 759, 760, 717, 688];[(7.628, 10.752), (8.599, 10.752), (9.353, 10.752), (9.986, 10.758), (10.132, 10.758), (10.089, 13.664), (7.628, 13.664)]
448;8;;;0;19,83;[274, 720, 762, 764, 766, 272];[(17.068, 13.659), (10.242, 13.664), (10.249, 10.758), (11.502, 10.758), (12.435, 10.758), (17.068, 10.75)]
449;8;;;0;17,32;[270, 765, 763, 761, 758, 756, 754, 752, 750, 748, 768, 769, 268];[(17.068, 10.523), (12.435, 10.546), (11.502, 10.546), (10.249, 10.546), (10.132, 10.546), (10.132, 9.337), (10.132, 9.235), (10.132, 9.154), (10.132, 8.28), (10.132, 8.185), (10.761, 8.185), (10.761, 8.036), (17.068, 8.018)]
450;8;;;0;20,01;[266, 767, 746, 744, 742, 732, 264];[(17.068, 7.892), (10.761, 7.886), (10.132, 7.886), (10.132, 6.728), (10.132, 5.795), (10.132, 5.001), (17.068, 5.006)]
451;16;;музей;0;59,94;[253, 252, 255, 257, 260, 262, 731, 729, 740, 736, 738];[(12.499, -3.625), (13.516, -3.625), (16.256, -3.625), (17.068, -2.746), (17.068, -2.476), (17.068, 4.888), (10.132, 4.888), (9.986, 4.888), (9.981, -2.154), (9.981, -3.62), (11.505, -3.62)]
452;2;;;0;14,23;[671, 734, 739, 727, 723];[(8.201, -3.62), (9.872, -3.62), (9.872, -2.154), (9.877, 4.888), (8.201, 4.888)]
453;16;206;музей;0;18,03;[249, 737, 735, 733, 669, 667, 665, 663, 777, 779, 247];[(12.499, -4.528), (11.505, -4.486), (9.981, -4.486), (9.872, -4.486), (8.078, -4.486), (8.078, -7.126), (8.078, -8.456), (8.078, -8.572), (8.28, -8.572), (9.678, -8.572), (12.499, -8.563)]
454;8;;;0;21,49;[661, 659, 658, 781, 780, 656, 654, 243, 245, 778, 776];[(8.078, -8.958), (8.078, -11.072), (8.078, -11.223), (8.33, -11.223), (8.33, -11.888), (8.078, -11.888), (8.078, -13.852), (12.499, -13.851), (12.499, -8.941), (9.678, -8.958), (8.28, -8.958)]
455;8;;;0;6,80;[241, 652, 650, 648, 646, 644, 786, 788, 239];[(12.499, -14.123), (8.197, -14.125), (8.201, -14.446), (8.078, -14.447), (8.078, -14.896), (8.078, -15.674), (8.947, -15.674), (9.854, -15.674), (12.499, -15.665)]
456;8;205;;0;19,07;[234, 237, 787, 785, 642, 640, 638, 790, 789, 636, 634, 626, 628, 630, 632, 580, 235];[(12.499, -17.296), (12.499, -16.012), (9.854, -16.008), (8.947, -16.008), (8.078, -16.008), (8.078, -16.846), (8.078, -17.465), (8.202, -17.465), (8.202, -18.054), (8.078, -18.054), (8.078, -19.772), (8.078, -20.246), (8.078, -20.343), (9.095, -20.343), (10.507, -20.343), (12.499, -20.331), (12.499, -18.216)]
457;100;;;0;5,90;[7, 5, 1287, 1285, 795, 796];[(-5.816, -11.089), (-5.925, -11.76), (-3.245, -11.76), (1.152, -11.76), (2.927, -11.76), (2.927, -11.089)]
458;100;;;0;0,25;[796, 795, 797, 798];[(2.927, -11.089), (2.927, -11.76), (3.303, -11.76), (3.303, -11.089)]
459;100;;;0;0,33;[798, 797, 799, 800];[(3.303, -11.089), (3.303, -11.76), (3.793, -11.76), (3.793, -11.089)]
460;1;;;0;23,69;[1275, 1276, 1277, 1274, 166, 168, 170, 174, 172, 176, 1282, 178, 417, 418, 403, 401, 1265, 1271, 1270, 801];[(65.113, -9.645), (63.917, -9.645), (63.917, -9.236), (62.572, -9.236), (62.573, -9.589), (62.587, -9.936), (60.357, -12.158), (60.244, -12.256), (60.234, -13.27), (60.234, -14.023), (60.234, -15.551), (60.234, -15.799), (62.278, -15.807), (63.3, -15.811), (65.113, -15.818), (65.113, -13.425), (65.113, -13.391), (63.959, -13.391), (63.959, -10.369), (65.113, -10.369)]
461;100;;;0;0,02;[989, 988, 805, 806];[(3.898, -11.892), (3.793, -11.892), (3.793, -12.084), (3.898, -12.084)]
462;100;;;0;0,09;[988, 990, 804, 805];[(3.793, -11.892), (3.303, -11.892), (3.303, -12.084), (3.793, -12.084)]
463;100;;;0;0,07;[990, 991, 803, 804];[(3.303, -11.892), (2.927, -11.892), (2.927, -12.084), (3.303, -12.084)]
464;100;;;0;1,40;[798, 800, 808, 807];[(3.303, -11.089), (3.793, -11.089), (3.793, -8.221), (3.303, -8.221)]
465;1;;;0;0,63;[807, 808, 810, 809];[(3.303, -8.221), (3.793, -8.221), (3.793, -6.936), (3.303, -6.936)]
466;100;;;0;0,15;[809, 810, 812, 811];[(3.303, -6.936), (3.793, -6.936), (3.793, -6.63), (3.303, -6.63)]
467;100;;;0;0,07;[811, 812, 814, 813];[(3.303, -6.63), (3.793, -6.63), (3.793, -6.49), (3.303, -6.49)]
468;100;;;0;0,97;[813, 814, 816, 815];[(3.303, -6.49), (3.793, -6.49), (3.793, -4.505), (3.303, -4.505)]
469;100;;;0;0,43;[815, 816, 818, 819, 817];[(3.303, -4.505), (3.793, -4.505), (3.793, -3.622), (3.434, -3.622), (3.303, -3.622)]
470;100;;;0;0,06;[819, 818, 820, 821];[(3.434, -3.622), (3.793, -3.622), (3.793, -3.464), (3.434, -3.464)]
471;100;;;0;0,39;[821, 820, 822, 823];[(3.434, -3.464), (3.793, -3.464), (3.793, -2.389), (3.434, -2.389)]
472;1;;;0;1,06;[827, 824, 825, 828];[(2.988, 2.762), (3.793, 2.762), (3.793, 4.082), (2.988, 4.082)]
473;100;;;0;0,08;[828, 825, 829, 830];[(2.988, 4.082), (3.793, 4.082), (3.793, 4.178), (2.988, 4.178)]
474;100;;;0;4,14;[824, 827, 826, 823, 822];[(3.793, 2.762), (2.988, 2.762), (2.988, -2.389), (3.434, -2.389), (3.793, -2.389)]
475;100;;;0;0,35;[830, 829, 831, 832];[(2.988, 4.178), (3.793, 4.178), (3.793, 4.589), (2.918, 4.589)]
476;100;;;0;5,02;[832, 831, 833, 835, 834];[(2.918, 4.589), (3.793, 4.589), (3.793, 10.331), (3.454, 10.331), (2.918, 10.331)]
477;100;;;0;0,29;[835, 833, 836, 837];[(3.454, 10.331), (3.793, 10.331), (3.793, 11.196), (3.454, 11.196)]
478;1;;;0;0,45;[837, 836, 838, 839];[(3.454, 11.196), (3.793, 11.196), (3.793, 12.515), (3.454, 12.515)]
479;100;;;0;0,38;[839, 838, 840, 841];[(3.454, 12.515), (3.793, 12.515), (3.793, 13.641), (3.454, 13.641)]
480;100;;;0;0,05;[841, 840, 842, 843];[(3.454, 13.641), (3.793, 13.641), (3.793, 13.793), (3.454, 13.793)]
481;100;;;0;0,04;[888, 887, 844, 845];[(3.454, 14.595), (3.793, 14.595), (3.793, 14.711), (3.454, 14.711)]
482;100;;;0;0,15;[887, 842, 716, 889];[(3.793, 14.595), (3.793, 13.793), (3.972, 13.793), (3.976, 14.595)]
483;100;;;0;0,04;[888, 845, 850, 890];[(3.454, 14.595), (3.454, 14.711), (3.113, 14.711), (3.113, 14.595)]
484;100;;;0;0,05;[841, 843, 849, 848];[(3.454, 13.641), (3.454, 13.793), (3.113, 13.793), (3.113, 13.641)]
485;100;;;0;7,04;[845, 844, 847, 853, 854, 850];[(3.454, 14.711), (3.793, 14.711), (3.976, 14.711), (3.976, 22.871), (3.113, 22.871), (3.113, 14.711)]
486;100;;;0;0,13;[872, 870, 852, 851];[(3.113, 23.809), (3.976, 23.809), (3.976, 23.955), (3.113, 23.955)]
487;1;;;0;0,37;[855, 851, 857, 859];[(2.973, 23.955), (3.113, 23.955), (3.113, 26.622), (2.973, 26.622)]
488;100;;;0;0,02;[872, 851, 855, 871];[(3.113, 23.809), (3.113, 23.955), (2.973, 23.955), (2.973, 23.809)]
489;1;;;0;2,30;[851, 852, 858, 857];[(3.113, 23.955), (3.976, 23.955), (3.976, 26.622), (3.113, 26.622)]
490;100;;;0;0,02;[859, 857, 860, 862];[(2.973, 26.622), (3.113, 26.622), (3.113, 26.771), (2.973, 26.771)]
491;100;;;0;0,13;[857, 858, 861, 860];[(3.113, 26.622), (3.976, 26.622), (3.976, 26.771), (3.113, 26.771)]
492;100;;;0;0,11;[862, 860, 863, 865];[(2.973, 26.771), (3.113, 26.771), (3.113, 27.584), (2.973, 27.584)]
493;100;;;0;0,70;[860, 861, 864, 863];[(3.113, 26.771), (3.976, 26.771), (3.976, 27.584), (3.113, 27.584)]
494;100;;;0;4,58;[863, 864, 867, 866];[(3.113, 27.584), (3.976, 27.584), (3.976, 32.892), (3.113, 32.892)]
495;1;;;0;1,02;[866, 867, 869, 868];[(3.113, 32.892), (3.976, 32.892), (3.976, 34.072), (3.113, 34.072)]
496;100;;;0;1,54;[293, 868, 869, 1300, 291];[(3.087, 35.789), (3.113, 34.072), (3.976, 34.072), (3.971, 34.381), (3.947, 35.927)]
497;100;;;0;0,13;[854, 872, 871, 856];[(3.113, 22.871), (3.113, 23.809), (2.973, 23.809), (2.973, 22.871)]
498;100;;;0;0,81;[854, 853, 870, 872];[(3.113, 22.871), (3.976, 22.871), (3.976, 23.809), (3.113, 23.809)]
499;100;;;0;1,20;[11, 9, 873, 874];[(-5.816, -6.484), (-5.816, -6.647), (1.564, -6.647), (1.564, -6.484)]
500;17;;;0;0,14;[874, 873, 875, 876];[(1.564, -6.484), (1.564, -6.647), (2.438, -6.647), (2.438, -6.484)]
501;100;;;0;0,13;[813, 876, 875, 811];[(3.303, -6.49), (2.438, -6.484), (2.438, -6.647), (3.303, -6.63)]
502;100;;;0;7,79;[13, 815, 817, 15];[(-5.816, -4.471), (3.303, -4.505), (3.303, -3.622), (-5.907, -3.655)]
503;100;;;0;3,66;[17, 830, 832, 19];[(-5.907, 4.164), (2.988, 4.178), (2.918, 4.589), (-5.907, 4.58)]
504;100;;;0;0,31;[23, 21, 877, 878];[(-5.907, 14.658), (-5.907, 13.646), (-5.603, 13.646), (-5.603, 14.658)]
505;100;;;0;2,08;[878, 877, 879, 880];[(-5.603, 14.658), (-5.603, 13.646), (-3.546, 13.646), (-3.546, 14.658)]
506;100;;;0;0,76;[880, 879, 881, 882];[(-3.546, 14.658), (-3.546, 13.646), (-2.769, 13.646), (-2.769, 14.598)]
507;100;;;0;2,43;[882, 881, 883, 884];[(-2.769, 14.598), (-2.769, 13.646), (-0.219, 13.646), (-0.219, 14.598)]
508;100;;;0;0,81;[884, 883, 885, 886];[(-0.219, 14.598), (-0.219, 13.646), (0.643, 13.646), (0.643, 14.579)]
509;100;;;0;0,27;[843, 888, 890, 849];[(3.454, 13.793), (3.454, 14.595), (3.113, 14.595), (3.113, 13.793)]
510;100;;;0;0,02;[844, 887, 889, 847];[(3.793, 14.711), (3.793, 14.595), (3.976, 14.595), (3.976, 14.711)]
511;100;;;0;0,27;[843, 842, 887, 888];[(3.454, 13.793), (3.793, 13.793), (3.793, 14.595), (3.454, 14.595)]
512;100;;;0;2,33;[849, 890, 886, 885, 848];[(3.113, 13.793), (3.113, 14.595), (0.643, 14.579), (0.643, 13.646), (3.113, 13.641)]
513;100;;;0;0,13;[884, 886, 892, 893, 894, 891];[(-0.219, 14.598), (0.643, 14.579), (0.643, 14.735), (0.398, 14.735), (0.09, 14.735), (-0.219, 14.735)]
514;100;;;0;2,50;[894, 893, 895, 896];[(0.09, 14.735), (0.398, 14.735), (0.398, 22.86), (0.09, 22.86)]
515;100;;;0;0,03;[896, 895, 897, 898];[(0.09, 22.86), (0.398, 22.86), (0.398, 22.962), (0.09, 22.962)]
516;100;;;0;0,26;[898, 897, 899, 900];[(0.09, 22.962), (0.398, 22.962), (0.398, 23.812), (0.09, 23.812)]
517;1;;;0;0,85;[903, 901, 902, 904];[(0.519, 23.812), (0.519, 22.86), (1.415, 22.86), (1.415, 23.812)]
518;100;;;0;1,47;[871, 904, 902, 856];[(2.973, 23.809), (1.415, 23.812), (1.415, 22.86), (2.973, 22.871)]
519;100;;;0;0,12;[897, 895, 901, 903, 899];[(0.398, 22.962), (0.398, 22.86), (0.519, 22.86), (0.519, 23.812), (0.398, 23.812)]
520;100;;;0;0,33;[898, 900, 906, 905];[(0.09, 22.962), (0.09, 23.812), (-0.3, 23.812), (-0.3, 22.962)]
521;1;;;0;0,79;[905, 906, 908, 907];[(-0.3, 22.962), (-0.3, 23.812), (-1.226, 23.812), (-1.226, 22.962)]
522;100;;;0;1,31;[907, 908, 910, 909];[(-1.226, 22.962), (-1.226, 23.812), (-2.764, 23.812), (-2.764, 22.962)]
523;100;;;0;0,72;[909, 910, 912, 911];[(-2.764, 22.962), (-2.764, 23.812), (-3.549, 23.812), (-3.549, 22.831)]
524;100;;;0;6,45;[882, 909, 911, 880];[(-2.769, 14.598), (-2.764, 22.962), (-3.549, 22.831), (-3.546, 14.658)]
525;100;;;0;0,62;[911, 912, 914, 913];[(-3.549, 22.831), (-3.549, 23.812), (-4.178, 23.812), (-4.178, 22.831)]
526;1;;;0;0,88;[913, 914, 916, 915];[(-4.178, 22.831), (-4.178, 23.812), (-5.072, 23.812), (-5.072, 22.831)]
527;100;;;0;0,53;[915, 916, 918, 917];[(-5.072, 22.831), (-5.072, 23.812), (-5.614, 23.812), (-5.614, 22.831)]
528;100;;;0;0,22;[917, 918, 920, 919];[(-5.614, 22.831), (-5.614, 23.812), (-5.84, 23.812), (-5.84, 22.831)]
529;100;;;0;0,94;[919, 920, 922, 986, 921];[(-5.84, 22.831), (-5.84, 23.812), (-6.797, 23.812), (-6.797, 22.99), (-6.797, 22.831)]
530;100;;;0;0,09;[922, 920, 923, 924];[(-6.797, 23.812), (-5.84, 23.812), (-5.84, 23.908), (-6.797, 23.908)]
531;100;;;0;9,69;[23, 878, 917, 919, 921, 25, 22];[(-5.907, 14.658), (-5.603, 14.658), (-5.614, 22.831), (-5.84, 22.831), (-6.797, 22.831), (-6.791, 14.658), (-6.565, 14.658)]
532;100;;;0;1,61;[33, 31, 925, 927, 926];[(-19.605, 14.658), (-18.592, 14.658), (-18.592, 16.253), (-19.447, 16.253), (-19.605, 16.253)]
533;100;;;0;1,40;[927, 925, 928, 929];[(-19.447, 16.253), (-18.592, 16.253), (-18.592, 17.89), (-19.447, 17.89)]
534;100;;;0;2,15;[929, 928, 930, 931];[(-19.447, 17.89), (-18.592, 17.89), (-18.592, 20.409), (-19.447, 20.409)]
535;100;;;0;0,23;[1214, 1213, 932, 933];[(-19.447, 20.869), (-18.592, 20.869), (-18.592, 21.133), (-19.447, 21.133)]
536;100;;;0;0,71;[1211, 1216, 935, 931, 1214, 933, 936, 1212];[(-20.435, 20.867), (-20.433, 20.413), (-19.614, 20.409), (-19.447, 20.409), (-19.447, 20.869), (-19.447, 21.133), (-19.614, 21.133), (-20.435, 21.122)]
537;100;;;0;0,42;[929, 931, 935, 934];[(-19.447, 17.89), (-19.447, 20.409), (-19.614, 20.409), (-19.614, 17.89)]
538;100;;;0;0,92;[939, 937, 938, 941, 940];[(-19.614, 22.99), (-18.592, 22.99), (-18.592, 23.892), (-18.728, 23.892), (-19.614, 23.892)]
539;1;;;0;2,53;[940, 941, 943, 942];[(-19.614, 23.892), (-18.728, 23.892), (-18.728, 26.746), (-19.614, 26.746)]
540;100;;;0;1,90;[933, 932, 937, 939, 936];[(-19.447, 21.133), (-18.592, 21.133), (-18.592, 22.99), (-19.614, 22.99), (-19.614, 21.133)]
541;100;;;0;0,10;[942, 943, 945, 944];[(-19.614, 26.746), (-18.728, 26.746), (-18.728, 26.862), (-19.614, 26.862)]
542;100;;;0;0,60;[944, 945, 947, 946];[(-19.614, 26.862), (-18.728, 26.862), (-18.728, 27.533), (-19.614, 27.533)]
543;100;;;0;0,08;[947, 945, 948, 949];[(-18.728, 27.533), (-18.728, 26.862), (-18.602, 26.862), (-18.602, 27.533)]
544;100;;;0;2,16;[950, 946, 947, 949, 312];[(-19.622, 29.639), (-19.614, 27.533), (-18.728, 27.533), (-18.602, 27.533), (-18.581, 29.639)]
545;100;;;0;0,51;[949, 948, 951, 952];[(-18.602, 27.533), (-18.602, 26.862), (-17.836, 26.862), (-17.836, 27.533)]
546;1;;;0;0,87;[952, 951, 953, 954];[(-17.836, 27.533), (-17.836, 26.862), (-16.545, 26.862), (-16.545, 27.533)]
547;100;;;0;1,78;[954, 953, 955, 956];[(-16.545, 27.533), (-16.545, 26.862), (-13.891, 26.862), (-13.891, 27.533)]
548;100;;;0;0,23;[956, 955, 957, 958];[(-13.891, 27.533), (-13.891, 26.862), (-13.555, 26.862), (-13.555, 27.533)]
549;100;;;0;2,99;[958, 957, 959, 960];[(-13.555, 27.533), (-13.555, 26.862), (-9.106, 26.862), (-9.106, 27.533)]
550;1;;;0;0,85;[960, 959, 961, 962];[(-9.106, 27.533), (-9.106, 26.862), (-7.847, 26.862), (-7.847, 27.533)]
551;100;;;0;0,71;[962, 961, 963, 964];[(-7.847, 27.533), (-7.847, 26.862), (-6.787, 26.862), (-6.787, 27.533)]
552;100;;;0;0,66;[964, 963, 965, 966];[(-6.787, 27.533), (-6.787, 26.862), (-5.811, 26.862), (-5.811, 27.533)]
553;100;;;0;0,13;[966, 965, 967, 968];[(-5.811, 27.533), (-5.811, 26.862), (-5.622, 26.862), (-5.622, 27.533)]
554;100;;;0;0,02;[967, 965, 970, 971];[(-5.622, 26.862), (-5.811, 26.862), (-5.811, 26.778), (-5.622, 26.778)]
555;100;;;0;0,08;[965, 963, 969, 970];[(-5.811, 26.862), (-6.787, 26.862), (-6.787, 26.778), (-5.811, 26.778)]
556;100;;;0;0,15;[970, 969, 972, 973];[(-5.811, 26.778), (-6.787, 26.778), (-6.787, 26.62), (-5.811, 26.62)]
557;100;;;0;6,74;[865, 968, 967, 971, 862];[(2.973, 27.584), (-5.622, 27.533), (-5.622, 26.862), (-5.622, 26.778), (2.973, 26.771)]
558;100;;;0;9,83;[297, 964, 966, 968, 295];[(-6.795, 35.955), (-6.787, 27.533), (-5.811, 27.533), (-5.622, 27.533), (-5.601, 35.789)]
559;100;;;0;2,81;[301, 956, 958, 299];[(-13.897, 35.955), (-13.891, 27.533), (-13.555, 27.533), (-13.564, 35.955)]
560;100;;;0;3,27;[29, 27, 974, 975];[(-13.954, 14.658), (-13.561, 14.658), (-13.561, 22.992), (-13.954, 22.992)]
561;100;;;0;0,36;[975, 974, 976, 977];[(-13.954, 22.992), (-13.561, 22.992), (-13.561, 23.905), (-13.954, 23.905)]
562;100;;;0;0,49;[938, 937, 978, 979];[(-18.592, 23.892), (-18.592, 22.99), (-18.047, 22.99), (-18.047, 23.892)]
563;1;;;0;1,12;[979, 978, 980, 981];[(-18.047, 23.892), (-18.047, 22.99), (-16.809, 22.99), (-16.809, 23.892)]
564;100;;;0;2,59;[977, 981, 980, 975];[(-13.954, 23.905), (-16.809, 23.892), (-16.809, 22.99), (-13.954, 22.992)]
565;100;;;0;4,03;[976, 974, 982, 983];[(-13.561, 23.905), (-13.561, 22.992), (-9.143, 22.992), (-9.143, 23.905)]
566;1;;;0;1,10;[983, 982, 984, 987, 985];[(-9.143, 23.905), (-9.143, 22.992), (-7.936, 22.992), (-7.936, 23.448), (-7.936, 23.905)]
567;100;;;0;1,04;[985, 987, 984, 986, 922, 924];[(-7.936, 23.905), (-7.936, 23.448), (-7.936, 22.992), (-6.797, 22.99), (-6.797, 23.812), (-6.797, 23.908)]
568;100;;;0;0,05;[797, 795, 991, 990];[(3.303, -11.76), (2.927, -11.76), (2.927, -11.892), (3.303, -11.892)]
569;100;;;0;0,06;[799, 797, 990, 988];[(3.793, -11.76), (3.303, -11.76), (3.303, -11.892), (3.793, -11.892)]
570;100;;;0;0,02;[820, 818, 993];[(3.793, -3.464), (3.793, -3.622), (4.011, -3.466)]
571;100;;;0;0,21;[818, 816, 992, 993];[(3.793, -3.622), (3.793, -4.505), (4.011, -4.505), (4.011, -3.466)]
572;1;;;0;64,02;[859, 862, 971, 970, 973, 972, 969, 963, 961, 959, 957, 955, 953, 951, 948, 945, 943, 941, 938, 979, 981, 977, 976, 983, 985, 924, 923, 920, 918, 916, 914, 912, 910, 908, 906, 900, 899, 903, 904, 871, 855];[(2.973, 26.622), (2.973, 26.771), (-5.622, 26.778), (-5.811, 26.778), (-5.811, 26.62), (-6.787, 26.62), (-6.787, 26.778), (-6.787, 26.862), (-7.847, 26.862), (-9.106, 26.862), (-13.555, 26.862), (-13.891, 26.862), (-16.545, 26.862), (-17.836, 26.862), (-18.602, 26.862), (-18.728, 26.862), (-18.728, 26.746), (-18.728, 23.892), (-18.592, 23.892), (-18.047, 23.892), (-16.809, 23.892), (-13.954, 23.905), (-13.561, 23.905), (-9.143, 23.905), (-7.936, 23.905), (-6.797, 23.908), (-5.84, 23.908), (-5.84, 23.812), (-5.614, 23.812), (-5.072, 23.812), (-4.178, 23.812), (-3.549, 23.812), (-2.764, 23.812), (-1.226, 23.812), (-0.3, 23.812), (0.09, 23.812), (0.398, 23.812), (0.519, 23.812), (1.415, 23.812), (2.973, 23.809), (2.973, 23.955)]
573;14;212;;0;39,50;[303, 307, 309, 312, 949, 952, 954, 956, 301];[(-18.581, 35.955), (-18.581, 32.721), (-18.581, 31.029), (-18.581, 29.639), (-18.602, 27.533), (-17.836, 27.533), (-16.545, 27.533), (-13.891, 27.533), (-13.897, 35.955)]
574;8;211;аудитория;0;57,00;[299, 958, 960, 962, 964, 297];[(-13.564, 35.955), (-13.555, 27.533), (-9.106, 27.533), (-7.847, 27.533), (-6.787, 27.533), (-6.795, 35.955)]
575;8;210;аудитория;0;71,78;[295, 968, 865, 863, 866, 868, 293];[(-5.601, 35.789), (-5.622, 27.533), (2.973, 27.584), (3.113, 27.584), (3.113, 32.892), (3.113, 34.072), (3.087, 35.789)]
576;8;218;аудитория;0;38,65;[29, 975, 980, 978, 937, 932, 1213, 930, 928, 925, 31];[(-13.954, 14.658), (-13.954, 22.992), (-16.809, 22.99), (-18.047, 22.99), (-18.592, 22.99), (-18.592, 21.133), (-18.592, 20.869), (-18.592, 20.409), (-18.592, 17.89), (-18.592, 16.253), (-18.592, 14.658)]
577;8;219;аудитория;0;56,39;[27, 25, 921, 986, 984, 982, 974];[(-13.561, 14.658), (-6.791, 14.658), (-6.797, 22.831), (-6.797, 22.99), (-7.936, 22.992), (-9.143, 22.992), (-13.561, 22.992)]
578;2;220;;0;16,84;[880, 911, 913, 915, 917, 878];[(-3.546, 14.658), (-3.549, 22.831), (-4.178, 22.831), (-5.072, 22.831), (-5.614, 22.831), (-5.603, 14.658)]
579;3;;;0;23,87;[884, 894, 896, 898, 905, 907, 909, 882];[(-0.219, 14.598), (0.09, 14.735), (0.09, 22.86), (0.09, 22.962), (-0.3, 22.962), (-1.226, 22.962), (-2.764, 22.962), (-2.769, 14.598)]
580;3;;;0;22,46;[854, 856, 902, 901, 895, 893, 886, 890, 850];[(3.113, 22.871), (2.973, 22.871), (1.415, 22.86), (0.519, 22.86), (0.398, 22.86), (0.398, 14.735), (0.643, 14.579), (3.113, 14.595), (3.113, 14.711)]
581;8;221;аудитория;0;81,74;[21, 19, 832, 834, 835, 837, 839, 841, 848, 885, 883, 881, 879, 877];[(-5.907, 13.646), (-5.907, 4.58), (2.918, 4.589), (2.918, 10.331), (3.454, 10.331), (3.454, 11.196), (3.454, 12.515), (3.454, 13.641), (3.113, 13.641), (0.643, 13.646), (-0.219, 13.646), (-2.769, 13.646), (-3.546, 13.646), (-5.603, 13.646)]
582;8;222;аудитория;0;70,02;[819, 821, 823, 826, 827, 828, 830, 17, 15, 817];[(3.434, -3.622), (3.434, -3.464), (3.434, -2.389), (2.988, -2.389), (2.988, 2.762), (2.988, 4.082), (2.988, 4.178), (-5.907, 4.164), (-5.907, -3.655), (3.303, -3.622)]
583;17;;;0;18,20;[11, 874, 876, 813, 815, 13];[(-5.816, -6.484), (1.564, -6.484), (2.438, -6.484), (3.303, -6.49), (3.303, -4.505), (-5.816, -4.471)]
584;17;223;;0;40,52;[7, 796, 798, 807, 809, 811, 875, 873, 9];[(-5.816, -11.089), (2.927, -11.089), (3.303, -11.089), (3.303, -8.221), (3.303, -6.936), (3.303, -6.63), (2.438, -6.647), (1.564, -6.647), (-5.816, -6.647)]
585;100;;;0;5,33;[387, 389, 996, 995];[(-11.005, -29.977), (-10.128, -29.767), (-10.128, -23.797), (-11.005, -23.797)]
586;100;;;0;0,19;[995, 996, 998, 997];[(-11.005, -23.797), (-10.128, -23.797), (-10.128, -23.586), (-11.005, -23.586)]
587;100;;;0;0,28;[997, 998, 1000, 999, 1009];[(-11.005, -23.586), (-10.128, -23.586), (-10.128, -23.265), (-11.005, -23.265), (-11.005, -23.426)]
588;100;;;0;1,21;[74, 73, 1002, 1001, 71];[(-10.1, -21.246), (-10.1, -20.118), (-10.974, -20.118), (-10.974, -21.501), (-10.1, -21.501)]
589;1;;;0;1,54;[1001, 999, 1000, 71];[(-10.974, -21.501), (-11.005, -23.265), (-10.128, -23.265), (-10.1, -21.501)]
590;100;;;0;0,56;[1000, 998, 1003, 1004];[(-10.128, -23.265), (-10.128, -23.586), (-8.387, -23.586), (-8.387, -23.265)]
591;1;;;0;0,37;[1004, 1003, 1005, 1006];[(-8.387, -23.265), (-8.387, -23.586), (-7.235, -23.586), (-7.235, -23.265)]
592;100;;;0;0,21;[1005, 1007, 1008, 1006];[(-7.235, -23.586), (-6.565, -23.586), (-6.565, -23.27), (-7.235, -23.265)]
593;1;;;0;0,45;[1010, 1012, 1013, 1011];[(-11.497, -23.797), (-11.497, -23.426), (-12.712, -23.426), (-12.712, -23.797)]
594;100;;;0;0,13;[1011, 1013, 1015, 1014];[(-12.712, -23.797), (-12.712, -23.426), (-13.058, -23.426), (-13.058, -23.797)]
595;100;;;0;0,18;[995, 997, 1009, 1012, 1010];[(-11.005, -23.797), (-11.005, -23.586), (-11.005, -23.426), (-11.497, -23.426), (-11.497, -23.797)]
596;100;;;0;0,07;[1014, 1015, 1017, 1016];[(-13.058, -23.797), (-13.058, -23.426), (-13.252, -23.474), (-13.252, -23.797)]
597;100;;;0;0,28;[1016, 1017, 1019, 1045, 1018];[(-13.252, -23.797), (-13.252, -23.474), (-14.115, -23.474), (-14.115, -23.66), (-14.115, -23.797)]
598;100;;;0;1,24;[1020, 1023, 1022, 1021];[(-13.087, -21.501), (-13.087, -20.286), (-14.111, -20.286), (-14.111, -21.501)]
599;100;;;0;1,12;[1023, 1020, 70, 68];[(-13.087, -20.286), (-13.087, -21.501), (-12.168, -21.501), (-12.168, -20.286)]
600;1;;;0;1,64;[1030, 1031, 1332, 1330];[(-17.626, -21.501), (-18.534, -21.501), (-18.534, -23.307), (-17.626, -23.307)]
601;100;;;0;0,50;[1028, 1027, 1026, 1029];[(-22.731, -21.501), (-22.731, -20.286), (-23.144, -20.286), (-23.144, -21.501)]
602;100;;;0;1,40;[63, 65, 67, 1029, 1026];[(-24.298, -20.286), (-24.298, -20.667), (-24.298, -21.501), (-23.144, -21.501), (-23.144, -20.286)]
603;100;;;0;0,19;[1025, 1024, 1034, 1035];[(-17.626, -23.468), (-18.534, -23.468), (-18.534, -23.678), (-17.626, -23.678)]
604;100;;;0;1,10;[1030, 1033, 1032, 1031];[(-17.626, -21.501), (-17.626, -20.286), (-18.534, -20.286), (-18.534, -21.501)]
605;100;;;0;5,10;[1027, 1028, 1031, 1032];[(-22.731, -20.286), (-22.731, -21.501), (-18.534, -21.501), (-18.534, -20.286)]
606;100;;;0;4,27;[1033, 1030, 1021, 1022];[(-17.626, -20.286), (-17.626, -21.501), (-14.111, -21.501), (-14.111, -20.286)]
607;100;;;0;5,81;[381, 1035, 1034, 379];[(-17.648, -29.977), (-17.626, -23.678), (-18.534, -23.678), (-18.585, -29.977)]
608;100;;;0;4,28;[375, 377, 1037, 1036];[(-23.42, -29.977), (-22.74, -29.977), (-22.74, -23.681), (-23.42, -23.681)]
609;100;;;0;0,14;[1133, 1130, 1142, 1143];[(-37.918, -25.323), (-37.918, -25.625), (-37.456, -25.625), (-37.456, -25.323)]
610;1;;;0;0,64;[1040, 1039, 1041, 1042];[(-23.141, -23.34), (-22.74, -23.34), (-22.74, -21.733), (-23.141, -21.733)]
611;100;;;0;0,09;[1029, 1042, 1041, 1028];[(-23.144, -21.501), (-23.141, -21.733), (-22.74, -21.733), (-22.731, -21.501)]
612;1;;;0;1,76;[69, 1, 0, 1044, 1050];[(-5.547, -21.231), (-5.925, -21.231), (-6.565, -21.231), (-6.565, -22.957), (-5.547, -22.957)]
613;100;;;0;5,47;[385, 1016, 1018, 383];[(-13.23, -29.977), (-13.252, -23.797), (-14.115, -23.797), (-14.139, -29.977)]
614;1;;;0;0,25;[1046, 1049, 1048, 1047];[(-20.927, -23.464), (-20.927, -23.68), (-19.736, -23.679), (-19.736, -23.466)]
615;100;;;0;0,39;[1046, 1043, 1037, 1049];[(-20.927, -23.464), (-22.74, -23.461), (-22.74, -23.681), (-20.927, -23.68)]
616;100;;;0;0,25;[1024, 1047, 1048, 1034];[(-18.534, -23.468), (-19.736, -23.466), (-19.736, -23.679), (-18.534, -23.678)]
617;1;;;0;0,24;[1051, 1054, 1053, 1052];[(-14.806, -23.664), (-14.806, -23.473), (-16.035, -23.471), (-16.035, -23.67)]
618;100;;;0;0,13;[1051, 1045, 1019, 1054];[(-14.806, -23.664), (-14.115, -23.66), (-14.115, -23.474), (-14.806, -23.473)]
619;100;;;0;0,33;[1035, 1052, 1053, 1025];[(-17.626, -23.678), (-16.035, -23.67), (-16.035, -23.471), (-17.626, -23.468)]
620;8;231;;0;13,82;[387, 995, 1010, 1011, 1014, 1016, 385];[(-11.005, -29.977), (-11.005, -23.797), (-11.497, -23.797), (-12.712, -23.797), (-13.058, -23.797), (-13.252, -23.797), (-13.23, -29.977)]
621;8;232;;0;24,11;[83, 82, 1007, 1005, 1003, 998, 996, 389, 391, 393, 81];[(-5.842, -26.656), (-6.565, -26.656), (-6.565, -23.586), (-7.235, -23.586), (-8.387, -23.586), (-10.128, -23.586), (-10.128, -23.797), (-10.128, -29.767), (-6.55, -29.767), (-6.542, -29.531), (-5.842, -29.527)]
622;1;;;0;7,19;[74, 71, 1000, 1004, 1006, 1008, 1044, 0];[(-10.1, -21.246), (-10.1, -21.501), (-10.128, -23.265), (-8.387, -23.265), (-7.235, -23.265), (-6.565, -23.27), (-6.565, -22.957), (-6.565, -21.231)]
623;1;;;0;4,01;[70, 1020, 1329, 1015, 1013, 1012, 1009, 999, 1001];[(-12.168, -21.501), (-13.087, -21.501), (-13.06, -23.307), (-13.058, -23.426), (-12.712, -23.426), (-11.497, -23.426), (-11.005, -23.426), (-11.005, -23.265), (-10.974, -21.501)]
624;1;;;0;8,26;[1031, 1028, 1041, 1039, 1043, 1046, 1047, 1024, 1332];[(-18.534, -21.501), (-22.731, -21.501), (-22.74, -21.733), (-22.74, -23.34), (-22.74, -23.461), (-20.927, -23.464), (-19.736, -23.466), (-18.534, -23.468), (-18.534, -23.307)]
625;8;229;;0;26,33;[379, 1034, 1048, 1049, 1037, 377];[(-18.585, -29.977), (-18.534, -23.678), (-19.736, -23.679), (-20.927, -23.68), (-22.74, -23.681), (-22.74, -29.977)]
626;8;230;;0;22,14;[383, 1018, 1045, 1051, 1052, 1035, 381];[(-14.139, -29.977), (-14.115, -23.797), (-14.115, -23.66), (-14.806, -23.664), (-16.035, -23.67), (-17.626, -23.678), (-17.648, -29.977)]
627;100;;;0;1,63;[367, 369, 1056, 1055];[(-36.4, -29.977), (-35.523, -29.977), (-35.523, -28.114), (-36.4, -28.114)]
628;16;;;0;1,03;[1055, 1056, 1058, 1057];[(-36.4, -28.114), (-35.523, -28.114), (-35.523, -26.934), (-36.4, -26.934)]
629;100;;;0;1,15;[1057, 1058, 1060, 1059];[(-36.4, -26.934), (-35.523, -26.934), (-35.523, -25.622), (-36.4, -25.622)]
630;100;;;0;0,51;[1059, 1060, 1062, 1061];[(-36.4, -25.622), (-35.523, -25.622), (-35.523, -25.036), (-36.4, -25.036)]
631;100;;;0;1,22;[1061, 1062, 1064, 1063];[(-36.4, -25.036), (-35.523, -25.036), (-35.523, -23.646), (-36.4, -23.646)]
632;100;;;0;0,11;[1063, 1064, 1066, 1065];[(-36.4, -23.646), (-35.523, -23.646), (-35.523, -23.523), (-36.4, -23.523)]
633;100;;;0;0,35;[1065, 1066, 1068, 1067];[(-36.4, -23.523), (-35.523, -23.523), (-35.523, -23.121), (-36.4, -23.121)]
634;1;;;0;1,07;[1067, 1068, 1070, 1069];[(-36.4, -23.121), (-35.523, -23.121), (-35.523, -21.906), (-36.4, -21.906)]
635;100;;;0;0,34;[1069, 1070, 1072, 1071];[(-36.4, -21.906), (-35.523, -21.906), (-35.523, -21.521), (-36.4, -21.521)]
636;100;;;0;0,74;[1071, 1072, 1074, 1073];[(-36.4, -21.521), (-35.523, -21.521), (-35.523, -20.673), (-36.4, -20.673)]
637;100;;;0;6,12;[1156, 1157, 1076, 1075];[(-36.4, -19.507), (-35.523, -19.507), (-35.523, -12.526), (-36.4, -12.526)]
638;100;;;0;0,55;[1075, 1076, 1078, 1077];[(-36.4, -12.526), (-35.523, -12.526), (-35.523, -11.896), (-36.4, -11.896)]
639;100;;;0;0,14;[1077, 1078, 1080, 1079];[(-36.4, -11.896), (-35.523, -11.896), (-35.523, -11.733), (-36.4, -11.733)]
640;100;;;0;1,15;[1079, 1080, 1082, 1081];[(-36.4, -11.733), (-35.523, -11.733), (-35.523, -10.423), (-36.4, -10.423)]
641;100;;;0;2,56;[1081, 1082, 1084, 1083];[(-36.4, -10.423), (-35.523, -10.423), (-35.523, -7.502), (-36.4, -7.502)]
642;1;;;0;0,98;[1083, 1084, 1086, 1085];[(-36.4, -7.502), (-35.523, -7.502), (-35.523, -6.381), (-36.4, -6.381)]
643;100;;;0;0,65;[1085, 1086, 1088, 1087];[(-36.4, -6.381), (-35.523, -6.381), (-35.523, -5.638), (-36.4, -5.638)]
644;100;;;0;0,87;[1087, 1088, 1090, 1089];[(-36.4, -5.638), (-35.523, -5.638), (-35.523, -4.643), (-36.4, -4.643)]
645;1;;;0;1,20;[1090, 1088, 1091, 1092];[(-35.523, -4.643), (-35.523, -5.638), (-34.314, -5.638), (-34.314, -4.643)]
646;100;;;0;0,24;[1092, 1091, 1093, 1094];[(-34.314, -4.643), (-34.314, -5.638), (-34.075, -5.638), (-34.075, -4.643)]
647;100;;;0;0,66;[1094, 1093, 1095, 1096];[(-34.075, -4.643), (-34.075, -5.638), (-33.408, -5.638), (-33.408, -4.643)]
648;100;;;0;1,45;[51, 1096, 1095, 53];[(-31.953, -4.651), (-33.408, -4.643), (-33.408, -5.638), (-31.953, -5.653)]
649;100;;;0;4,18;[1087, 1089, 1098, 1097];[(-36.4, -5.638), (-36.4, -4.643), (-40.605, -4.643), (-40.605, -5.638)]
650;16;;;0;1,25;[1097, 1098, 1100, 1099];[(-40.605, -5.638), (-40.605, -4.643), (-41.864, -4.643), (-41.864, -5.638)]
651;100;;;0;0,78;[353, 1099, 1100, 351];[(-42.64, -5.636), (-41.864, -5.638), (-41.864, -4.643), (-42.64, -4.63)]
652;100;;;0;0,34;[1079, 1081, 1103, 1102];[(-36.4, -11.733), (-36.4, -10.423), (-36.662, -10.423), (-36.662, -11.733)]
653;100;;;0;0,04;[1077, 1079, 1102, 1101];[(-36.4, -11.896), (-36.4, -11.733), (-36.662, -11.733), (-36.662, -11.896)]
654;100;;;0;0,25;[1104, 1107, 1109, 1106];[(-34.033, -12.526), (-33.717, -12.526), (-33.717, -11.733), (-34.033, -11.733)]
655;100;;;0;0,37;[1093, 1113, 1112, 1095];[(-34.075, -5.638), (-34.033, -6.217), (-33.439, -6.217), (-33.408, -5.638)]
656;100;;;0;0,22;[1109, 1107, 1108, 1105];[(-33.717, -11.733), (-33.717, -12.526), (-33.439, -12.526), (-33.439, -11.733)]
657;1;;;0;0,68;[1111, 1110, 1112, 1113];[(-34.033, -7.363), (-33.439, -7.363), (-33.439, -6.217), (-34.033, -6.217)]
658;1;;;0;1,18;[1078, 1076, 1104, 1106, 1080];[(-35.523, -11.896), (-35.523, -12.526), (-34.033, -12.526), (-34.033, -11.733), (-35.523, -11.733)]
659;100;;;0;2,60;[1109, 1105, 1110, 1111, 1106];[(-33.717, -11.733), (-33.439, -11.733), (-33.439, -7.363), (-34.033, -7.363), (-34.033, -11.733)]
660;100;;;0;4,94;[1105, 1108, 1115, 1114];[(-33.439, -11.733), (-33.439, -12.526), (-27.216, -12.526), (-27.216, -11.733)]
661;16;;;0;0,97;[1114, 1115, 1117, 1116];[(-27.216, -11.733), (-27.216, -12.526), (-25.997, -12.526), (-25.997, -11.733)]
662;100;;;0;0,54;[58, 1116, 1117, 60];[(-25.301, -11.746), (-25.997, -11.733), (-25.997, -12.526), (-25.301, -12.507)]
663;100;;;0;6,84;[66, 64, 1118, 1119];[(-25.301, -21.501), (-25.301, -20.667), (-33.496, -20.667), (-33.496, -21.501)]
664;100;;;0;0,23;[1119, 1118, 1120, 1121];[(-33.496, -21.501), (-33.496, -20.667), (-33.768, -20.667), (-33.768, -21.501)]
665;100;;;0;0,18;[1121, 1120, 1122, 1123];[(-33.768, -21.501), (-33.768, -20.667), (-33.986, -20.667), (-33.986, -21.501)]
666;1;;;0;1,01;[1123, 1122, 1124, 1125];[(-33.986, -21.501), (-33.986, -20.667), (-35.201, -20.667), (-35.201, -21.501)]
667;100;;;0;0,27;[1072, 1125, 1124, 1074];[(-35.523, -21.521), (-35.201, -21.501), (-35.201, -20.667), (-35.523, -20.673)]
668;100;;;0;2,24;[1107, 1120, 1118, 1108];[(-33.717, -12.526), (-33.768, -20.667), (-33.496, -20.667), (-33.439, -12.526)]
669;100;;;0;0,01;[1127, 1126, 1128, 1129];[(-29.413, -23.523), (-29.413, -23.646), (-29.304, -23.646), (-29.304, -23.523)]
670;100;;;0;0,23;[1036, 1037, 1043, 1039, 1040, 1038, 1131, 1132];[(-23.42, -23.681), (-22.74, -23.681), (-22.74, -23.461), (-22.74, -23.34), (-23.141, -23.34), (-23.42, -23.34), (-23.42, -23.52), (-23.42, -23.632)]
671;100;;;0;0,73;[373, 1128, 1126, 371];[(-29.328, -29.977), (-29.304, -23.646), (-29.413, -23.646), (-29.449, -29.977)]
672;100;;;0;1,43;[359, 361, 1130, 1133];[(-42.64, -25.323), (-42.64, -25.625), (-37.918, -25.625), (-37.918, -25.323)]
673;1;;;0;0,13;[1136, 1135, 1134, 1137];[(-30.358, -23.646), (-30.358, -23.523), (-31.408, -23.523), (-31.408, -23.646)]
674;100;;;0;0,50;[1066, 1064, 1137, 1134];[(-35.523, -23.523), (-35.523, -23.646), (-31.408, -23.646), (-31.408, -23.523)]
675;100;;;0;0,12;[1135, 1136, 1126, 1127];[(-30.358, -23.523), (-30.358, -23.646), (-29.413, -23.646), (-29.413, -23.523)]
676;1;;;0;0,12;[1140, 1139, 1138, 1141];[(-28.358, -23.523), (-28.358, -23.644), (-27.335, -23.641), (-27.335, -23.522)]
677;100;;;0;0,11;[1140, 1129, 1128, 1139];[(-28.358, -23.523), (-29.304, -23.523), (-29.304, -23.646), (-28.358, -23.644)]
678;100;;;0;0,45;[1131, 1141, 1138, 1132];[(-23.42, -23.52), (-27.335, -23.522), (-27.335, -23.641), (-23.42, -23.632)]
679;100;;;0;0,14;[1133, 1143, 1145, 1144];[(-37.918, -25.323), (-37.456, -25.323), (-37.456, -25.029), (-37.918, -25.029)]
680;100;;;0;0,62;[1061, 1145, 1143, 1142, 1059];[(-36.4, -25.036), (-37.456, -25.029), (-37.456, -25.323), (-37.456, -25.625), (-36.4, -25.622)]
681;1;;;0;24,98;[66, 1119, 1121, 1123, 1125, 1072, 1070, 1068, 1066, 1134, 1135, 1127, 1129, 1140, 1141, 1131, 1038, 1040, 1042, 1029, 67];[(-25.301, -21.501), (-33.496, -21.501), (-33.768, -21.501), (-33.986, -21.501), (-35.201, -21.501), (-35.523, -21.521), (-35.523, -21.906), (-35.523, -23.121), (-35.523, -23.523), (-31.408, -23.523), (-30.358, -23.523), (-29.413, -23.523), (-29.304, -23.523), (-28.358, -23.523), (-27.335, -23.522), (-23.42, -23.52), (-23.42, -23.34), (-23.141, -23.34), (-23.141, -21.733), (-23.144, -21.501), (-24.298, -21.501)]
682;16;;книгохранилище;0;38,57;[371, 1126, 1136, 1137, 1064, 1062, 1060, 1058, 1056, 369];[(-29.449, -29.977), (-29.413, -23.646), (-30.358, -23.646), (-31.408, -23.646), (-35.523, -23.646), (-35.523, -25.036), (-35.523, -25.622), (-35.523, -26.934), (-35.523, -28.114), (-35.523, -29.977)]
683;8;;;0;37,37;[375, 1036, 1132, 1138, 1139, 1128, 373];[(-23.42, -29.977), (-23.42, -23.681), (-23.42, -23.632), (-27.335, -23.641), (-28.358, -23.644), (-29.304, -23.646), (-29.328, -29.977)]
684;1;;;0;14,50;[1074, 1124, 1122, 1120, 1107, 1104, 1076, 1157];[(-35.523, -20.673), (-35.201, -20.667), (-33.986, -20.667), (-33.768, -20.667), (-33.717, -12.526), (-34.033, -12.526), (-35.523, -12.526), (-35.523, -19.507)]
685;16;;книгохранилище;0;66,49;[60, 1117, 1115, 1108, 1118, 64, 62];[(-25.301, -12.507), (-25.997, -12.526), (-27.216, -12.526), (-33.439, -12.526), (-33.496, -20.667), (-25.301, -20.667), (-25.301, -20.286)]
686;16;;книгохранилище;0;49,48;[53, 1095, 1112, 1110, 1105, 1114, 1116, 58, 55, 52];[(-31.953, -5.653), (-33.408, -5.638), (-33.439, -6.217), (-33.439, -7.363), (-33.439, -11.733), (-27.216, -11.733), (-25.997, -11.733), (-25.301, -11.746), (-25.301, -5.653), (-30.94, -5.653)]
687;1;;;0;9,07;[1080, 1106, 1111, 1113, 1093, 1091, 1088, 1086, 1084, 1082];[(-35.523, -11.733), (-34.033, -11.733), (-34.033, -7.363), (-34.033, -6.217), (-34.075, -5.638), (-34.314, -5.638), (-35.523, -5.638), (-35.523, -6.381), (-35.523, -7.502), (-35.523, -10.423)]
688;16;;;0;27,16;[363, 367, 1055, 1057, 1059, 1142, 1130, 361];[(-42.64, -29.977), (-36.4, -29.977), (-36.4, -28.114), (-36.4, -26.934), (-36.4, -25.622), (-37.456, -25.625), (-37.918, -25.625), (-42.64, -25.625)]
689;100;;;0;0,58;[355, 357, 1147, 1146];[(-42.64, -20.714), (-42.64, -21.53), (-41.926, -21.53), (-41.926, -20.714)]
690;16;;;0;1,04;[1146, 1147, 1149, 1148];[(-41.926, -20.714), (-41.926, -21.53), (-40.657, -21.53), (-40.657, -20.714)]
691;100;;;0;2,56;[1148, 1149, 1151, 1150];[(-40.657, -20.714), (-40.657, -21.53), (-37.519, -21.53), (-37.519, -20.714)]
692;100;;;0;0,79;[1150, 1151, 1153, 1152];[(-37.519, -20.714), (-37.519, -21.53), (-36.554, -21.53), (-36.554, -20.714)]
693;100;;;0;0,86;[1150, 1152, 1155, 1154];[(-37.519, -20.714), (-36.554, -20.714), (-36.554, -19.508), (-37.519, -20.137)]
694;100;;;0;1,02;[1073, 1074, 1157, 1156];[(-36.4, -20.673), (-35.523, -20.673), (-35.523, -19.507), (-36.4, -19.507)]
695;100;;;0;0,31;[1073, 1156, 1155, 1152, 1153, 1071];[(-36.4, -20.673), (-36.4, -19.507), (-36.554, -19.508), (-36.554, -20.714), (-36.554, -21.53), (-36.4, -21.521)]
696;16;;книгохранилище;0;92,65;[355, 1146, 1148, 1150, 1154, 1155, 1156, 1075, 1077, 1101, 1102, 1103, 1081, 1083, 1085, 1087, 1097, 1099, 353];[(-42.64, -20.714), (-41.926, -20.714), (-40.657, -20.714), (-37.519, -20.714), (-37.519, -20.137), (-36.554, -19.508), (-36.4, -19.507), (-36.4, -12.526), (-36.4, -11.896), (-36.662, -11.896), (-36.662, -11.733), (-36.662, -10.423), (-36.4, -10.423), (-36.4, -7.502), (-36.4, -6.381), (-36.4, -5.638), (-40.605, -5.638), (-41.864, -5.638), (-42.64, -5.636)]
697;16;;;0;23,23;[359, 1133, 1144, 1145, 1061, 1063, 1065, 1067, 1069, 1071, 1153, 1151, 1149, 1147, 357];[(-42.64, -25.323), (-37.918, -25.323), (-37.918, -25.029), (-37.456, -25.029), (-36.4, -25.036), (-36.4, -23.646), (-36.4, -23.523), (-36.4, -23.121), (-36.4, -21.906), (-36.4, -21.521), (-36.554, -21.53), (-37.519, -21.53), (-40.657, -21.53), (-41.926, -21.53), (-42.64, -21.53)]
698;100;;;0;9,89;[347, 349, 1159, 1158, 1292, 1294];[(-42.867, 14.874), (-42.64, 13.831), (-33.268, 13.831), (-33.268, 14.874), (-34.812, 14.874), (-40.779, 14.874)]
699;1;;;0;1,25;[1158, 1159, 1161, 1160];[(-33.268, 14.874), (-33.268, 13.831), (-32.073, 13.831), (-32.073, 14.874)]
700;100;;;0;0,12;[45, 1160, 1161, 44];[(-31.953, 14.848), (-32.073, 14.874), (-32.073, 13.831), (-31.953, 13.828)]
701;100;;;0;4,69;[343, 345, 1293, 1163, 1162];[(-42.625, 20.056), (-42.867, 19.195), (-40.779, 19.195), (-37.3, 19.195), (-37.3, 20.056)]
702;100;;;0;0,04;[1165, 1164, 1240, 1241];[(-39.232, 26.922), (-39.232, 26.765), (-38.979, 26.765), (-38.979, 26.922)]
703;100;;;0;3,93;[1166, 1167, 1313, 1169, 1168];[(-35.454, 19.959), (-35.454, 19.195), (-31.872, 19.195), (-30.311, 19.195), (-30.311, 19.959)]
704;1;;;0;1,00;[1168, 1169, 1171, 1170];[(-30.311, 19.959), (-30.311, 19.195), (-28.996, 19.195), (-28.996, 19.959)]
705;100;;;0;1,58;[1170, 1171, 1173, 1172];[(-28.996, 19.959), (-28.996, 19.195), (-26.926, 19.195), (-26.926, 19.959)]
706;100;;;0;0,32;[1172, 1173, 1175, 1174];[(-26.926, 19.959), (-26.926, 19.195), (-26.503, 19.195), (-26.503, 19.959)]
707;100;;;0;0,45;[1174, 1175, 1177, 1176];[(-26.503, 19.959), (-26.503, 19.195), (-26.367, 19.195), (-25.628, 20.88)]
708;1;;;0;0,83;[1178, 1181, 1183, 1180];[(-26.926, 18.913), (-26.926, 17.427), (-26.367, 17.427), (-26.367, 18.913)]
709;100;;;0;0,20;[1183, 1179, 1184, 1185];[(-26.367, 17.427), (-26.367, 17.026), (-25.857, 17.026), (-25.857, 17.427)]
710;100;;;0;0,22;[1183, 1181, 1182, 1179];[(-26.367, 17.427), (-26.926, 17.427), (-26.926, 17.026), (-26.367, 17.026)]
711;100;;;0;1,27;[39, 1179, 1182, 41];[(-26.359, 14.658), (-26.367, 17.026), (-26.926, 17.026), (-26.918, 14.848)]
712;100;;;0;0,16;[1175, 1173, 1178, 1180, 1177];[(-26.503, 19.195), (-26.926, 19.195), (-26.926, 18.913), (-26.367, 18.913), (-26.367, 19.195)]
713;1;;;0;0,48;[1185, 1184, 1186, 1187];[(-25.857, 17.427), (-25.857, 17.026), (-24.647, 17.026), (-24.647, 17.427)]
714;100;;;0;0,89;[1187, 1186, 1188, 1189];[(-24.647, 17.427), (-24.647, 17.026), (-22.417, 17.026), (-22.417, 17.427)]
715;100;;;0;0,10;[1189, 1188, 1190, 1191];[(-22.417, 17.427), (-22.417, 17.026), (-22.17, 17.026), (-22.17, 17.427)]
716;100;;;0;0,65;[35, 1190, 1188, 37];[(-22.143, 14.658), (-22.17, 17.026), (-22.417, 17.026), (-22.445, 14.658)]
717;100;;;0;0,29;[1189, 1191, 1193, 1192];[(-22.417, 17.427), (-22.17, 17.427), (-22.17, 18.586), (-22.417, 18.586)]
718;1;;;0;0,27;[1192, 1193, 1195, 1194];[(-22.417, 18.586), (-22.17, 18.586), (-22.17, 19.672), (-22.417, 19.672)]
719;100;;;0;0,14;[1194, 1195, 1197, 1196];[(-22.417, 19.672), (-22.17, 19.672), (-22.17, 20.225), (-22.417, 20.225)]
720;100;;;0;0,05;[1196, 1197, 1199, 1198];[(-22.417, 20.225), (-22.17, 20.225), (-22.17, 20.422), (-22.417, 20.422)]
721;100;;;0;0,11;[1198, 1199, 1201, 1200];[(-22.417, 20.422), (-22.17, 20.422), (-22.17, 20.867), (-22.417, 20.867)]
722;100;;;0;0,06;[1200, 1201, 1203, 1202];[(-22.417, 20.867), (-22.17, 20.867), (-22.17, 21.122), (-22.417, 21.122)]
723;100;;;0;0,04;[1203, 1201, 1206, 1207];[(-22.17, 21.122), (-22.17, 20.867), (-22.031, 20.867), (-22.031, 21.122)]
724;100;;;0;0,06;[1201, 1199, 1205, 1206];[(-22.17, 20.867), (-22.17, 20.422), (-22.031, 20.422), (-22.031, 20.867)]
725;100;;;0;0,03;[1199, 1197, 1204, 1205];[(-22.17, 20.422), (-22.17, 20.225), (-22.031, 20.225), (-22.031, 20.422)]
726;100;;;0;0,16;[1207, 1206, 1209, 1210];[(-22.031, 21.122), (-22.031, 20.867), (-21.412, 20.867), (-21.412, 21.122)]
727;100;;;0;0,28;[1206, 1205, 1208, 1209];[(-22.031, 20.867), (-22.031, 20.422), (-21.412, 20.422), (-21.412, 20.867)]
728;100;;;0;0,25;[1210, 1209, 1211, 1212];[(-21.412, 21.122), (-21.412, 20.867), (-20.435, 20.867), (-20.435, 21.122)]
729;100;;;0;0,48;[1177, 1180, 1218, 1217];[(-26.367, 19.195), (-26.367, 18.913), (-25.729, 18.913), (-24.849, 19.742)]
730;100;;;0;0,39;[931, 930, 1213, 1214];[(-19.447, 20.409), (-18.592, 20.409), (-18.592, 20.869), (-19.447, 20.869)]
731;100;;;0;1,61;[1176, 1177, 1217, 1219, 1215];[(-25.628, 20.88), (-26.367, 19.195), (-24.849, 19.742), (-24.861, 20.243), (-24.884, 21.153)]
732;100;;;0;0,55;[1215, 1219, 1221, 1220];[(-24.884, 21.153), (-24.861, 20.243), (-24.266, 20.243), (-24.266, 21.153)]
733;1;;;0;1,05;[1220, 1221, 1223, 1222];[(-24.266, 21.153), (-24.266, 20.243), (-23.117, 20.243), (-23.117, 21.153)]
734;100;;;0;0,63;[1196, 1198, 1200, 1202, 1222, 1223];[(-22.417, 20.225), (-22.417, 20.422), (-22.417, 20.867), (-22.417, 21.122), (-23.117, 21.153), (-23.117, 20.243)]
735;100;;;0;6,41;[321, 1176, 1215, 319];[(-25.62, 29.639), (-25.628, 20.88), (-24.884, 21.153), (-24.877, 29.639)]
736;100;;;0;2,64;[1162, 1163, 1167, 1166, 1225, 1224];[(-37.3, 20.056), (-37.3, 19.195), (-35.454, 19.195), (-35.454, 19.959), (-36.401, 20.858), (-37.3, 20.858)]
737;100;;;0;1,60;[1224, 1225, 1227, 1226];[(-37.3, 20.858), (-36.401, 20.858), (-36.401, 22.643), (-37.3, 22.643)]
738;8;;;0;0,96;[1226, 1227, 1229, 1228];[(-37.3, 22.643), (-36.401, 22.643), (-36.401, 23.707), (-37.3, 23.707)]
739;100;;;0;2,76;[1228, 1229, 1231, 1230];[(-37.3, 23.707), (-36.401, 23.707), (-36.401, 26.775), (-37.3, 26.775)]
740;100;;;0;0,14;[1230, 1231, 1233, 1232];[(-37.3, 26.775), (-36.401, 26.775), (-36.401, 26.927), (-37.3, 26.927)]
741;100;;;0;0,46;[1232, 1233, 1235, 1236, 1234];[(-37.3, 26.927), (-36.401, 26.927), (-36.401, 27.438), (-36.777, 27.438), (-37.3, 27.438)]
742;100;;;0;0,41;[1236, 1235, 1237, 1238];[(-36.777, 27.438), (-36.401, 27.438), (-36.401, 28.531), (-36.777, 28.531)]
743;100;;;0;0,93;[334, 1239, 1238, 1237, 333];[(-37.349, 29.533), (-37.34, 28.537), (-36.777, 28.531), (-36.401, 28.531), (-36.43, 29.533)]
744;100;;;0;1,26;[56, 1243, 1248, 1242, 1290];[(-24.298, -4.651), (-24.298, -5.227), (-22.12, -5.227), (-22.12, -4.651), (-23.983, -4.651)]
745;100;;;0;0,18;[1244, 1247, 1246, 1245];[(-39.229, 30.238), (-39.229, 29.533), (-38.98, 29.533), (-38.98, 30.238)]
746;100;;;0;2,39;[1247, 1244, 335, 336];[(-39.229, 29.533), (-39.229, 30.238), (-42.625, 30.238), (-42.625, 29.533)]
747;100;;;0;1,15;[334, 332, 1245, 1246];[(-37.349, 29.533), (-37.349, 30.238), (-38.98, 30.238), (-38.98, 29.533)]
748;100;;;0;0,33;[1242, 1248, 1250, 1249];[(-22.12, -4.651), (-22.12, -5.227), (-21.553, -5.227), (-21.553, -4.651)]
749;100;;;0;2,36;[1242, 1249, 1252, 1251];[(-22.12, -4.651), (-21.553, -4.651), (-21.553, -0.483), (-22.12, -0.483)]
750;100;;;0;0,34;[1251, 1252, 1254, 1253];[(-22.12, -0.483), (-21.553, -0.483), (-21.553, 0.122), (-22.12, 0.122)]
751;100;;;0;5,17;[48, 1289, 1291, 1251, 1253, 46];[(-30.94, -0.452), (-28.728, -0.46), (-23.983, -0.476), (-22.12, -0.483), (-22.12, 0.122), (-30.94, 0.116)]
752;1;;;0;1,44;[1255, 1258, 1257, 1256];[(-31.953, -3.393), (-30.94, -3.393), (-30.94, -1.969), (-31.953, -1.969)]
753;100;;;0;1,27;[1258, 1255, 51, 50];[(-30.94, -3.393), (-31.953, -3.393), (-31.953, -4.651), (-30.94, -4.651)]
754;100;;;0;1,54;[48, 49, 1256, 1257];[(-30.94, -0.452), (-31.953, -0.452), (-31.953, -1.969), (-30.94, -1.969)]
755;8;214;аудитория;0;114,31;[323, 326, 328, 331, 333, 1237, 1235, 1233, 1231, 1229, 1227, 1225, 1166, 1168, 1170, 1172, 1174, 1176, 321];[(-26.57, 30.729), (-35.511, 30.729), (-35.888, 30.301), (-36.43, 29.734), (-36.43, 29.533), (-36.401, 28.531), (-36.401, 27.438), (-36.401, 26.927), (-36.401, 26.775), (-36.401, 23.707), (-36.401, 22.643), (-36.401, 20.858), (-35.454, 19.959), (-30.311, 19.959), (-28.996, 19.959), (-26.926, 19.959), (-26.503, 19.959), (-25.628, 20.88), (-25.62, 29.639)]
756;1;;;0;44,77;[315, 317, 319, 1215, 1220, 1222, 1202, 1203, 1207, 1210, 1212, 936, 939, 940, 942, 944, 946, 950, 313];[(-21.679, 29.639), (-24.612, 29.639), (-24.877, 29.639), (-24.884, 21.153), (-24.266, 21.153), (-23.117, 21.153), (-22.417, 21.122), (-22.17, 21.122), (-22.031, 21.122), (-21.412, 21.122), (-20.435, 21.122), (-19.614, 21.133), (-19.614, 22.99), (-19.614, 23.892), (-19.614, 26.746), (-19.614, 26.862), (-19.614, 27.533), (-19.622, 29.639), (-19.941, 29.639)]
757;1;;;0;28,42;[41, 1182, 1181, 1178, 1173, 1171, 1169, 1313, 1314, 1295, 1292, 1158, 1160, 45, 43];[(-26.918, 14.848), (-26.926, 17.026), (-26.926, 17.427), (-26.926, 18.913), (-26.926, 19.195), (-28.996, 19.195), (-30.311, 19.195), (-31.872, 19.195), (-31.872, 17.224), (-34.812, 17.224), (-34.812, 14.874), (-33.268, 14.874), (-32.073, 14.874), (-31.953, 14.848), (-30.94, 14.848)]
758;8;216;;0;9,31;[37, 1188, 1186, 1184, 1179, 39];[(-22.445, 14.658), (-22.417, 17.026), (-24.647, 17.026), (-25.857, 17.026), (-26.367, 17.026), (-26.359, 14.658)]
759;1;;;0;9,46;[1218, 1180, 1183, 1185, 1187, 1189, 1192, 1194, 1196, 1223, 1221, 1219, 1217];[(-25.729, 18.913), (-26.367, 18.913), (-26.367, 17.427), (-25.857, 17.427), (-24.647, 17.427), (-22.417, 17.427), (-22.417, 18.586), (-22.417, 19.672), (-22.417, 20.225), (-23.117, 20.243), (-24.266, 20.243), (-24.861, 20.243), (-24.849, 19.742)]
760;8;217;;0;15,39;[929, 934, 935, 1216, 1211, 1209, 1208, 1205, 1204, 1197, 1195, 1193, 1191, 1190, 35, 33, 926, 927];[(-19.447, 17.89), (-19.614, 17.89), (-19.614, 20.409), (-20.433, 20.413), (-20.435, 20.867), (-21.412, 20.867), (-21.412, 20.422), (-22.031, 20.422), (-22.031, 20.225), (-22.17, 20.225), (-22.17, 19.672), (-22.17, 18.586), (-22.17, 17.427), (-22.17, 17.026), (-22.143, 14.658), (-19.605, 14.658), (-19.605, 16.253), (-19.447, 16.253)]
761;16;;Читальный зал;0;197,43;[44, 1161, 1159, 349, 351, 1100, 1098, 1089, 1090, 1092, 1094, 1096, 51, 1255, 1256, 49, 47];[(-31.953, 13.828), (-32.073, 13.831), (-33.268, 13.831), (-42.64, 13.831), (-42.64, -4.63), (-41.864, -4.643), (-40.605, -4.643), (-36.4, -4.643), (-35.523, -4.643), (-34.314, -4.643), (-34.075, -4.643), (-33.408, -4.643), (-31.953, -4.651), (-31.953, -3.393), (-31.953, -1.969), (-31.953, -0.452), (-31.953, 0.116)]
762;9;;12;1;19,85;[1290, 1291, 1289, 1288, 54, 56];[(-23.983, -4.651), (-23.983, -0.476), (-28.728, -0.46), (-28.728, -4.651), (-25.301, -4.651), (-24.298, -4.651)]
763;1;;;0;1,02;[1303, 1302, 292, 291];[(5.117, 35.927), (5.117, 36.803), (3.947, 36.803), (3.947, 35.927)]
764;100;;;0;0,84;[620, 1327, 618, 1263, 1259, 1260, 621];[(3.084, -20.246), (3.084, -21.062), (3.084, -21.231), (3.942, -21.216), (3.944, -20.851), (3.944, -20.626), (3.944, -20.246)]
765;100;;;0;0,60;[624, 1261, 1262, 1264, 625, 627, 628, 626];[(7.47, -20.246), (7.47, -20.626), (7.47, -20.851), (7.477, -21.233), (8.078, -21.231), (8.078, -21.109), (8.078, -20.343), (8.078, -20.246)]
766;1;;;0;6,62;[1279, 1278, 521, 527, 529, 531];[(36.14, -14.175), (36.14, -17.536), (38.111, -17.536), (38.111, -17.059), (38.111, -14.465), (38.111, -14.176)]
767;9;;12;0;8,15;[1272, 1273, 1274, 1277, 1276, 1275, 147];[(65.113, -6.224), (62.564, -6.224), (62.572, -9.236), (63.917, -9.236), (63.917, -9.645), (65.113, -9.645), (65.113, -6.645)]
768;100;;;0;0,50;[658, 659, 660, 783, 1266, 1267, 782, 657, 656];[(8.078, -11.223), (8.078, -11.072), (7.544, -11.072), (7.455, -11.072), (7.464, -11.402), (7.464, -11.559), (7.465, -11.888), (7.683, -11.888), (8.078, -11.888)]
769;9;;1;0;3,49;[801, 1270, 1271, 1265, 399, 397, 395];[(65.113, -10.369), (63.959, -10.369), (63.959, -13.391), (65.113, -13.391), (65.113, -12.62), (65.113, -12.454), (65.113, -12.193)]
770;100;;;0;0,08;[799, 988, 989, 1268, 1269, 802, 800];[(3.793, -11.76), (3.793, -11.892), (3.898, -11.892), (3.898, -11.569), (3.898, -11.412), (3.891, -11.089), (3.793, -11.089)]
771;9;;12;0;17,37;[1281, 1280, 1278, 1279];[(30.972, -14.174), (30.972, -17.536), (36.14, -17.536), (36.14, -14.175)]
772;9;;12;0;37,31;[1284, 1285, 1287, 1286];[(1.152, -20.246), (1.152, -11.76), (-3.245, -11.76), (-3.245, -20.246)]
773;1;;;0;22,74;[1286, 1287, 5, 75, 3, 77];[(-3.245, -20.246), (-3.245, -11.76), (-5.925, -11.76), (-5.925, -20.138), (-5.925, -20.246), (-5.547, -20.246)]
774;1;;;0;9,28;[1288, 1289, 48, 1257, 1258, 50];[(-28.728, -4.651), (-28.728, -0.46), (-30.94, -0.452), (-30.94, -1.969), (-30.94, -3.393), (-30.94, -4.651)]
775;1;;;0;7,77;[1291, 1290, 1242, 1251];[(-23.983, -0.476), (-23.983, -4.651), (-22.12, -4.651), (-22.12, -0.483)]
776;1;;;0;9,02;[1294, 1293, 345, 347];[(-40.779, 14.874), (-40.779, 19.195), (-42.867, 19.195), (-42.867, 14.874)]
777;9;;12;0;31,58;[1292, 1295, 1314, 1313, 1167, 1163, 1293, 1294];[(-34.812, 14.874), (-34.812, 17.224), (-31.872, 17.224), (-31.872, 19.195), (-35.454, 19.195), (-37.3, 19.195), (-40.779, 19.195), (-40.779, 14.874)]
778;14;;;0;0,17;[1296, 1299, 1298, 1297];[(36.566, 1.051), (36.702, 1.227), (36.054, 1.71), (35.934, 1.555)]
779;100;;;0;0,03;[1297, 1298, 553, 554];[(35.934, 1.555), (36.054, 1.71), (35.876, 1.843), (35.876, 1.601)]
780;100;;;0;0,48;[549, 1299, 1296, 547];[(38.141, 0.156), (36.702, 1.227), (36.566, 1.051), (38.141, -0.203)]
781;14;;;0;28,26;[210, 558, 557, 543, 547, 1296, 1297, 554, 208];[(29.517, -1.919), (35.14, -1.909), (36.053, -1.909), (38.141, -1.909), (38.141, -0.203), (36.566, 1.051), (35.934, 1.555), (35.876, 1.601), (29.517, 1.601)]
782;17;201;;0;61,48;[206, 553, 1298, 1299, 549, 551, 474, 202];[(29.517, 1.843), (35.876, 1.843), (36.054, 1.71), (36.702, 1.227), (38.141, 0.156), (38.141, 1.564), (38.11, 8.763), (29.517, 8.763)]
783;1;;;0;0,46;[1304, 1307, 1306, 1305];[(6.736, -20.851), (6.736, -20.626), (4.678, -20.626), (4.678, -20.851)]
784;1;;;0;0,32;[1308, 1311, 1310, 1309];[(6.71, -11.561), (6.71, -11.404), (4.652, -11.41), (4.652, -11.567)]
785;100;;;0;0,16;[1304, 1262, 1261, 1307];[(6.736, -20.851), (7.47, -20.851), (7.47, -20.626), (6.736, -20.626)]
786;1;;;0;35,08;[1259, 1263, 618, 69, 1050, 606, 608, 610, 612, 614, 616, 617, 590, 588, 586, 584, 631, 629, 627, 625, 1264, 1262, 1304, 1305];[(3.944, -20.851), (3.942, -21.216), (3.084, -21.231), (-5.547, -21.231), (-5.547, -22.957), (-5.547, -23.067), (1.51, -23.067), (2.848, -23.067), (3.241, -23.067), (3.687, -23.067), (10.665, -23.067), (12.047, -23.086), (12.499, -23.086), (12.499, -23.006), (12.499, -21.177), (12.499, -21.072), (10.507, -21.109), (9.095, -21.109), (8.078, -21.109), (8.078, -21.231), (7.477, -21.233), (7.47, -20.851), (6.736, -20.851), (4.678, -20.851)]
787;100;;;0;0,16;[1259, 1305, 1306, 1260];[(3.944, -20.851), (4.678, -20.851), (4.678, -20.626), (3.944, -20.626)]
788;1;;;0;56,45;[1267, 1308, 1309, 1268, 989, 806, 805, 804, 803, 991, 795, 1285, 1284, 620, 622, 623, 621, 1260, 1306, 1307, 1261, 624, 633, 635, 637, 639, 791, 792, 641, 643, 645, 647, 784, 649, 651, 653, 655, 657, 782];[(7.464, -11.559), (6.71, -11.561), (4.652, -11.567), (3.898, -11.569), (3.898, -11.892), (3.898, -12.084), (3.793, -12.084), (3.303, -12.084), (2.927, -12.084), (2.927, -11.892), (2.927, -11.76), (1.152, -11.76), (1.152, -20.246), (3.084, -20.246), (3.084, -19.816), (3.944, -19.816), (3.944, -20.246), (3.944, -20.626), (4.678, -20.626), (6.736, -20.626), (7.47, -20.626), (7.47, -20.246), (7.47, -19.772), (7.683, -19.772), (7.683, -18.054), (7.683, -17.465), (7.508, -17.465), (7.508, -16.846), (7.683, -16.846), (7.683, -16.008), (7.683, -15.674), (7.683, -14.896), (7.537, -14.893), (7.527, -14.274), (7.683, -14.277), (7.683, -14.125), (7.683, -13.852), (7.683, -11.888), (7.465, -11.888)]
789;100;;;0;0,12;[1308, 1267, 1266, 1311];[(6.71, -11.561), (7.464, -11.559), (7.464, -11.402), (6.71, -11.404)]
790;100;;;0;0,12;[1268, 1309, 1310, 1269];[(3.898, -11.569), (4.652, -11.567), (4.652, -11.41), (3.898, -11.412)]
791;1;;;0;163,89;[800, 802, 1269, 1310, 1311, 1266, 783, 660, 662, 664, 666, 668, 670, 775, 994, 672, 724, 726, 674, 676, 678, 680, 683, 685, 687, 689, 715, 846, 691, 693, 695, 698, 700, 702, 704, 706, 708, 710, 712, 289, 1301, 1312, 1300, 869, 867, 864, 861, 858, 852, 870, 853, 847, 889, 716, 842, 840, 838, 836, 833, 831, 829, 825, 824, 822, 820, 993, 992, 816, 814, 812, 810, 808];[(3.793, -11.089), (3.891, -11.089), (3.898, -11.412), (4.652, -11.41), (6.71, -11.404), (7.464, -11.402), (7.455, -11.072), (7.544, -11.072), (7.544, -8.958), (7.544, -8.572), (7.544, -8.456), (7.544, -7.126), (7.544, -4.486), (7.173, -4.486), (7.163, -3.448), (7.343, -3.445), (7.343, 4.888), (7.343, 5.001), (7.343, 5.534), (7.343, 6.73), (7.343, 9.318), (7.343, 10.088), (7.343, 10.525), (7.343, 10.752), (7.273, 13.664), (7.273, 13.813), (7.118, 13.813), (7.123, 14.703), (7.448, 14.705), (7.448, 15.273), (7.448, 15.981), (7.448, 16.952), (7.448, 18.333), (7.448, 23.641), (7.448, 24.612), (7.448, 25.862), (7.448, 27.34), (7.448, 28.765), (7.463, 34.371), (7.474, 35.927), (5.93, 35.927), (5.93, 34.381), (3.971, 34.381), (3.976, 34.072), (3.976, 32.892), (3.976, 27.584), (3.976, 26.771), (3.976, 26.622), (3.976, 23.955), (3.976, 23.809), (3.976, 22.871), (3.976, 14.711), (3.976, 14.595), (3.972, 13.793), (3.793, 13.793), (3.793, 13.641), (3.793, 12.515), (3.793, 11.196), (3.793, 10.331), (3.793, 4.589), (3.793, 4.178), (3.793, 4.082), (3.793, 2.762), (3.793, -2.389), (3.793, -3.464), (4.011, -3.466), (4.011, -4.505), (3.793, -4.505), (3.793, -6.49), (3.793, -6.63), (3.793, -6.936), (3.793, -8.221)]
792;2;;;0;0,15;[1317, 1316, 1315, 1318];[(-38.787, 26.922), (-38.787, 26.766), (-37.825, 26.772), (-37.825, 26.925)]
793;100;;;0;0,08;[1232, 1318, 1315, 1230];[(-37.3, 26.927), (-37.825, 26.925), (-37.825, 26.772), (-37.3, 26.775)]
794;100;;;0;0,03;[1317, 1241, 1240, 1316];[(-38.787, 26.922), (-38.979, 26.922), (-38.979, 26.765), (-38.787, 26.766)]
795;2;;;0;4,91;[1236, 1238, 1239, 334, 1246, 1241, 1317, 1318, 1232, 1234];[(-36.777, 27.438), (-36.777, 28.531), (-37.34, 28.537), (-37.349, 29.533), (-38.98, 29.533), (-38.979, 26.922), (-38.787, 26.922), (-37.825, 26.925), (-37.3, 26.927), (-37.3, 27.438)]
796;8;;;0;0,16;[1319, 1322, 1321, 1320];[(-39.4, 26.765), (-39.4, 26.922), (-40.418, 26.922), (-40.418, 26.765)]
797;8;214а;;0;35,73;[1240, 1164, 1319, 1320, 341, 343, 1162, 1224, 1226, 1228, 1230, 1315, 1316];[(-38.979, 26.765), (-39.232, 26.765), (-39.4, 26.765), (-40.418, 26.765), (-42.625, 26.765), (-42.625, 20.056), (-37.3, 20.056), (-37.3, 20.858), (-37.3, 22.643), (-37.3, 23.707), (-37.3, 26.775), (-37.825, 26.772), (-38.787, 26.766)]
798;100;;;0;0,35;[339, 341, 1320, 1321];[(-42.625, 26.922), (-42.625, 26.765), (-40.418, 26.765), (-40.418, 26.922)]
799;100;;;0;0,03;[1322, 1319, 1164, 1165];[(-39.4, 26.922), (-39.4, 26.765), (-39.232, 26.765), (-39.232, 26.922)]
800;8;;;0;8,86;[1247, 336, 339, 1321, 1322, 1165];[(-39.229, 29.533), (-42.625, 29.533), (-42.625, 26.922), (-40.418, 26.922), (-39.4, 26.922), (-39.232, 26.922)]
801;1;;;0;0,08;[1325, 1324, 1323, 1326];[(9.569, 9.236), (9.569, 9.332), (8.655, 9.323), (8.655, 9.24)]
802;2;;;0;2,62;[677, 1323, 1324, 755, 757, 773, 771, 684, 682, 681, 679];[(8.201, 9.318), (8.655, 9.323), (9.569, 9.332), (9.986, 9.337), (9.986, 10.546), (9.353, 10.525), (8.599, 10.525), (7.628, 10.525), (7.628, 10.088), (7.912, 10.088), (7.912, 9.318)]
803;100;;;0;0,04;[770, 1326, 1323, 677];[(8.201, 9.242), (8.655, 9.24), (8.655, 9.323), (8.201, 9.318)]
804;100;;;0;0,04;[1325, 753, 755, 1324];[(9.569, 9.236), (9.986, 9.235), (9.986, 9.337), (9.569, 9.332)]
805;1;207;;0;7,57;[725, 728, 730, 741, 743, 745, 747, 749, 751, 753, 1325, 1326, 770, 675, 673];[(8.201, 5.001), (9.877, 5.001), (9.986, 5.001), (9.986, 5.795), (9.986, 6.728), (9.986, 7.886), (9.986, 8.185), (9.986, 8.28), (9.986, 9.154), (9.986, 9.235), (9.569, 9.236), (8.655, 9.24), (8.201, 9.242), (8.201, 6.73), (8.201, 5.534)]
806;1;;;0;6,92;[1330, 1025, 1053, 1054, 1019, 1331, 1021, 1030];[(-17.626, -23.307), (-17.626, -23.468), (-16.035, -23.471), (-14.806, -23.473), (-14.115, -23.474), (-14.114, -23.307), (-14.111, -21.501), (-17.626, -21.501)]
807;1;;;0;1,46;[1327, 1328, 69, 618];[(3.084, -21.062), (-5.547, -21.062), (-5.547, -21.231), (3.084, -21.231)]
808;100;;;0;0,15;[1330, 1332, 1024, 1025];[(-17.626, -23.307), (-18.534, -23.307), (-18.534, -23.468), (-17.626, -23.468)]
809;100;;;0;0,17;[1329, 1331, 1019, 1017, 1015];[(-13.06, -23.307), (-14.114, -23.307), (-14.115, -23.474), (-13.252, -23.474), (-13.058, -23.426)]
810;1;;;0;0,33;[1333, 1336, 1335, 1334];[(24.157, -23.555), (24.157, -23.848), (25.27, -23.848), (25.27, -23.555)]
811;100;;;0;0,11;[1336, 1333, 515, 514];[(24.157, -23.848), (24.157, -23.555), (23.791, -23.555), (23.791, -23.848)]
812;1;;;0;45,58;[223, 226, 520, 518, 513, 511, 515, 1333, 1334, 490, 492, 494, 495, 497, 499, 501, 503, 505, 507, 481, 479, 477, 442, 526, 524, 522, 222];[(28.595, -18.216), (23.537, -18.216), (23.527, -21.157), (23.527, -21.302), (23.527, -23.203), (23.527, -23.576), (23.791, -23.555), (24.157, -23.555), (25.27, -23.555), (25.812, -23.555), (25.812, -20.641), (25.812, -20.274), (26.299, -20.274), (32.699, -20.274), (33.967, -20.274), (35.384, -20.274), (35.637, -20.274), (40.036, -20.274), (41.242, -20.274), (42.037, -20.264), (42.037, -19.887), (42.037, -18.489), (42.037, -18.212), (39.176, -18.216), (38.946, -18.216), (38.111, -18.216), (29.517, -18.216)]
813;100;;;0;0,17;[486, 490, 1334, 1335];[(25.863, -23.848), (25.812, -23.555), (25.27, -23.555), (25.27, -23.848)]
814;15;237;Кабинет замдекана ФКиФМН;0;13,95;[102, 484, 489, 486, 1335, 1336, 514, 516, 509, 100];[(25.92, -29.728), (25.92, -24.226), (25.863, -24.226), (25.863, -23.848), (25.27, -23.848), (24.157, -23.848), (23.791, -23.848), (23.781, -24.222), (23.527, -24.232), (23.527, -29.728)]
