ID;roomID;roomNo;Description;areClosed;Area (m2);Vertex_Indices;World_Coords_XY
0;100;;;0;0,50;[0, 1, 3, 2];[(-51.431, 32.516), (-50.713, 32.516), (-50.713, 33.205), (-51.431, 33.205)]
1;100;;;0;3,47;[3, 1, 4, 5];[(-50.713, 33.205), (-50.713, 32.516), (-45.669, 32.516), (-45.669, 33.205)]
2;100;;;0;0,21;[5, 4, 6, 7];[(-45.669, 33.205), (-45.669, 32.516), (-45.364, 32.516), (-45.364, 33.205)]
3;100;;;0;0,57;[7, 6, 8, 9];[(-45.364, 33.205), (-45.364, 32.516), (-44.531, 32.516), (-44.531, 33.205)]
4;1;;;0;0,90;[9, 8, 10, 11];[(-44.531, 33.205), (-44.531, 32.516), (-43.231, 32.516), (-43.231, 33.205)]
5;100;;;0;0,38;[11, 10, 12, 13];[(-43.231, 33.205), (-43.231, 32.516), (-42.682, 32.516), (-42.682, 33.205)]
6;100;;;0;0,22;[13, 12, 14, 15];[(-42.682, 33.205), (-42.682, 32.516), (-42.357, 32.516), (-42.357, 33.205)]
7;100;;;0;4,13;[15, 14, 16, 17];[(-42.357, 33.205), (-42.357, 32.516), (-36.357, 32.516), (-36.357, 33.205)]
8;100;;;0;0,49;[17, 16, 18, 19];[(-36.357, 33.205), (-36.357, 32.516), (-35.646, 32.516), (-35.646, 33.205)]
9;100;;;0;1,60;[18, 16, 20, 21];[(-35.646, 32.516), (-36.357, 32.516), (-36.357, 30.261), (-35.646, 30.261)]
10;100;;;0;0,25;[21, 20, 22, 23];[(-35.646, 30.261), (-36.357, 30.261), (-36.357, 29.915), (-35.646, 29.915)]
11;100;;;0;21,03;[23, 22, 24, 25];[(-35.646, 29.915), (-36.357, 29.915), (-36.357, 0.35), (-35.646, 0.35)]
12;100;;;0;0,25;[25, 24, 26, 27];[(-35.646, 0.35), (-36.357, 0.35), (-36.357, 0.002), (-35.646, 0.002)]
13;100;;;0;1,61;[27, 26, 28, 29];[(-35.646, 0.002), (-36.357, 0.002), (-36.357, -2.265), (-35.646, -2.265)]
14;100;;;0;0,10;[29, 28, 30, 31];[(-35.646, -2.265), (-36.357, -2.265), (-36.357, -2.407), (-35.646, -2.407)]
15;100;;;0;2,23;[31, 30, 32, 33];[(-35.646, -2.407), (-36.357, -2.407), (-36.357, -5.536), (-35.646, -5.536)]
16;100;;;0;0,49;[33, 32, 34, 35];[(-35.646, -5.536), (-36.357, -5.536), (-36.357, -6.227), (-35.646, -6.227)]
17;100;;;0;3,71;[34, 32, 36, 37];[(-36.357, -6.227), (-36.357, -5.536), (-41.722, -5.536), (-41.722, -6.227)]
18;100;;;0;4,07;[37, 41, 42, 39];[(-41.722, -6.227), (-42.433, -6.227), (-42.433, -11.957), (-41.722, -11.957)]
19;100;;;0;0,52;[39, 42, 44, 43];[(-41.722, -11.957), (-42.433, -11.957), (-42.339, -12.736), (-41.722, -12.736)]
20;100;;;0;0,49;[38, 40, 41, 37, 36];[(-42.23, -5.536), (-42.433, -5.536), (-42.433, -6.227), (-41.722, -6.227), (-41.722, -5.536)]
21;100;;;0;0,19;[44, 42, 45, 46];[(-42.339, -12.736), (-42.433, -11.957), (-42.636, -11.957), (-42.636, -12.736)]
22;1;;;0;1,38;[46, 45, 47, 48];[(-42.636, -12.736), (-42.636, -11.957), (-44.414, -11.957), (-44.414, -12.736)]
23;100;;;0;0,11;[48, 47, 49, 50];[(-44.414, -12.736), (-44.414, -11.957), (-44.549, -11.957), (-44.549, -12.736)]
24;100;;;0;0,15;[50, 49, 51, 52];[(-44.549, -12.736), (-44.549, -11.957), (-44.735, -11.957), (-44.735, -12.736)]
25;100;;;0;0,57;[52, 51, 53, 54];[(-44.735, -12.736), (-44.735, -11.957), (-45.464, -11.957), (-45.464, -12.736)]
26;100;;;0;4,06;[54, 53, 55, 56];[(-45.464, -12.736), (-45.464, -11.957), (-50.679, -11.957), (-50.679, -12.736)]
27;100;;;0;0,62;[56, 55, 57, 58];[(-50.679, -12.736), (-50.679, -11.957), (-51.474, -11.957), (-51.474, -12.736)]
28;100;;;0;4,11;[53, 51, 59, 60];[(-45.464, -11.957), (-44.735, -11.957), (-44.735, -6.318), (-45.464, -6.318)]
29;100;;;0;0,48;[60, 59, 61, 750, 62];[(-45.464, -6.318), (-44.735, -6.318), (-44.735, -5.658), (-44.994, -5.658), (-45.464, -5.658)]
30;100;;;0;3,47;[60, 62, 64, 63];[(-45.464, -6.318), (-45.464, -5.658), (-50.713, -5.658), (-50.713, -6.318)]
31;100;;;0;0,48;[63, 64, 66, 65];[(-50.713, -6.318), (-50.713, -5.658), (-51.441, -5.658), (-51.441, -6.318)]
32;100;;;0;2,37;[66, 64, 67, 68];[(-51.441, -5.658), (-50.713, -5.658), (-50.713, -2.407), (-51.441, -2.407)]
33;100;;;0;0,10;[68, 67, 69, 70];[(-51.441, -2.407), (-50.713, -2.407), (-50.713, -2.272), (-51.441, -2.272)]
34;100;;;0;1,65;[70, 69, 71, 72];[(-51.441, -2.272), (-50.713, -2.272), (-50.713, -0.003), (-51.441, -0.003)]
35;100;;;0;0,26;[72, 71, 73, 74];[(-51.441, -0.003), (-50.713, -0.003), (-50.713, 0.353), (-51.441, 0.353)]
36;100;;;0;21,47;[74, 73, 75, 76];[(-51.441, 0.353), (-50.713, 0.353), (-50.713, 29.846), (-51.441, 29.846)]
37;100;;;0;0,28;[76, 75, 77, 78];[(-51.441, 29.846), (-50.713, 29.846), (-50.713, 30.232), (-51.441, 30.232)]
38;100;;;0;1,65;[0, 78, 77, 1];[(-51.431, 32.516), (-51.441, 30.232), (-50.713, 30.232), (-50.713, 32.516)]
39;100;;;0;2,19;[56, 58, 80, 79];[(-50.679, -12.736), (-51.474, -12.736), (-51.474, -15.491), (-50.679, -15.491)]
40;100;;;0;0,17;[79, 80, 82, 81];[(-50.679, -15.491), (-51.474, -15.491), (-51.474, -15.71), (-50.679, -15.71)]
41;100;;;0;2,31;[81, 82, 84, 83];[(-50.679, -15.71), (-51.474, -15.71), (-51.474, -18.612), (-50.679, -18.612)]
42;100;;;0;0,35;[83, 84, 86, 85];[(-50.679, -18.612), (-51.474, -18.612), (-51.474, -19.051), (-50.679, -19.051)]
43;100;;;0;1,63;[85, 86, 88, 87];[(-50.679, -19.051), (-51.474, -19.051), (-51.474, -21.099), (-50.679, -21.099)]
44;100;;;0;0,54;[87, 88, 90, 89];[(-50.679, -21.099), (-51.474, -21.099), (-51.474, -21.781), (-50.679, -21.781)]
45;100;;;0;0,41;[89, 90, 92, 91];[(-50.679, -21.781), (-51.474, -21.781), (-51.474, -22.294), (-50.679, -22.294)]
46;1;;;0;1,28;[91, 92, 94, 93];[(-50.679, -22.294), (-51.474, -22.294), (-51.474, -23.903), (-50.679, -23.903)]
47;100;;;0;0,44;[93, 94, 96, 95];[(-50.679, -23.903), (-51.474, -23.903), (-51.474, -24.461), (-50.679, -24.461)]
48;100;;;0;0,45;[95, 96, 98, 97];[(-50.679, -24.461), (-51.474, -24.461), (-51.474, -25.065), (-50.679, -24.986)]
49;100;;;0;0,20;[97, 98, 100, 99];[(-50.679, -24.986), (-51.474, -25.065), (-51.474, -25.278), (-50.679, -25.278)]
50;100;;;0;11,37;[99, 100, 102, 101];[(-50.679, -25.278), (-51.474, -25.278), (-51.474, -39.566), (-50.679, -39.566)]
51;100;;;0;0,60;[101, 102, 104, 103];[(-50.679, -39.566), (-51.474, -39.566), (-51.474, -40.322), (-50.679, -40.322)]
52;100;;;0;5,97;[101, 103, 106, 105];[(-50.679, -39.566), (-50.679, -40.322), (-42.779, -40.322), (-42.779, -39.566)]
53;100;;;0;0,37;[105, 106, 108, 107];[(-42.779, -39.566), (-42.779, -40.322), (-42.291, -40.322), (-42.291, -39.566)]
54;100;;;0;4,50;[107, 108, 110, 109];[(-42.291, -39.566), (-42.291, -40.322), (-36.342, -40.322), (-36.342, -39.566)]
55;100;;;0;0,63;[109, 110, 112, 111];[(-36.342, -39.566), (-36.342, -40.322), (-35.513, -40.322), (-35.513, -39.566)]
56;100;;;0;9,24;[109, 111, 114, 113];[(-36.342, -39.566), (-35.513, -39.566), (-35.513, -28.424), (-36.342, -28.424)]
57;100;;;0;0,59;[113, 114, 116, 115];[(-36.342, -28.424), (-35.513, -28.424), (-35.513, -27.717), (-36.342, -27.717)]
58;100;;;0;1,94;[116, 114, 117, 118];[(-35.513, -27.717), (-35.513, -28.424), (-32.771, -28.424), (-32.771, -27.717)]
59;100;;;0;0,16;[118, 117, 119, 120];[(-32.771, -27.717), (-32.771, -28.424), (-32.551, -28.424), (-32.551, -27.717)]
60;100;;;0;2,44;[120, 119, 121, 122];[(-32.551, -27.717), (-32.551, -28.424), (-29.1, -28.424), (-29.1, -27.717)]
61;100;;;0;0,29;[122, 121, 123, 124];[(-29.1, -27.717), (-29.1, -28.424), (-28.686, -28.424), (-28.686, -27.717)]
62;100;;;0;4,91;[124, 123, 125, 126];[(-28.686, -27.717), (-28.686, -28.424), (-21.737, -28.424), (-21.737, -27.717)]
63;100;;;0;0,19;[126, 125, 127, 128];[(-21.737, -27.717), (-21.737, -28.424), (-21.469, -28.424), (-21.469, -27.717)]
64;100;;;0;2,39;[128, 127, 129, 130];[(-21.469, -27.717), (-21.469, -28.424), (-18.085, -28.424), (-18.085, -27.717)]
65;100;;;0;0,30;[130, 129, 131, 132];[(-18.085, -27.717), (-18.085, -28.424), (-17.665, -28.424), (-17.665, -27.717)]
66;100;;;0;2,17;[132, 131, 133, 134];[(-17.665, -27.717), (-17.665, -28.424), (-14.591, -28.424), (-14.591, -27.717)]
67;100;;;0;0,19;[134, 133, 135, 136];[(-14.591, -27.717), (-14.591, -28.424), (-14.323, -28.424), (-14.323, -27.717)]
68;100;;;0;7,77;[136, 135, 137, 138];[(-14.323, -27.717), (-14.323, -28.424), (-3.338, -28.424), (-3.338, -27.717)]
69;100;;;0;0,16;[138, 137, 139, 140];[(-3.338, -27.717), (-3.338, -28.424), (-3.109, -28.424), (-3.109, -27.717)]
70;100;;;0;2,28;[140, 139, 141, 142];[(-3.109, -27.717), (-3.109, -28.424), (0.11, -28.424), (0.11, -27.717)]
71;100;;;0;0,21;[142, 141, 143, 144];[(0.11, -27.717), (0.11, -28.424), (0.402, -28.424), (0.402, -27.717)]
72;100;;;0;7,33;[144, 143, 145, 146];[(0.402, -27.717), (0.402, -28.424), (10.765, -28.424), (10.765, -27.717)]
73;100;;;0;0,21;[146, 145, 147, 148];[(10.765, -27.717), (10.765, -28.424), (11.057, -28.424), (11.057, -27.717)]
74;100;;;0;2,41;[148, 147, 149, 150];[(11.057, -27.717), (11.057, -28.424), (14.471, -28.424), (14.471, -27.717)]
75;100;;;0;0,36;[150, 149, 151, 152];[(14.471, -27.717), (14.471, -28.424), (14.983, -28.424), (14.983, -27.717)]
76;100;;;0;7,44;[152, 151, 153, 154];[(14.983, -27.717), (14.983, -28.424), (25.501, -28.424), (25.501, -27.717)]
77;100;;;0;0,19;[154, 153, 155, 156];[(25.501, -27.717), (25.501, -28.424), (25.77, -28.424), (25.77, -27.717)]
78;100;;;0;3,12;[156, 155, 157, 158];[(25.77, -27.717), (25.77, -28.424), (30.183, -28.424), (30.183, -27.717)]
79;100;;;0;0,16;[158, 157, 159, 160];[(30.183, -27.717), (30.183, -28.424), (30.402, -28.424), (30.402, -27.717)]
80;1;;;0;1,12;[160, 159, 161, 162];[(30.402, -27.717), (30.402, -28.424), (31.989, -28.424), (31.989, -27.717)]
81;100;;;0;1,02;[162, 161, 163, 164];[(31.989, -27.717), (31.989, -28.424), (33.432, -28.424), (33.432, -27.717)]
82;1;;;0;1,12;[164, 163, 165, 166];[(33.432, -27.717), (33.432, -28.424), (35.017, -28.424), (35.017, -27.717)]
83;100;;;0;0,20;[166, 165, 167, 168];[(35.017, -27.717), (35.017, -28.424), (35.301, -28.424), (35.301, -27.717)]
84;100;;;0;0,57;[1519, 1518, 169, 170];[(35.456, -27.717), (35.456, -28.424), (36.256, -28.424), (36.256, -27.717)]
85;100;;;0;0,33;[170, 169, 171, 172];[(36.256, -27.717), (36.256, -28.424), (36.723, -28.424), (36.723, -27.717)]
86;100;;;0;2,27;[172, 171, 173, 174];[(36.723, -27.717), (36.723, -28.424), (39.934, -28.424), (39.934, -27.717)]
87;100;;;0;0,15;[174, 173, 175, 176];[(39.934, -27.717), (39.934, -28.424), (40.142, -28.424), (40.142, -27.717)]
88;100;;;0;4,88;[176, 175, 177, 178];[(40.142, -27.717), (40.142, -28.424), (47.045, -28.424), (47.045, -27.717)]
89;100;;;0;0,20;[178, 177, 179, 180];[(47.045, -27.717), (47.045, -28.424), (47.33, -28.424), (47.33, -27.717)]
90;100;;;0;2,44;[180, 179, 181, 182];[(47.33, -27.717), (47.33, -28.424), (50.784, -28.424), (50.784, -27.717)]
91;100;;;0;0,49;[182, 181, 183, 184];[(50.784, -27.717), (50.784, -28.424), (51.475, -28.424), (51.475, -27.717)]
92;100;;;0;1,31;[183, 181, 185, 186];[(51.475, -28.424), (50.784, -28.424), (50.784, -30.313), (51.475, -30.313)]
93;1;;;0;0,66;[186, 185, 187, 188];[(51.475, -30.313), (50.784, -30.313), (50.784, -31.268), (51.475, -31.268)]
94;100;;;0;0,62;[188, 187, 189, 190];[(51.475, -31.268), (50.784, -31.268), (50.784, -32.162), (51.475, -32.162)]
95;100;;;0;2,00;[188, 190, 192, 191];[(51.475, -31.268), (51.475, -32.162), (53.71, -32.162), (53.71, -31.268)]
96;100;;;0;0,73;[191, 192, 194, 193];[(53.71, -31.268), (53.71, -32.162), (54.526, -32.162), (54.526, -31.268)]
97;100;;;0;26,56;[193, 194, 196, 195];[(54.526, -31.268), (54.526, -32.162), (84.229, -32.162), (84.229, -31.268)]
98;100;;;0;0,44;[195, 196, 198, 197];[(84.229, -31.268), (84.229, -32.162), (84.723, -32.162), (84.723, -31.268)]
99;100;;;0;2,36;[197, 198, 200, 199];[(84.723, -31.268), (84.723, -32.162), (87.367, -32.162), (87.367, -31.268)]
100;100;;;0;0,58;[199, 200, 202, 201];[(87.367, -31.268), (87.367, -32.162), (88.011, -32.162), (88.011, -31.268)]
101;100;;;0;4,37;[199, 201, 204, 203, 1490, 1497];[(87.367, -31.268), (88.011, -31.268), (88.011, -24.478), (87.367, -24.478), (87.367, -27.33), (87.367, -29.159)]
102;1;;;0;0,90;[203, 204, 206, 205];[(87.367, -24.478), (88.011, -24.478), (88.011, -23.073), (87.367, -23.073)]
103;100;;;0;0,54;[205, 206, 208, 207];[(87.367, -23.073), (88.011, -23.073), (88.011, -22.239), (87.367, -22.239)]
104;100;;;0;0,13;[207, 208, 210, 209];[(87.367, -22.239), (88.011, -22.239), (88.011, -22.036), (87.367, -22.036)]
105;100;;;0;2,43;[209, 210, 212, 211];[(87.367, -22.036), (88.011, -22.036), (88.011, -18.256), (87.367, -18.256)]
106;100;;;0;0,10;[211, 212, 214, 213];[(87.367, -18.256), (88.011, -18.256), (88.011, -18.103), (87.367, -18.103)]
107;100;;;0;3,04;[213, 214, 216, 215];[(87.367, -18.103), (88.011, -18.103), (88.011, -13.381), (87.367, -13.381)]
108;100;;;0;0,42;[215, 216, 218, 217];[(87.367, -13.381), (88.011, -13.381), (88.011, -12.721), (87.367, -12.721)]
109;100;;;0;1,71;[215, 217, 220, 219];[(87.367, -13.381), (87.367, -12.721), (84.777, -12.721), (84.777, -13.381)]
110;100;;;0;0,34;[219, 220, 222, 221];[(84.777, -13.381), (84.777, -12.721), (84.269, -12.721), (84.269, -13.381)]
111;100;;;0;1,74;[221, 222, 224, 223];[(84.269, -13.381), (84.269, -12.721), (81.638, -12.721), (81.638, -13.381)]
112;100;;;0;0,15;[223, 224, 226, 225];[(81.638, -13.381), (81.638, -12.721), (81.414, -12.721), (81.414, -13.381)]
113;100;;;0;1,92;[225, 226, 228, 227];[(81.414, -13.381), (81.414, -12.721), (78.505, -12.721), (78.505, -13.381)]
114;100;;;0;0,17;[227, 228, 230, 229];[(78.505, -13.381), (78.505, -12.721), (78.252, -12.721), (78.252, -13.381)]
115;100;;;0;15,68;[229, 230, 232, 231];[(78.252, -13.381), (78.252, -12.721), (54.508, -12.721), (54.508, -13.381)]
116;100;;;0;0,38;[231, 232, 234, 233];[(54.508, -13.381), (54.508, -12.721), (53.939, -12.721), (53.939, -13.381)]
117;100;;;0;4,36;[233, 234, 236, 235];[(53.939, -13.381), (53.939, -12.721), (47.34, -12.721), (47.34, -13.381)]
118;100;;;0;0,15;[235, 236, 238, 237];[(47.34, -13.381), (47.34, -12.721), (47.116, -12.721), (47.116, -13.381)]
119;100;;;0;4,40;[237, 238, 240, 239];[(47.116, -13.381), (47.116, -12.721), (40.452, -12.721), (40.452, -13.381)]
120;100;;;0;0,62;[239, 240, 242, 241, 1112, 1113];[(40.452, -13.381), (40.452, -12.721), (39.599, -12.58), (39.599, -13.381), (39.983, -13.381), (40.148, -13.381)]
121;100;;;0;4,45;[242, 240, 243, 244];[(39.599, -12.58), (40.452, -12.721), (40.452, -7.438), (39.599, -7.438)]
122;100;;;0;0,23;[244, 243, 245, 246];[(39.599, -7.438), (40.452, -7.438), (40.452, -7.174), (39.599, -7.174)]
123;100;;;0;3,99;[246, 245, 247, 248];[(39.599, -7.174), (40.452, -7.174), (40.452, -2.501), (39.599, -2.501)]
124;100;;;0;0,59;[248, 247, 249, 250];[(39.599, -2.501), (40.452, -2.501), (40.452, -1.81), (39.599, -1.81)]
125;100;;;0;1,72;[249, 247, 251, 252];[(40.452, -1.81), (40.452, -2.501), (42.939, -2.501), (42.939, -1.81)]
126;100;;;0;0,59;[252, 251, 253, 254];[(42.939, -1.81), (42.939, -2.501), (43.792, -2.501), (43.792, -1.81)]
127;100;;;0;3,08;[252, 254, 256, 255];[(42.939, -1.81), (43.792, -1.81), (43.792, 1.799), (42.939, 1.799)]
128;100;;;0;0,23;[255, 256, 258, 257];[(42.939, 1.799), (43.792, 1.799), (43.792, 2.067), (42.939, 2.067)]
129;100;;;0;2,62;[257, 258, 260, 259];[(42.939, 2.067), (43.792, 2.067), (43.792, 5.139), (42.939, 5.139)]
130;100;;;0;0,29;[259, 260, 262, 261];[(42.939, 5.139), (43.792, 5.139), (43.792, 5.481), (42.939, 5.481)]
131;100;;;0;2,83;[261, 262, 264, 263];[(42.939, 5.481), (43.792, 5.481), (43.792, 8.797), (42.939, 8.797)]
132;100;;;0;0,25;[263, 264, 266, 265];[(42.939, 8.797), (43.792, 8.797), (43.792, 9.089), (42.939, 9.089)]
133;100;;;0;5,99;[265, 266, 268, 267];[(42.939, 9.089), (43.792, 9.089), (43.792, 16.111), (42.939, 16.111)]
134;100;;;0;0,15;[267, 268, 270, 269];[(42.939, 16.111), (43.792, 16.111), (43.792, 16.282), (42.939, 16.282)]
135;100;;;0;2,95;[269, 270, 272, 271];[(42.939, 16.282), (43.792, 16.282), (43.792, 19.744), (42.939, 19.744)]
136;100;;;0;0,40;[271, 272, 274, 273];[(42.939, 19.744), (43.792, 19.744), (43.792, 20.207), (42.939, 20.207)]
137;100;;;0;8,66;[273, 274, 276, 275];[(42.939, 20.207), (43.792, 20.207), (43.792, 30.35), (42.939, 30.35)]
138;100;;;0;0,25;[275, 276, 278, 277];[(42.939, 30.35), (43.792, 30.35), (43.792, 30.643), (42.939, 30.643)]
139;100;;;0;9,05;[277, 278, 280, 279];[(42.939, 30.643), (43.792, 30.643), (43.792, 41.249), (42.939, 41.249)]
140;100;;;0;0,21;[279, 280, 282, 281];[(42.939, 41.249), (43.792, 41.249), (43.792, 41.493), (42.939, 41.493)]
141;100;;;0;2,98;[281, 282, 284, 283];[(42.939, 41.493), (43.792, 41.493), (43.792, 44.98), (42.939, 44.98)]
142;100;;;0;0,33;[283, 284, 286, 285];[(42.939, 44.98), (43.792, 44.98), (43.792, 45.37), (42.939, 45.37)]
143;100;;;0;2,66;[285, 286, 288, 287];[(42.939, 45.37), (43.792, 45.37), (43.792, 48.489), (42.939, 48.489)]
144;100;;;0;0,21;[287, 288, 290, 289];[(42.939, 48.489), (43.792, 48.489), (43.792, 48.736), (42.939, 48.736)]
145;100;;;0;3,99;[289, 290, 292, 291];[(42.939, 48.736), (43.792, 48.736), (43.792, 53.416), (42.939, 53.416)]
146;100;;;0;0,50;[291, 292, 294, 293];[(42.939, 53.416), (43.792, 53.416), (43.792, 54.001), (42.939, 54.001)]
147;100;;;0;3,46;[291, 293, 296, 295];[(42.939, 53.416), (42.939, 54.001), (37.021, 54.001), (37.021, 53.416)]
148;100;;;0;0,31;[295, 296, 298, 297];[(37.021, 53.416), (37.021, 54.001), (36.488, 54.001), (36.488, 53.416)]
149;100;;;0;0,09;[297, 298, 300, 299];[(36.488, 53.416), (36.488, 54.001), (36.331, 54.001), (36.331, 53.416)]
150;1;;;0;1,03;[299, 300, 302, 301];[(36.331, 53.416), (36.331, 54.001), (34.576, 54.001), (34.576, 53.416)]
151;100;;;0;0,13;[301, 302, 304, 303];[(34.576, 53.416), (34.576, 54.001), (34.356, 54.001), (34.356, 53.416)]
152;100;;;0;0,34;[303, 304, 306, 305];[(34.356, 53.416), (34.356, 54.001), (33.771, 54.001), (33.771, 53.416)]
153;100;;;0;3,42;[305, 306, 308, 307];[(33.771, 53.416), (33.771, 54.001), (27.919, 54.001), (27.919, 53.416)]
154;100;;;0;0,40;[307, 308, 310, 309];[(27.919, 53.416), (27.919, 54.001), (27.237, 54.001), (27.237, 53.416)]
155;100;;;0;5,44;[307, 309, 312, 311];[(27.919, 53.416), (27.237, 53.416), (27.237, 45.443), (27.919, 45.443)]
156;100;;;0;0,27;[311, 312, 314, 313];[(27.919, 45.443), (27.237, 45.443), (27.237, 45.053), (27.919, 45.053)]
157;100;;;0;0,35;[313, 314, 316, 315];[(27.919, 45.053), (27.237, 45.053), (27.237, 44.541), (27.919, 44.541)]
158;1;;;0;0,90;[315, 316, 318, 317];[(27.919, 44.541), (27.237, 44.541), (27.237, 43.224), (27.919, 43.224)]
159;100;;;0;0,57;[317, 318, 320, 319];[(27.919, 43.224), (27.237, 43.224), (27.237, 42.395), (27.919, 42.395)]
160;100;;;0;0,28;[319, 320, 322, 321];[(27.919, 42.395), (27.237, 42.395), (27.237, 41.981), (27.919, 41.981)]
161;100;;;0;2,65;[321, 322, 324, 323];[(27.919, 41.981), (27.237, 41.981), (27.237, 38.104), (27.919, 38.104)]
162;100;;;0;0,12;[323, 324, 326, 325];[(27.919, 38.104), (27.237, 38.104), (27.237, 37.933), (27.919, 37.933)]
163;100;;;0;7,22;[325, 326, 328, 327];[(27.919, 37.933), (27.237, 37.933), (27.237, 27.351), (27.919, 27.351)]
164;100;;;0;0,17;[327, 328, 330, 329];[(27.919, 27.351), (27.237, 27.351), (27.237, 27.108), (27.919, 27.108)]
165;100;;;0;2,41;[329, 330, 332, 331];[(27.919, 27.108), (27.237, 27.108), (27.237, 23.572), (27.919, 23.572)]
166;100;;;0;0,15;[331, 332, 334, 333];[(27.919, 23.572), (27.237, 23.572), (27.237, 23.353), (27.919, 23.353)]
167;100;;;0;2,06;[333, 334, 336, 335];[(27.919, 23.353), (27.237, 23.353), (27.237, 20.329), (27.919, 20.329)]
168;100;;;0;0,27;[335, 336, 338, 337];[(27.919, 20.329), (27.237, 20.329), (27.237, 19.939), (27.919, 19.939)]
169;100;;;0;2,43;[337, 338, 340, 339];[(27.919, 19.939), (27.237, 19.939), (27.237, 16.379), (27.919, 16.379)]
170;100;;;0;0,15;[339, 340, 342, 341];[(27.919, 16.379), (27.237, 16.379), (27.237, 16.16), (27.919, 16.16)]
171;100;;;0;7,12;[341, 342, 344, 343];[(27.919, 16.16), (27.237, 16.16), (27.237, 5.724), (27.919, 5.724)]
172;100;;;0;0,17;[343, 344, 346, 345];[(27.919, 5.724), (27.237, 5.724), (27.237, 5.481), (27.919, 5.481)]
173;100;;;0;2,29;[345, 346, 348, 347];[(27.919, 5.481), (27.237, 5.481), (27.237, 2.126), (27.919, 2.126)]
174;100;;;0;0,16;[347, 348, 350, 349];[(27.919, 2.126), (27.237, 2.126), (27.237, 1.886), (27.919, 1.886)]
175;100;;;0;2,44;[349, 350, 352, 351];[(27.919, 1.886), (27.237, 1.886), (27.237, -1.688), (27.919, -1.688)]
176;100;;;0;0,33;[356, 353, 357, 358];[(28.261, -2.371), (27.456, -2.371), (27.456, -2.785), (28.261, -2.785)]
177;1;;;0;1,06;[358, 357, 359, 360];[(28.261, -2.785), (27.456, -2.785), (27.456, -4.102), (28.261, -4.102)]
178;100;;;0;0,70;[354, 353, 356, 355, 351, 352];[(27.237, -2.371), (27.456, -2.371), (28.261, -2.371), (28.261, -1.688), (27.919, -1.688), (27.237, -1.688)]
179;100;;;0;0,59;[363, 364, 361, 362];[(28.261, -11.912), (27.456, -11.912), (27.456, -12.643), (28.261, -12.643)]
180;100;;;0;9,06;[361, 364, 366, 365];[(27.456, -12.643), (27.456, -11.912), (15.07, -11.912), (15.07, -12.643)]
181;100;;;0;6,28;[360, 359, 364, 363, 1483, 1488];[(28.261, -4.102), (27.456, -4.102), (27.456, -11.912), (28.261, -11.912), (28.261, -8.92), (28.261, -4.979)]
182;100;;;0;0,39;[365, 366, 368, 367];[(15.07, -12.643), (15.07, -11.912), (14.534, -11.912), (14.534, -12.643)]
183;100;;;0;2,43;[367, 368, 370, 369];[(14.534, -12.643), (14.534, -11.912), (11.218, -11.912), (11.218, -12.643)]
184;100;;;0;0,23;[369, 370, 372, 371];[(11.218, -12.643), (11.218, -11.912), (10.901, -11.912), (10.901, -12.643)]
185;100;;;0;2,55;[371, 372, 374, 373];[(10.901, -12.643), (10.901, -11.912), (7.414, -11.912), (7.414, -12.643)]
186;100;;;0;0,23;[373, 374, 376, 375];[(7.414, -12.643), (7.414, -11.912), (7.097, -11.912), (7.097, -12.643)]
187;100;;;0;5,05;[375, 376, 378, 377];[(7.097, -12.643), (7.097, -11.912), (0.197, -11.912), (0.197, -12.643)]
188;100;;;0;0,21;[377, 378, 380, 379];[(0.197, -12.643), (0.197, -11.912), (-0.096, -11.912), (-0.096, -12.643)]
189;100;;;0;2,28;[379, 380, 382, 381];[(-0.096, -12.643), (-0.096, -11.912), (-3.217, -11.912), (-3.217, -12.643)]
190;100;;;0;0,20;[381, 382, 384, 383];[(-3.217, -12.643), (-3.217, -11.912), (-3.485, -11.912), (-3.485, -12.643)]
191;100;;;0;5,26;[383, 384, 386, 385];[(-3.485, -12.643), (-3.485, -11.912), (-10.678, -11.912), (-10.678, -12.643)]
192;100;;;0;0,20;[385, 386, 388, 387];[(-10.678, -12.643), (-10.678, -11.912), (-10.946, -11.912), (-10.946, -12.643)]
193;100;;;0;2,51;[387, 388, 390, 389];[(-10.946, -12.643), (-10.946, -11.912), (-14.384, -11.912), (-14.384, -12.643)]
194;100;;;0;0,16;[389, 390, 392, 391];[(-14.384, -12.643), (-14.384, -11.912), (-14.603, -11.912), (-14.603, -12.643)]
195;100;;;0;2,37;[391, 392, 394, 393];[(-14.603, -12.643), (-14.603, -11.912), (-17.846, -11.912), (-17.846, -12.643)]
196;100;;;0;0,34;[393, 394, 396, 395];[(-17.846, -12.643), (-17.846, -11.912), (-18.309, -11.912), (-18.309, -12.643)]
197;100;;;0;7,69;[395, 396, 398, 397];[(-18.309, -12.643), (-18.309, -11.912), (-28.818, -11.912), (-28.818, -12.643)]
198;100;;;0;0,16;[397, 398, 400, 399];[(-28.818, -12.643), (-28.818, -11.912), (-29.037, -11.912), (-29.037, -12.643)]
199;100;;;0;2,51;[399, 400, 402, 401];[(-29.037, -12.643), (-29.037, -11.912), (-32.475, -11.912), (-32.475, -12.643)]
200;100;;;0;0,14;[401, 402, 404, 403];[(-32.475, -12.643), (-32.475, -11.912), (-32.67, -11.912), (-32.67, -12.643)]
201;100;;;0;0,45;[405, 406, 408, 407];[(-35.889, -12.643), (-35.889, -11.912), (-36.498, -11.912), (-36.498, -12.643)]
202;100;;;0;0,43;[407, 408, 410, 409];[(-36.498, -12.643), (-36.498, -11.912), (-37.084, -11.912), (-37.084, -12.643)]
203;1;;;0;0,95;[409, 410, 412, 411];[(-37.084, -12.643), (-37.084, -11.912), (-38.376, -11.912), (-38.376, -12.643)]
204;100;;;0;0,54;[411, 412, 414, 413];[(-38.376, -12.643), (-38.376, -11.912), (-39.107, -11.912), (-39.107, -12.643)]
205;100;;;0;0,34;[413, 414, 416, 415];[(-39.107, -12.643), (-39.107, -11.912), (-39.546, -11.912), (-39.546, -12.726)]
206;100;;;0;1,73;[43, 415, 416, 39];[(-41.722, -12.736), (-39.546, -12.726), (-39.546, -11.912), (-41.722, -11.957)]
207;100;;;0;5,32;[90, 88, 417, 418];[(-51.474, -21.781), (-51.474, -21.099), (-59.263, -21.099), (-59.263, -21.781)]
208;100;;;0;0,34;[418, 417, 419, 420];[(-59.263, -21.781), (-59.263, -21.099), (-59.754, -21.099), (-59.754, -21.781)]
209;100;;;0;4,18;[419, 417, 421, 422];[(-59.754, -21.099), (-59.263, -21.099), (-59.263, -12.582), (-59.754, -12.582)]
210;100;;;0;0,31;[422, 421, 423, 424];[(-59.754, -12.582), (-59.263, -12.582), (-59.263, -11.955), (-59.754, -11.955)]
211;100;;;0;3,41;[422, 424, 426, 425];[(-59.754, -12.582), (-59.754, -11.955), (-65.191, -11.955), (-65.191, -12.582)]
212;100;;;0;0,26;[425, 426, 428, 427];[(-65.191, -12.582), (-65.191, -11.955), (-65.606, -11.955), (-65.606, -12.582)]
213;100;;;0;2,04;[428, 426, 429, 430];[(-65.606, -11.955), (-65.191, -11.955), (-65.191, -7.028), (-65.606, -7.028)]
214;100;;;0;0,12;[430, 429, 431, 432];[(-65.606, -7.028), (-65.191, -7.028), (-65.191, -6.736), (-65.606, -6.736)]
215;100;;;0;1,47;[432, 431, 433, 434];[(-65.606, -6.736), (-65.191, -6.736), (-65.191, -3.178), (-65.606, -3.178)]
216;100;;;0;3,60;[438, 435, 436, 439];[(-65.972, -2.837), (-65.191, -2.837), (-65.191, 1.779), (-65.972, 1.779)]
217;100;;;0;0,34;[439, 436, 440, 441];[(-65.972, 1.779), (-65.191, 1.779), (-65.191, 2.218), (-65.972, 2.218)]
218;100;;;0;0,27;[435, 438, 437, 434, 433];[(-65.191, -2.837), (-65.972, -2.837), (-65.972, -3.178), (-65.606, -3.178), (-65.191, -3.178)]
219;100;;;0;0,30;[441, 440, 442, 443];[(-65.972, 2.218), (-65.191, 2.218), (-65.191, 2.601), (-65.972, 2.601)]
220;1;;;0;0,78;[443, 442, 444, 445];[(-65.972, 2.601), (-65.191, 2.601), (-65.191, 3.6), (-65.972, 3.6)]
221;100;;;0;0,18;[445, 444, 446, 447];[(-65.972, 3.6), (-65.191, 3.6), (-65.191, 3.836), (-65.972, 3.836)]
222;100;;;0;0,13;[447, 446, 448, 449];[(-65.972, 3.836), (-65.191, 3.836), (-65.191, 3.998), (-65.972, 3.998)]
223;100;;;0;3,67;[449, 448, 450, 451];[(-65.972, 3.998), (-65.191, 3.998), (-65.191, 8.698), (-65.972, 8.698)]
224;100;;;0;0,59;[451, 450, 452, 453];[(-65.972, 8.698), (-65.191, 8.698), (-65.191, 9.452), (-65.972, 9.452)]
225;100;;;0;1,81;[453, 452, 454, 455];[(-65.972, 9.452), (-65.191, 9.452), (-65.191, 11.768), (-65.972, 11.768)]
226;100;;;0;0,42;[455, 454, 456, 457];[(-65.972, 11.768), (-65.191, 11.768), (-65.191, 12.305), (-65.972, 12.305)]
227;100;;;0;3,44;[455, 457, 459, 458];[(-65.972, 11.768), (-65.972, 12.305), (-72.384, 12.305), (-72.384, 11.768)]
228;1;;;0;0,54;[458, 459, 461, 460];[(-72.384, 11.768), (-72.384, 12.305), (-73.384, 12.305), (-73.384, 11.768)]
229;100;;;0;1,03;[460, 461, 463, 462];[(-73.384, 11.768), (-73.384, 12.305), (-75.31, 12.305), (-75.31, 11.768)]
230;100;;;0;0,33;[462, 463, 465, 464];[(-75.31, 11.768), (-75.31, 12.305), (-75.92, 12.305), (-75.92, 11.768)]
231;100;;;0;0,24;[464, 465, 467, 466];[(-75.92, 11.768), (-75.92, 12.305), (-76.359, 12.305), (-76.359, 11.768)]
232;1;;;0;0,46;[466, 467, 469, 468];[(-76.359, 11.768), (-76.359, 12.305), (-77.212, 12.305), (-77.212, 11.768)]
233;100;;;0;0,31;[468, 469, 471, 470];[(-77.212, 11.768), (-77.212, 12.305), (-77.797, 12.305), (-77.797, 11.768)]
234;100;;;0;0,29;[470, 471, 473, 472];[(-77.797, 11.768), (-77.797, 12.305), (-78.333, 12.305), (-78.333, 11.768)]
235;100;;;0;3,11;[472, 473, 475, 474, 1481, 1478];[(-78.333, 11.768), (-78.333, 12.305), (-84.136, 12.305), (-84.136, 11.768), (-82.893, 11.768), (-79.698, 11.768)]
236;100;;;0;0,21;[474, 475, 477, 476];[(-84.136, 11.768), (-84.136, 12.305), (-84.527, 12.305), (-84.527, 11.768)]
237;100;;;0;1,14;[474, 476, 479, 478];[(-84.136, 11.768), (-84.527, 11.768), (-84.527, 8.843), (-84.136, 8.843)]
238;100;;;0;0,10;[478, 479, 481, 480];[(-84.136, 8.843), (-84.527, 8.843), (-84.527, 8.599), (-84.136, 8.599)]
239;100;;;0;1,02;[480, 481, 483, 482];[(-84.136, 8.599), (-84.527, 8.599), (-84.527, 5.99), (-84.136, 5.99)]
240;100;;;0;0,23;[482, 483, 485, 484];[(-84.136, 5.99), (-84.527, 5.99), (-84.527, 5.405), (-84.136, 5.405)]
241;1;;;0;0,41;[484, 485, 487, 486];[(-84.136, 5.405), (-84.527, 5.405), (-84.527, 4.356), (-84.136, 4.356)]
242;100;;;0;0,14;[486, 487, 489, 488];[(-84.136, 4.356), (-84.527, 4.356), (-84.527, 3.991), (-84.136, 3.991)]
243;100;;;0;1,66;[488, 489, 491, 490];[(-84.136, 3.991), (-84.527, 3.991), (-84.527, -0.252), (-84.136, -0.252)]
244;100;;;0;0,14;[490, 491, 493, 492];[(-84.136, -0.252), (-84.527, -0.252), (-84.527, -0.618), (-84.136, -0.618)]
245;100;;;0;1,12;[492, 493, 495, 494];[(-84.136, -0.618), (-84.527, -0.618), (-84.527, -3.495), (-84.136, -3.495)]
246;100;;;0;0,09;[494, 495, 497, 496];[(-84.136, -3.495), (-84.527, -3.495), (-84.527, -3.714), (-84.136, -3.714)]
247;100;;;0;2,26;[496, 497, 499, 498];[(-84.136, -3.714), (-84.527, -3.714), (-84.527, -9.517), (-84.136, -9.517)]
248;100;;;0;0,11;[498, 499, 501, 500];[(-84.136, -9.517), (-84.527, -9.517), (-84.527, -9.81), (-84.136, -9.81)]
249;100;;;0;0,18;[500, 501, 503, 502];[(-84.136, -9.81), (-84.527, -9.81), (-84.527, -10.273), (-84.136, -10.273)]
250;100;;;0;0,37;[502, 503, 505, 504];[(-84.136, -10.273), (-84.527, -10.273), (-84.527, -11.224), (-84.136, -11.224)]
251;100;;;0;0,29;[504, 505, 507, 506];[(-84.136, -11.224), (-84.527, -11.224), (-84.527, -11.98), (-84.136, -11.98)]
252;100;;;0;0,20;[506, 507, 509, 508];[(-84.136, -11.98), (-84.527, -11.98), (-84.527, -12.492), (-84.136, -12.492)]
253;100;;;0;2,71;[509, 507, 510, 511];[(-84.527, -12.492), (-84.527, -11.98), (-89.818, -11.98), (-89.818, -12.492)]
254;100;;;0;0,30;[511, 510, 512, 513];[(-89.818, -12.492), (-89.818, -11.98), (-90.403, -11.98), (-90.403, -12.492)]
255;100;;;0;3,67;[511, 513, 515, 514];[(-89.818, -12.492), (-90.403, -12.492), (-90.403, -18.759), (-89.818, -18.759)]
256;100;;;0;0,14;[514, 515, 517, 516];[(-89.818, -18.759), (-90.403, -18.759), (-90.403, -19.002), (-89.818, -19.002)]
257;100;;;0;4,19;[516, 517, 519, 518];[(-89.818, -19.002), (-90.403, -19.002), (-90.403, -26.17), (-89.818, -26.17)]
258;100;;;0;0,30;[518, 519, 521, 520];[(-89.818, -26.17), (-90.403, -26.17), (-90.403, -26.682), (-89.818, -26.682)]
259;100;;;0;2,98;[518, 520, 523, 522];[(-89.818, -26.17), (-89.818, -26.682), (-83.99, -26.682), (-83.99, -26.17)]
260;100;;;0;0,26;[522, 523, 525, 524];[(-83.99, -26.17), (-83.99, -26.682), (-83.478, -26.682), (-83.478, -26.17)]
261;100;;;0;2,81;[524, 525, 527, 526];[(-83.478, -26.17), (-83.478, -26.682), (-77.992, -26.682), (-77.992, -26.17)]
262;100;;;0;0,39;[526, 527, 529, 528];[(-77.992, -26.17), (-77.992, -26.682), (-77.236, -26.682), (-77.236, -26.17)]
263;1;;;0;1,01;[528, 529, 531, 530];[(-77.236, -26.17), (-77.236, -26.682), (-75.261, -26.682), (-75.261, -26.17)]
264;100;;;0;1,61;[530, 531, 533, 532];[(-75.261, -26.17), (-75.261, -26.682), (-72.116, -26.682), (-72.116, -26.17)]
265;100;;;0;0,24;[532, 533, 535, 534];[(-72.116, -26.17), (-72.116, -26.682), (-71.653, -26.682), (-71.653, -26.17)]
266;100;;;0;5,97;[534, 535, 537, 536];[(-71.653, -26.17), (-71.653, -26.682), (-59.998, -26.682), (-59.998, -26.17)]
267;100;;;0;0,37;[536, 537, 539, 538];[(-59.998, -26.17), (-59.998, -26.682), (-59.267, -26.682), (-59.267, -26.17)]
268;100;;;0;0,80;[536, 538, 541, 540];[(-59.998, -26.17), (-59.267, -26.17), (-59.267, -25.073), (-59.998, -25.073)]
269;100;;;0;0,45;[540, 541, 543, 548, 542];[(-59.998, -25.073), (-59.267, -25.073), (-59.267, -24.464), (-59.777, -24.464), (-59.998, -24.464)]
270;100;;;0;0,29;[418, 420, 545, 544];[(-59.263, -21.781), (-59.754, -21.781), (-59.754, -22.369), (-59.263, -22.369)]
271;1;;;0;0,76;[544, 545, 547, 546];[(-59.263, -22.369), (-59.754, -22.369), (-59.754, -23.908), (-59.263, -23.908)]
272;100;;;0;0,28;[547, 548, 543, 546];[(-59.754, -23.908), (-59.777, -24.464), (-59.267, -24.464), (-59.263, -23.908)]
273;100;;;0;4,73;[96, 543, 541, 98];[(-51.474, -24.461), (-59.267, -24.464), (-59.267, -25.073), (-51.474, -25.065)]
274;100;;;0;1,39;[532, 534, 550, 549];[(-72.116, -26.17), (-71.653, -26.17), (-71.653, -23.171), (-72.116, -23.171)]
275;1;;;0;0,44;[549, 550, 552, 551];[(-72.116, -23.171), (-71.653, -23.171), (-71.653, -22.22), (-72.116, -22.22)]
276;100;;;0;1,59;[551, 552, 554, 553];[(-72.116, -22.22), (-71.653, -22.22), (-71.653, -18.782), (-72.116, -18.782)]
277;100;;;0;0,17;[553, 554, 556, 555];[(-72.116, -18.782), (-71.653, -18.782), (-71.653, -18.421), (-72.116, -18.421)]
278;100;;;0;1,03;[555, 556, 558, 557];[(-72.116, -18.421), (-71.653, -18.421), (-71.653, -16.198), (-72.116, -16.198)]
279;100;;;0;0,11;[557, 558, 560, 559];[(-72.116, -16.198), (-71.653, -16.198), (-71.653, -15.954), (-72.116, -15.954)]
280;100;;;0;0,70;[559, 560, 562, 561];[(-72.116, -15.954), (-71.653, -15.954), (-71.653, -14.442), (-72.116, -14.442)]
281;100;;;0;0,09;[561, 562, 564, 563];[(-72.116, -14.442), (-71.653, -14.442), (-71.653, -14.247), (-72.116, -14.247)]
282;100;;;0;0,09;[563, 564, 566, 565];[(-72.116, -14.247), (-71.653, -14.247), (-71.653, -14.052), (-72.116, -14.052)]
283;1;;;0;0,44;[565, 566, 568, 567];[(-72.116, -14.052), (-71.653, -14.052), (-71.653, -13.101), (-72.116, -13.101)]
284;100;;;0;2,15;[567, 568, 570, 569];[(-72.116, -13.101), (-71.653, -13.101), (-71.653, -8.469), (-72.116, -8.469)]
285;1;;;0;0,49;[569, 570, 572, 571];[(-72.116, -8.469), (-71.653, -8.469), (-71.653, -7.42), (-72.116, -7.42)]
286;100;;;0;0,19;[571, 572, 574, 573];[(-72.116, -7.42), (-71.653, -7.42), (-71.653, -7.014), (-72.116, -7.014)]
287;100;;;0;0,11;[573, 574, 576, 575];[(-72.116, -7.014), (-71.653, -7.014), (-71.653, -6.77), (-72.116, -6.77)]
288;100;;;0;1,65;[575, 576, 578, 577];[(-72.116, -6.77), (-71.653, -6.77), (-71.653, -3.211), (-72.116, -3.211)]
289;100;;;0;0,18;[577, 578, 580, 579];[(-72.116, -3.211), (-71.653, -3.211), (-71.653, -2.825), (-72.116, -2.825)]
290;100;;;0;2,14;[579, 580, 582, 581];[(-72.116, -2.825), (-71.653, -2.825), (-71.653, 1.784), (-72.116, 1.784)]
291;100;;;0;0,20;[581, 582, 584, 583];[(-72.116, 1.784), (-71.653, 1.784), (-71.653, 2.211), (-72.116, 2.211)]
292;100;;;0;1,48;[584, 582, 585, 586];[(-71.653, 2.211), (-71.653, 1.784), (-68.178, 1.784), (-68.178, 2.211)]
293;1;;;0;0,41;[586, 585, 587, 588];[(-68.178, 2.211), (-68.178, 1.784), (-67.223, 1.784), (-67.223, 2.211)]
294;100;;;0;0,54;[441, 588, 587, 439];[(-65.972, 2.218), (-67.223, 2.211), (-67.223, 1.784), (-65.972, 1.779)]
295;100;;;0;2,07;[438, 580, 578, 437];[(-65.972, -2.837), (-71.653, -2.825), (-71.653, -3.211), (-65.972, -3.178)]
296;100;;;0;0,27;[576, 574, 589, 590];[(-71.653, -6.77), (-71.653, -7.014), (-70.535, -7.014), (-70.535, -6.77)]
297;5;;;0;0,24;[590, 589, 591, 592];[(-70.535, -6.77), (-70.535, -7.014), (-69.553, -7.014), (-69.553, -6.77)]
298;100;;;0;0,12;[592, 591, 593, 594];[(-69.553, -6.77), (-69.553, -7.014), (-69.045, -7.014), (-69.045, -6.77)]
299;100;;;0;0,05;[594, 593, 595, 596];[(-69.045, -6.77), (-69.045, -7.014), (-68.825, -7.014), (-68.825, -6.77)]
300;100;;;0;0,23;[596, 595, 597, 598];[(-68.825, -6.77), (-68.825, -7.014), (-67.877, -7.014), (-67.877, -6.77)]
301;5;;;0;0,23;[598, 597, 599, 600];[(-67.877, -6.77), (-67.877, -7.014), (-66.929, -7.014), (-66.929, -6.77)]
302;100;;;0;0,35;[432, 600, 599, 430];[(-65.606, -6.736), (-66.929, -6.77), (-66.929, -7.014), (-65.606, -7.028)]
303;100;;;0;0,30;[1433, 1432, 602, 601];[(-73.846, -14.442), (-73.846, -14.247), (-75.408, -14.247), (-75.408, -14.442)]
304;1;;;0;0,21;[601, 602, 604, 603];[(-75.408, -14.442), (-75.408, -14.247), (-76.464, -14.247), (-76.464, -14.442)]
305;100;;;0;0,57;[1477, 1476, 606, 605];[(-80.661, -14.442), (-80.661, -14.247), (-83.576, -14.247), (-83.576, -14.442)]
306;100;;;0;0,05;[605, 606, 608, 607];[(-83.576, -14.442), (-83.576, -14.247), (-83.819, -14.247), (-83.819, -14.442)]
307;100;;;0;0,23;[1448, 1449, 610, 609];[(-83.99, -19.331), (-83.478, -19.331), (-83.478, -18.791), (-83.99, -18.957)]
308;100;;;0;0,12;[609, 610, 612, 613, 611];[(-83.99, -18.957), (-83.478, -18.791), (-83.607, -18.41), (-83.805, -18.734), (-83.99, -18.734)]
309;100;;;0;0,91;[607, 613, 612, 605];[(-83.819, -14.442), (-83.805, -18.734), (-83.607, -18.41), (-83.576, -14.442)]
310;100;;;0;0,04;[609, 611, 615, 614];[(-83.99, -18.957), (-83.99, -18.734), (-84.176, -18.734), (-84.176, -18.957)]
311;8;;;0;0,16;[614, 615, 617, 616];[(-84.176, -18.957), (-84.176, -18.734), (-84.888, -18.734), (-84.888, -18.957)]
312;100;;;0;1,15;[516, 616, 617, 514];[(-89.818, -19.002), (-84.888, -18.957), (-84.888, -18.734), (-89.818, -18.759)]
313;100;;;0;0,17;[506, 508, 619, 618];[(-84.136, -11.98), (-84.136, -12.492), (-83.795, -12.492), (-83.795, -11.98)]
314;100;;;0;0,10;[618, 619, 621, 620];[(-83.795, -11.98), (-83.795, -12.492), (-83.607, -12.492), (-83.607, -11.98)]
315;100;;;0;0,03;[682, 621, 619, 683];[(-83.604, -12.67), (-83.607, -12.492), (-83.795, -12.492), (-83.798, -12.67)]
316;100;;;0;1,17;[478, 480, 623, 622, 1479, 1480];[(-84.136, 8.843), (-84.136, 8.599), (-79.345, 8.599), (-79.345, 8.843), (-79.698, 8.843), (-82.893, 8.843)]
317;1;;;0;0,21;[622, 623, 625, 624];[(-79.345, 8.843), (-79.345, 8.599), (-78.464, 8.599), (-78.464, 8.843)]
318;100;;;0;0,02;[624, 625, 627, 626];[(-78.464, 8.843), (-78.464, 8.599), (-78.363, 8.599), (-78.363, 8.843)]
319;100;;;0;0,12;[626, 627, 629, 628];[(-78.363, 8.843), (-78.363, 8.599), (-77.872, 8.599), (-77.872, 8.843)]
320;100;;;0;1,50;[472, 626, 628, 470];[(-78.333, 11.768), (-78.363, 8.843), (-77.872, 8.843), (-77.797, 11.768)]
321;100;;;0;1,40;[462, 464, 631, 630];[(-75.31, 11.768), (-75.92, 11.768), (-75.92, 9.466), (-75.31, 9.466)]
322;100;;;0;0,45;[630, 631, 633, 632];[(-75.31, 9.466), (-75.92, 9.466), (-75.92, 8.721), (-75.31, 8.721)]
323;1;;;0;0,64;[630, 632, 635, 634];[(-75.31, 9.466), (-75.31, 8.721), (-74.447, 8.721), (-74.447, 9.466)]
324;100;;;0;0,13;[634, 635, 637, 636];[(-74.447, 9.466), (-74.447, 8.721), (-74.277, 8.721), (-74.277, 9.466)]
325;100;;;0;0,18;[636, 637, 639, 638];[(-74.277, 9.466), (-74.277, 8.721), (-74.04, 8.721), (-74.04, 9.466)]
326;100;;;0;1,43;[638, 639, 641, 640];[(-74.04, 9.466), (-74.04, 8.721), (-72.127, 8.721), (-72.127, 9.466)]
327;100;;;0;0,16;[640, 641, 643, 642];[(-72.127, 9.466), (-72.127, 8.721), (-71.907, 8.721), (-71.907, 9.466)]
328;100;;;0;4,45;[453, 642, 643, 451];[(-65.972, 9.452), (-71.907, 9.466), (-71.907, 8.721), (-65.972, 8.698)]
329;100;;;0;0,64;[643, 641, 644, 645];[(-71.907, 8.721), (-72.127, 8.721), (-72.127, 5.808), (-71.907, 5.808)]
330;100;;;0;0,06;[645, 644, 646, 647];[(-71.907, 5.808), (-72.127, 5.808), (-72.127, 5.537), (-71.907, 5.537)]
331;100;;;0;0,06;[647, 646, 648, 649];[(-71.907, 5.537), (-72.127, 5.537), (-72.127, 5.283), (-71.907, 5.283)]
332;1;;;0;0,19;[649, 648, 650, 651];[(-71.907, 5.283), (-72.127, 5.283), (-72.127, 4.403), (-71.907, 4.403)]
333;100;;;0;0,09;[651, 650, 652, 653];[(-71.907, 4.403), (-72.127, 4.403), (-72.127, 4.014), (-71.907, 4.014)]
334;100;;;0;0,04;[653, 652, 654, 655];[(-71.907, 4.014), (-72.127, 4.014), (-72.127, 3.81), (-71.907, 3.81)]
335;100;;;0;1,08;[449, 653, 655, 447];[(-65.972, 3.998), (-71.907, 4.014), (-71.907, 3.81), (-65.972, 3.836)]
336;100;;;0;0,45;[486, 488, 657, 656];[(-84.136, 4.356), (-84.136, 3.991), (-82.9, 3.991), (-82.9, 4.356)]
337;1;;;0;0,25;[656, 657, 659, 658];[(-82.9, 4.356), (-82.9, 3.991), (-82.223, 3.991), (-82.223, 4.356)]
338;100;;;0;0,95;[658, 659, 661, 660];[(-82.223, 4.356), (-82.223, 3.991), (-79.633, 3.991), (-79.633, 4.356)]
339;1;;;0;0,37;[660, 661, 663, 662];[(-79.633, 4.356), (-79.633, 3.991), (-78.634, 3.991), (-78.634, 4.356)]
340;100;;;0;1,50;[1445, 1444, 665, 664];[(-77.631, 4.356), (-77.631, 3.991), (-73.537, 3.991), (-73.537, 4.356)]
341;100;;;0;0,10;[664, 665, 667, 666];[(-73.537, 4.356), (-73.537, 3.991), (-73.266, 3.991), (-73.266, 4.356)]
342;100;;;0;0,51;[1443, 1442, 668, 669];[(-73.266, 1.725), (-73.537, 1.725), (-73.537, -0.175), (-73.266, -0.175)]
343;100;;;0;0,06;[669, 668, 670, 671];[(-73.266, -0.175), (-73.537, -0.175), (-73.537, -0.378), (-73.266, -0.378)]
344;100;;;0;0,06;[670, 668, 672, 673];[(-73.537, -0.378), (-73.537, -0.175), (-73.825, -0.175), (-73.825, -0.378)]
345;100;;;0;1,63;[1439, 1438, 675, 674];[(-73.537, -7.015), (-73.825, -7.015), (-73.825, -12.671), (-73.537, -12.671)]
346;100;;;0;0,06;[674, 675, 677, 676];[(-73.537, -12.671), (-73.825, -12.671), (-73.825, -12.891), (-73.537, -12.891)]
347;100;;;0;1,84;[677, 675, 678, 679];[(-73.825, -12.891), (-73.825, -12.671), (-82.172, -12.671), (-82.172, -12.891)]
348;1;;;0;0,19;[679, 678, 680, 681];[(-82.172, -12.891), (-82.172, -12.671), (-83.019, -12.671), (-83.019, -12.891)]
349;100;;;0;0,04;[684, 682, 683, 685];[(-83.6, -12.897), (-83.604, -12.67), (-83.798, -12.67), (-83.801, -12.897)]
350;100;;;0;0,30;[606, 684, 685, 608];[(-83.576, -14.247), (-83.6, -12.897), (-83.801, -12.897), (-83.819, -14.247)]
351;100;;;0;0,13;[680, 682, 684, 681];[(-83.019, -12.671), (-83.604, -12.67), (-83.6, -12.897), (-83.019, -12.891)]
352;100;;;0;1,01;[77, 75, 686, 687];[(-50.713, 30.232), (-50.713, 29.846), (-48.091, 29.846), (-48.091, 30.232)]
353;11;;;0;0,89;[687, 686, 688, 689];[(-48.091, 30.232), (-48.091, 29.846), (-45.775, 29.846), (-45.775, 30.232)]
354;100;;;0;0,07;[689, 688, 690, 691];[(-45.775, 30.232), (-45.775, 29.846), (-45.592, 29.846), (-45.592, 30.232)]
355;100;;;0;0,10;[691, 690, 692, 693];[(-45.592, 30.232), (-45.592, 29.846), (-45.328, 29.846), (-45.328, 30.232)]
356;100;;;0;0,65;[4, 691, 693, 6];[(-45.669, 32.516), (-45.592, 30.232), (-45.328, 30.232), (-45.364, 32.516)]
357;100;;;0;0,31;[693, 692, 694, 695];[(-45.328, 30.232), (-45.328, 29.846), (-44.515, 29.846), (-44.515, 30.232)]
358;1;;;0;0,51;[695, 694, 696, 697];[(-44.515, 30.232), (-44.515, 29.846), (-43.195, 29.846), (-43.195, 30.232)]
359;100;;;0;0,22;[697, 696, 698, 699];[(-43.195, 30.232), (-43.195, 29.846), (-42.626, 29.846), (-42.626, 30.232)]
360;100;;;0;0,11;[699, 698, 700, 701];[(-42.626, 30.232), (-42.626, 29.846), (-42.341, 29.846), (-42.341, 30.232)]
361;100;;;0;0,70;[12, 699, 701, 14];[(-42.682, 32.516), (-42.626, 30.232), (-42.341, 30.232), (-42.357, 32.516)]
362;100;;;0;0,18;[701, 700, 702, 703];[(-42.341, 30.232), (-42.341, 29.846), (-41.874, 29.846), (-41.874, 30.232)]
363;11;;;0;0,87;[703, 702, 704, 705];[(-41.874, 30.232), (-41.874, 29.846), (-39.619, 29.846), (-39.619, 30.232)]
364;100;;;0;1,19;[20, 705, 704, 22];[(-36.357, 30.261), (-39.619, 30.232), (-39.619, 29.846), (-36.357, 29.915)]
365;100;;;0;0,05;[73, 71, 706, 707];[(-50.713, 0.353), (-50.713, -0.003), (-50.577, -0.003), (-50.577, 0.353)]
366;1;;;0;0,30;[707, 706, 708, 709];[(-50.577, 0.353), (-50.577, -0.003), (-49.747, -0.003), (-49.747, 0.353)]
367;100;;;0;0,11;[709, 708, 710, 711];[(-49.747, 0.353), (-49.747, -0.003), (-49.444, -0.003), (-49.444, 0.353)]
368;100;;;0;0,07;[711, 710, 712, 713];[(-49.444, 0.353), (-49.444, -0.003), (-49.258, -0.003), (-49.258, 0.353)]
369;100;;;0;1,01;[713, 712, 714, 715];[(-49.258, 0.353), (-49.258, -0.003), (-46.412, -0.003), (-46.412, 0.353)]
370;100;;;0;0,07;[715, 714, 716, 717];[(-46.412, 0.353), (-46.412, -0.003), (-46.226, -0.003), (-46.226, 0.353)]
371;100;;;0;0,44;[717, 716, 718, 719];[(-46.226, 0.353), (-46.226, -0.003), (-44.989, -0.003), (-44.989, 0.353)]
372;100;;;0;0,07;[719, 718, 720, 721];[(-44.989, 0.353), (-44.989, -0.003), (-44.786, -0.003), (-44.786, 0.353)]
373;100;;;0;0,12;[721, 720, 722, 723];[(-44.786, 0.353), (-44.786, -0.003), (-44.448, -0.003), (-44.448, 0.353)]
374;1;;;0;0,63;[723, 722, 724, 725];[(-44.448, 0.353), (-44.448, -0.003), (-42.687, -0.003), (-42.687, 0.353)]
375;100;;;0;0,08;[725, 724, 726, 727];[(-42.687, 0.353), (-42.687, -0.003), (-42.467, -0.003), (-42.467, 0.353)]
376;100;;;0;0,07;[727, 726, 728, 729];[(-42.467, 0.353), (-42.467, -0.003), (-42.28, -0.003), (-42.28, 0.353)]
377;100;;;0;0,43;[729, 728, 730, 731];[(-42.28, 0.353), (-42.28, -0.003), (-41.061, -0.003), (-41.061, 0.353)]
378;100;;;0;0,07;[731, 730, 732, 733];[(-41.061, 0.353), (-41.061, -0.003), (-40.875, -0.003), (-40.875, 0.353)]
379;100;;;0;1,01;[733, 732, 734, 735];[(-40.875, 0.353), (-40.875, -0.003), (-38.047, -0.003), (-38.047, 0.353)]
380;100;;;0;0,06;[735, 734, 736, 737];[(-38.047, 0.353), (-38.047, -0.003), (-37.878, -0.003), (-37.878, 0.353)]
381;100;;;0;0,21;[737, 736, 738, 739];[(-37.878, 0.353), (-37.878, -0.003), (-37.3, -0.003), (-37.3, 0.353)]
382;1;;;0;0,29;[739, 738, 740, 741];[(-37.3, 0.353), (-37.3, -0.003), (-36.477, -0.003), (-36.477, 0.353)]
383;100;;;0;0,04;[24, 741, 740, 26];[(-36.357, 0.35), (-36.477, 0.353), (-36.477, -0.003), (-36.357, 0.002)]
384;100;;;0;0,17;[808, 807, 742, 743];[(-44.786, -1.417), (-44.989, -1.417), (-44.989, -2.267), (-44.786, -2.267)]
385;100;;;0;0,03;[743, 742, 744, 745];[(-44.786, -2.267), (-44.989, -2.267), (-44.989, -2.402), (-44.786, -2.402)]
386;100;;;0;0,43;[745, 744, 746, 747];[(-44.786, -2.402), (-44.989, -2.402), (-44.989, -4.524), (-44.786, -4.524)]
387;1;;;0;0,19;[747, 746, 748, 749];[(-44.786, -4.524), (-44.989, -4.524), (-44.989, -5.472), (-44.786, -5.472)]
388;100;;;0;0,04;[748, 750, 61, 749];[(-44.989, -5.472), (-44.994, -5.658), (-44.735, -5.658), (-44.786, -5.472)]
389;100;;;0;0,02;[40, 38, 751, 752];[(-42.433, -5.536), (-42.23, -5.536), (-42.23, -5.422), (-42.433, -5.422)]
390;1;;;0;0,17;[752, 751, 753, 754];[(-42.433, -5.422), (-42.23, -5.422), (-42.23, -4.581), (-42.433, -4.581)]
391;100;;;0;0,45;[754, 753, 755, 756];[(-42.433, -4.581), (-42.23, -4.581), (-42.23, -2.352), (-42.433, -2.352)]
392;100;;;0;0,02;[756, 755, 757, 758];[(-42.433, -2.352), (-42.23, -2.352), (-42.23, -2.237), (-42.433, -2.237)]
393;100;;;0;0,17;[779, 758, 757, 780];[(-42.446, -1.377), (-42.433, -2.237), (-42.23, -2.237), (-42.249, -1.377)]
394;100;;;0;0,16;[784, 783, 759, 760];[(-40.875, -1.384), (-41.061, -1.384), (-41.061, -2.265), (-40.875, -2.265)]
395;100;;;0;0,03;[760, 759, 761, 762];[(-40.875, -2.265), (-41.061, -2.265), (-41.061, -2.403), (-40.875, -2.403)]
396;100;;;0;0,08;[761, 759, 763, 764];[(-41.061, -2.403), (-41.061, -2.265), (-41.625, -2.265), (-41.625, -2.403)]
397;12;;;0;0,08;[755, 764, 763, 757];[(-42.23, -2.352), (-41.625, -2.403), (-41.625, -2.265), (-42.23, -2.237)]
398;100;;;0;0,39;[760, 762, 766, 765];[(-40.875, -2.265), (-40.875, -2.403), (-38.052, -2.403), (-38.052, -2.265)]
399;100;;;0;0,03;[765, 766, 768, 767];[(-38.052, -2.265), (-38.052, -2.403), (-37.865, -2.403), (-37.865, -2.265)]
400;100;;;0;0,08;[767, 768, 770, 769];[(-37.865, -2.265), (-37.865, -2.403), (-37.313, -2.403), (-37.313, -2.265)]
401;1;;;0;0,12;[769, 770, 772, 771];[(-37.313, -2.265), (-37.313, -2.403), (-36.456, -2.403), (-36.456, -2.265)]
402;100;;;0;0,01;[28, 771, 772, 30];[(-36.357, -2.265), (-36.456, -2.265), (-36.456, -2.403), (-36.357, -2.407)]
403;100;;;0;0,04;[765, 767, 774, 773];[(-38.052, -2.265), (-37.865, -2.265), (-37.865, -2.074), (-38.052, -2.074)]
404;1;;;0;0,16;[773, 774, 776, 775];[(-38.052, -2.074), (-37.865, -2.074), (-37.865, -1.23), (-38.052, -1.23)]
405;100;;;0;0,22;[734, 775, 776, 736];[(-38.047, -0.003), (-38.052, -1.23), (-37.865, -1.23), (-37.878, -0.003)]
406;100;;;0;0,23;[726, 777, 778, 728];[(-42.467, -0.003), (-42.448, -1.208), (-42.253, -1.208), (-42.28, -0.003)]
407;100;;;0;0,03;[777, 779, 780, 778];[(-42.448, -1.208), (-42.446, -1.377), (-42.249, -1.377), (-42.253, -1.208)]
408;1;;;0;2,90;[69, 786, 788, 790, 809, 811, 710, 708, 706, 71];[(-50.713, -2.272), (-50.484, -2.272), (-49.626, -2.272), (-49.431, -2.272), (-49.431, -2.149), (-49.431, -1.357), (-49.444, -0.003), (-49.747, -0.003), (-50.577, -0.003), (-50.713, -0.003)]
409;100;;;0;0,22;[732, 730, 781, 782];[(-40.875, -0.003), (-41.061, -0.003), (-41.061, -1.208), (-40.875, -1.208)]
410;100;;;0;0,03;[782, 781, 783, 784];[(-40.875, -1.208), (-41.061, -1.208), (-41.061, -1.384), (-40.875, -1.384)]
411;4;;;0;6,48;[712, 812, 810, 792, 794, 801, 803, 714];[(-49.258, -0.003), (-49.251, -1.357), (-49.251, -2.149), (-49.251, -2.272), (-46.393, -2.272), (-46.393, -1.417), (-46.393, -1.319), (-46.412, -0.003)]
412;100;;;0;0,03;[69, 67, 785, 786];[(-50.713, -2.272), (-50.713, -2.407), (-50.484, -2.407), (-50.484, -2.272)]
413;1;;;0;0,12;[786, 785, 787, 788];[(-50.484, -2.272), (-50.484, -2.407), (-49.626, -2.407), (-49.626, -2.272)]
414;100;;;0;0,03;[788, 787, 789, 790];[(-49.626, -2.272), (-49.626, -2.407), (-49.431, -2.407), (-49.431, -2.272)]
415;100;;;0;0,02;[790, 789, 791, 792];[(-49.431, -2.272), (-49.431, -2.407), (-49.251, -2.407), (-49.251, -2.272)]
416;100;;;0;0,39;[792, 791, 793, 794];[(-49.251, -2.272), (-49.251, -2.407), (-46.393, -2.407), (-46.393, -2.272)]
417;100;;;0;0,02;[794, 793, 795, 796];[(-46.393, -2.272), (-46.393, -2.407), (-46.246, -2.407), (-46.246, -2.272)]
418;100;;;0;0,05;[796, 795, 797, 798];[(-46.246, -2.272), (-46.246, -2.407), (-45.846, -2.407), (-45.846, -2.272)]
419;12;;;0;0,10;[798, 797, 799, 800];[(-45.846, -2.272), (-45.846, -2.407), (-45.095, -2.407), (-45.095, -2.272)]
420;100;;;0;0,01;[742, 800, 799, 744];[(-44.989, -2.267), (-45.095, -2.272), (-45.095, -2.407), (-44.989, -2.402)]
421;100;;;0;0,13;[794, 796, 802, 801];[(-46.393, -2.272), (-46.246, -2.272), (-46.246, -1.417), (-46.393, -1.417)]
422;100;;;0;0,01;[801, 802, 804, 803];[(-46.393, -1.417), (-46.246, -1.417), (-46.246, -1.319), (-46.393, -1.319)]
423;100;;;0;0,22;[714, 803, 804, 716];[(-46.412, -0.003), (-46.393, -1.319), (-46.246, -1.319), (-46.226, -0.003)]
424;3;;;0;2,69;[728, 778, 780, 757, 763, 759, 783, 781, 730];[(-42.28, -0.003), (-42.253, -1.208), (-42.249, -1.377), (-42.23, -2.237), (-41.625, -2.265), (-41.061, -2.265), (-41.061, -1.384), (-41.061, -1.208), (-41.061, -0.003)]
425;4;;;0;6,39;[732, 782, 784, 760, 765, 773, 775, 734];[(-40.875, -0.003), (-40.875, -1.208), (-40.875, -1.384), (-40.875, -2.265), (-38.052, -2.265), (-38.052, -2.074), (-38.052, -1.23), (-38.047, -0.003)]
426;100;;;0;0,27;[720, 718, 805, 806];[(-44.786, -0.003), (-44.989, -0.003), (-44.989, -1.32), (-44.786, -1.32)]
427;100;;;0;0,02;[806, 805, 807, 808];[(-44.786, -1.32), (-44.989, -1.32), (-44.989, -1.417), (-44.786, -1.417)]
428;3;;;0;2,84;[716, 804, 802, 796, 798, 800, 742, 807, 805, 718];[(-46.226, -0.003), (-46.246, -1.319), (-46.246, -1.417), (-46.246, -2.272), (-45.846, -2.272), (-45.095, -2.272), (-44.989, -2.267), (-44.989, -1.417), (-44.989, -1.32), (-44.989, -0.003)]
429;100;;;0;0,02;[790, 792, 810, 809];[(-49.431, -2.272), (-49.251, -2.272), (-49.251, -2.149), (-49.431, -2.149)]
430;1;;;0;0,14;[809, 810, 812, 811];[(-49.431, -2.149), (-49.251, -2.149), (-49.251, -1.357), (-49.431, -1.357)]
431;100;;;0;0,25;[710, 811, 812, 712];[(-49.444, -0.003), (-49.431, -1.357), (-49.251, -1.357), (-49.258, -0.003)]
432;100;;;0;1,40;[83, 85, 814, 813];[(-50.679, -18.612), (-50.679, -19.051), (-47.495, -19.051), (-47.495, -18.612)]
433;1;;;0;0,47;[813, 814, 816, 815];[(-47.495, -18.612), (-47.495, -19.051), (-46.429, -19.051), (-46.429, -18.612)]
434;100;;;0;0,75;[815, 816, 818, 817];[(-46.429, -18.612), (-46.429, -19.051), (-44.719, -19.051), (-44.719, -18.612)]
435;100;;;0;0,07;[817, 818, 820, 819];[(-44.719, -18.612), (-44.719, -19.051), (-44.549, -19.051), (-44.549, -18.612)]
436;100;;;0;0,20;[819, 820, 822, 821];[(-44.549, -18.612), (-44.549, -19.051), (-44.092, -19.051), (-44.092, -18.612)]
437;1;;;0;0,48;[821, 822, 824, 823];[(-44.092, -18.612), (-44.092, -19.051), (-42.991, -19.051), (-42.991, -18.612)]
438;100;;;0;0,16;[823, 824, 826, 825];[(-42.991, -18.612), (-42.991, -19.051), (-42.619, -19.051), (-42.619, -18.612)]
439;100;;;0;0,14;[825, 826, 828, 827];[(-42.619, -18.612), (-42.619, -19.051), (-42.297, -19.051), (-42.297, -18.612)]
440;100;;;0;1,23;[827, 828, 830, 829];[(-42.297, -18.612), (-42.297, -19.051), (-39.487, -19.051), (-39.487, -18.612)]
441;100;;;0;0,16;[829, 830, 832, 831];[(-39.487, -18.612), (-39.487, -19.051), (-39.122, -19.051), (-39.122, -18.612)]
442;100;;;0;0,32;[831, 832, 834, 833];[(-39.122, -18.612), (-39.122, -19.051), (-38.393, -19.051), (-38.393, -18.612)]
443;1;;;0;0,66;[833, 834, 836, 835];[(-38.393, -18.612), (-38.393, -19.051), (-36.9, -19.051), (-36.9, -18.612)]
444;100;;;0;0,21;[835, 836, 838, 837];[(-36.9, -18.612), (-36.9, -19.051), (-36.342, -19.051), (-36.5, -18.612)]
445;100;;;0;0,22;[837, 838, 840, 839];[(-36.5, -18.612), (-36.342, -19.051), (-35.912, -19.051), (-35.912, -18.612)]
446;100;;;0;3,57;[407, 1508, 1507, 837, 839, 405];[(-36.498, -12.643), (-36.499, -14.203), (-36.5, -17.152), (-36.5, -18.612), (-35.912, -18.612), (-35.889, -12.643)]
447;100;;;0;0,12;[829, 831, 842, 841];[(-39.487, -18.612), (-39.122, -18.612), (-39.122, -18.283), (-39.487, -18.283)]
448;1;;;0;0,28;[841, 842, 844, 843];[(-39.487, -18.283), (-39.122, -18.283), (-39.122, -17.518), (-39.487, -17.518)]
449;100;;;0;1,94;[415, 843, 844, 1506, 1509, 413];[(-39.546, -12.726), (-39.487, -17.518), (-39.122, -17.518), (-39.121, -17.152), (-39.112, -14.203), (-39.107, -12.643)]
450;100;;;0;1,82;[46, 825, 827, 44];[(-42.636, -12.736), (-42.619, -18.612), (-42.297, -18.612), (-42.339, -12.736)]
451;100;;;0;0,50;[817, 819, 846, 845];[(-44.719, -18.612), (-44.549, -18.612), (-44.549, -15.649), (-44.719, -15.649)]
452;100;;;0;0,03;[845, 846, 848, 847];[(-44.719, -15.649), (-44.549, -15.649), (-44.549, -15.472), (-44.719, -15.472)]
453;100;;;0;0,14;[847, 848, 850, 849];[(-44.719, -15.472), (-44.549, -15.472), (-44.549, -14.649), (-44.719, -14.649)]
454;1;;;0;0,19;[849, 850, 852, 851];[(-44.719, -14.649), (-44.549, -14.649), (-44.549, -13.556), (-44.719, -13.556)]
455;100;;;0;0,15;[52, 851, 852, 50];[(-44.735, -12.736), (-44.719, -13.556), (-44.549, -13.556), (-44.549, -12.736)]
456;100;;;0;0,34;[79, 81, 854, 853];[(-50.679, -15.491), (-50.679, -15.71), (-49.127, -15.71), (-49.127, -15.491)]
457;8;;;0;0,23;[853, 854, 856, 855];[(-49.127, -15.491), (-49.127, -15.71), (-48.057, -15.71), (-48.057, -15.491)]
458;100;;;0;0,66;[847, 855, 856, 845];[(-44.719, -15.472), (-48.057, -15.491), (-48.057, -15.71), (-44.719, -15.649)]
459;100;;;0;0,18;[97, 99, 858, 857];[(-50.679, -24.986), (-50.679, -25.278), (-50.069, -25.278), (-50.069, -24.986)]
460;1;;;0;0,49;[857, 858, 860, 859];[(-50.069, -24.986), (-50.069, -25.278), (-48.403, -25.278), (-48.403, -24.986)]
461;100;;;0;1,14;[859, 860, 862, 861];[(-48.403, -24.986), (-48.403, -25.278), (-44.502, -25.278), (-44.502, -24.986)]
462;1;;;0;0,44;[861, 862, 864, 863];[(-44.502, -24.986), (-44.502, -25.278), (-42.998, -25.278), (-42.998, -24.986)]
463;100;;;0;0,09;[863, 864, 866, 865];[(-42.998, -24.986), (-42.998, -25.278), (-42.693, -25.278), (-42.693, -24.986)]
464;100;;;0;0,12;[865, 866, 868, 867];[(-42.693, -24.986), (-42.693, -25.278), (-42.267, -25.278), (-42.267, -24.986)]
465;100;;;0;0,16;[867, 868, 870, 869];[(-42.267, -24.986), (-42.267, -25.278), (-41.718, -25.278), (-41.718, -24.986)]
466;1;;;0;0,45;[869, 870, 872, 871];[(-41.718, -24.986), (-41.718, -25.278), (-40.174, -25.278), (-40.174, -24.986)]
467;100;;;0;2,02;[115, 116, 874, 873];[(-36.342, -27.717), (-35.513, -27.717), (-35.513, -25.278), (-36.342, -25.278)]
468;100;;;0;0,27;[873, 874, 876, 875];[(-36.342, -25.278), (-35.513, -25.278), (-35.513, -24.953), (-36.342, -24.953)]
469;100;;;0;0,17;[875, 876, 878, 877];[(-36.342, -24.953), (-35.513, -24.953), (-35.513, -24.75), (-36.342, -24.75)]
470;100;;;0;0,17;[877, 878, 880, 879];[(-36.342, -24.75), (-35.513, -24.75), (-35.513, -24.547), (-36.342, -24.547)]
471;100;;;0;2,21;[879, 880, 882, 881];[(-36.342, -24.547), (-35.513, -24.547), (-35.513, -21.885), (-36.342, -21.885)]
472;100;;;0;0,40;[881, 882, 884, 885, 883];[(-36.342, -21.885), (-35.513, -21.885), (-35.513, -21.397), (-35.912, -21.397), (-36.342, -21.397)]
473;100;;;0;0,29;[883, 885, 887, 886];[(-36.342, -21.397), (-35.912, -21.397), (-35.912, -20.731), (-36.342, -20.731)]
474;1;;;0;0,50;[886, 887, 889, 888];[(-36.342, -20.731), (-35.912, -20.731), (-35.912, -19.575), (-36.342, -19.575)]
475;100;;;0;0,23;[838, 888, 889, 840];[(-36.342, -19.051), (-36.342, -19.575), (-35.912, -19.575), (-35.912, -19.051)]
476;100;;;0;1,18;[872, 873, 875, 871];[(-40.174, -25.278), (-36.342, -25.278), (-36.342, -24.953), (-40.174, -24.986)]
477;100;;;0;6,53;[107, 868, 866, 105];[(-42.291, -39.566), (-42.267, -25.278), (-42.693, -25.278), (-42.779, -39.566)]
478;1;;;0;15,73;[1482, 1483, 363, 1126, 1124, 1122];[(33.593, -8.92), (28.261, -8.92), (28.261, -11.912), (29.413, -11.875), (32.616, -11.875), (33.561, -11.875)]
479;100;;;0;0,07;[890, 891, 893, 892];[(-32.653, -18.612), (-32.653, -19.051), (-32.484, -19.051), (-32.484, -18.612)]
480;100;;;0;0,74;[892, 893, 895, 894];[(-32.484, -18.612), (-32.484, -19.051), (-30.79, -19.051), (-30.79, -18.612)]
481;1;;;0;0,40;[894, 895, 897, 896];[(-30.79, -18.612), (-30.79, -19.051), (-29.873, -19.051), (-29.873, -18.612)]
482;100;;;0;0,38;[896, 897, 899, 898];[(-29.873, -18.612), (-29.873, -19.051), (-28.999, -19.051), (-28.999, -18.612)]
483;100;;;0;0,07;[898, 899, 901, 900];[(-28.999, -18.612), (-28.999, -19.051), (-28.829, -19.051), (-28.829, -18.612)]
484;100;;;0;3,55;[900, 901, 903, 902];[(-28.829, -18.612), (-28.829, -19.051), (-20.73, -19.051), (-20.73, -18.612)]
485;1;;;0;0,63;[902, 903, 905, 904];[(-20.73, -18.612), (-20.73, -19.051), (-19.291, -19.051), (-19.291, -18.612)]
486;100;;;0;0,40;[904, 905, 907, 906];[(-19.291, -18.612), (-19.291, -19.051), (-18.374, -19.051), (-18.374, -18.612)]
487;100;;;0;0,24;[906, 907, 909, 908];[(-18.374, -18.612), (-18.374, -19.051), (-17.823, -19.051), (-17.823, -18.612)]
488;100;;;0;0,40;[908, 909, 911, 910];[(-17.823, -18.612), (-17.823, -19.051), (-16.906, -19.051), (-16.906, -18.612)]
489;1;;;0;0,46;[910, 911, 913, 912];[(-16.906, -18.612), (-16.906, -19.051), (-15.862, -19.051), (-15.862, -18.612)]
490;100;;;0;0,56;[912, 913, 915, 914];[(-15.862, -18.612), (-15.862, -19.051), (-14.592, -19.051), (-14.592, -18.612)]
491;100;;;0;0,10;[914, 915, 917, 916];[(-14.592, -18.612), (-14.592, -19.051), (-14.366, -19.051), (-14.366, -18.612)]
492;100;;;0;1,50;[916, 917, 919, 918];[(-14.366, -18.612), (-14.366, -19.051), (-10.938, -19.051), (-10.938, -18.612)]
493;100;;;0;0,12;[918, 919, 921, 920];[(-10.938, -18.612), (-10.938, -19.051), (-10.655, -19.051), (-10.655, -18.612)]
494;100;;;0;0,56;[920, 921, 923, 922];[(-10.655, -18.612), (-10.655, -19.051), (-9.371, -19.051), (-9.371, -18.612)]
495;1;;;0;0,64;[922, 923, 925, 924];[(-9.371, -18.612), (-9.371, -19.051), (-7.904, -19.051), (-7.904, -18.612)]
496;100;;;0;1,95;[924, 925, 927, 926];[(-7.904, -18.612), (-7.904, -19.051), (-3.459, -19.051), (-3.459, -18.612)]
497;100;;;0;0,09;[926, 927, 929, 928];[(-3.459, -18.612), (-3.459, -19.051), (-3.248, -19.051), (-3.248, -18.612)]
498;100;;;0;0,46;[928, 929, 931, 930];[(-3.248, -18.612), (-3.248, -19.051), (-2.203, -19.051), (-2.203, -18.612)]
499;1;;;0;0,49;[930, 931, 933, 932];[(-2.203, -18.612), (-2.203, -19.051), (-1.089, -19.051), (-1.089, -18.612)]
500;100;;;0;0,46;[932, 933, 935, 934];[(-1.089, -18.612), (-1.089, -19.051), (-0.031, -19.051), (-0.031, -18.612)]
501;100;;;0;0,11;[934, 935, 937, 936];[(-0.031, -18.612), (-0.031, -19.051), (0.209, -19.051), (0.209, -18.612)]
502;100;;;0;2,00;[936, 937, 939, 938];[(0.209, -18.612), (0.209, -19.051), (4.767, -19.051), (4.767, -18.612)]
503;1;;;0;0,52;[938, 939, 941, 940];[(4.767, -18.612), (4.767, -19.051), (5.952, -19.051), (5.952, -18.612)]
504;100;;;0;0,54;[940, 941, 943, 942];[(5.952, -18.612), (5.952, -19.051), (7.194, -19.051), (7.194, -18.612)]
505;100;;;0;0,11;[942, 943, 945, 944];[(7.194, -18.612), (7.194, -19.051), (7.434, -19.051), (7.434, -18.612)]
506;100;;;0;0,59;[944, 945, 947, 946];[(7.434, -18.612), (7.434, -19.051), (8.788, -19.051), (8.788, -18.612)]
507;1;;;0;0,51;[946, 947, 949, 948];[(8.788, -18.612), (8.788, -19.051), (9.945, -19.051), (9.945, -18.612)]
508;100;;;0;0,46;[948, 949, 951, 950];[(9.945, -18.612), (9.945, -19.051), (10.989, -19.051), (10.989, -18.612)]
509;100;;;0;0,10;[950, 951, 953, 952];[(10.989, -18.612), (10.989, -19.051), (11.215, -19.051), (11.215, -18.612)]
510;100;;;0;0,46;[952, 953, 955, 954];[(11.215, -18.612), (11.215, -19.051), (12.259, -19.051), (12.259, -18.612)]
511;1;;;0;0,45;[954, 955, 957, 956];[(12.259, -18.612), (12.259, -19.051), (13.289, -19.051), (13.289, -18.612)]
512;100;;;0;0,56;[956, 957, 959, 958];[(13.289, -18.612), (13.289, -19.051), (14.573, -19.051), (14.573, -18.612)]
513;100;;;0;3,07;[367, 958, 962, 365];[(14.534, -12.643), (14.573, -18.612), (15.067, -18.612), (15.07, -12.643)]
514;100;;;0;1,32;[884, 882, 960, 964];[(-35.513, -21.397), (-35.513, -21.885), (-32.797, -21.885), (-32.797, -21.397)]
515;100;;;0;0,22;[961, 963, 962, 958, 959];[(14.743, -19.051), (15.067, -19.051), (15.067, -18.612), (14.573, -18.612), (14.573, -19.051)]
516;100;;;0;0,11;[964, 960, 965, 966];[(-32.797, -21.397), (-32.797, -21.885), (-32.562, -21.885), (-32.562, -21.397)]
517;100;;;0;0,69;[966, 965, 967, 968];[(-32.562, -21.397), (-32.562, -21.885), (-31.151, -21.885), (-31.151, -21.397)]
518;1;;;0;0,74;[968, 967, 969, 970];[(-31.151, -21.397), (-31.151, -21.885), (-29.634, -21.885), (-29.634, -21.397)]
519;100;;;0;0,28;[970, 969, 971, 972];[(-29.634, -21.397), (-29.634, -21.885), (-29.069, -21.885), (-29.069, -21.397)]
520;100;;;0;0,21;[972, 971, 973, 974];[(-29.069, -21.397), (-29.069, -21.885), (-28.646, -21.885), (-28.646, -21.397)]
521;100;;;0;0,45;[974, 973, 975, 976];[(-28.646, -21.397), (-28.646, -21.885), (-27.729, -21.885), (-27.729, -21.397)]
522;1;;;0;0,71;[976, 975, 977, 978];[(-27.729, -21.397), (-27.729, -21.885), (-26.283, -21.885), (-26.283, -21.397)]
523;100;;;0;2,21;[978, 977, 979, 980];[(-26.283, -21.397), (-26.283, -21.885), (-21.756, -21.885), (-21.756, -21.397)]
524;100;;;0;0,12;[980, 979, 981, 982];[(-21.756, -21.397), (-21.756, -21.885), (-21.509, -21.885), (-21.509, -21.397)]
525;100;;;0;0,56;[982, 981, 983, 984];[(-21.509, -21.397), (-21.509, -21.885), (-20.356, -21.885), (-20.356, -21.397)]
526;1;;;0;0,51;[984, 983, 985, 986];[(-20.356, -21.397), (-20.356, -21.885), (-19.31, -21.885), (-19.31, -21.397)]
527;100;;;0;0,58;[986, 985, 987, 988];[(-19.31, -21.397), (-19.31, -21.885), (-18.122, -21.885), (-18.122, -21.397)]
528;100;;;0;0,21;[988, 987, 989, 990];[(-18.122, -21.397), (-18.122, -21.885), (-17.699, -21.885), (-17.699, -21.397)]
529;100;;;0;0,44;[990, 989, 991, 992];[(-17.699, -21.397), (-17.699, -21.885), (-16.805, -21.885), (-16.805, -21.397)]
530;1;;;0;0,51;[992, 991, 993, 994];[(-16.805, -21.397), (-16.805, -21.885), (-15.759, -21.885), (-15.759, -21.397)]
531;100;;;0;0,56;[994, 993, 995, 996];[(-15.759, -21.397), (-15.759, -21.885), (-14.606, -21.885), (-14.606, -21.397)]
532;100;;;0;0,13;[996, 995, 997, 998];[(-14.606, -21.397), (-14.606, -21.885), (-14.348, -21.885), (-14.348, -21.397)]
533;100;;;0;0,72;[998, 997, 999, 1000];[(-14.348, -21.397), (-14.348, -21.885), (-12.878, -21.885), (-12.878, -21.397)]
534;1;;;0;0,72;[1000, 999, 1001, 1002];[(-12.878, -21.397), (-12.878, -21.885), (-11.396, -21.885), (-11.396, -21.397)]
535;100;;;0;3,95;[1002, 1001, 1003, 1004];[(-11.396, -21.397), (-11.396, -21.885), (-3.303, -21.885), (-3.303, -21.397)]
536;100;;;0;0,07;[1004, 1003, 1005, 1006];[(-3.303, -21.397), (-3.303, -21.885), (-3.15, -21.885), (-3.15, -21.397)]
537;100;;;0;0,40;[1006, 1005, 1007, 1008];[(-3.15, -21.397), (-3.15, -21.885), (-2.321, -21.885), (-2.321, -21.397)]
538;1;;;0;0,72;[1008, 1007, 1009, 1010];[(-2.321, -21.397), (-2.321, -21.885), (-0.848, -21.885), (-0.848, -21.397)]
539;100;;;0;0,48;[1010, 1009, 1011, 1012];[(-0.848, -21.397), (-0.848, -21.885), (0.134, -21.885), (0.134, -21.397)]
540;100;;;0;0,13;[1012, 1011, 1013, 1014];[(0.134, -21.397), (0.134, -21.885), (0.405, -21.885), (0.405, -21.397)]
541;100;;;0;0,25;[1014, 1013, 1015, 1016];[(0.405, -21.397), (0.405, -21.885), (0.913, -21.885), (0.913, -21.397)]
542;1;;;0;0,72;[1016, 1015, 1017, 1018];[(0.913, -21.397), (0.913, -21.885), (2.386, -21.885), (2.386, -21.397)]
543;100;;;0;4,08;[1018, 1017, 1019, 1020];[(2.386, -21.397), (2.386, -21.885), (10.758, -21.885), (10.758, -21.397)]
544;100;;;0;0,14;[1020, 1019, 1021, 1022];[(10.758, -21.397), (10.758, -21.885), (11.039, -21.885), (11.039, -21.397)]
545;100;;;0;0,84;[1022, 1021, 1023, 1024];[(11.039, -21.397), (11.039, -21.885), (12.766, -21.885), (12.766, -21.397)]
546;1;;;0;0,51;[1024, 1023, 1025, 1026];[(12.766, -21.397), (12.766, -21.885), (13.815, -21.885), (13.815, -21.397)]
547;100;;;0;0,36;[1026, 1025, 1027, 1028];[(13.815, -21.397), (13.815, -21.885), (14.527, -21.885), (14.597, -21.397)]
548;100;;;0;0,21;[1028, 1027, 1029, 1030, 1055];[(14.597, -21.397), (14.527, -21.885), (14.984, -21.885), (14.984, -21.397), (14.755, -21.397)]
549;100;;;0;2,83;[152, 1029, 1027, 150];[(14.983, -27.717), (14.984, -21.885), (14.527, -21.885), (14.471, -27.717)]
550;100;;;0;1,30;[146, 148, 1032, 1031];[(10.765, -27.717), (11.057, -27.717), (11.057, -23.267), (10.765, -23.267)]
551;8;;;0;0,31;[1031, 1032, 1034, 1033];[(10.765, -23.267), (11.057, -23.267), (11.057, -22.21), (10.765, -22.21)]
552;100;;;0;0,09;[1019, 1033, 1034, 1021];[(10.758, -21.885), (10.765, -22.21), (11.057, -22.21), (11.039, -21.885)]
553;100;;;0;1,64;[144, 1013, 1011, 142];[(0.402, -27.717), (0.405, -21.885), (0.134, -21.885), (0.11, -27.717)]
554;100;;;0;1,11;[140, 1005, 1003, 138];[(-3.109, -27.717), (-3.15, -21.885), (-3.303, -21.885), (-3.338, -27.717)]
555;100;;;0;1,07;[997, 995, 1035, 1036];[(-14.348, -21.885), (-14.606, -21.885), (-14.606, -26.033), (-14.348, -26.033)]
556;8;;;0;0,25;[1036, 1035, 1037, 1038];[(-14.348, -26.033), (-14.606, -26.033), (-14.606, -26.982), (-14.348, -26.982)]
557;100;;;0;0,19;[136, 1038, 1037, 134];[(-14.323, -27.717), (-14.348, -26.982), (-14.606, -26.982), (-14.591, -27.717)]
558;100;;;0;2,46;[132, 989, 987, 130];[(-17.665, -27.717), (-17.699, -21.885), (-18.122, -21.885), (-18.085, -27.717)]
559;100;;;0;1,50;[128, 981, 979, 126];[(-21.469, -27.717), (-21.509, -21.885), (-21.756, -21.885), (-21.737, -27.717)]
560;100;;;0;2,44;[124, 973, 971, 122];[(-28.686, -27.717), (-28.646, -21.885), (-29.069, -21.885), (-29.1, -27.717)]
561;100;;;0;0,25;[965, 960, 1039, 1040];[(-32.562, -21.885), (-32.797, -21.885), (-32.797, -22.935), (-32.562, -22.935)]
562;2;;;0;0,22;[1040, 1039, 1041, 1042];[(-32.562, -22.935), (-32.797, -22.935), (-32.797, -23.866), (-32.562, -23.866)]
563;100;;;0;0,16;[1042, 1041, 1043, 1044];[(-32.562, -23.866), (-32.797, -23.866), (-32.797, -24.543), (-32.562, -24.543)]
564;100;;;0;0,04;[1044, 1043, 1045, 1046];[(-32.562, -24.543), (-32.797, -24.543), (-32.797, -24.713), (-32.562, -24.713)]
565;100;;;0;0,22;[1046, 1045, 1047, 1048];[(-32.562, -24.713), (-32.797, -24.713), (-32.797, -25.644), (-32.562, -25.644)]
566;2;;;0;0,22;[1048, 1047, 1049, 1050];[(-32.562, -25.644), (-32.797, -25.644), (-32.797, -26.575), (-32.562, -26.575)]
567;100;;;0;0,26;[120, 1050, 1049, 118];[(-32.551, -27.717), (-32.562, -26.575), (-32.797, -26.575), (-32.771, -27.717)]
568;100;;;0;0,51;[878, 1045, 1043, 880];[(-35.513, -24.75), (-32.797, -24.713), (-32.797, -24.543), (-35.513, -24.547)]
569;100;;;0;1,09;[403, 890, 892, 401];[(-32.67, -12.643), (-32.653, -18.612), (-32.484, -18.612), (-32.475, -12.643)]
570;100;;;0;1,16;[399, 898, 900, 397];[(-29.037, -12.643), (-28.999, -18.612), (-28.829, -18.612), (-28.818, -12.643)]
571;100;;;0;3,02;[395, 906, 908, 393];[(-18.309, -12.643), (-18.374, -18.612), (-17.823, -18.612), (-17.846, -12.643)]
572;100;;;0;1,33;[391, 914, 916, 389];[(-14.603, -12.643), (-14.592, -18.612), (-14.366, -18.612), (-14.384, -12.643)]
573;100;;;0;1,08;[385, 387, 1052, 1051];[(-10.678, -12.643), (-10.946, -12.643), (-10.946, -16.666), (-10.678, -16.666)]
574;8;;;0;0,35;[1051, 1052, 1054, 1053];[(-10.678, -16.666), (-10.946, -16.666), (-10.946, -17.959), (-10.678, -17.959)]
575;100;;;0;0,18;[920, 1053, 1054, 918];[(-10.655, -18.612), (-10.678, -17.959), (-10.946, -17.959), (-10.938, -18.612)]
576;100;;;0;1,43;[383, 926, 928, 381];[(-3.485, -12.643), (-3.459, -18.612), (-3.248, -18.612), (-3.217, -12.643)]
577;100;;;0;1,59;[379, 934, 936, 377];[(-0.096, -12.643), (-0.031, -18.612), (0.209, -18.612), (0.197, -12.643)]
578;100;;;0;1,66;[375, 942, 944, 373];[(7.097, -12.643), (7.194, -18.612), (7.434, -18.612), (7.414, -12.643)]
579;100;;;0;1,62;[371, 950, 952, 369];[(10.901, -12.643), (10.989, -18.612), (11.215, -18.612), (11.218, -12.643)]
580;100;;;0;0,06;[1028, 1055, 1057, 1056];[(14.597, -21.397), (14.755, -21.397), (14.755, -21.009), (14.597, -21.009)]
581;1;;;0;0,29;[1056, 1057, 1059, 1058];[(14.597, -21.009), (14.755, -21.009), (14.755, -19.199), (14.597, -19.199)]
582;100;;;0;0,02;[959, 1058, 1059, 961];[(14.573, -19.051), (14.597, -19.199), (14.755, -19.199), (14.743, -19.051)]
583;100;;;0;0,55;[1030, 1029, 1060, 1061];[(14.984, -21.397), (14.984, -21.885), (16.113, -21.885), (16.113, -21.397)]
584;1;;;0;0,64;[1061, 1060, 1062, 1063];[(16.113, -21.397), (16.113, -21.885), (17.43, -21.885), (17.43, -21.397)]
585;100;;;0;3,92;[1063, 1062, 1064, 1065];[(17.43, -21.397), (17.43, -21.885), (25.461, -21.885), (25.461, -21.397)]
586;100;;;0;0,16;[1065, 1064, 1066, 1068, 1067];[(25.461, -21.397), (25.461, -21.885), (25.79, -21.885), (25.79, -21.641), (25.79, -21.397)]
587;100;;;0;0,48;[1067, 1068, 1070, 1069];[(25.79, -21.397), (25.79, -21.641), (27.777, -21.641), (27.777, -21.397)]
588;1;;;0;0,31;[1069, 1070, 1072, 1071];[(27.777, -21.397), (27.777, -21.641), (29.047, -21.641), (29.047, -21.397)]
589;100;;;0;0,08;[1071, 1072, 1074, 1073];[(29.047, -21.397), (29.047, -21.641), (29.388, -21.641), (29.388, -21.397)]
590;100;;;0;0,04;[1073, 1074, 1076, 1075];[(29.388, -21.397), (29.388, -21.641), (29.564, -21.641), (29.564, -21.397)]
591;100;;;0;0,60;[1076, 1074, 1077, 1078];[(29.564, -21.641), (29.388, -21.641), (29.388, -25.063), (29.564, -25.063)]
592;100;;;0;0,07;[1078, 1077, 1093, 1079, 1080];[(29.564, -25.063), (29.388, -25.063), (29.388, -25.223), (29.388, -25.451), (29.564, -25.451)]
593;100;;;0;0,23;[1078, 1080, 1082, 1081];[(29.564, -25.063), (29.564, -25.451), (30.164, -25.451), (30.164, -25.063)]
594;100;;;0;0,08;[1081, 1082, 1084, 1083];[(30.164, -25.063), (30.164, -25.451), (30.376, -25.451), (30.376, -25.063)]
595;100;;;0;0,49;[160, 1084, 1082, 158];[(30.402, -27.717), (30.376, -25.451), (30.164, -25.451), (30.183, -27.717)]
596;100;;;0;0,11;[154, 156, 1086, 1085];[(25.501, -27.717), (25.77, -27.717), (25.77, -27.317), (25.501, -27.317)]
597;12;;;0;0,24;[1085, 1086, 1088, 1087];[(25.501, -27.317), (25.77, -27.317), (25.77, -26.435), (25.501, -26.435)]
598;100;;;0;0,25;[1087, 1088, 1090, 1089];[(25.501, -26.435), (25.77, -26.435), (25.77, -25.494), (25.501, -25.494)]
599;100;;;0;0,07;[1089, 1090, 1092, 1091];[(25.501, -25.494), (25.77, -25.494), (25.77, -25.224), (25.501, -25.224)]
600;100;;;0;0,90;[1093, 1092, 1090, 1079];[(29.388, -25.223), (25.77, -25.224), (25.77, -25.494), (29.388, -25.451)]
601;100;;;0;1,00;[1064, 1091, 1092, 1066];[(25.461, -21.885), (25.501, -25.224), (25.77, -25.224), (25.79, -21.885)]
602;100;;;0;2,80;[170, 172, 1095, 1094];[(36.256, -27.717), (36.723, -27.717), (36.723, -21.735), (36.256, -21.735)]
603;100;;;0;0,08;[1094, 1095, 1097, 1096];[(36.256, -21.735), (36.723, -21.735), (36.723, -21.554), (36.256, -21.554)]
604;100;;;0;0,20;[1096, 1097, 1099, 1098];[(36.256, -21.554), (36.723, -21.554), (36.723, -21.131), (36.256, -21.131)]
605;1;;;0;0,67;[1098, 1099, 1101, 1100];[(36.256, -21.131), (36.723, -21.131), (36.723, -19.692), (36.256, -19.692)]
606;100;;;0;0,19;[1100, 1101, 1103, 1102];[(36.256, -19.692), (36.723, -19.692), (36.723, -19.283), (36.256, -19.283)]
607;100;;;0;0,09;[1102, 1103, 1105, 1104];[(36.256, -19.283), (36.723, -19.283), (36.723, -19.085), (36.256, -19.085)]
608;100;;;0;2,72;[1104, 1105, 1107, 1106];[(36.256, -19.085), (36.723, -19.085), (36.723, -13.258), (36.256, -13.258)]
609;100;;;0;0,43;[1108, 1111, 1114, 1109];[(36.256, -12.552), (36.992, -12.552), (36.992, -11.875), (36.468, -11.875)]
610;100;;;0;0,69;[1109, 1114, 1116, 1115];[(36.468, -11.875), (36.992, -11.875), (36.992, -10.548), (36.468, -10.548)]
611;100;;;0;1,96;[242, 1111, 1110, 241];[(39.599, -12.58), (36.992, -12.552), (36.992, -13.258), (39.599, -13.381)]
612;100;;;0;0,52;[1107, 1110, 1111, 1108, 1106];[(36.723, -13.258), (36.992, -13.258), (36.992, -12.552), (36.256, -12.552), (36.256, -13.258)]
613;1;;;0;1,44;[1108, 1109, 1118, 1117];[(36.256, -12.552), (36.468, -11.875), (34.238, -11.875), (34.238, -12.552)]
614;100;;;0;0,19;[1117, 1118, 1120, 1119];[(34.238, -12.552), (34.238, -11.875), (33.956, -11.875), (33.956, -12.552)]
615;100;;;0;0,27;[1119, 1120, 1122, 1121];[(33.956, -12.552), (33.956, -11.875), (33.561, -11.875), (33.561, -12.552)]
616;100;;;0;0,64;[1121, 1122, 1124, 1123];[(33.561, -12.552), (33.561, -11.875), (32.616, -11.875), (32.616, -12.552)]
617;1;;;0;2,17;[1123, 1124, 1126, 1125];[(32.616, -12.552), (32.616, -11.875), (29.413, -11.875), (29.413, -12.552)]
618;100;;;0;0,81;[362, 1125, 1126, 363];[(28.261, -12.643), (29.413, -12.552), (29.413, -11.875), (28.261, -11.912)]
619;1;;;0;0,52;[1115, 1116, 1128, 1127];[(36.468, -10.548), (36.992, -10.548), (36.992, -9.561), (36.468, -9.561)]
620;100;;;0;1,12;[1127, 1128, 1130, 1129];[(36.468, -9.561), (36.992, -9.561), (36.992, -7.43), (36.468, -7.43)]
621;100;;;0;0,12;[1129, 1130, 1132, 1131];[(36.468, -7.43), (36.992, -7.43), (36.992, -7.204), (36.468, -7.204)]
622;100;;;0;0,22;[1131, 1132, 1134, 1133];[(36.468, -7.204), (36.992, -7.204), (36.992, -6.781), (36.468, -6.781)]
623;1;;;0;0,50;[1133, 1134, 1136, 1135];[(36.468, -6.781), (36.992, -6.781), (36.992, -5.822), (36.468, -5.822)]
624;100;;;0;1,77;[1135, 1136, 1138, 1137];[(36.468, -5.822), (36.992, -5.822), (36.992, -2.435), (36.468, -2.435)]
625;100;;;0;0,35;[1137, 1138, 1140, 1139];[(36.468, -2.435), (36.992, -2.435), (36.992, -1.758), (36.468, -1.758)]
626;100;;;0;1,90;[1139, 1140, 1142, 1141];[(36.468, -1.758), (36.992, -1.758), (36.992, 1.868), (36.468, 1.868)]
627;100;;;0;0,16;[1141, 1142, 1144, 1143];[(36.468, 1.868), (36.992, 1.868), (36.992, 2.179), (36.468, 2.179)]
628;1;;;0;3,83;[1507, 1506, 844, 842, 831, 833, 835, 837];[(-36.5, -17.152), (-39.121, -17.152), (-39.122, -17.518), (-39.122, -18.283), (-39.122, -18.612), (-38.393, -18.612), (-36.9, -18.612), (-36.5, -18.612)]
629;100;;;0;0,17;[1145, 1146, 1148, 1147];[(36.468, 5.255), (36.992, 5.255), (36.992, 5.579), (36.468, 5.579)]
630;100;;;0;0,56;[1147, 1148, 1150, 1149];[(36.468, 5.579), (36.992, 5.579), (36.992, 6.652), (36.468, 6.652)]
631;1;;;0;0,53;[1149, 1150, 1152, 1151];[(36.468, 6.652), (36.992, 6.652), (36.992, 7.668), (36.468, 7.668)]
632;100;;;0;0,61;[1151, 1152, 1154, 1153];[(36.468, 7.668), (36.992, 7.668), (36.992, 8.839), (36.468, 8.839)]
633;100;;;0;0,10;[1153, 1154, 1156, 1155];[(36.468, 8.839), (36.992, 8.839), (36.992, 9.022), (36.468, 9.022)]
634;100;;;0;0,41;[1155, 1156, 1158, 1157];[(36.468, 9.022), (36.992, 9.022), (36.992, 9.798), (36.468, 9.798)]
635;1;;;0;0,80;[1157, 1158, 1160, 1159];[(36.468, 9.798), (36.992, 9.798), (36.992, 11.322), (36.468, 11.322)]
636;100;;;0;2,47;[1159, 1160, 1162, 1161];[(36.468, 11.322), (36.992, 11.322), (36.992, 16.035), (36.468, 16.035)]
637;100;;;0;0,10;[1161, 1162, 1164, 1163];[(36.468, 16.035), (36.992, 16.035), (36.992, 16.233), (36.468, 16.233)]
638;100;;;0;0,58;[1163, 1164, 1166, 1165];[(36.468, 16.233), (36.992, 16.233), (36.992, 17.347), (36.468, 17.347)]
639;1;;;0;0,49;[1165, 1166, 1168, 1167];[(36.468, 17.347), (36.992, 17.347), (36.992, 18.278), (36.468, 18.278)]
640;100;;;0;0,77;[1167, 1168, 1170, 1169];[(36.468, 18.278), (36.992, 18.278), (36.992, 19.746), (36.468, 19.746)]
641;100;;;0;0,21;[1169, 1170, 1172, 1171];[(36.468, 19.746), (36.992, 19.746), (36.992, 20.155), (36.468, 20.155)]
642;100;;;0;0,41;[1171, 1172, 1174, 1173];[(36.468, 20.155), (36.992, 20.155), (36.992, 20.931), (36.468, 20.931)]
643;1;;;0;0,78;[1173, 1174, 1176, 1175];[(36.468, 20.931), (36.992, 20.931), (36.992, 22.427), (36.468, 22.427)]
644;100;;;0;3,61;[1453, 1452, 1178, 1177];[(36.468, 23.501), (36.992, 23.501), (36.992, 30.4), (36.468, 30.4)]
645;100;;;0;0,13;[1177, 1178, 1180, 1179];[(36.468, 30.4), (36.992, 30.4), (36.992, 30.644), (36.468, 30.644)]
646;100;;;0;0,54;[1179, 1180, 1182, 1181];[(36.468, 30.644), (36.992, 30.644), (36.992, 31.677), (36.468, 31.677)]
647;1;;;0;0,84;[1181, 1182, 1184, 1183];[(36.468, 31.677), (36.992, 31.677), (36.992, 33.285), (36.468, 33.285)]
648;100;;;0;4,12;[1183, 1184, 1186, 1185];[(36.468, 33.285), (36.992, 33.285), (36.992, 41.158), (36.468, 41.158)]
649;100;;;0;0,14;[1185, 1186, 1188, 1187];[(36.468, 41.158), (36.992, 41.158), (36.992, 41.429), (36.468, 41.429)]
650;100;;;0;0,34;[1187, 1188, 1190, 1189];[(36.468, 41.429), (36.992, 41.429), (36.992, 42.073), (36.468, 42.073)]
651;1;;;0;0,52;[1189, 1190, 1192, 1191];[(36.468, 42.073), (36.992, 42.073), (36.992, 43.072), (36.468, 43.072)]
652;100;;;0;1,02;[1191, 1192, 1194, 1193];[(36.468, 43.072), (36.992, 43.072), (36.992, 45.019), (36.468, 45.019)]
653;100;;;0;0,21;[1193, 1194, 1196, 1195];[(36.468, 45.019), (36.992, 45.019), (36.992, 45.425), (36.468, 45.425)]
654;100;;;0;0,59;[1195, 1196, 1198, 1197];[(36.468, 45.425), (36.992, 45.425), (36.992, 46.543), (36.468, 46.543)]
655;1;;;0;0,51;[1197, 1198, 1200, 1199];[(36.468, 46.543), (36.992, 46.543), (36.992, 47.525), (36.468, 47.525)]
656;100;;;0;0,54;[1199, 1200, 1202, 1201];[(36.468, 47.525), (36.992, 47.525), (36.992, 48.558), (36.468, 48.558)]
657;100;;;0;0,11;[1201, 1202, 1204, 1203];[(36.468, 48.558), (36.992, 48.558), (36.992, 48.761), (36.468, 48.761)]
658;100;;;0;0,68;[1203, 1204, 1206, 1205];[(36.468, 48.761), (36.992, 48.761), (36.992, 50.065), (36.468, 50.065)]
659;1;;;0;0,51;[1205, 1206, 1208, 1207];[(36.468, 50.065), (36.992, 50.065), (36.992, 51.03), (36.468, 51.03)]
660;100;;;0;1,26;[297, 1207, 1208, 295];[(36.488, 53.416), (36.468, 51.03), (36.992, 51.03), (37.021, 53.416)]
661;100;;;0;1,25;[303, 305, 1210, 1209];[(34.356, 53.416), (33.771, 53.416), (33.771, 51.283), (34.356, 51.283)]
662;1;;;0;0,88;[1209, 1210, 1212, 1211];[(34.356, 51.283), (33.771, 51.283), (33.771, 49.776), (34.356, 49.776)]
663;100;;;0;2,55;[1211, 1212, 1214, 1213];[(34.356, 49.776), (33.771, 49.776), (33.771, 45.424), (34.356, 45.424)]
664;100;;;0;0,24;[1213, 1214, 1216, 1215];[(34.356, 45.424), (33.771, 45.424), (33.771, 45.018), (34.356, 45.018)]
665;100;;;0;0,36;[1215, 1216, 1218, 1217];[(34.356, 45.018), (33.771, 45.018), (33.771, 44.408), (34.356, 44.408)]
666;1;;;0;0,85;[1217, 1218, 1220, 1219];[(34.356, 44.408), (33.771, 44.408), (33.771, 42.952), (34.356, 42.952)]
667;100;;;0;0,40;[1219, 1220, 1222, 1221];[(34.356, 42.952), (33.771, 42.952), (33.771, 42.275), (34.356, 42.275)]
668;100;;;0;0,23;[1221, 1222, 1224, 1223];[(34.356, 42.275), (33.771, 42.275), (33.771, 41.885), (34.356, 41.885)]
669;100;;;0;1,13;[1223, 1224, 1226, 1225];[(34.356, 41.885), (33.771, 41.885), (33.771, 39.955), (34.356, 39.955)]
670;1;;;0;0,54;[1225, 1226, 1228, 1227];[(34.356, 39.955), (33.771, 39.955), (33.771, 39.024), (34.356, 39.024)]
671;100;;;0;0,53;[1227, 1228, 1230, 1229];[(34.356, 39.024), (33.771, 39.024), (33.771, 38.126), (34.356, 38.126)]
672;100;;;0;0,12;[1229, 1230, 1232, 1231];[(34.356, 38.126), (33.771, 38.126), (33.771, 37.923), (34.356, 37.923)]
673;100;;;0;0,68;[1231, 1232, 1234, 1233];[(34.356, 37.923), (33.771, 37.923), (33.771, 36.755), (34.356, 36.755)]
674;1;;;0;0,80;[1233, 1234, 1236, 1235];[(34.356, 36.755), (33.771, 36.755), (33.771, 35.383), (34.356, 35.383)]
675;100;;;0;4,75;[1235, 1236, 1238, 1237];[(34.356, 35.383), (33.771, 35.383), (33.771, 27.273), (34.356, 27.273)]
676;100;;;0;0,14;[1237, 1238, 1240, 1239];[(34.356, 27.273), (33.771, 27.273), (33.771, 27.036), (34.356, 27.036)]
677;100;;;0;0,71;[1239, 1240, 1242, 1241];[(34.356, 27.036), (33.771, 27.036), (33.771, 25.817), (34.356, 25.817)]
678;1;;;0;0,56;[1241, 1242, 1244, 1243];[(34.356, 25.817), (33.771, 25.817), (33.771, 24.852), (34.356, 24.852)]
679;100;;;0;0,78;[1243, 1244, 1246, 1245];[(34.356, 24.852), (33.771, 24.852), (33.771, 23.514), (34.356, 23.514)]
680;100;;;0;0,13;[1245, 1246, 1248, 1247];[(34.356, 23.514), (33.771, 23.514), (33.771, 23.294), (34.356, 23.294)]
681;100;;;0;1,29;[333, 1248, 1246, 331];[(27.919, 23.353), (33.771, 23.294), (33.771, 23.514), (27.919, 23.572)]
682;100;;;0;1,17;[335, 337, 1250, 1249];[(27.919, 20.329), (27.919, 19.939), (30.916, 19.939), (30.916, 20.329)]
683;100;;;0;0,09;[1249, 1250, 1252, 1251];[(30.916, 20.329), (30.916, 19.939), (31.153, 19.939), (31.153, 20.329)]
684;100;;;0;1,01;[1251, 1252, 1254, 1253];[(31.153, 20.329), (31.153, 19.939), (33.744, 19.939), (33.744, 20.329)]
685;100;;;0;0,19;[1253, 1254, 1256, 1255];[(33.744, 20.329), (33.744, 19.939), (34.235, 19.939), (34.235, 20.329)]
686;100;;;0;0,52;[1256, 1254, 1257, 1258];[(34.235, 19.939), (33.744, 19.939), (33.744, 18.872), (34.235, 18.872)]
687;1;;;0;0,45;[1258, 1257, 1259, 1260];[(34.235, 18.872), (33.744, 18.872), (33.744, 17.958), (34.235, 17.958)]
688;100;;;0;0,76;[1260, 1259, 1261, 1262];[(34.235, 17.958), (33.744, 17.958), (33.744, 16.4), (34.235, 16.4)]
689;100;;;0;0,10;[1262, 1261, 1263, 1264];[(34.235, 16.4), (33.744, 16.4), (33.744, 16.197), (34.235, 16.197)]
690;100;;;0;0,09;[1263, 1261, 1265, 1266];[(33.744, 16.197), (33.744, 16.4), (33.304, 16.4), (33.304, 16.197)]
691;1;;;0;0,29;[1266, 1265, 1267, 1268];[(33.304, 16.197), (33.304, 16.4), (31.865, 16.4), (31.865, 16.197)]
692;100;;;0;0,14;[1268, 1267, 1269, 1270];[(31.865, 16.197), (31.865, 16.4), (31.187, 16.4), (31.187, 16.197)]
693;100;;;0;0,05;[1270, 1269, 1271, 1272];[(31.187, 16.197), (31.187, 16.4), (30.933, 16.4), (30.933, 16.197)]
694;100;;;0;0,64;[341, 1272, 1271, 339];[(27.919, 16.16), (30.933, 16.197), (30.933, 16.4), (27.919, 16.379)]
695;100;;;0;0,24;[1252, 1250, 1273, 1274];[(31.153, 19.939), (30.916, 19.939), (30.916, 18.906), (31.153, 18.906)]
696;1;;;0;0,21;[1274, 1273, 1275, 1276];[(31.153, 18.906), (30.916, 18.906), (30.916, 18.026), (31.153, 18.026)]
697;100;;;0;0,40;[1269, 1276, 1275, 1271];[(31.187, 16.4), (31.153, 18.026), (30.916, 18.026), (30.933, 16.4)]
698;100;;;0;0,35;[1264, 1263, 1277, 1278];[(34.235, 16.197), (33.744, 16.197), (33.744, 15.486), (34.235, 15.486)]
699;1;;;0;0,76;[1278, 1277, 1279, 1280];[(34.235, 15.486), (33.744, 15.486), (33.744, 13.928), (34.235, 13.928)]
700;100;;;0;4,06;[1280, 1279, 1281, 1282];[(34.235, 13.928), (33.744, 13.928), (33.744, 5.665), (34.235, 5.665)]
701;100;;;0;0,11;[1282, 1281, 1283, 1284];[(34.235, 5.665), (33.744, 5.665), (33.744, 5.448), (34.235, 5.448)]
702;100;;;0;0,37;[1284, 1283, 1285, 1286];[(34.235, 5.448), (33.744, 5.448), (33.744, 4.699), (34.235, 4.699)]
703;1;;;0;0,47;[1286, 1285, 1287, 1288];[(34.235, 4.699), (33.744, 4.699), (33.744, 3.747), (34.235, 3.747)]
704;100;;;0;0,83;[1288, 1287, 1289, 1290];[(34.235, 3.747), (33.744, 3.747), (33.744, 2.059), (34.235, 2.059)]
705;100;;;0;0,08;[1290, 1289, 1291, 1292];[(34.235, 2.059), (33.744, 2.059), (33.744, 1.902), (34.235, 1.902)]
706;100;;;0;0,46;[1292, 1291, 1293, 1294];[(34.235, 1.902), (33.744, 1.902), (33.744, 0.974), (34.235, 0.974)]
707;1;;;0;0,37;[1294, 1293, 1295, 1296];[(34.235, 0.974), (33.744, 0.974), (33.744, 0.221), (34.235, 0.221)]
708;100;;;0;0,95;[1296, 1295, 1297, 1298];[(34.235, 0.221), (33.744, 0.221), (33.744, -1.707), (34.235, -1.707)]
709;100;;;0;0,30;[1298, 1297, 1299, 1300];[(34.235, -1.707), (33.744, -1.707), (33.662, -2.401), (34.047, -2.401)]
710;100;;;0;3,70;[1120, 1300, 1299, 1489, 1482, 1122];[(33.956, -11.875), (34.047, -2.401), (33.662, -2.401), (33.634, -4.979), (33.593, -8.92), (33.561, -11.875)]
711;100;;;0;3,75;[356, 1299, 1297, 355];[(28.261, -2.371), (33.662, -2.401), (33.744, -1.707), (28.261, -1.688)]
712;100;;;0;1,15;[349, 1291, 1289, 347];[(27.919, 1.886), (33.744, 1.902), (33.744, 2.059), (27.919, 2.126)]
713;100;;;0;1,34;[345, 1283, 1281, 343];[(27.919, 5.481), (33.744, 5.448), (33.744, 5.665), (27.919, 5.724)]
714;100;;;0;1,41;[329, 1240, 1238, 327];[(27.919, 27.108), (33.771, 27.036), (33.771, 27.273), (27.919, 27.351)]
715;100;;;0;1,09;[325, 1232, 1230, 323];[(27.919, 37.933), (33.771, 37.923), (33.771, 38.126), (27.919, 38.104)]
716;100;;;0;2,35;[321, 1224, 1222, 1498, 1505, 319];[(27.919, 41.981), (33.771, 41.885), (33.771, 42.275), (32.722, 42.296), (29.152, 42.37), (27.919, 42.395)]
717;100;;;0;2,33;[313, 1504, 1499, 1216, 1214, 311];[(27.919, 45.053), (29.152, 45.045), (32.722, 45.024), (33.771, 45.018), (33.771, 45.424), (27.919, 45.443)]
718;100;;;0;0,37;[1204, 1202, 1301, 1302];[(36.992, 48.761), (36.992, 48.558), (38.837, 48.558), (38.837, 48.761)]
719;20;;;0;0,21;[1302, 1301, 1303, 1304];[(38.837, 48.761), (38.837, 48.558), (39.87, 48.558), (39.87, 48.761)]
720;100;;;0;0,69;[289, 1304, 1303, 287];[(42.939, 48.736), (39.87, 48.761), (39.87, 48.558), (42.939, 48.489)]
721;100;;;0;2,37;[285, 1196, 1194, 283];[(42.939, 45.37), (36.992, 45.425), (36.992, 45.019), (42.939, 44.98)]
722;100;;;0;1,53;[281, 1188, 1186, 279];[(42.939, 41.493), (36.992, 41.429), (36.992, 41.158), (42.939, 41.249)]
723;100;;;0;1,60;[277, 1180, 1178, 275];[(42.939, 30.643), (36.992, 30.644), (36.992, 30.4), (42.939, 30.35)]
724;100;;;0;2,59;[273, 1172, 1170, 271];[(42.939, 20.207), (36.992, 20.155), (36.992, 19.746), (42.939, 19.744)]
725;100;;;0;1,09;[269, 1164, 1162, 267];[(42.939, 16.282), (36.992, 16.233), (36.992, 16.035), (42.939, 16.111)]
726;100;;;0;1,42;[265, 1156, 1154, 263];[(42.939, 9.089), (36.992, 9.022), (36.992, 8.839), (42.939, 8.797)]
727;100;;;0;1,98;[261, 1148, 1146, 259];[(42.939, 5.481), (36.992, 5.579), (36.992, 5.255), (42.939, 5.139)]
728;100;;;0;0,40;[1144, 1142, 1305, 1306];[(36.992, 2.179), (36.992, 1.868), (38.278, 1.868), (38.278, 2.179)]
729;8;;;0;0,27;[1306, 1305, 1307, 1308];[(38.278, 2.179), (38.278, 1.868), (39.159, 1.868), (39.159, 2.179)]
730;100;;;0;1,09;[257, 1308, 1307, 255];[(42.939, 2.067), (39.159, 2.179), (39.159, 1.868), (42.939, 1.799)]
731;100;;;0;1,78;[250, 1140, 1138, 248];[(39.599, -1.81), (36.992, -1.758), (36.992, -2.435), (39.599, -2.501)]
732;9;;;0;9,65;[1504, 1505, 1498, 1499];[(29.152, 45.045), (29.152, 42.37), (32.722, 42.296), (32.722, 45.024)]
733;100;;;0;0,05;[1309, 1310, 1312, 1311];[(47.34, -19.116), (47.116, -19.116), (47.116, -19.33), (47.34, -19.33)]
734;100;;;0;0,09;[1311, 1312, 1314, 1313];[(47.34, -19.33), (47.116, -19.33), (47.116, -19.721), (47.34, -19.721)]
735;1;;;0;0,33;[1313, 1314, 1316, 1315];[(47.34, -19.721), (47.116, -19.721), (47.116, -21.208), (47.34, -21.208)]
736;100;;;0;0,09;[1315, 1316, 1318, 1317];[(47.34, -21.208), (47.116, -21.208), (47.116, -21.614), (47.34, -21.614)]
737;100;;;0;0,05;[1342, 1341, 1320, 1319];[(47.34, -21.848), (47.116, -21.848), (47.116, -22.082), (47.34, -22.082)]
738;100;;;0;0,57;[1319, 1320, 1322, 1321];[(47.34, -22.082), (47.116, -22.082), (47.116, -24.621), (47.34, -24.621)]
739;16;;;0;0,30;[1321, 1322, 1324, 1323];[(47.34, -24.621), (47.116, -24.621), (47.116, -25.983), (47.34, -25.983)]
740;100;;;0;0,44;[180, 1323, 1324, 178];[(47.33, -27.717), (47.34, -25.983), (47.116, -25.983), (47.045, -27.717)]
741;100;;;0;0,33;[1105, 1103, 1325, 1326];[(36.723, -19.085), (36.723, -19.283), (38.388, -19.283), (38.388, -19.085)]
742;1;;;0;0,19;[1326, 1325, 1327, 1328];[(38.388, -19.085), (38.388, -19.283), (39.362, -19.283), (39.362, -19.085)]
743;100;;;0;0,11;[1328, 1327, 1329, 1330];[(39.362, -19.085), (39.362, -19.283), (39.926, -19.283), (39.926, -19.085)]
744;100;;;0;0,04;[1330, 1329, 1331, 1332];[(39.926, -19.085), (39.926, -19.283), (40.124, -19.283), (40.124, -19.085)]
745;100;;;0;1,04;[1112, 1330, 1332, 1113];[(39.983, -13.381), (39.926, -19.085), (40.124, -19.085), (40.148, -13.381)]
746;100;;;0;0,09;[1331, 1329, 1333, 1334];[(40.124, -19.283), (39.926, -19.283), (39.926, -19.72), (40.124, -19.72)]
747;1;;;0;0,29;[1334, 1333, 1335, 1336];[(40.124, -19.72), (39.926, -19.72), (39.926, -21.187), (40.124, -21.187)]
748;100;;;0;0,08;[1336, 1335, 1337, 1338];[(40.124, -21.187), (39.926, -21.187), (39.926, -21.582), (40.124, -21.582)]
749;100;;;0;0,04;[1338, 1337, 1339, 1340];[(40.124, -21.582), (39.926, -21.582), (39.926, -21.766), (40.124, -21.766)]
750;100;;;0;0,58;[1095, 1339, 1337, 1097];[(36.723, -21.735), (39.926, -21.766), (39.926, -21.582), (36.723, -21.554)]
751;100;;;0;0,05;[1317, 1318, 1341, 1342];[(47.34, -21.614), (47.116, -21.614), (47.116, -21.848), (47.34, -21.848)]
752;100;;;0;1,46;[1340, 1341, 1318, 1338];[(40.124, -21.766), (47.116, -21.848), (47.116, -21.614), (40.124, -21.582)]
753;100;;;0;1,44;[1310, 1332, 1331, 1312];[(47.116, -19.116), (40.124, -19.085), (40.124, -19.283), (47.116, -19.33)]
754;100;;;0;0,11;[1340, 1339, 1343, 1344];[(40.124, -21.766), (39.926, -21.766), (39.926, -22.316), (40.124, -22.316)]
755;16;;;0;0,18;[1344, 1343, 1345, 1346];[(40.124, -22.316), (39.926, -22.316), (39.926, -23.219), (40.124, -23.219)]
756;100;;;0;0,91;[176, 1346, 1345, 174];[(40.142, -27.717), (40.124, -23.219), (39.926, -23.219), (39.934, -27.717)]
757;100;;;0;0,29;[184, 183, 1347, 1348];[(51.475, -27.717), (51.475, -28.424), (51.884, -28.424), (51.884, -27.717)]
758;16;;;0;0,65;[1348, 1347, 1349, 1350];[(51.884, -27.717), (51.884, -28.424), (52.801, -28.424), (52.801, -27.717)]
759;100;;;0;0,66;[1350, 1349, 1351, 1352];[(52.801, -27.717), (52.801, -28.424), (53.732, -28.424), (53.732, -27.717)]
760;100;;;0;2,26;[193, 1355, 1351, 191];[(54.526, -31.268), (54.508, -28.424), (53.732, -28.424), (53.71, -31.268)]
761;100;;;0;0,54;[1354, 1356, 1357, 1353];[(53.902, -27.717), (54.508, -27.717), (54.508, -26.828), (53.902, -26.828)]
762;100;;;0;0,55;[1351, 1355, 1356, 1354, 1352];[(53.732, -28.424), (54.508, -28.424), (54.508, -27.717), (53.902, -27.717), (53.732, -27.717)]
763;16;;;0;0,70;[1353, 1357, 1359, 1358];[(53.902, -26.828), (54.508, -26.828), (54.508, -25.671), (53.902, -25.671)]
764;100;;;0;0,72;[1358, 1359, 1361, 1360];[(53.902, -25.671), (54.508, -25.671), (54.508, -24.485), (53.902, -24.485)]
765;16;;;0;0,72;[1360, 1361, 1363, 1362];[(53.902, -24.485), (54.508, -24.485), (54.508, -23.3), (53.902, -23.3)]
766;100;;;0;0,65;[1362, 1363, 1365, 1364];[(53.902, -23.3), (54.508, -23.3), (54.508, -22.227), (53.902, -22.227)]
767;100;;;0;0,12;[1364, 1365, 1367, 1366];[(53.902, -22.227), (54.508, -22.227), (54.508, -22.032), (53.902, -22.032)]
768;100;;;0;2,07;[1366, 1367, 1369, 1368];[(53.902, -22.032), (54.508, -22.032), (54.508, -18.619), (53.902, -18.619)]
769;16;;;0;0,75;[1368, 1369, 1371, 1370];[(53.902, -18.619), (54.508, -18.619), (54.508, -17.375), (53.902, -17.375)]
770;100;;;0;2,35;[233, 1370, 1371, 231];[(53.939, -13.381), (53.902, -17.375), (54.508, -17.375), (54.508, -13.381)]
771;100;;;0;4,62;[1367, 1365, 1372, 1373];[(54.508, -22.032), (54.508, -22.227), (78.208, -22.227), (78.208, -22.032)]
772;100;;;0;0,05;[1373, 1372, 1374, 1375];[(78.208, -22.032), (78.208, -22.227), (78.476, -22.227), (78.476, -22.032)]
773;100;;;0;0,70;[1375, 1374, 1376, 1377];[(78.476, -22.032), (78.476, -22.227), (82.086, -22.227), (82.086, -22.032)]
774;1;;;0;0,22;[1377, 1376, 1378, 1379];[(82.086, -22.032), (82.086, -22.227), (83.215, -22.227), (83.215, -22.032)]
775;100;;;0;0,20;[1379, 1378, 1380, 1381];[(83.215, -22.032), (83.215, -22.227), (84.249, -22.227), (84.249, -22.032)]
776;100;;;0;0,09;[1381, 1380, 1382, 1383];[(84.249, -22.032), (84.249, -22.227), (84.708, -22.227), (84.708, -22.032)]
777;100;;;0;0,13;[1383, 1382, 1384, 1385];[(84.708, -22.032), (84.708, -22.227), (85.367, -22.227), (85.367, -22.032)]
778;1;;;0;0,19;[1385, 1384, 1386, 1387];[(85.367, -22.032), (85.367, -22.227), (86.319, -22.227), (86.319, -22.032)]
779;100;;;0;0,21;[209, 1387, 1386, 207];[(87.367, -22.036), (86.319, -22.032), (86.319, -22.227), (87.367, -22.239)]
780;100;;;0;0,38;[1382, 1380, 1388, 1389];[(84.708, -22.227), (84.249, -22.227), (84.249, -23.06), (84.708, -23.06)]
781;1;;;0;0,68;[1389, 1388, 1390, 1391];[(84.708, -23.06), (84.249, -23.06), (84.249, -24.541), (84.708, -24.541)]
782;100;;;0;2,87;[1391, 1390, 1392, 1393, 1496, 1491];[(84.708, -24.541), (84.249, -24.541), (84.249, -30.806), (84.708, -30.806), (84.708, -29.159), (84.708, -27.33)]
783;100;;;0;0,22;[197, 1393, 1392, 195];[(84.723, -31.268), (84.708, -30.806), (84.249, -30.806), (84.229, -31.268)]
784;100;;;0;0,26;[1373, 1375, 1395, 1394];[(78.208, -22.032), (78.476, -22.032), (78.476, -21.059), (78.208, -21.059)]
785;1;;;0;0,39;[1394, 1395, 1397, 1396];[(78.208, -21.059), (78.476, -21.059), (78.476, -19.605), (78.208, -19.605)]
786;100;;;0;0,11;[1396, 1397, 1399, 1398];[(78.208, -19.605), (78.476, -19.605), (78.476, -19.182), (78.208, -19.182)]
787;100;;;0;0,05;[1398, 1399, 1401, 1400];[(78.208, -19.182), (78.476, -19.182), (78.476, -18.984), (78.208, -18.984)]
788;100;;;0;0,14;[1400, 1401, 1403, 1402];[(78.208, -18.984), (78.476, -18.984), (78.476, -18.476), (78.208, -18.476)]
789;100;;;0;1,33;[229, 1402, 1403, 227];[(78.252, -13.381), (78.208, -18.476), (78.476, -18.476), (78.505, -13.381)]
790;100;;;0;1,26;[223, 225, 1405, 1404];[(81.638, -13.381), (81.414, -13.381), (81.414, -19.011), (81.638, -19.011)]
791;100;;;0;0,05;[1404, 1405, 1407, 1406];[(81.638, -19.011), (81.414, -19.011), (81.414, -19.223), (81.638, -19.223)]
792;100;;;0;0,18;[1407, 1405, 1408, 1409];[(81.414, -19.223), (81.414, -19.011), (80.567, -19.011), (80.567, -19.223)]
793;1;;;0;0,16;[1409, 1408, 1410, 1411];[(80.567, -19.223), (80.567, -19.011), (79.791, -19.011), (79.791, -19.223)]
794;100;;;0;0,27;[1399, 1411, 1410, 1401];[(78.476, -19.182), (79.791, -19.223), (79.791, -19.011), (78.476, -18.984)]
795;100;;;0;0,15;[1404, 1406, 1413, 1412];[(81.638, -19.011), (81.638, -19.223), (82.329, -19.223), (82.329, -19.011)]
796;1;;;0;0,20;[1412, 1413, 1415, 1414];[(82.329, -19.011), (82.329, -19.223), (83.288, -19.223), (83.288, -19.011)]
797;100;;;0;0,20;[1414, 1415, 1417, 1416];[(83.288, -19.011), (83.288, -19.223), (84.248, -19.223), (84.248, -19.011)]
798;100;;;0;0,10;[1416, 1417, 1419, 1418];[(84.248, -19.011), (84.248, -19.223), (84.714, -19.223), (84.714, -19.011)]
799;100;;;0;0,36;[1419, 1417, 1420, 1421];[(84.714, -19.223), (84.248, -19.223), (84.248, -19.999), (84.714, -19.999)]
800;1;;;0;0,71;[1421, 1420, 1422, 1423];[(84.714, -19.999), (84.248, -19.999), (84.248, -21.523), (84.714, -21.523)]
801;100;;;0;0,24;[1383, 1423, 1422, 1381];[(84.708, -22.032), (84.714, -21.523), (84.248, -21.523), (84.249, -22.032)]
802;100;;;0;0,35;[1416, 1418, 1425, 1424];[(84.248, -19.011), (84.714, -19.011), (84.714, -18.263), (84.248, -18.263)]
803;100;;;0;0,07;[1424, 1425, 1427, 1426];[(84.248, -18.263), (84.714, -18.263), (84.714, -18.108), (84.248, -18.108)]
804;100;;;0;0,21;[1427, 1425, 1428, 1429];[(84.714, -18.108), (84.714, -18.263), (86.082, -18.263), (86.082, -18.108)]
805;1;;;0;0,14;[1429, 1428, 1430, 1431];[(86.082, -18.108), (86.082, -18.263), (86.999, -18.263), (86.999, -18.108)]
806;100;;;0;0,06;[213, 1431, 1430, 211];[(87.367, -18.103), (86.999, -18.108), (86.999, -18.263), (87.367, -18.256)]
807;100;;;0;2,30;[221, 1426, 1427, 219];[(84.269, -13.381), (84.248, -18.108), (84.714, -18.108), (84.777, -13.381)]
808;5;;Обеденный зал;0;194,92;[419, 422, 425, 427, 428, 430, 599, 597, 595, 593, 591, 589, 574, 572, 570, 568, 566, 564, 562, 560, 558, 556, 554, 552, 550, 534, 536, 540, 542, 548, 547, 545, 420];[(-59.754, -21.099), (-59.754, -12.582), (-65.191, -12.582), (-65.606, -12.582), (-65.606, -11.955), (-65.606, -7.028), (-66.929, -7.014), (-67.877, -7.014), (-68.825, -7.014), (-69.045, -7.014), (-69.553, -7.014), (-70.535, -7.014), (-71.653, -7.014), (-71.653, -7.42), (-71.653, -8.469), (-71.653, -13.101), (-71.653, -14.052), (-71.653, -14.247), (-71.653, -14.442), (-71.653, -15.954), (-71.653, -16.198), (-71.653, -18.421), (-71.653, -18.782), (-71.653, -22.22), (-71.653, -23.171), (-71.653, -26.17), (-59.998, -26.17), (-59.998, -25.073), (-59.998, -24.464), (-59.777, -24.464), (-59.754, -23.908), (-59.754, -22.369), (-59.754, -21.781)]
809;100;;;0;0,07;[1434, 1435, 1432, 1433];[(-73.497, -14.442), (-73.497, -14.247), (-73.846, -14.247), (-73.846, -14.442)]
810;100;;;0;0,27;[561, 563, 1435, 1434];[(-72.116, -14.442), (-72.116, -14.247), (-73.497, -14.247), (-73.497, -14.442)]
811;1;;;0;0,43;[677, 1432, 1435, 676];[(-73.825, -12.891), (-73.846, -14.247), (-73.497, -14.247), (-73.537, -12.891)]
812;100;;;0;1,83;[670, 673, 1436, 1437];[(-73.537, -0.378), (-73.825, -0.378), (-73.825, -6.727), (-73.537, -6.727)]
813;100;;;0;0,08;[1437, 1436, 1438, 1439];[(-73.537, -6.727), (-73.825, -6.727), (-73.825, -7.015), (-73.537, -7.015)]
814;1;;;0;0,38;[575, 1437, 1439, 573];[(-72.116, -6.77), (-73.537, -6.727), (-73.537, -7.015), (-72.116, -7.014)]
815;100;;;0;0,48;[667, 665, 1440, 1441];[(-73.266, 3.991), (-73.537, 3.991), (-73.537, 2.213), (-73.266, 2.213)]
816;100;;;0;0,13;[1441, 1440, 1442, 1443];[(-73.266, 2.213), (-73.537, 2.213), (-73.537, 1.725), (-73.266, 1.725)]
817;1;;;0;0,53;[583, 1441, 1443, 581];[(-72.116, 2.211), (-73.266, 2.213), (-73.266, 1.725), (-72.116, 1.784)]
818;1;;;0;0,32;[652, 666, 667, 654];[(-72.127, 4.014), (-73.266, 4.356), (-73.266, 3.991), (-72.127, 3.81)]
819;1;;;0;1,11;[637, 664, 666, 639];[(-74.277, 8.721), (-73.537, 4.356), (-73.266, 4.356), (-74.04, 8.721)]
820;100;;;0;0,10;[1446, 1447, 1444, 1445];[(-77.908, 4.356), (-77.908, 3.991), (-77.631, 3.991), (-77.631, 4.356)]
821;100;;;0;0,27;[662, 663, 1447, 1446];[(-78.634, 4.356), (-78.634, 3.991), (-77.908, 3.991), (-77.908, 4.356)]
822;1;;;0;1,63;[627, 1446, 1445, 629];[(-78.363, 8.599), (-77.908, 4.356), (-77.631, 4.356), (-77.872, 8.599)]
823;1;;;0;0,97;[629, 633, 631, 628];[(-77.872, 8.599), (-75.92, 8.721), (-75.92, 9.466), (-77.872, 8.843)]
824;1;;;0;3,64;[474, 478, 1480, 1481];[(-84.136, 11.768), (-84.136, 8.843), (-82.893, 8.843), (-82.893, 11.768)]
825;1;;;0;4,99;[464, 466, 468, 470, 628, 631];[(-75.92, 11.768), (-76.359, 11.768), (-77.212, 11.768), (-77.797, 11.768), (-77.872, 8.843), (-75.92, 9.466)]
826;2;;;0;21,54;[455, 458, 460, 462, 630, 634, 636, 638, 640, 642, 453];[(-65.972, 11.768), (-72.384, 11.768), (-73.384, 11.768), (-75.31, 11.768), (-75.31, 9.466), (-74.447, 9.466), (-74.277, 9.466), (-74.04, 9.466), (-72.127, 9.466), (-71.907, 9.466), (-65.972, 9.452)]
827;1;;;0;25,46;[482, 484, 486, 656, 658, 660, 662, 1446, 627, 625, 623, 480];[(-84.136, 5.99), (-84.136, 5.405), (-84.136, 4.356), (-82.9, 4.356), (-82.223, 4.356), (-79.633, 4.356), (-78.634, 4.356), (-77.908, 4.356), (-78.363, 8.599), (-78.464, 8.599), (-79.345, 8.599), (-84.136, 8.599)]
828;1;;;0;16,67;[633, 629, 1445, 664, 637, 635, 632];[(-75.92, 8.721), (-77.872, 8.599), (-77.631, 4.356), (-73.537, 4.356), (-74.277, 8.721), (-74.447, 8.721), (-75.31, 8.721)]
829;1;;;0;6,86;[639, 666, 652, 650, 648, 646, 644, 641];[(-74.04, 8.721), (-73.266, 4.356), (-72.127, 4.014), (-72.127, 4.403), (-72.127, 5.283), (-72.127, 5.537), (-72.127, 5.808), (-72.127, 8.721)]
830;6;;;0;27,92;[451, 643, 645, 647, 649, 651, 653, 449];[(-65.972, 8.698), (-71.907, 8.721), (-71.907, 5.808), (-71.907, 5.537), (-71.907, 5.283), (-71.907, 4.403), (-71.907, 4.014), (-65.972, 3.998)]
831;100;;;0;0,07;[1456, 1457, 1459, 1458];[(-77.314, -18.782), (-77.314, -18.421), (-77.517, -18.421), (-77.517, -18.782)]
832;100;;;0;0,10;[1458, 1459, 1461, 1460];[(-77.517, -18.782), (-77.517, -18.421), (-77.788, -18.421), (-77.788, -18.782)]
833;6;;;0;172,64;[490, 492, 494, 496, 498, 500, 502, 504, 506, 618, 620, 621, 682, 680, 678, 675, 1438, 1436, 673, 672, 668, 1442, 1440, 665, 1444, 1447, 663, 661, 659, 657, 488];[(-84.136, -0.252), (-84.136, -0.618), (-84.136, -3.495), (-84.136, -3.714), (-84.136, -9.517), (-84.136, -9.81), (-84.136, -10.273), (-84.136, -11.224), (-84.136, -11.98), (-83.795, -11.98), (-83.607, -11.98), (-83.607, -12.492), (-83.604, -12.67), (-83.019, -12.671), (-82.172, -12.671), (-73.825, -12.671), (-73.825, -7.015), (-73.825, -6.727), (-73.825, -0.378), (-73.825, -0.175), (-73.537, -0.175), (-73.537, 1.725), (-73.537, 2.213), (-73.537, 3.991), (-77.631, 3.991), (-77.908, 3.991), (-78.634, 3.991), (-79.633, 3.991), (-82.223, 3.991), (-82.9, 3.991), (-84.136, 3.991)]
834;1;;;0;0,38;[1450, 1451, 1449, 1448];[(-83.99, -20.078), (-83.478, -20.078), (-83.478, -19.331), (-83.99, -19.331)]
835;1;;;0;11,84;[443, 445, 447, 655, 654, 667, 1441, 583, 584, 586, 588, 441];[(-65.972, 2.601), (-65.972, 3.6), (-65.972, 3.836), (-71.907, 3.81), (-72.127, 3.81), (-73.266, 3.991), (-73.266, 2.213), (-72.116, 2.211), (-71.653, 2.211), (-68.178, 2.211), (-67.223, 2.211), (-65.972, 2.218)]
836;100;;;0;3,12;[522, 524, 1451, 1450];[(-83.99, -26.17), (-83.478, -26.17), (-83.478, -20.078), (-83.99, -20.078)]
837;1;;;0;11,51;[577, 579, 581, 1443, 669, 671, 670, 1437, 575];[(-72.116, -3.211), (-72.116, -2.825), (-72.116, 1.784), (-73.266, 1.725), (-73.266, -0.175), (-73.266, -0.378), (-73.537, -0.378), (-73.537, -6.727), (-72.116, -6.77)]
838;2;;;0;26,21;[439, 587, 585, 582, 580, 438];[(-65.972, 1.779), (-67.223, 1.784), (-68.178, 1.784), (-71.653, 1.784), (-71.653, -2.825), (-65.972, -2.837)]
839;6;;;0;21,60;[434, 437, 578, 576, 590, 592, 594, 596, 598, 600, 432];[(-65.606, -3.178), (-65.972, -3.178), (-71.653, -3.211), (-71.653, -6.77), (-70.535, -6.77), (-69.553, -6.77), (-69.045, -6.77), (-68.825, -6.77), (-67.877, -6.77), (-66.929, -6.77), (-65.606, -6.736)]
840;1;;;0;10,25;[563, 565, 567, 569, 571, 573, 1439, 674, 676, 1435];[(-72.116, -14.247), (-72.116, -14.052), (-72.116, -13.101), (-72.116, -8.469), (-72.116, -7.42), (-72.116, -7.014), (-73.537, -7.015), (-73.537, -12.671), (-73.537, -12.891), (-73.497, -14.247)]
841;1;;;0;13,23;[602, 1432, 677, 679, 681, 684, 606, 1476, 1474, 1472, 1470, 604];[(-75.408, -14.247), (-73.846, -14.247), (-73.825, -12.891), (-82.172, -12.891), (-83.019, -12.891), (-83.6, -12.897), (-83.576, -14.247), (-80.661, -14.247), (-80.478, -14.247), (-77.465, -14.247), (-77.311, -14.247), (-76.464, -14.247)]
842;8;;;0;37,55;[509, 511, 514, 617, 615, 611, 613, 607, 608, 685, 683, 619, 508];[(-84.527, -12.492), (-89.818, -12.492), (-89.818, -18.759), (-84.888, -18.734), (-84.176, -18.734), (-83.99, -18.734), (-83.805, -18.734), (-83.819, -14.442), (-83.819, -14.247), (-83.801, -12.897), (-83.798, -12.67), (-83.795, -12.492), (-84.136, -12.492)]
843;8;;;0;41,92;[518, 522, 1450, 1448, 609, 614, 616, 516];[(-89.818, -26.17), (-83.99, -26.17), (-83.99, -20.078), (-83.99, -19.331), (-83.99, -18.957), (-84.176, -18.957), (-84.888, -18.957), (-89.818, -19.002)]
844;100;;;0;1,88;[553, 555, 1457, 1456];[(-72.116, -18.782), (-72.116, -18.421), (-77.314, -18.421), (-77.314, -18.782)]
845;2;;Снарядная;0;11,61;[1, 77, 687, 689, 691, 4];[(-50.713, 32.516), (-50.713, 30.232), (-48.091, 30.232), (-45.775, 30.232), (-45.592, 30.232), (-45.669, 32.516)]
846;1;;;0;6,15;[6, 693, 695, 697, 699, 12, 10, 8];[(-45.364, 32.516), (-45.328, 30.232), (-44.515, 30.232), (-43.195, 30.232), (-42.626, 30.232), (-42.682, 32.516), (-43.231, 32.516), (-44.531, 32.516)]
847;2;;Снарядная;0;13,64;[14, 701, 703, 705, 20, 16];[(-42.357, 32.516), (-42.341, 30.232), (-41.874, 30.232), (-39.619, 30.232), (-36.357, 30.261), (-36.357, 32.516)]
848;11;110;;0;423,48;[22, 704, 702, 700, 698, 696, 694, 692, 690, 688, 686, 75, 73, 707, 709, 711, 713, 715, 717, 719, 721, 723, 725, 727, 729, 731, 733, 735, 737, 739, 741, 24];[(-36.357, 29.915), (-39.619, 29.846), (-41.874, 29.846), (-42.341, 29.846), (-42.626, 29.846), (-43.195, 29.846), (-44.515, 29.846), (-45.328, 29.846), (-45.592, 29.846), (-45.775, 29.846), (-48.091, 29.846), (-50.713, 29.846), (-50.713, 0.353), (-50.577, 0.353), (-49.747, 0.353), (-49.444, 0.353), (-49.258, 0.353), (-46.412, 0.353), (-46.226, 0.353), (-44.989, 0.353), (-44.786, 0.353), (-44.448, 0.353), (-42.687, 0.353), (-42.467, 0.353), (-42.28, 0.353), (-41.061, 0.353), (-40.875, 0.353), (-38.047, 0.353), (-37.878, 0.353), (-37.3, 0.353), (-36.477, 0.353), (-36.357, 0.35)]
849;1;;;0;3,42;[26, 740, 738, 736, 776, 774, 767, 769, 771, 28];[(-36.357, 0.002), (-36.477, -0.003), (-37.3, -0.003), (-37.878, -0.003), (-37.865, -1.23), (-37.865, -2.074), (-37.865, -2.265), (-37.313, -2.265), (-36.456, -2.265), (-36.357, -2.265)]
850;1;;;0;1,56;[40, 61, 59, 41];[(-42.433, -5.536), (-44.735, -5.658), (-44.735, -6.318), (-42.433, -6.227)]
851;1;;;0;13,13;[720, 806, 808, 743, 745, 747, 749, 61, 40, 752, 754, 756, 758, 779, 777, 726, 724, 722];[(-44.786, -0.003), (-44.786, -1.32), (-44.786, -1.417), (-44.786, -2.267), (-44.786, -2.402), (-44.786, -4.524), (-44.786, -5.472), (-44.735, -5.658), (-42.433, -5.536), (-42.433, -5.422), (-42.433, -4.581), (-42.433, -2.352), (-42.433, -2.237), (-42.446, -1.377), (-42.448, -1.208), (-42.467, -0.003), (-42.687, -0.003), (-44.448, -0.003)]
852;12;;;0;18,61;[750, 748, 746, 744, 799, 797, 795, 793, 791, 789, 787, 785, 67, 64, 62];[(-44.994, -5.658), (-44.989, -5.472), (-44.989, -4.524), (-44.989, -2.402), (-45.095, -2.407), (-45.846, -2.407), (-46.246, -2.407), (-46.393, -2.407), (-49.251, -2.407), (-49.431, -2.407), (-49.626, -2.407), (-50.484, -2.407), (-50.713, -2.407), (-50.713, -5.658), (-45.464, -5.658)]
853;12;;;0;18,41;[30, 772, 770, 768, 766, 762, 761, 764, 755, 753, 751, 38, 36, 32];[(-36.357, -2.407), (-36.456, -2.403), (-37.313, -2.403), (-37.865, -2.403), (-38.052, -2.403), (-40.875, -2.403), (-41.061, -2.403), (-41.625, -2.403), (-42.23, -2.352), (-42.23, -4.581), (-42.23, -5.422), (-42.23, -5.536), (-41.722, -5.536), (-36.357, -5.536)]
854;1;;;0;13,09;[41, 59, 51, 49, 47, 45, 42];[(-42.433, -6.227), (-44.735, -6.318), (-44.735, -11.957), (-44.549, -11.957), (-44.414, -11.957), (-42.636, -11.957), (-42.433, -11.957)]
855;1;;;0;85,04;[87, 89, 91, 93, 95, 97, 857, 859, 861, 863, 865, 867, 869, 871, 875, 877, 879, 881, 883, 886, 888, 838, 836, 834, 832, 830, 828, 826, 824, 822, 820, 818, 816, 814, 85];[(-50.679, -21.099), (-50.679, -21.781), (-50.679, -22.294), (-50.679, -23.903), (-50.679, -24.461), (-50.679, -24.986), (-50.069, -24.986), (-48.403, -24.986), (-44.502, -24.986), (-42.998, -24.986), (-42.693, -24.986), (-42.267, -24.986), (-41.718, -24.986), (-40.174, -24.986), (-36.342, -24.953), (-36.342, -24.75), (-36.342, -24.547), (-36.342, -21.885), (-36.342, -21.397), (-36.342, -20.731), (-36.342, -19.575), (-36.342, -19.051), (-36.9, -19.051), (-38.393, -19.051), (-39.122, -19.051), (-39.487, -19.051), (-42.297, -19.051), (-42.619, -19.051), (-42.991, -19.051), (-44.092, -19.051), (-44.549, -19.051), (-44.719, -19.051), (-46.429, -19.051), (-47.495, -19.051), (-50.679, -19.051)]
856;1;;;0;20,88;[92, 90, 418, 544, 546, 543, 96, 94];[(-51.474, -22.294), (-51.474, -21.781), (-59.263, -21.781), (-59.263, -22.369), (-59.263, -23.908), (-59.267, -24.464), (-51.474, -24.461), (-51.474, -23.903)]
857;8;111;;0;17,40;[83, 813, 815, 817, 845, 856, 854, 81];[(-50.679, -18.612), (-47.495, -18.612), (-46.429, -18.612), (-44.719, -18.612), (-44.719, -15.649), (-48.057, -15.71), (-49.127, -15.71), (-50.679, -15.71)]
858;8;;;0;16,38;[54, 56, 79, 853, 855, 847, 849, 851, 52];[(-45.464, -12.736), (-50.679, -12.736), (-50.679, -15.491), (-49.127, -15.491), (-48.057, -15.491), (-44.719, -15.472), (-44.719, -14.649), (-44.719, -13.556), (-44.735, -12.736)]
859;1;;;0;11,29;[48, 50, 852, 850, 848, 846, 819, 821, 823, 825, 46];[(-44.414, -12.736), (-44.549, -12.736), (-44.549, -13.556), (-44.549, -14.649), (-44.549, -15.472), (-44.549, -15.649), (-44.549, -18.612), (-44.092, -18.612), (-42.991, -18.612), (-42.619, -18.612), (-42.636, -12.736)]
860;8;112;;0;16,51;[44, 827, 829, 841, 843, 415, 43];[(-42.339, -12.736), (-42.297, -18.612), (-39.487, -18.612), (-39.487, -18.283), (-39.487, -17.518), (-39.546, -12.726), (-41.722, -12.736)]
861;1;;;0;4,07;[409, 411, 413, 1509, 1508, 407];[(-37.084, -12.643), (-38.376, -12.643), (-39.107, -12.643), (-39.112, -14.203), (-36.499, -14.203), (-36.498, -12.643)]
862;16;109;;0;113,48;[101, 105, 866, 864, 862, 860, 858, 99];[(-50.679, -39.566), (-42.779, -39.566), (-42.693, -25.278), (-42.998, -25.278), (-44.502, -25.278), (-48.403, -25.278), (-50.069, -25.278), (-50.679, -25.278)]
863;16;108;;0;84,83;[109, 113, 115, 873, 872, 870, 868, 107];[(-36.342, -39.566), (-36.342, -28.424), (-36.342, -27.717), (-36.342, -25.278), (-40.174, -25.278), (-41.718, -25.278), (-42.267, -25.278), (-42.291, -39.566)]
864;100;;;0;2,35;[403, 404, 406, 405];[(-32.67, -12.643), (-32.67, -11.912), (-35.889, -11.912), (-35.889, -12.643)]
865;2;;;0;7,23;[880, 1043, 1041, 1039, 960, 882];[(-35.513, -24.547), (-32.797, -24.543), (-32.797, -23.866), (-32.797, -22.935), (-32.797, -21.885), (-35.513, -21.885)]
866;2;;;0;8,12;[118, 1049, 1047, 1045, 878, 876, 874, 116];[(-32.771, -27.717), (-32.797, -26.575), (-32.797, -25.644), (-32.797, -24.713), (-35.513, -24.75), (-35.513, -24.953), (-35.513, -25.278), (-35.513, -27.717)]
867;2;107;;0;20,27;[122, 971, 969, 967, 965, 1040, 1042, 1044, 1046, 1048, 1050, 120];[(-29.1, -27.717), (-29.069, -21.885), (-29.634, -21.885), (-31.151, -21.885), (-32.562, -21.885), (-32.562, -22.935), (-32.562, -23.866), (-32.562, -24.543), (-32.562, -24.713), (-32.562, -25.644), (-32.562, -26.575), (-32.551, -27.717)]
868;8;106;;0;40,35;[126, 979, 977, 975, 973, 124];[(-21.737, -27.717), (-21.756, -21.885), (-26.283, -21.885), (-27.729, -21.885), (-28.646, -21.885), (-28.686, -27.717)]
869;8;105;;0;19,74;[130, 987, 985, 983, 981, 128];[(-18.085, -27.717), (-18.122, -21.885), (-19.31, -21.885), (-20.356, -21.885), (-21.509, -21.885), (-21.469, -27.717)]
870;8;104;;0;17,94;[134, 1037, 1035, 995, 993, 991, 989, 132];[(-14.591, -27.717), (-14.606, -26.982), (-14.606, -26.033), (-14.606, -21.885), (-15.759, -21.885), (-16.805, -21.885), (-17.699, -21.885), (-17.665, -27.717)]
871;8;103;;0;64,30;[138, 1003, 1001, 999, 997, 1036, 1038, 136];[(-3.338, -27.717), (-3.303, -21.885), (-11.396, -21.885), (-12.878, -21.885), (-14.348, -21.885), (-14.348, -26.033), (-14.348, -26.982), (-14.323, -27.717)]
872;8;103а;;0;18,96;[142, 1011, 1009, 1007, 1005, 140];[(0.11, -27.717), (0.134, -21.885), (-0.848, -21.885), (-2.321, -21.885), (-3.15, -21.885), (-3.109, -27.717)]
873;8;102;;0;60,42;[146, 1031, 1033, 1019, 1017, 1015, 1013, 144];[(10.765, -27.717), (10.765, -23.267), (10.765, -22.21), (10.758, -21.885), (2.386, -21.885), (0.913, -21.885), (0.405, -21.885), (0.402, -27.717)]
874;8;101;;0;20,07;[150, 1027, 1025, 1023, 1021, 1034, 1032, 148];[(14.471, -27.717), (14.527, -21.885), (13.815, -21.885), (12.766, -21.885), (11.039, -21.885), (11.057, -22.21), (11.057, -23.267), (11.057, -27.717)]
875;12;;;0;61,27;[154, 1085, 1087, 1089, 1091, 1064, 1062, 1060, 1029, 152];[(25.501, -27.717), (25.501, -27.317), (25.501, -26.435), (25.501, -25.494), (25.501, -25.224), (25.461, -21.885), (17.43, -21.885), (16.113, -21.885), (14.984, -21.885), (14.983, -27.717)]
876;2;;Вахта;0;12,92;[1066, 1092, 1093, 1077, 1074, 1072, 1070, 1068];[(25.79, -21.885), (25.77, -25.224), (29.388, -25.223), (29.388, -25.063), (29.388, -21.641), (29.047, -21.641), (27.777, -21.641), (25.79, -21.641)]
877;2;;;0;9,90;[156, 158, 1082, 1080, 1079, 1090, 1088, 1086];[(25.77, -27.717), (30.183, -27.717), (30.164, -25.451), (29.564, -25.451), (29.388, -25.451), (25.77, -25.494), (25.77, -26.435), (25.77, -27.317)]
878;1;;;0;4,29;[361, 1073, 1075, 362];[(27.456, -12.643), (29.388, -21.397), (29.564, -21.397), (28.261, -12.643)]
879;8;113;;0;20,66;[401, 892, 894, 896, 898, 399];[(-32.475, -12.643), (-32.484, -18.612), (-30.79, -18.612), (-29.873, -18.612), (-28.999, -18.612), (-29.037, -12.643)]
880;8;116;Аудитория;0;62,56;[397, 900, 902, 904, 906, 395];[(-28.818, -12.643), (-28.829, -18.612), (-20.73, -18.612), (-19.291, -18.612), (-18.374, -18.612), (-18.309, -12.643)]
881;8;115;;0;19,32;[393, 908, 910, 912, 914, 391];[(-17.846, -12.643), (-17.823, -18.612), (-16.906, -18.612), (-15.862, -18.612), (-14.592, -18.612), (-14.603, -12.643)]
882;8;;;0;20,47;[387, 389, 916, 918, 1054, 1052];[(-10.946, -12.643), (-14.384, -12.643), (-14.366, -18.612), (-10.938, -18.612), (-10.946, -17.959), (-10.946, -16.666)]
883;8;117;;0;43,00;[385, 1051, 1053, 920, 922, 924, 926, 383];[(-10.678, -12.643), (-10.678, -16.666), (-10.678, -17.959), (-10.655, -18.612), (-9.371, -18.612), (-7.904, -18.612), (-3.459, -18.612), (-3.485, -12.643)]
884;8;118;;0;18,91;[381, 928, 930, 932, 934, 379];[(-3.217, -12.643), (-3.248, -18.612), (-2.203, -18.612), (-1.089, -18.612), (-0.031, -18.612), (-0.096, -12.643)]
885;8;119;;0;41,44;[377, 936, 938, 940, 942, 375];[(0.197, -12.643), (0.209, -18.612), (4.767, -18.612), (5.952, -18.612), (7.194, -18.612), (7.097, -12.643)]
886;8;120;;0;21,02;[373, 944, 946, 948, 950, 371];[(7.414, -12.643), (7.434, -18.612), (8.788, -18.612), (9.945, -18.612), (10.989, -18.612), (10.901, -12.643)]
887;2;;Теплоузел;0;19,92;[369, 952, 954, 956, 958, 367];[(11.218, -12.643), (11.215, -18.612), (12.259, -18.612), (13.289, -18.612), (14.573, -18.612), (14.534, -12.643)]
888;1;;;0;117,64;[365, 962, 963, 961, 1059, 1057, 1055, 1030, 1061, 1063, 1065, 1067, 1069, 1071, 1073, 361];[(15.07, -12.643), (15.067, -18.612), (15.067, -19.051), (14.743, -19.051), (14.755, -19.199), (14.755, -21.009), (14.755, -21.397), (14.984, -21.397), (16.113, -21.397), (17.43, -21.397), (25.461, -21.397), (25.79, -21.397), (27.777, -21.397), (29.047, -21.397), (29.388, -21.397), (27.456, -12.643)]
889;1;;;0;105,07;[162, 164, 166, 168, 1519, 170, 1094, 1096, 1098, 1100, 1102, 1104, 1106, 1108, 1117, 1119, 1121, 1123, 1125, 362, 1075, 1076, 1078, 1081, 1083, 1084, 160];[(31.989, -27.717), (33.432, -27.717), (35.017, -27.717), (35.301, -27.717), (35.456, -27.717), (36.256, -27.717), (36.256, -21.735), (36.256, -21.554), (36.256, -21.131), (36.256, -19.692), (36.256, -19.283), (36.256, -19.085), (36.256, -13.258), (36.256, -12.552), (34.238, -12.552), (33.956, -12.552), (33.561, -12.552), (32.616, -12.552), (29.413, -12.552), (28.261, -12.643), (29.564, -21.397), (29.564, -21.641), (29.564, -25.063), (30.164, -25.063), (30.376, -25.063), (30.376, -25.451), (30.402, -27.717)]
890;1;;;0;0,60;[1012, 1014, 937, 935];[(0.134, -21.397), (0.405, -21.397), (0.209, -19.051), (-0.031, -19.051)]
891;1;;;0;0,57;[998, 917, 915, 996];[(-14.348, -21.397), (-14.366, -19.051), (-14.592, -19.051), (-14.606, -21.397)]
892;1;;;0;0,70;[974, 901, 899, 972];[(-28.646, -21.397), (-28.829, -19.051), (-28.999, -19.051), (-29.069, -21.397)]
893;1;;;0;33,18;[974, 976, 978, 980, 982, 984, 986, 988, 990, 992, 994, 996, 915, 913, 911, 909, 907, 905, 903, 901];[(-28.646, -21.397), (-27.729, -21.397), (-26.283, -21.397), (-21.756, -21.397), (-21.509, -21.397), (-20.356, -21.397), (-19.31, -21.397), (-18.122, -21.397), (-17.699, -21.397), (-16.805, -21.397), (-15.759, -21.397), (-14.606, -21.397), (-14.592, -19.051), (-15.862, -19.051), (-16.906, -19.051), (-17.823, -19.051), (-18.374, -19.051), (-19.291, -19.051), (-20.73, -19.051), (-28.829, -19.051)]
894;1;;;0;33,81;[935, 933, 931, 929, 927, 925, 923, 921, 919, 917, 998, 1000, 1002, 1004, 1006, 1008, 1010, 1012];[(-0.031, -19.051), (-1.089, -19.051), (-2.203, -19.051), (-3.248, -19.051), (-3.459, -19.051), (-7.904, -19.051), (-9.371, -19.051), (-10.655, -19.051), (-10.938, -19.051), (-14.366, -19.051), (-14.348, -21.397), (-12.878, -21.397), (-11.396, -21.397), (-3.303, -21.397), (-3.15, -21.397), (-2.321, -21.397), (-0.848, -21.397), (0.134, -21.397)]
895;1;;;0;33,53;[1014, 1016, 1018, 1020, 1022, 1024, 1026, 1028, 1056, 1058, 959, 957, 955, 953, 951, 949, 947, 945, 943, 941, 939, 937];[(0.405, -21.397), (0.913, -21.397), (2.386, -21.397), (10.758, -21.397), (11.039, -21.397), (12.766, -21.397), (13.815, -21.397), (14.597, -21.397), (14.597, -21.009), (14.597, -19.199), (14.573, -19.051), (13.289, -19.051), (12.259, -19.051), (11.215, -19.051), (10.989, -19.051), (9.945, -19.051), (8.788, -19.051), (7.434, -19.051), (7.194, -19.051), (5.952, -19.051), (4.767, -19.051), (0.209, -19.051)]
896;8;151;;0;19,13;[174, 1345, 1343, 1339, 1095, 172];[(39.934, -27.717), (39.926, -23.219), (39.926, -22.316), (39.926, -21.766), (36.723, -21.735), (36.723, -27.717)]
897;2;139;Электрощитовая;0;18,62;[1105, 1326, 1328, 1330, 1112, 241, 1110, 1107];[(36.723, -19.085), (38.388, -19.085), (39.362, -19.085), (39.926, -19.085), (39.983, -13.381), (39.599, -13.381), (36.992, -13.258), (36.723, -13.258)]
898;1;;;0;7,32;[1097, 1337, 1335, 1333, 1329, 1327, 1325, 1103, 1101, 1099];[(36.723, -21.554), (39.926, -21.582), (39.926, -21.187), (39.926, -19.72), (39.926, -19.283), (39.362, -19.283), (38.388, -19.283), (36.723, -19.283), (36.723, -19.692), (36.723, -21.131)]
899;1;;;0;16,03;[1312, 1331, 1334, 1336, 1338, 1318, 1316, 1314];[(47.116, -19.33), (40.124, -19.283), (40.124, -19.72), (40.124, -21.187), (40.124, -21.582), (47.116, -21.614), (47.116, -21.208), (47.116, -19.721)]
900;16;150;;0;41,22;[178, 1324, 1322, 1320, 1341, 1340, 1344, 1346, 176];[(47.045, -27.717), (47.116, -25.983), (47.116, -24.621), (47.116, -22.082), (47.116, -21.848), (40.124, -21.766), (40.124, -22.316), (40.124, -23.219), (40.142, -27.717)]
901;1;;;0;2,87;[1499, 1498, 1222, 1220, 1218, 1216];[(32.722, 45.024), (32.722, 42.296), (33.771, 42.275), (33.771, 42.952), (33.771, 44.408), (33.771, 45.018)]
902;9;;;0;6,39;[183, 186, 188, 191, 1351, 1349, 1347];[(51.475, -28.424), (51.475, -30.313), (51.475, -31.268), (53.71, -31.268), (53.732, -28.424), (52.801, -28.424), (51.884, -28.424)]
903;100;;;0;0,64;[246, 1132, 1130, 244];[(39.599, -7.174), (36.992, -7.204), (36.992, -7.43), (39.599, -7.438)]
904;2;137;;0;12,31;[248, 1138, 1136, 1134, 1132, 246];[(39.599, -2.501), (36.992, -2.435), (36.992, -5.822), (36.992, -6.781), (36.992, -7.204), (39.599, -7.174)]
905;2;138;;0;13,38;[244, 1130, 1128, 1116, 1114, 1111, 242];[(39.599, -7.438), (36.992, -7.43), (36.992, -9.561), (36.992, -10.548), (36.992, -11.875), (36.992, -12.552), (39.599, -12.58)]
906;1;;;0;13,97;[358, 360, 1488, 1489, 1299, 356];[(28.261, -2.785), (28.261, -4.102), (28.261, -4.979), (33.634, -4.979), (33.662, -2.401), (28.261, -2.371)]
907;1;;;0;1,60;[1139, 1298, 1300, 1137];[(36.468, -1.758), (34.235, -1.707), (34.047, -2.401), (36.468, -2.435)]
908;1;;;0;23,32;[1115, 1127, 1129, 1131, 1133, 1135, 1137, 1300, 1120, 1118, 1109];[(36.468, -10.548), (36.468, -9.561), (36.468, -7.43), (36.468, -7.204), (36.468, -6.781), (36.468, -5.822), (36.468, -2.435), (34.047, -2.401), (33.956, -11.875), (34.238, -11.875), (36.468, -11.875)]
909;1;;;0;0,45;[1163, 1262, 1264, 1161];[(36.468, 16.233), (34.235, 16.4), (34.235, 16.197), (36.468, 16.035)]
910;1;;;0;0,89;[1171, 1255, 1256, 1169];[(36.468, 20.155), (34.235, 20.329), (34.235, 19.939), (36.468, 19.746)]
911;1;;;0;1,60;[1248, 1253, 1255, 1247];[(33.771, 23.294), (33.744, 20.329), (34.235, 20.329), (34.356, 23.294)]
912;100;;;0;0,14;[1454, 1455, 1452, 1453];[(36.468, 23.233), (36.992, 23.233), (36.992, 23.501), (36.468, 23.501)]
913;100;;;0;0,42;[1175, 1176, 1455, 1454];[(36.468, 22.427), (36.992, 22.427), (36.992, 23.233), (36.468, 23.233)]
914;1;;;0;0,52;[1247, 1454, 1453, 1245];[(34.356, 23.294), (36.468, 23.233), (36.468, 23.501), (34.356, 23.514)]
915;1;;;0;0,70;[1187, 1221, 1223, 1185];[(36.468, 41.429), (34.356, 42.275), (34.356, 41.885), (36.468, 41.158)]
916;1;;;0;0,86;[1195, 1213, 1215, 1193];[(36.468, 45.425), (34.356, 45.424), (34.356, 45.018), (36.468, 45.019)]
917;8;127;;0;46,71;[307, 311, 1214, 1212, 1210, 305];[(27.919, 53.416), (27.919, 45.443), (33.771, 45.424), (33.771, 49.776), (33.771, 51.283), (33.771, 53.416)]
918;1;;;0;16,90;[299, 301, 303, 1209, 1211, 1213, 1195, 1197, 1199, 1201, 1203, 1205, 1207, 297];[(36.331, 53.416), (34.576, 53.416), (34.356, 53.416), (34.356, 51.283), (34.356, 49.776), (34.356, 45.424), (36.468, 45.425), (36.468, 46.543), (36.468, 47.525), (36.468, 48.558), (36.468, 48.761), (36.468, 50.065), (36.468, 51.03), (36.488, 53.416)]
919;20;128;;0;27,69;[291, 295, 1208, 1206, 1204, 1302, 1304, 289];[(42.939, 53.416), (37.021, 53.416), (36.992, 51.03), (36.992, 50.065), (36.992, 48.761), (38.837, 48.761), (39.87, 48.761), (42.939, 48.736)]
920;20;129;;0;18,69;[287, 1303, 1301, 1202, 1200, 1198, 1196, 285];[(42.939, 48.489), (39.87, 48.558), (38.837, 48.558), (36.992, 48.558), (36.992, 47.525), (36.992, 46.543), (36.992, 45.425), (42.939, 45.37)]
921;8;130;;0;21,04;[283, 1194, 1192, 1190, 1188, 281];[(42.939, 44.98), (36.992, 45.019), (36.992, 43.072), (36.992, 42.073), (36.992, 41.429), (42.939, 41.493)]
922;1;;;0;6,69;[1189, 1191, 1193, 1215, 1217, 1219, 1221, 1187];[(36.468, 42.073), (36.468, 43.072), (36.468, 45.019), (34.356, 45.018), (34.356, 44.408), (34.356, 42.952), (34.356, 42.275), (36.468, 41.429)]
923;1;;;0;3,29;[315, 317, 319, 1505, 1504, 313];[(27.919, 44.541), (27.919, 43.224), (27.919, 42.395), (29.152, 42.37), (29.152, 45.045), (27.919, 45.053)]
924;8;126;;0;22,34;[323, 1230, 1228, 1226, 1224, 321];[(27.919, 38.104), (33.771, 38.126), (33.771, 39.024), (33.771, 39.955), (33.771, 41.885), (27.919, 41.981)]
925;1;;;0;38,04;[1179, 1181, 1183, 1185, 1223, 1225, 1227, 1229, 1231, 1233, 1235, 1237, 1239, 1241, 1243, 1245, 1453, 1177];[(36.468, 30.644), (36.468, 31.677), (36.468, 33.285), (36.468, 41.158), (34.356, 41.885), (34.356, 39.955), (34.356, 39.024), (34.356, 38.126), (34.356, 37.923), (34.356, 36.755), (34.356, 35.383), (34.356, 27.273), (34.356, 27.036), (34.356, 25.817), (34.356, 24.852), (34.356, 23.514), (36.468, 23.501), (36.468, 30.4)]
926;8;125;Аудитория;0;62,12;[327, 1238, 1236, 1234, 1232, 325];[(27.919, 27.351), (33.771, 27.273), (33.771, 35.383), (33.771, 36.755), (33.771, 37.923), (27.919, 37.933)]
927;8;124;;0;20,65;[331, 1246, 1244, 1242, 1240, 329];[(27.919, 23.572), (33.771, 23.514), (33.771, 24.852), (33.771, 25.817), (33.771, 27.036), (27.919, 27.108)]
928;1;;;0;17,48;[335, 1249, 1251, 1253, 1248, 333];[(27.919, 20.329), (30.916, 20.329), (31.153, 20.329), (33.744, 20.329), (33.771, 23.294), (27.919, 23.353)]
929;1;;;0;6,57;[1173, 1175, 1454, 1247, 1255, 1171];[(36.468, 20.931), (36.468, 22.427), (36.468, 23.233), (34.356, 23.294), (34.235, 20.329), (36.468, 20.155)]
930;8;132;Аудитория;0;60,63;[275, 1178, 1452, 1455, 1176, 1174, 1172, 273];[(42.939, 30.35), (36.992, 30.4), (36.992, 23.501), (36.992, 23.233), (36.992, 22.427), (36.992, 20.931), (36.992, 20.155), (42.939, 20.207)]
931;8;131;Аудитория;0;62,81;[279, 1186, 1184, 1182, 1180, 277];[(42.939, 41.249), (36.992, 41.158), (36.992, 33.285), (36.992, 31.677), (36.992, 30.644), (42.939, 30.643)]
932;1;;;0;9,14;[1252, 1274, 1276, 1269, 1267, 1265, 1261, 1259, 1257, 1254];[(31.153, 19.939), (31.153, 18.906), (31.153, 18.026), (31.187, 16.4), (31.865, 16.4), (33.304, 16.4), (33.744, 16.4), (33.744, 17.958), (33.744, 18.872), (33.744, 19.939)]
933;1;;;0;7,87;[1165, 1167, 1169, 1256, 1258, 1260, 1262, 1163];[(36.468, 17.347), (36.468, 18.278), (36.468, 19.746), (34.235, 19.939), (34.235, 18.872), (34.235, 17.958), (34.235, 16.4), (36.468, 16.233)]
934;8;133;;0;20,74;[271, 1170, 1168, 1166, 1164, 269];[(42.939, 19.744), (36.992, 19.746), (36.992, 18.278), (36.992, 17.347), (36.992, 16.233), (42.939, 16.282)]
935;8;123;;0;10,65;[339, 1271, 1275, 1273, 1250, 337];[(27.919, 16.379), (30.933, 16.4), (30.916, 18.026), (30.916, 18.906), (30.916, 19.939), (27.919, 19.939)]
936;8;122;Аудитория;0;61,12;[343, 1281, 1279, 1277, 1263, 1266, 1268, 1270, 1272, 341];[(27.919, 5.724), (33.744, 5.665), (33.744, 13.928), (33.744, 15.486), (33.744, 16.197), (33.304, 16.197), (31.865, 16.197), (31.187, 16.197), (30.933, 16.197), (27.919, 16.16)]
937;8;134;;0;41,73;[267, 1162, 1160, 1158, 1156, 265];[(42.939, 16.111), (36.992, 16.035), (36.992, 11.322), (36.992, 9.798), (36.992, 9.022), (42.939, 9.089)]
938;8;135;;0;19,55;[263, 1154, 1152, 1150, 1148, 261];[(42.939, 8.797), (36.992, 8.839), (36.992, 7.668), (36.992, 6.652), (36.992, 5.579), (42.939, 5.481)]
939;9;;;0;4,86;[1496, 1497, 1490, 1491];[(84.708, -29.159), (87.367, -29.159), (87.367, -27.33), (84.708, -27.33)]
940;8;;;0;21,68;[249, 252, 255, 1307, 1305, 1142, 1140, 250];[(40.452, -1.81), (42.939, -1.81), (42.939, 1.799), (39.159, 1.868), (38.278, 1.868), (36.992, 1.868), (36.992, -1.758), (39.599, -1.81)]
941;3;;;0;20,92;[351, 355, 1297, 1295, 1293, 1291, 349];[(27.919, -1.688), (28.261, -1.688), (33.744, -1.707), (33.744, 0.221), (33.744, 0.974), (33.744, 1.902), (27.919, 1.886)]
942;8;121;;0;19,64;[347, 1289, 1287, 1285, 1283, 345];[(27.919, 2.126), (33.744, 2.059), (33.744, 3.747), (33.744, 4.699), (33.744, 5.448), (27.919, 5.481)]
943;16;145;;0;205,14;[231, 1371, 1369, 1367, 1373, 1394, 1396, 1398, 1400, 1402, 229];[(54.508, -13.381), (54.508, -17.375), (54.508, -18.619), (54.508, -22.032), (78.208, -22.032), (78.208, -21.059), (78.208, -19.605), (78.208, -19.182), (78.208, -18.984), (78.208, -18.476), (78.252, -13.381)]
944;16;152;;0;268,86;[195, 1392, 1390, 1388, 1380, 1378, 1376, 1374, 1372, 1365, 1363, 1361, 1359, 1357, 1356, 1355, 193];[(84.229, -31.268), (84.249, -30.806), (84.249, -24.541), (84.249, -23.06), (84.249, -22.227), (83.215, -22.227), (82.086, -22.227), (78.476, -22.227), (78.208, -22.227), (54.508, -22.227), (54.508, -23.3), (54.508, -24.485), (54.508, -25.671), (54.508, -26.828), (54.508, -27.717), (54.508, -28.424), (54.526, -31.268)]
945;1;;;0;16,24;[1377, 1379, 1381, 1422, 1420, 1417, 1415, 1413, 1406, 1407, 1409, 1411, 1399, 1397, 1395, 1375];[(82.086, -22.032), (83.215, -22.032), (84.249, -22.032), (84.248, -21.523), (84.248, -19.999), (84.248, -19.223), (83.288, -19.223), (82.329, -19.223), (81.638, -19.223), (81.414, -19.223), (80.567, -19.223), (79.791, -19.223), (78.476, -19.182), (78.476, -19.605), (78.476, -21.059), (78.476, -22.032)]
946;8;147;;0;14,75;[223, 1404, 1412, 1414, 1416, 1424, 1426, 221];[(81.638, -13.381), (81.638, -19.011), (82.329, -19.011), (83.288, -19.011), (84.248, -19.011), (84.248, -18.263), (84.248, -18.108), (84.269, -13.381)]
947;8;146;;0;16,45;[225, 227, 1403, 1401, 1410, 1408, 1405];[(81.414, -13.381), (78.505, -13.381), (78.476, -18.476), (78.476, -18.984), (79.791, -19.011), (80.567, -19.011), (81.414, -19.011)]
948;2;;;0;12,39;[215, 219, 1427, 1429, 1431, 213];[(87.367, -13.381), (84.777, -13.381), (84.714, -18.108), (86.082, -18.108), (86.999, -18.108), (87.367, -18.103)]
949;1;;;0;10,01;[211, 1430, 1428, 1425, 1418, 1419, 1421, 1423, 1383, 1385, 1387, 209];[(87.367, -18.256), (86.999, -18.263), (86.082, -18.263), (84.714, -18.263), (84.714, -19.011), (84.714, -19.223), (84.714, -19.999), (84.714, -21.523), (84.708, -22.032), (85.367, -22.032), (86.319, -22.032), (87.367, -22.036)]
950;1;;;0;5,61;[199, 1497, 1496, 1393, 197];[(87.367, -31.268), (87.367, -29.159), (84.708, -29.159), (84.708, -30.806), (84.723, -31.268)]
951;1;;;0;0,42;[1460, 1461, 1463, 1462];[(-77.788, -18.782), (-77.788, -18.421), (-78.957, -18.421), (-78.957, -18.782)]
952;100;;;0;0,53;[1462, 1463, 1465, 1464];[(-78.957, -18.782), (-78.957, -18.421), (-80.43, -18.421), (-80.43, -18.782)]
953;100;;;0;0,08;[1464, 1465, 1467, 1466];[(-80.43, -18.782), (-80.43, -18.421), (-80.65, -18.421), (-80.65, -18.782)]
954;1;;;0;0,33;[1466, 1467, 1469, 1468];[(-80.65, -18.782), (-80.65, -18.421), (-81.551, -18.421), (-81.551, -18.782)]
955;100;;;0;0,74;[610, 1468, 1469, 612];[(-83.478, -18.791), (-81.551, -18.782), (-81.551, -18.421), (-83.607, -18.41)]
956;1;;;0;83,93;[526, 528, 530, 532, 549, 551, 553, 1456, 1458, 1460, 1462, 1464, 1466, 1468, 610, 1449, 1451, 524];[(-77.992, -26.17), (-77.236, -26.17), (-75.261, -26.17), (-72.116, -26.17), (-72.116, -23.171), (-72.116, -22.22), (-72.116, -18.782), (-77.314, -18.782), (-77.517, -18.782), (-77.788, -18.782), (-78.957, -18.782), (-80.43, -18.782), (-80.65, -18.782), (-81.551, -18.782), (-83.478, -18.791), (-83.478, -19.331), (-83.478, -20.078), (-83.478, -26.17)]
957;100;;;0;0,17;[603, 604, 1470, 1471];[(-76.464, -14.442), (-76.464, -14.247), (-77.311, -14.247), (-77.311, -14.442)]
958;100;;;0;0,03;[1471, 1470, 1472, 1473];[(-77.311, -14.442), (-77.311, -14.247), (-77.465, -14.247), (-77.465, -14.442)]
959;100;;;0;0,59;[1473, 1472, 1474, 1475];[(-77.465, -14.442), (-77.465, -14.247), (-80.478, -14.247), (-80.478, -14.442)]
960;100;;;0;0,04;[1475, 1474, 1476, 1477];[(-80.478, -14.442), (-80.478, -14.247), (-80.661, -14.247), (-80.661, -14.442)]
961;100;;;0;0,80;[1465, 1475, 1477, 1467];[(-80.43, -18.421), (-80.478, -14.442), (-80.661, -14.442), (-80.65, -18.421)]
962;100;;;0;0,71;[1457, 1471, 1473, 1459];[(-77.314, -18.421), (-77.311, -14.442), (-77.465, -14.442), (-77.517, -18.421)]
963;3;;;0;11,79;[1459, 1473, 1475, 1465, 1463, 1461];[(-77.517, -18.421), (-77.465, -14.442), (-80.478, -14.442), (-80.43, -18.421), (-78.957, -18.421), (-77.788, -18.421)]
964;2;;Моечная;0;20,67;[557, 559, 561, 1434, 1433, 601, 603, 1471, 1457, 555];[(-72.116, -16.198), (-72.116, -15.954), (-72.116, -14.442), (-73.497, -14.442), (-73.846, -14.442), (-75.408, -14.442), (-76.464, -14.442), (-77.311, -14.442), (-77.314, -18.421), (-72.116, -18.421)]
965;3;;;0;11,67;[612, 1469, 1467, 1477, 605];[(-83.607, -18.41), (-81.551, -18.421), (-80.65, -18.421), (-80.661, -14.442), (-83.576, -14.442)]
966;1;;;0;3,95;[1478, 1479, 622, 624, 626, 472];[(-79.698, 11.768), (-79.698, 8.843), (-79.345, 8.843), (-78.464, 8.843), (-78.363, 8.843), (-78.333, 11.768)]
967;9;;;0;9,35;[1481, 1480, 1479, 1478];[(-82.893, 11.768), (-82.893, 8.843), (-79.698, 8.843), (-79.698, 11.768)]
968;9;;;0;21,09;[1489, 1488, 1483, 1482];[(33.634, -4.979), (28.261, -4.979), (28.261, -8.92), (33.593, -8.92)]
969;1;;;0;13,56;[1491, 1490, 203, 205, 207, 1386, 1384, 1382, 1389, 1391];[(84.708, -27.33), (87.367, -27.33), (87.367, -24.478), (87.367, -23.073), (87.367, -22.239), (86.319, -22.227), (85.367, -22.227), (84.708, -22.227), (84.708, -23.06), (84.708, -24.541)]
970;1;;;0;0,40;[1484, 1487, 1486, 1485];[(-33.288, -19.051), (-33.288, -18.612), (-34.202, -18.612), (-34.202, -19.051)]
971;1;;;0;16,14;[899, 897, 895, 893, 891, 1484, 1485, 840, 889, 887, 885, 884, 964, 966, 968, 970, 972];[(-28.999, -19.051), (-29.873, -19.051), (-30.79, -19.051), (-32.484, -19.051), (-32.653, -19.051), (-33.288, -19.051), (-34.202, -19.051), (-35.912, -19.051), (-35.912, -19.575), (-35.912, -20.731), (-35.912, -21.397), (-35.513, -21.397), (-32.797, -21.397), (-32.562, -21.397), (-31.151, -21.397), (-29.634, -21.397), (-29.069, -21.397)]
972;100;;;0;0,75;[839, 840, 1485, 1486];[(-35.912, -18.612), (-35.912, -19.051), (-34.202, -19.051), (-34.202, -18.612)]
973;100;;;0;0,28;[1487, 1484, 891, 890];[(-33.288, -18.612), (-33.288, -19.051), (-32.653, -19.051), (-32.653, -18.612)]
974;3;;;0;19,33;[405, 839, 1486, 1487, 890, 403];[(-35.889, -12.643), (-35.912, -18.612), (-34.202, -18.612), (-33.288, -18.612), (-32.653, -18.612), (-32.67, -12.643)]
975;1;;;0;0,48;[1492, 1495, 1494, 1493];[(36.992, 4.173), (36.468, 4.173), (36.468, 3.261), (36.992, 3.261)]
976;8;136;;0;18,16;[259, 1146, 1492, 1493, 1144, 1306, 1308, 257];[(42.939, 5.139), (36.992, 5.255), (36.992, 4.173), (36.992, 3.261), (36.992, 2.179), (38.278, 2.179), (39.159, 2.179), (42.939, 2.067)]
977;100;;;0;0,57;[1143, 1144, 1493, 1494];[(36.468, 2.179), (36.992, 2.179), (36.992, 3.261), (36.468, 3.261)]
978;100;;;0;0,57;[1495, 1492, 1146, 1145];[(36.468, 4.173), (36.992, 4.173), (36.992, 5.255), (36.468, 5.255)]
979;1;;;0;39,85;[1141, 1143, 1494, 1495, 1145, 1147, 1149, 1151, 1153, 1155, 1157, 1159, 1161, 1264, 1278, 1280, 1282, 1284, 1286, 1288, 1290, 1292, 1294, 1296, 1298, 1139];[(36.468, 1.868), (36.468, 2.179), (36.468, 3.261), (36.468, 4.173), (36.468, 5.255), (36.468, 5.579), (36.468, 6.652), (36.468, 7.668), (36.468, 8.839), (36.468, 9.022), (36.468, 9.798), (36.468, 11.322), (36.468, 16.035), (34.235, 16.197), (34.235, 15.486), (34.235, 13.928), (34.235, 5.665), (34.235, 5.448), (34.235, 4.699), (34.235, 3.747), (34.235, 2.059), (34.235, 1.902), (34.235, 0.974), (34.235, 0.221), (34.235, -1.707), (36.468, -1.758)]
980;16;;;0;0,26;[1500, 1503, 1502, 1501];[(47.116, -16.636), (47.34, -16.636), (47.34, -15.473), (47.116, -15.473)]
981;16;142;;0;39,92;[239, 1113, 1332, 1310, 1500, 1501, 237];[(40.452, -13.381), (40.148, -13.381), (40.124, -19.085), (47.116, -19.116), (47.116, -16.636), (47.116, -15.473), (47.116, -13.381)]
982;100;;;0;0,47;[235, 237, 1501, 1502];[(47.34, -13.381), (47.116, -13.381), (47.116, -15.473), (47.34, -15.473)]
983;100;;;0;0,55;[1503, 1500, 1310, 1309];[(47.34, -16.636), (47.116, -16.636), (47.116, -19.116), (47.34, -19.116)]
984;16;143;;0;94,15;[182, 184, 1348, 1350, 1352, 1354, 1353, 1358, 1360, 1362, 1364, 1366, 1368, 1370, 233, 235, 1502, 1503, 1309, 1311, 1313, 1315, 1317, 1342, 1319, 1321, 1323, 180];[(50.784, -27.717), (51.475, -27.717), (51.884, -27.717), (52.801, -27.717), (53.732, -27.717), (53.902, -27.717), (53.902, -26.828), (53.902, -25.671), (53.902, -24.485), (53.902, -23.3), (53.902, -22.227), (53.902, -22.032), (53.902, -18.619), (53.902, -17.375), (53.939, -13.381), (47.34, -13.381), (47.34, -15.473), (47.34, -16.636), (47.34, -19.116), (47.34, -19.33), (47.34, -19.721), (47.34, -21.208), (47.34, -21.614), (47.34, -21.848), (47.34, -22.082), (47.34, -24.621), (47.34, -25.983), (47.33, -27.717)]
985;9;;;0;7,72;[1508, 1509, 1506, 1507];[(-36.499, -14.203), (-39.112, -14.203), (-39.121, -17.152), (-36.5, -17.152)]
986;200;;ВХОД;0;4,00;[1510, 1511, 1513, 1512];[(31.675, -38.131), (33.675, -38.131), (33.675, -36.131), (31.675, -36.131)]
987;100;;;0;0,83;[159, 157, 1514, 1515];[(30.402, -28.424), (30.183, -28.424), (30.183, -32.198), (30.402, -32.198)]
988;100;;;0;0,05;[1515, 1514, 1516, 1517];[(30.402, -32.198), (30.183, -32.198), (30.183, -32.421), (30.402, -32.421)]
989;100;;;0;0,11;[168, 167, 1518, 1519];[(35.301, -27.717), (35.301, -28.424), (35.456, -28.424), (35.456, -27.717)]
990;100;;;0;0,49;[1518, 167, 1520, 1521];[(35.456, -28.424), (35.301, -28.424), (35.301, -31.598), (35.456, -31.598)]
991;100;;;0;0,04;[1521, 1520, 1522, 1523];[(35.456, -31.598), (35.301, -31.598), (35.301, -31.845), (35.456, -31.845)]
992;200;;TITLE;0;4,00;[1527, 1526, 1524, 1525];[(-4.145, 21.453), (-2.145, 21.453), (-2.145, 23.453), (-4.145, 23.453)]
993;1;;;0;0,36;[1528, 1531, 1530, 1529];[(32.544, -32.17), (32.544, -31.936), (30.99, -32.126), (30.99, -32.352)]
994;1;;;0;0,38;[1532, 1535, 1534, 1533];[(34.945, -31.887), (34.945, -31.642), (33.392, -31.832), (33.392, -32.07)]
995;100;;;0;0,13;[1517, 1529, 1530, 1515];[(30.402, -32.421), (30.99, -32.352), (30.99, -32.126), (30.402, -32.198)]
996;100;;;0;0,20;[1528, 1533, 1534, 1531];[(32.544, -32.17), (33.392, -32.07), (33.392, -31.832), (32.544, -31.936)]
997;1;;;0;17,02;[159, 1515, 1530, 1531, 1534, 1535, 1520, 167, 165, 163, 161];[(30.402, -28.424), (30.402, -32.198), (30.99, -32.126), (32.544, -31.936), (33.392, -31.832), (34.945, -31.642), (35.301, -31.598), (35.301, -28.424), (35.017, -28.424), (33.432, -28.424), (31.989, -28.424)]
998;100;;;0;0,09;[1532, 1522, 1520, 1535];[(34.945, -31.887), (35.301, -31.845), (35.301, -31.598), (34.945, -31.642)]
