ID;roomID;roomNo;Description;Area (m2);Vertex_Indices;World_Coords_XY
0;100;;;0,95;[12, 48, 38, 14];[(-6.643, 9.653), (-5.591, 9.653), (-5.591, 10.56), (-6.643, 10.56)]
1;100;;;11,49;[35, 44, 39, 28, 26, 24, 520, 521];[(-5.6, 26.743), (-5.591, 27.683), (-5.591, 35.855), (-6.826, 35.855), (-6.826, 27.538), (-6.826, 26.743), (-6.826, 26.543), (-5.608, 26.543)]
2;100;;;1,26;[28, 39, 34, 30];[(-6.826, 35.855), (-5.591, 35.855), (-5.591, 36.874), (-6.826, 36.874)]
3;100;;;10,03;[18, 46, 501, 508, 43, 20];[(-6.826, 14.785), (-5.591, 14.785), (-5.591, 17.794), (-5.591, 18.067), (-5.591, 22.905), (-6.826, 22.905)]
4;100;;;3,32;[14, 38, 37, 16];[(-6.643, 10.56), (-5.591, 10.56), (-5.591, 13.715), (-6.643, 13.715)]
5;100;;;1,22;[16, 37, 46, 18];[(-6.643, 13.715), (-5.591, 13.715), (-5.591, 14.785), (-6.826, 14.785)]
6;100;;;13,88;[10, 50, 48, 12];[(-6.643, -3.538), (-5.591, -3.538), (-5.591, 9.653), (-6.643, 9.653)]
7;100;;;7,02;[6, 47, 254, 257, 41, 8];[(-6.643, -11.044), (-5.591, -11.044), (-5.591, -8.876), (-5.591, -8.74), (-5.591, -4.372), (-6.643, -4.372)]
8;100;;;0,88;[8, 41, 50, 10];[(-6.643, -4.372), (-5.591, -4.372), (-5.591, -3.538), (-6.643, -3.538)]
9;100;;;0,82;[4, 45, 47, 6];[(-6.643, -11.828), (-5.591, -11.828), (-5.591, -11.044), (-6.643, -11.044)]
10;100;;;1,21;[33, 42, 40, 2, 1572];[(-6.643, -21.033), (-5.591, -21.033), (-5.591, -19.88), (-6.643, -19.88), (-6.643, -20.832)]
11;100;;;1,04;[0, 36, 53, 1559];[(-6.643, -30.518), (-5.591, -30.518), (-5.591, -29.533), (-6.643, -29.533)]
12;100;;;11,19;[40, 42, 225, 213, 121, 120, 166, 162, 124, 125];[(-5.591, -19.88), (-5.591, -21.033), (-1.902, -21.033), (-1.579, -21.033), (4.111, -21.033), (4.111, -19.88), (3.518, -19.88), (3.343, -19.88), (-2.595, -19.88), (-2.881, -19.88)]
13;11;;;116,29;[48, 50, 285, 287, 301, 300];[(-5.591, 9.653), (-5.591, -3.538), (-1.28, -3.538), (0.369, -3.538), (3.225, -3.538), (3.225, 9.653)]
14;3;;;6,16;[502, 501, 46, 486];[(-3.545, 17.794), (-5.591, 17.794), (-5.591, 14.785), (-3.545, 14.785)]
15;100;;;3,60;[50, 41, 260, 258, 284, 285];[(-5.591, -3.538), (-5.591, -4.372), (-1.773, -4.372), (-1.647, -4.372), (-1.28, -4.372), (-1.28, -3.538)]
16;100;;;10,54;[46, 37, 376, 374, 386, 385, 413, 476, 489, 494, 484, 486];[(-5.591, 14.785), (-5.591, 13.715), (3.884, 13.715), (4.135, 13.715), (4.263, 13.715), (4.263, 14.785), (4.16, 14.785), (3.07, 14.785), (0.381, 14.785), (0.064, 14.785), (-2.624, 14.785), (-3.545, 14.785)]
17;100;;;8,95;[38, 48, 300, 288, 370, 369, 373, 375];[(-5.591, 10.56), (-5.591, 9.653), (3.225, 9.653), (4.072, 9.653), (4.286, 9.653), (4.286, 10.56), (4.135, 10.56), (3.884, 10.56)]
18;3;;;0,56;[507, 508, 501, 502];[(-3.545, 18.067), (-5.591, 18.067), (-5.591, 17.794), (-3.545, 17.794)]
19;100;;;6,88;[47, 45, 147, 146, 61, 62, 262, 264];[(-5.591, -11.044), (-5.591, -11.828), (-3.462, -11.828), (-2.612, -11.828), (3.195, -11.828), (3.195, -11.044), (1.659, -11.044), (1.533, -11.044)]
20;100;;;5,85;[52, 60, 239, 229, 211, 210, 318, 307, 1];[(13.482, -29.533), (12.482, -29.533), (8.276, -29.533), (7.71, -29.533), (7.545, -29.533), (7.545, -30.518), (8.277, -30.518), (8.475, -30.518), (13.482, -30.518)]
21;100;;;7,44;[59, 58, 7, 1102, 1101, 9];[(12.373, -4.372), (12.373, -11.044), (13.482, -11.044), (13.482, -9.332), (13.482, -9.168), (13.482, -4.296)]
22;100;;;0,87;[58, 69, 68, 54, 5, 7];[(12.373, -11.044), (12.373, -11.202), (12.373, -11.51), (12.373, -11.828), (13.482, -11.828), (13.482, -11.044)]
23;1;;;1,55;[247, 56, 3, 246];[(12.373, -18.599), (12.373, -19.994), (13.482, -20.006), (13.482, -18.604)]
24;100;;;1,24;[1094, 1090, 1092, 1095];[(13.482, -20.597), (18.081, -20.573), (18.081, -20.309), (13.482, -20.319)]
25;100;;;2,37;[55, 1131, 1130, 32];[(12.482, -21.033), (12.482, -23.401), (13.482, -23.401), (13.482, -21.033)]
26;100;;;0,68;[63, 362, 364, 359, 64, 66, 67, 65];[(7.519, -11.044), (7.518, -11.269), (7.517, -11.431), (7.514, -11.824), (8.39, -11.828), (8.39, -11.51), (8.39, -11.202), (8.39, -11.044)]
27;100;;;1,23;[67, 66, 68, 69];[(8.39, -11.202), (8.39, -11.51), (12.373, -11.51), (12.373, -11.202)]
28;100;;;0,69;[62, 61, 358, 363, 361, 360, 70, 71];[(3.195, -11.044), (3.195, -11.828), (4.08, -11.824), (4.081, -11.431), (4.082, -11.269), (4.082, -11.045), (3.832, -11.044), (3.539, -11.044)]
29;100;;;0,47;[71, 70, 72, 73];[(3.539, -11.044), (3.832, -11.044), (3.832, -9.444), (3.539, -9.444)]
30;100;;;0,01;[73, 72, 74, 75];[(3.539, -9.444), (3.832, -9.444), (3.87, -9.427), (3.239, -9.427)]
31;100;;;0,49;[75, 74, 76, 77, 256, 255];[(3.239, -9.427), (3.87, -9.427), (3.87, -8.648), (3.239, -8.648), (3.239, -8.74), (3.239, -8.876)]
33;100;;;0,07;[79, 78, 80, 81];[(3.386, -8.648), (3.653, -8.648), (3.653, -8.369), (3.386, -8.369)]
34;1;;;0,27;[81, 80, 82, 83];[(3.386, -8.369), (3.653, -8.369), (3.653, -7.372), (3.386, -7.372)]
35;100;;;0,08;[83, 82, 84, 85];[(3.386, -7.372), (3.653, -7.372), (3.653, -7.074), (3.386, -7.074)]
36;100;;;0,00;[85, 84, 86, 87];[(3.386, -7.074), (3.653, -7.074), (3.885, -7.074), (3.241, -7.074)]
37;100;;;0,50;[87, 86, 88, 89];[(3.241, -7.074), (3.885, -7.074), (3.885, -6.296), (3.241, -6.296)]
39;100;;;0,46;[91, 90, 92, 93, 267, 270];[(3.578, -6.296), (3.826, -6.296), (3.823, -4.485), (3.579, -4.372), (3.578, -5.984), (3.578, -6.089)]
40;100;;;0,11;[63, 65, 95, 94];[(7.519, -11.044), (8.39, -11.044), (8.39, -10.92), (7.519, -10.92)]
42;100;;;0,49;[96, 97, 99, 98];[(7.745, -10.92), (8.077, -10.92), (8.077, -9.441), (7.745, -9.441)]
43;100;;;0,00;[98, 99, 101, 100];[(7.745, -9.441), (8.077, -9.441), (8.239, -9.441), (7.583, -9.441)]
44;100;;;0,53;[100, 101, 103, 102];[(7.583, -9.441), (8.239, -9.441), (8.239, -8.64), (7.583, -8.64)]
46;100;;;0,47;[104, 105, 107, 106];[(7.756, -8.64), (8.066, -8.64), (8.066, -7.139), (7.756, -7.139)]
48;100;;;0,50;[108, 109, 111, 110];[(7.592, -7.139), (8.23, -7.139), (8.23, -6.359), (7.592, -6.359)]
49;100;;;0,00;[110, 111, 113, 112];[(7.592, -6.359), (8.23, -6.359), (8.061, -6.359), (7.761, -6.359)]
50;100;;;0,13;[112, 113, 115, 114];[(7.761, -6.359), (8.061, -6.359), (8.061, -5.922), (7.761, -5.922)]
51;1;;;0,27;[114, 115, 117, 116];[(7.761, -5.922), (8.061, -5.922), (8.061, -5.033), (7.761, -5.033)]
52;100;;;0,18;[116, 117, 118, 119];[(7.761, -5.033), (8.061, -5.033), (8.064, -4.372), (7.767, -4.485)]
53;1;;;3,90;[120, 121, 252, 122, 123];[(4.111, -19.88), (4.111, -21.033), (6.782, -21.033), (7.496, -21.033), (7.496, -19.88)]
54;100;;;3,62;[123, 122, 228, 238, 356, 357, 245, 244];[(7.496, -19.88), (7.496, -21.033), (7.982, -21.033), (8.253, -21.033), (10.9, -21.033), (10.9, -19.994), (8.247, -19.994), (8.252, -19.88)]
55;100;;;0,57;[125, 124, 126, 127];[(-2.881, -19.88), (-2.595, -19.88), (-2.595, -17.9), (-2.881, -17.9)]
57;100;;;0,26;[128, 126, 130, 129];[(-3.085, -17.9), (-2.595, -17.9), (-2.595, -17.366), (-3.085, -17.366)]
59;9;;;0,43;[131, 130, 132, 133];[(-2.736, -17.366), (-2.595, -17.366), (-2.594, -14.335), (-2.736, -14.335)]
60;100;;;0,00;[133, 132, 134];[(-2.736, -14.335), (-2.594, -14.335), (-3.094, -14.335)]
61;100;;;0,27;[134, 132, 135, 136];[(-3.094, -14.335), (-2.594, -14.335), (-2.594, -13.791), (-3.094, -13.791)]
63;100;;;0,07;[138, 137, 139, 140];[(-2.835, -13.791), (-2.612, -13.791), (-2.612, -13.469), (-2.835, -13.469)]
64;1;;;1,04;[144, 141, 142, 145];[(-3.464, -13.286), (-2.612, -13.286), (-2.612, -12.063), (-3.464, -12.063)]
65;100;;;0,16;[141, 144, 143, 140, 139];[(-2.612, -13.286), (-3.464, -13.286), (-3.464, -13.469), (-2.835, -13.469), (-2.612, -13.469)]
66;100;;;0,20;[145, 142, 146, 147];[(-3.464, -12.063), (-2.612, -12.063), (-2.612, -11.828), (-3.462, -11.828)]
67;100;;;0,00;[143, 144, 148];[(-3.464, -13.469), (-3.464, -13.286), (-3.464, -13.372)]
68;100;;;0,08;[143, 148, 150, 149];[(-3.464, -13.469), (-3.464, -13.372), (-4.306, -13.372), (-4.306, -13.469)]
69;100;;;0,12;[150, 152, 151, 149];[(-4.306, -13.372), (-5.591, -13.377), (-5.591, -13.474), (-4.306, -13.469)]
70;9;;;17,60;[125, 127, 128, 129, 131, 133, 134, 136, 138, 140, 143, 149, 151, 40];[(-2.881, -19.88), (-2.881, -17.9), (-3.085, -17.9), (-3.085, -17.366), (-2.736, -17.366), (-2.736, -14.335), (-3.094, -14.335), (-3.094, -13.791), (-2.835, -13.791), (-2.835, -13.469), (-3.464, -13.469), (-4.306, -13.469), (-5.591, -13.474), (-5.591, -19.88)]
71;9;;;11,23;[153, 159, 155, 182, 181, 154, 156, 132];[(-2.594, -17.364), (0.531, -17.365), (1.115, -17.365), (1.115, -17.316), (1.115, -14.428), (1.115, -14.338), (0.519, -14.337), (-2.594, -14.335)]
72;100;;;0,32;[154, 157, 158, 156];[(1.115, -14.338), (1.115, -13.799), (0.519, -13.799), (0.519, -14.337)]
73;100;;;0,35;[159, 161, 174, 160, 167, 155];[(0.531, -17.365), (0.531, -17.964), (0.634, -17.964), (1.115, -17.964), (1.115, -17.819), (1.115, -17.365)]
74;2;;;10,92;[162, 165, 164, 163, 179, 177, 160, 174, 176, 175, 124];[(3.343, -19.88), (3.343, -18.077), (3.169, -18.077), (3.17, -17.964), (3.048, -17.964), (2.234, -17.964), (1.115, -17.964), (0.634, -17.964), (0.634, -18.1), (-2.594, -18.098), (-2.595, -19.88)]
75;100;;;0,90;[166, 172, 171, 170, 169, 168, 180, 179, 163, 164, 165, 162];[(3.518, -19.88), (3.519, -18.058), (3.926, -18.058), (3.926, -17.318), (3.167, -17.318), (3.167, -17.819), (3.048, -17.819), (3.048, -17.964), (3.17, -17.964), (3.169, -18.077), (3.343, -18.077), (3.343, -19.88)]
76;1;;;1,87;[173, 161, 159, 153];[(-2.594, -17.964), (0.531, -17.964), (0.531, -17.365), (-2.594, -17.364)]
77;100;;;0,44;[175, 176, 174, 161, 173];[(-2.594, -18.098), (0.634, -18.1), (0.634, -17.964), (0.531, -17.964), (-2.594, -17.964)]
78;100;;;0,16;[177, 178, 167, 160];[(2.234, -17.964), (2.234, -17.819), (1.115, -17.819), (1.115, -17.964)]
79;1;;;0,12;[179, 180, 178, 177];[(3.048, -17.964), (3.048, -17.819), (2.234, -17.819), (2.234, -17.964)]
80;1;;;20,59;[170, 193, 184, 183, 190, 189, 186, 185, 181, 182, 169];[(3.926, -17.318), (7.577, -17.318), (8.239, -17.318), (8.239, -14.429), (8.233, -14.429), (7.566, -14.429), (3.862, -14.428), (3.186, -14.428), (1.115, -14.428), (1.115, -17.316), (3.167, -17.318)]
81;1;;;1,03;[169, 182, 155, 167, 178, 180, 168];[(3.167, -17.318), (1.115, -17.316), (1.115, -17.365), (1.115, -17.819), (2.234, -17.819), (3.048, -17.819), (3.167, -17.819)]
82;100;;;0,47;[186, 188, 187, 185];[(3.862, -14.428), (3.862, -13.734), (3.186, -13.734), (3.186, -14.428)]
83;100;;;0,46;[190, 192, 191, 189];[(8.233, -14.429), (8.233, -13.736), (7.566, -13.736), (7.566, -14.429)]
84;100;;;0,48;[193, 195, 194, 184];[(7.577, -17.318), (7.578, -18.048), (8.239, -18.048), (8.239, -17.318)]
85;100;;;4,52;[196, 197, 212, 224, 53, 36, 306, 323];[(-1.002, -30.518), (-1.002, -29.533), (-1.396, -29.533), (-1.902, -29.533), (-5.591, -29.533), (-5.591, -30.518), (-1.292, -30.518), (-1.106, -30.518)]
86;1;;;1,43;[198, 199, 197, 196];[(0.447, -30.518), (0.447, -29.533), (-1.002, -29.533), (-1.002, -30.518)]
87;100;;;0,88;[200, 201, 199, 198];[(1.341, -30.518), (1.341, -29.533), (0.447, -29.533), (0.447, -30.518)]
88;100;;;7,51;[54, 247, 246, 1096, 1099, 5];[(12.373, -11.828), (12.373, -18.599), (13.482, -18.604), (13.482, -18.348), (13.482, -17.24), (13.482, -11.828)]
89;1;;;1,43;[202, 203, 201, 200];[(2.798, -30.518), (2.798, -29.533), (1.341, -29.533), (1.341, -30.518)]
90;100;;;0,79;[204, 205, 203, 202];[(3.597, -30.518), (3.597, -29.533), (2.798, -29.533), (2.798, -30.518)]
91;1;;;1,49;[206, 207, 205, 204];[(5.114, -30.518), (5.114, -29.533), (3.597, -29.533), (3.597, -30.518)]
92;100;;;0,88;[208, 209, 207, 206];[(6.007, -30.518), (6.007, -29.533), (5.114, -29.533), (5.114, -30.518)]
93;1;;;1,51;[210, 211, 209, 208];[(7.545, -30.518), (7.545, -29.533), (6.007, -29.533), (6.007, -30.518)]
94;100;;;3,59;[228, 237, 236, 235, 234, 251, 249, 233, 232, 231, 230, 229, 239, 243, 242, 241, 240, 238];[(7.982, -21.033), (7.983, -22.84), (7.662, -22.84), (7.662, -23.522), (7.972, -23.522), (7.972, -24.592), (7.972, -26.041), (7.972, -26.874), (7.613, -26.874), (7.613, -27.574), (7.71, -27.574), (7.71, -29.533), (8.276, -29.533), (8.276, -23.521), (8.402, -23.521), (8.402, -22.838), (8.253, -22.838), (8.253, -21.033)]
95;13;;;35,70;[238, 240, 241, 242, 243, 239, 60, 1136, 1135, 1133, 1131, 55, 354, 356];[(8.253, -21.033), (8.253, -22.838), (8.402, -22.838), (8.402, -23.521), (8.276, -23.521), (8.276, -29.533), (12.482, -29.533), (12.482, -26.738), (12.482, -25.668), (12.482, -24.446), (12.482, -23.401), (12.482, -21.033), (12.264, -21.033), (10.9, -21.033)]
96;12;;;16,68;[41, 257, 261, 282, 280, 260];[(-5.591, -4.372), (-5.591, -8.74), (-1.773, -8.74), (-1.773, -7.494), (-1.773, -6.533), (-1.773, -4.372)]
97;1;;;31,93;[249, 248, 217, 216, 215, 214, 212, 197, 199, 201, 203, 205, 207, 209, 211, 229, 230, 231, 232, 233];[(7.972, -26.041), (-1.544, -26.041), (-1.544, -26.887), (-1.178, -26.887), (-1.178, -27.574), (-1.396, -27.574), (-1.396, -29.533), (-1.002, -29.533), (0.447, -29.533), (1.341, -29.533), (2.798, -29.533), (3.597, -29.533), (5.114, -29.533), (6.007, -29.533), (7.545, -29.533), (7.71, -29.533), (7.71, -27.574), (7.613, -27.574), (7.613, -26.874), (7.972, -26.874)]
98;9;;;13,78;[251, 250, 248, 249];[(7.972, -24.592), (-1.544, -24.592), (-1.544, -26.041), (7.972, -26.041)]
99;2;;;2,77;[252, 253, 235, 236, 237, 228, 122];[(6.782, -21.033), (6.782, -23.522), (7.662, -23.522), (7.662, -22.84), (7.983, -22.84), (7.982, -21.033), (7.496, -21.033)]
100;2;;;3,91;[255, 275, 272, 263, 262, 62, 71, 73, 75];[(3.239, -8.876), (2.708, -8.876), (1.843, -8.876), (1.659, -8.876), (1.659, -11.044), (3.195, -11.044), (3.539, -11.044), (3.539, -9.444), (3.239, -9.427)]
101;100;;;0,07;[256, 274, 275, 255];[(3.239, -8.74), (2.708, -8.74), (2.708, -8.876), (3.239, -8.876)]
102;9;;;3,39;[258, 1537, 1536, 269, 286, 284];[(-1.647, -4.372), (-1.647, -5.995), (0.442, -5.995), (0.442, -4.372), (0.369, -4.372), (-1.28, -4.372)]
103;100;;;0,27;[260, 280, 281, 1537, 258];[(-1.773, -4.372), (-1.773, -6.533), (-1.647, -6.533), (-1.647, -5.995), (-1.647, -4.372)]
104;100;;;0,27;[262, 263, 265, 264];[(1.659, -11.044), (1.659, -8.876), (1.533, -8.876), (1.533, -11.044)]
105;12;;;15,45;[264, 265, 277, 279, 254, 47];[(1.533, -11.044), (1.533, -8.876), (-0.492, -8.876), (-1.34, -8.876), (-5.591, -8.876), (-5.591, -11.044)]
106;100;;;0,32;[272, 273, 276, 277, 265, 263];[(1.843, -8.876), (1.843, -8.74), (-0.492, -8.74), (-0.492, -8.876), (1.533, -8.876), (1.659, -8.876)]
107;1;;;0,12;[275, 274, 273, 272];[(2.708, -8.876), (2.708, -8.74), (1.843, -8.74), (1.843, -8.876)]
108;1;;;0,12;[277, 276, 278, 279];[(-0.492, -8.876), (-0.492, -8.74), (-1.34, -8.74), (-1.34, -8.876)]
109;100;;;0,58;[279, 278, 259, 261, 257, 254];[(-1.34, -8.876), (-1.34, -8.74), (-1.647, -8.74), (-1.773, -8.74), (-5.591, -8.74), (-5.591, -8.876)]
110;1;;;0,12;[281, 280, 282, 283];[(-1.647, -6.533), (-1.773, -6.533), (-1.773, -7.494), (-1.647, -7.494)]
111;100;;;0,16;[283, 282, 261, 259];[(-1.647, -7.494), (-1.773, -7.494), (-1.773, -8.74), (-1.647, -8.74)]
112;11;;;1,38;[285, 284, 286, 287];[(-1.28, -3.538), (-1.28, -4.372), (0.369, -4.372), (0.369, -3.538)]
113;100;;;3,32;[287, 286, 269, 266, 93, 92, 289, 290, 301];[(0.369, -3.538), (0.369, -4.372), (0.442, -4.372), (0.556, -4.372), (3.579, -4.372), (3.823, -4.485), (4.273, -4.485), (4.273, -3.538), (3.225, -3.538)]
114;1;;;46,21;[288, 292, 291, 290, 293, 297, 296, 302, 305, 295, 371, 370];[(4.072, 9.653), (4.072, -3.267), (4.273, -3.267), (4.273, -3.538), (7.308, -3.538), (7.308, -3.267), (7.585, -3.267), (7.585, -0.442), (7.585, 0.923), (7.585, 9.653), (7.258, 9.653), (4.286, 9.653)]
115;1;;;2,88;[290, 289, 294, 293];[(4.273, -3.538), (4.273, -4.485), (7.308, -4.485), (7.308, -3.538)]
116;100;;;7,32;[295, 305, 304, 299];[(7.585, 9.653), (7.585, 0.923), (8.423, 0.923), (8.423, 9.653)]
117;100;;;4,29;[293, 294, 119, 118, 59, 57, 298];[(7.308, -3.538), (7.308, -4.485), (7.767, -4.485), (8.064, -4.372), (12.373, -4.372), (12.373, -3.538), (8.423, -3.538)]
118;11;;Гимнастический зал;112,71;[299, 304, 303, 298, 57, 441, 451, 442];[(8.423, 9.653), (8.423, 0.923), (8.423, -0.442), (8.423, -3.538), (12.373, -3.538), (16.347, -3.533), (16.985, -2.84), (16.985, 9.653)]
119;100;;;11,22;[300, 301, 290, 291, 292, 288];[(3.225, 9.653), (3.225, -3.538), (4.273, -3.538), (4.273, -3.267), (4.072, -3.267), (4.072, 9.653)]
120;100;;;2,67;[303, 302, 296, 297, 293, 298];[(8.423, -0.442), (7.585, -0.442), (7.585, -3.267), (7.308, -3.267), (7.308, -3.538), (8.423, -3.538)]
121;1;;;1,14;[304, 305, 302, 303];[(8.423, 0.923), (7.585, 0.923), (7.585, -0.442), (8.423, -0.442)]
122;13;;;29,05;[59, 118, 117, 115, 113, 111, 109, 107, 105, 103, 101, 99, 97, 95, 65, 67, 69, 58];[(12.373, -4.372), (8.064, -4.372), (8.061, -5.033), (8.061, -5.922), (8.061, -6.359), (8.23, -6.359), (8.23, -7.139), (8.066, -7.139), (8.066, -8.64), (8.239, -8.64), (8.239, -9.441), (8.077, -9.441), (8.077, -10.92), (8.39, -10.92), (8.39, -11.044), (8.39, -11.202), (12.373, -11.202), (12.373, -11.044)]
123;1;;;14,54;[206, 204, 202, 200, 198, 196, 323, 324, 325, 326, 338, 340, 327, 328, 329, 330, 343, 345, 347, 349, 331, 332, 333, 334, 350, 352, 335, 336, 337, 318, 210, 208];[(5.114, -30.518), (3.597, -30.518), (2.798, -30.518), (1.341, -30.518), (0.447, -30.518), (-1.002, -30.518), (-1.106, -30.518), (-1.106, -31.836), (-0.607, -31.836), (-0.607, -32.16), (-0.485, -32.16), (0.748, -32.16), (0.879, -32.16), (0.879, -31.828), (1.693, -31.828), (1.693, -32.151), (1.824, -32.151), (2.996, -32.151), (4.307, -32.151), (5.47, -32.151), (5.575, -32.151), (5.575, -31.854), (6.336, -31.854), (6.336, -32.151), (6.433, -32.151), (7.724, -32.151), (7.805, -32.151), (7.805, -31.828), (8.277, -31.828), (8.277, -30.518), (7.545, -30.518), (6.007, -30.518)]
124;100;;;0,83;[318, 337, 336, 335, 352, 353, 321, 322, 309, 307];[(8.277, -30.518), (8.277, -31.828), (7.805, -31.828), (7.805, -32.151), (7.724, -32.151), (7.724, -32.282), (7.921, -32.283), (7.936, -32.742), (8.475, -32.747), (8.475, -30.518)]
125;100;;;0,83;[339, 338, 326, 325, 324, 323, 306, 308, 317, 314];[(-0.485, -32.268), (-0.485, -32.16), (-0.607, -32.16), (-0.607, -31.836), (-1.106, -31.836), (-1.106, -30.518), (-1.292, -30.518), (-1.292, -32.747), (-0.713, -32.743), (-0.71, -32.268)]
126;1;;;0,14;[341, 340, 338, 339];[(0.748, -32.272), (0.748, -32.16), (-0.485, -32.16), (-0.485, -32.268)]
127;100;;;0,74;[342, 343, 330, 329, 328, 327, 340, 341, 315, 316, 313, 310];[(1.824, -32.275), (1.824, -32.151), (1.693, -32.151), (1.693, -31.828), (0.879, -31.828), (0.879, -32.16), (0.748, -32.16), (0.748, -32.272), (0.937, -32.273), (0.931, -32.741), (1.659, -32.755), (1.671, -32.275)]
128;1;;;0,14;[344, 345, 343, 342];[(2.996, -32.275), (2.996, -32.151), (1.824, -32.151), (1.824, -32.275)]
129;100;;;0,16;[346, 347, 345, 344];[(4.307, -32.275), (4.307, -32.151), (2.996, -32.151), (2.996, -32.275)]
130;1;;;0,14;[348, 349, 347, 346];[(5.47, -32.275), (5.47, -32.151), (4.307, -32.151), (4.307, -32.275)]
131;100;;;0,67;[351, 350, 334, 333, 332, 331, 349, 348, 311, 312, 320, 319];[(6.433, -32.275), (6.433, -32.151), (6.336, -32.151), (6.336, -31.854), (5.575, -31.854), (5.575, -32.151), (5.47, -32.151), (5.47, -32.275), (5.618, -32.275), (5.612, -32.747), (6.298, -32.729), (6.318, -32.275)]
132;1;;;0,16;[353, 352, 350, 351];[(7.724, -32.282), (7.724, -32.151), (6.433, -32.151), (6.433, -32.275)]
133;100;;;0,17;[355, 354, 55, 56];[(12.264, -19.994), (12.264, -21.033), (12.482, -21.033), (12.373, -19.994)]
134;1;;;1,42;[357, 356, 354, 355];[(10.9, -19.994), (10.9, -21.033), (12.264, -21.033), (12.264, -19.994)]
135;1;;;0,38;[367, 366, 365, 368];[(6.968, -11.431), (6.968, -11.269), (4.631, -11.269), (4.63, -11.431)]
136;100;;;0,09;[367, 364, 362, 366];[(6.968, -11.431), (7.517, -11.431), (7.518, -11.269), (6.968, -11.269)]
137;1;;;26,43;[361, 365, 366, 362, 63, 94, 96, 98, 100, 102, 104, 106, 108, 110, 112, 114, 116, 119, 294, 289, 92, 90, 88, 86, 84, 82, 80, 78, 76, 74, 72, 70, 360];[(4.082, -11.269), (4.631, -11.269), (6.968, -11.269), (7.518, -11.269), (7.519, -11.044), (7.519, -10.92), (7.745, -10.92), (7.745, -9.441), (7.583, -9.441), (7.583, -8.64), (7.756, -8.64), (7.756, -7.139), (7.592, -7.139), (7.592, -6.359), (7.761, -6.359), (7.761, -5.922), (7.761, -5.033), (7.767, -4.485), (7.308, -4.485), (4.273, -4.485), (3.823, -4.485), (3.826, -6.296), (3.885, -6.296), (3.885, -7.074), (3.653, -7.074), (3.653, -7.372), (3.653, -8.369), (3.653, -8.648), (3.87, -8.648), (3.87, -9.427), (3.832, -9.444), (3.832, -11.044), (4.082, -11.045)]
138;100;;;0,09;[363, 368, 365, 361];[(4.081, -11.431), (4.63, -11.431), (4.631, -11.269), (4.082, -11.269)]
139;1;;;74,32;[56, 247, 54, 68, 66, 64, 359, 364, 367, 368, 363, 358, 61, 146, 142, 141, 139, 137, 135, 132, 156, 158, 157, 154, 181, 185, 187, 188, 186, 189, 191, 192, 190, 183, 184, 194, 195, 193, 170, 171, 172, 166, 120, 123, 244, 245, 357, 355];[(12.373, -19.994), (12.373, -18.599), (12.373, -11.828), (12.373, -11.51), (8.39, -11.51), (8.39, -11.828), (7.514, -11.824), (7.517, -11.431), (6.968, -11.431), (4.63, -11.431), (4.081, -11.431), (4.08, -11.824), (3.195, -11.828), (-2.612, -11.828), (-2.612, -12.063), (-2.612, -13.286), (-2.612, -13.469), (-2.612, -13.791), (-2.594, -13.791), (-2.594, -14.335), (0.519, -14.337), (0.519, -13.799), (1.115, -13.799), (1.115, -14.338), (1.115, -14.428), (3.186, -14.428), (3.186, -13.734), (3.862, -13.734), (3.862, -14.428), (7.566, -14.429), (7.566, -13.736), (8.233, -13.736), (8.233, -14.429), (8.239, -14.429), (8.239, -17.318), (8.239, -18.048), (7.578, -18.048), (7.577, -17.318), (3.926, -17.318), (3.926, -18.058), (3.519, -18.058), (3.518, -19.88), (4.111, -19.88), (7.496, -19.88), (8.252, -19.88), (8.247, -19.994), (10.9, -19.994), (12.264, -19.994)]
140;1;;;2,69;[369, 370, 371, 372];[(4.286, 10.56), (4.286, 9.653), (7.258, 9.653), (7.258, 10.56)]
141;100;;;8,82;[372, 371, 295, 299, 442, 443, 381, 383, 377, 379];[(7.258, 10.56), (7.258, 9.653), (7.585, 9.653), (8.423, 9.653), (16.985, 9.653), (16.985, 10.56), (12.169, 10.56), (12.018, 10.56), (7.523, 10.56), (7.346, 10.56)]
142;100;;;6,00;[399, 400, 380, 378, 384, 382, 452, 453, 437, 402];[(7.108, 14.785), (7.108, 13.715), (7.346, 13.715), (7.523, 13.715), (12.018, 13.715), (12.169, 13.715), (12.715, 13.715), (12.715, 14.785), (9.119, 14.785), (7.514, 14.785)]
143;1;;;3,04;[385, 386, 400, 399];[(4.263, 14.785), (4.263, 13.715), (7.108, 13.715), (7.108, 14.785)]
144;1;;;0,27;[387, 390, 389, 388];[(3.884, 11.608), (4.135, 11.608), (4.135, 12.667), (3.884, 12.667)]
145;100;;;0,26;[376, 388, 389, 374];[(3.884, 13.715), (3.884, 12.667), (4.135, 12.667), (4.135, 13.715)]
146;8;146;;29,89;[37, 38, 375, 387, 388, 376];[(-5.591, 13.715), (-5.591, 10.56), (3.884, 10.56), (3.884, 11.608), (3.884, 12.667), (3.884, 13.715)]
147;100;;;0,26;[387, 375, 373, 390];[(3.884, 11.608), (3.884, 10.56), (4.135, 10.56), (4.135, 11.608)]
148;1;;;0,19;[391, 394, 393, 392];[(7.346, 11.604), (7.523, 11.604), (7.523, 12.67), (7.346, 12.67)]
149;1;;;10,13;[374, 389, 390, 373, 369, 372, 379, 391, 392, 380, 400, 386];[(4.135, 13.715), (4.135, 12.667), (4.135, 11.608), (4.135, 10.56), (4.286, 10.56), (7.258, 10.56), (7.346, 10.56), (7.346, 11.604), (7.346, 12.67), (7.346, 13.715), (7.108, 13.715), (4.263, 13.715)]
150;100;;;0,18;[380, 392, 393, 378];[(7.346, 13.715), (7.346, 12.67), (7.523, 12.67), (7.523, 13.715)]
151;100;;;0,18;[391, 379, 377, 394];[(7.346, 11.604), (7.346, 10.56), (7.523, 10.56), (7.523, 11.604)]
152;100;;;1,75;[406, 403, 435, 434];[(7.514, 26.743), (7.514, 24.627), (8.34, 24.627), (8.34, 26.743)]
153;2;;;0,13;[395, 398, 397, 396];[(12.018, 11.857), (12.169, 11.857), (12.169, 12.698), (12.018, 12.698)]
154;2;;;14,18;[378, 393, 394, 377, 383, 395, 396, 384];[(7.523, 13.715), (7.523, 12.67), (7.523, 11.604), (7.523, 10.56), (12.018, 10.56), (12.018, 11.857), (12.018, 12.698), (12.018, 13.715)]
155;100;;;0,15;[384, 396, 397, 382];[(12.018, 13.715), (12.018, 12.698), (12.169, 12.698), (12.169, 13.715)]
156;100;;;0,20;[395, 383, 381, 398];[(12.018, 11.857), (12.018, 10.56), (12.169, 10.56), (12.169, 11.857)]
157;2;;;15,19;[382, 397, 398, 381, 443, 445, 455, 452];[(12.169, 13.715), (12.169, 12.698), (12.169, 11.857), (12.169, 10.56), (16.985, 10.56), (16.985, 13.715), (13.773, 13.715), (12.715, 13.715)]
158;100;;;0,58;[405, 408, 407, 406, 434, 436];[(7.823, 27.683), (7.823, 27.047), (7.514, 27.047), (7.514, 26.743), (8.34, 26.743), (8.34, 27.683)]
159;1;;;12,01;[428, 430, 431, 432, 427, 425, 413, 385, 399, 402];[(7.514, 17.256), (6.451, 17.256), (6.451, 19.82), (5.073, 19.82), (5.073, 17.456), (4.16, 17.456), (4.16, 14.785), (4.263, 14.785), (7.108, 14.785), (7.514, 14.785)]
160;100;;;8,85;[477, 476, 413, 425, 419, 414];[(3.07, 22.905), (3.07, 14.785), (4.16, 14.785), (4.16, 17.456), (4.16, 20.429), (4.16, 22.905)]
161;100;;;3,39;[454, 455, 445, 446];[(13.773, 14.785), (13.773, 13.715), (16.985, 13.715), (16.897, 14.785)]
162;9;;;3,37;[420, 429, 431, 430, 428];[(7.514, 20.429), (6.451, 20.429), (6.451, 19.82), (6.451, 17.256), (7.514, 17.256)]
163;9;;;0,84;[432, 431, 429, 426];[(5.073, 19.82), (6.451, 19.82), (6.451, 20.429), (5.073, 20.429)]
164;1;;;0,29;[421, 424, 423, 422];[(7.219, 26.743), (7.219, 27.047), (6.275, 27.047), (6.275, 26.743)]
165;100;;;0,64;[422, 423, 418, 416];[(6.275, 26.743), (6.275, 27.047), (4.16, 27.047), (4.16, 26.743)]
166;9;;;2,71;[425, 427, 432, 426, 419];[(4.16, 17.456), (5.073, 17.456), (5.073, 19.82), (5.073, 20.429), (4.16, 20.429)]
167;100;;;0,09;[407, 424, 421, 406];[(7.514, 27.047), (7.219, 27.047), (7.219, 26.743), (7.514, 26.743)]
168;100;;;1,13;[453, 452, 455, 454];[(12.715, 14.785), (12.715, 13.715), (13.773, 13.715), (13.773, 14.785)]
169;100;;;0,09;[456, 464, 465, 459];[(10.192, 23.739), (10.192, 23.205), (10.358, 23.205), (10.358, 23.739)]
170;100;;;0,97;[449, 448, 21, 23];[(17.01, 24.627), (16.897, 23.739), (18.051, 23.739), (18.051, 24.627)]
171;100;;;2,20;[447, 449, 23, 25];[(17.01, 26.743), (17.01, 24.627), (18.051, 24.627), (18.051, 26.743)]
172;100;;;8,51;[444, 450, 27, 29];[(17.01, 35.855), (17.01, 27.683), (18.051, 27.683), (18.051, 35.855)]
173;100;;;0,98;[450, 447, 25, 27];[(17.01, 27.683), (17.01, 26.743), (18.051, 26.743), (18.051, 27.683)]
174;100;;;3,36;[445, 443, 15, 17];[(16.985, 13.715), (16.985, 10.56), (18.051, 10.56), (18.051, 13.715)]
175;100;;;10,34;[448, 460, 457, 446, 19, 21];[(16.897, 23.739), (16.897, 21.21), (16.897, 21.044), (16.897, 14.785), (18.051, 14.785), (18.051, 23.739)]
176;100;;;0,97;[443, 442, 13, 15];[(16.985, 10.56), (16.985, 9.653), (18.051, 9.653), (18.051, 10.56)]
177;100;;;1,19;[446, 445, 17, 19];[(16.897, 14.785), (16.985, 13.715), (18.051, 13.715), (18.051, 14.785)]
178;100;;;1,24;[463, 462, 458, 457, 460, 461];[(10.358, 21.955), (10.192, 21.955), (10.192, 21.044), (16.897, 21.044), (16.897, 21.21), (10.358, 21.21)]
179;100;;;0,21;[465, 464, 462, 463];[(10.358, 23.205), (10.192, 23.205), (10.192, 21.955), (10.358, 21.955)]
180;100;;;0,86;[478, 479, 416, 418, 417, 415];[(3.07, 27.683), (3.07, 26.743), (4.16, 26.743), (4.16, 27.047), (3.906, 27.047), (3.906, 27.683)]
181;1;;;1,38;[470, 469, 468, 471];[(7.514, 21.294), (8.557, 21.294), (8.557, 22.619), (7.514, 22.619)]
182;100;;;7,12;[469, 470, 420, 428, 402, 437, 440, 439];[(8.557, 21.294), (7.514, 21.294), (7.514, 20.429), (7.514, 17.256), (7.514, 14.785), (9.119, 14.785), (9.119, 15.38), (8.557, 15.38)]
183;5;;;56,27;[438, 468, 469, 439, 440, 437, 453, 454, 446, 457, 458, 462, 464, 456];[(8.557, 23.739), (8.557, 22.619), (8.557, 21.294), (8.557, 15.38), (9.119, 15.38), (9.119, 14.785), (12.715, 14.785), (13.773, 14.785), (16.897, 14.785), (16.897, 21.044), (10.192, 21.044), (10.192, 21.955), (10.192, 23.205), (10.192, 23.739)]
184;100;;;1,17;[404, 471, 468, 438];[(7.514, 23.739), (7.514, 22.619), (8.557, 22.619), (8.557, 23.739)]
185;5;;;1,17;[472, 475, 474, 473];[(16.179, 23.739), (16.179, 24.627), (14.858, 24.627), (14.858, 23.739)]
186;100;;;0,69;[475, 472, 448, 449];[(16.179, 24.627), (16.179, 23.739), (16.897, 23.739), (17.01, 24.627)]
187;5;;;16,54;[459, 465, 463, 461, 460, 448, 472, 473];[(10.358, 23.739), (10.358, 23.205), (10.358, 21.955), (10.358, 21.21), (16.897, 21.21), (16.897, 23.739), (16.179, 23.739), (14.858, 23.739)]
188;100;;;6,52;[403, 404, 438, 456, 459, 473, 474, 435];[(7.514, 24.627), (7.514, 23.739), (8.557, 23.739), (10.192, 23.739), (10.358, 23.739), (14.858, 23.739), (14.858, 24.627), (8.34, 24.627)]
189;100;;;0,97;[466, 477, 414, 412];[(3.07, 23.792), (3.07, 22.905), (4.16, 22.905), (4.16, 23.792)]
190;3;;;21,82;[485, 484, 494, 493, 497, 499];[(-2.624, 22.905), (-2.624, 14.785), (0.064, 14.785), (0.064, 22.905), (-0.611, 22.905), (-1.52, 22.905)]
191;100;;;7,48;[487, 507, 502, 486, 484, 485];[(-3.545, 22.905), (-3.545, 18.067), (-3.545, 17.794), (-3.545, 14.785), (-2.624, 14.785), (-2.624, 22.905)]
192;3;;;21,78;[488, 492, 491, 489, 476, 477, 495];[(0.577, 22.905), (0.577, 22.645), (0.381, 22.645), (0.381, 14.785), (3.07, 14.785), (3.07, 22.905), (1.497, 22.905)]
193;1;;;0,82;[490, 488, 495, 496];[(0.577, 23.792), (0.577, 22.905), (1.497, 22.905), (1.497, 23.792)]
194;100;;;2,63;[493, 494, 489, 491, 492, 488];[(0.064, 22.905), (0.064, 14.785), (0.381, 14.785), (0.381, 22.645), (0.577, 22.645), (0.577, 22.905)]
195;100;;;1,40;[496, 495, 477, 466];[(1.497, 23.792), (1.497, 22.905), (3.07, 22.905), (3.07, 23.792)]
196;100;;;1,05;[498, 497, 493, 488, 490];[(-0.611, 23.792), (-0.611, 22.905), (0.064, 22.905), (0.577, 22.905), (0.577, 23.792)]
197;1;;;0,81;[500, 499, 497, 498];[(-1.52, 23.792), (-1.52, 22.905), (-0.611, 22.905), (-0.611, 23.792)]
198;1;;;1,20;[505, 504, 503, 506];[(-3.868, 22.905), (-3.868, 23.792), (-5.223, 23.792), (-5.223, 22.905)]
199;100;;;2,08;[504, 505, 487, 485, 499, 500];[(-3.868, 23.792), (-3.868, 22.905), (-3.545, 22.905), (-2.624, 22.905), (-1.52, 22.905), (-1.52, 23.792)]
200;100;;;0,33;[49, 43, 506, 503];[(-5.591, 23.792), (-5.591, 22.905), (-5.223, 22.905), (-5.223, 23.792)]
201;3;;;9,89;[43, 508, 507, 487, 505, 506];[(-5.591, 22.905), (-5.591, 18.067), (-3.545, 18.067), (-3.545, 22.905), (-3.868, 22.905), (-5.223, 22.905)]
202;100;;;12,90;[28, 30, 516, 515, 526, 530, 531];[(-6.826, 35.855), (-6.826, 36.874), (-19.496, 36.874), (-19.496, 35.855), (-18.62, 35.855), (-11.77, 35.855), (-11.483, 35.855)]
203;100;;;3,27;[570, 574, 580, 550, 548, 569];[(-13.238, 16.062), (-13.238, 18.894), (-13.238, 19.058), (-13.238, 22.905), (-13.716, 22.905), (-13.716, 16.062)]
204;100;;;13,85;[16, 18, 541, 566, 549, 547, 525, 510, 509];[(-6.643, 13.715), (-6.826, 14.785), (-11.009, 14.785), (-11.16, 14.785), (-13.238, 14.785), (-13.716, 14.785), (-18.62, 14.785), (-19.677, 14.785), (-19.677, 13.715)]
205;100;;;0,41;[574, 573, 579, 580];[(-13.238, 18.894), (-10.745, 18.894), (-10.745, 19.058), (-13.238, 19.058)]
206;100;;;0,84;[519, 527, 512, 511];[(-18.62, 22.905), (-18.62, 23.698), (-19.677, 23.698), (-19.677, 22.905)]
207;100;;;0,19;[527, 1545, 1544, 512];[(-18.62, 23.698), (-18.62, 23.88), (-19.677, 23.88), (-19.677, 23.698)]
208;100;;;0,84;[524, 528, 514, 513];[(-18.62, 26.743), (-18.62, 27.538), (-19.677, 27.538), (-19.677, 26.743)]
209;100;;;8,58;[525, 519, 511, 623, 632, 510];[(-18.62, 14.785), (-18.62, 22.905), (-19.677, 22.905), (-19.677, 21.24), (-19.677, 20.298), (-19.677, 14.785)]
210;100;;;8,21;[528, 526, 515, 518, 517, 622, 514];[(-18.62, 27.538), (-18.62, 35.855), (-19.496, 35.855), (-19.481, 32.764), (-19.677, 32.755), (-19.677, 29.308), (-19.677, 27.538)]
211;100;;;0,17;[549, 572, 571, 547];[(-13.238, 14.785), (-13.238, 15.146), (-13.716, 15.146), (-13.716, 14.785)]
212;1;;;0,82;[535, 534, 533, 536];[(-15.032, 26.743), (-15.032, 27.538), (-16.064, 27.538), (-16.064, 26.743)]
213;1;;;0,82;[539, 538, 537, 540];[(-7.855, 26.743), (-7.855, 27.538), (-8.887, 27.538), (-8.887, 26.743)]
214;100;;;2,03;[536, 533, 528, 524];[(-16.064, 26.743), (-16.064, 27.538), (-18.62, 27.538), (-18.62, 26.743)]
215;100;;;0,44;[572, 570, 569, 571];[(-13.238, 15.146), (-13.238, 16.062), (-13.716, 16.062), (-13.716, 15.146)]
216;100;;;4,88;[540, 537, 532, 529, 534, 535];[(-8.887, 26.743), (-8.887, 27.538), (-11.483, 27.538), (-11.77, 27.538), (-15.032, 27.538), (-15.032, 26.743)]
217;15;143;;39,82;[547, 571, 569, 548, 553, 554, 519, 525];[(-13.716, 14.785), (-13.716, 15.146), (-13.716, 16.062), (-13.716, 22.905), (-14.956, 22.905), (-16.033, 22.905), (-18.62, 22.905), (-18.62, 14.785)]
218;100;;;0,82;[24, 26, 538, 539];[(-6.826, 26.743), (-6.826, 27.538), (-7.855, 27.538), (-7.855, 26.743)]
219;14;;;0,22;[543, 546, 545, 544];[(-11.77, 30.543), (-11.483, 30.543), (-11.483, 31.306), (-11.77, 31.306)]
220;100;;;0,86;[532, 546, 543, 529];[(-11.483, 27.538), (-11.483, 30.543), (-11.77, 30.543), (-11.77, 27.538)]
221;14;123;;56,97;[529, 543, 544, 530, 526, 528, 533, 534];[(-11.77, 27.538), (-11.77, 30.543), (-11.77, 31.306), (-11.77, 35.855), (-18.62, 35.855), (-18.62, 27.538), (-16.064, 27.538), (-15.032, 27.538)]
222;100;;;1,31;[544, 545, 531, 530];[(-11.77, 31.306), (-11.483, 31.306), (-11.483, 35.855), (-11.77, 35.855)]
223;14;122;;38,74;[26, 28, 531, 545, 546, 532, 537, 538];[(-6.826, 27.538), (-6.826, 35.855), (-11.483, 35.855), (-11.483, 31.306), (-11.483, 30.543), (-11.483, 27.538), (-8.887, 27.538), (-7.855, 27.538)]
224;1;;;0,85;[551, 554, 553, 552];[(-16.033, 23.698), (-16.033, 22.905), (-14.956, 22.905), (-14.956, 23.698)]
225;1;;;0,85;[557, 556, 555, 558];[(-12.751, 23.698), (-12.751, 22.905), (-11.674, 22.905), (-11.674, 23.698)]
226;1;;;0,85;[559, 562, 561, 560];[(-9.036, 23.698), (-9.036, 22.905), (-7.959, 22.905), (-7.959, 23.698)]
227;100;;;1,75;[556, 557, 552, 553, 548, 550];[(-12.751, 22.905), (-12.751, 23.698), (-14.956, 23.698), (-14.956, 22.905), (-13.716, 22.905), (-13.238, 22.905)]
228;100;;;2,05;[554, 551, 527, 519];[(-16.033, 22.905), (-16.033, 23.698), (-18.62, 23.698), (-18.62, 22.905)]
229;2;144;;9,59;[580, 579, 565, 555, 556, 550];[(-13.238, 19.058), (-10.745, 19.058), (-10.745, 22.905), (-11.674, 22.905), (-12.751, 22.905), (-13.238, 22.905)]
230;100;;;2,09;[562, 559, 558, 555, 565, 542];[(-9.036, 22.905), (-9.036, 23.698), (-11.674, 23.698), (-11.674, 22.905), (-10.745, 22.905), (-10.329, 22.905)]
231;100;;;0,90;[20, 22, 560, 561];[(-6.826, 22.905), (-6.826, 23.698), (-7.959, 23.698), (-7.959, 22.905)]
232;100;;;1,27;[49, 523, 522, 22, 20, 43];[(-5.591, 23.792), (-5.595, 23.933), (-6.826, 23.933), (-6.826, 23.698), (-6.826, 22.905), (-5.591, 22.905)]
233;100;;;0,14;[577, 576, 575, 578];[(-11.16, 15.119), (-11.009, 15.119), (-11.009, 16.061), (-11.16, 16.061)]
234;100;;;2,82;[578, 575, 563, 564, 542, 565, 579, 573, 567, 568];[(-11.16, 16.061), (-11.009, 16.061), (-11.009, 16.467), (-10.329, 16.467), (-10.329, 22.905), (-10.745, 22.905), (-10.745, 19.058), (-10.745, 18.894), (-10.745, 16.668), (-11.16, 16.668)]
235;15;145;;29,59;[18, 20, 561, 562, 542, 564, 563, 575, 576, 541];[(-6.826, 14.785), (-6.826, 22.905), (-7.959, 22.905), (-9.036, 22.905), (-10.329, 22.905), (-10.329, 16.467), (-11.009, 16.467), (-11.009, 16.061), (-11.009, 15.119), (-11.009, 14.785)]
236;100;;;0,05;[541, 576, 577, 566];[(-11.009, 14.785), (-11.009, 15.119), (-11.16, 15.119), (-11.16, 14.785)]
237;2;;;9,46;[566, 577, 578, 568, 567, 573, 574, 570, 572, 549];[(-11.16, 14.785), (-11.16, 15.119), (-11.16, 16.061), (-11.16, 16.668), (-10.745, 16.668), (-10.745, 18.894), (-13.238, 18.894), (-13.238, 16.062), (-13.238, 15.146), (-13.238, 14.785)]
238;1;;;2,90;[583, 582, 581, 584];[(3.07, 23.939), (4.16, 23.939), (4.16, 26.596), (3.07, 26.596)]
239;1;;;21,18;[416, 581, 582, 412, 414, 419, 426, 429, 420, 470, 471, 404, 403, 406, 421, 422];[(4.16, 26.743), (4.16, 26.596), (4.16, 23.939), (4.16, 23.792), (4.16, 22.905), (4.16, 20.429), (5.073, 20.429), (6.451, 20.429), (7.514, 20.429), (7.514, 21.294), (7.514, 22.619), (7.514, 23.739), (7.514, 24.627), (7.514, 26.743), (7.219, 26.743), (6.275, 26.743)]
240;100;;;0,16;[479, 584, 581, 416];[(3.07, 26.743), (3.07, 26.596), (4.16, 26.596), (4.16, 26.743)]
241;100;;;0,16;[583, 466, 412, 582];[(3.07, 23.939), (3.07, 23.792), (4.16, 23.792), (4.16, 23.939)]
242;100;;;1,33;[588, 590, 589, 586, 587, 585];[(0.859, 35.855), (1.614, 34.051), (1.614, 27.683), (1.765, 27.683), (1.765, 34.157), (1.07, 35.855)]
243;1;;;1,22;[591, 594, 593, 592];[(1.514, 26.743), (1.514, 27.683), (0.219, 27.683), (0.219, 26.743)]
244;1;;;64,69;[24, 539, 540, 535, 536, 524, 1543, 1545, 527, 551, 552, 557, 558, 559, 560, 22, 522, 523, 49, 503, 504, 500, 498, 490, 496, 466, 583, 584, 479, 591, 592, 35, 521, 520];[(-6.826, 26.743), (-7.855, 26.743), (-8.887, 26.743), (-15.032, 26.743), (-16.064, 26.743), (-18.62, 26.743), (-18.62, 25.058), (-18.62, 23.88), (-18.62, 23.698), (-16.033, 23.698), (-14.956, 23.698), (-12.751, 23.698), (-11.674, 23.698), (-9.036, 23.698), (-7.959, 23.698), (-6.826, 23.698), (-6.826, 23.933), (-5.595, 23.933), (-5.591, 23.792), (-5.223, 23.792), (-3.868, 23.792), (-1.52, 23.792), (-0.611, 23.792), (0.577, 23.792), (1.497, 23.792), (3.07, 23.792), (3.07, 23.939), (3.07, 26.596), (3.07, 26.743), (1.514, 26.743), (0.219, 26.743), (-5.6, 26.743), (-5.608, 26.543), (-6.826, 26.543)]
245;100;;;1,46;[594, 591, 479, 478, 586, 589];[(1.514, 27.683), (1.514, 26.743), (3.07, 26.743), (3.07, 27.683), (1.765, 27.683), (1.614, 27.683)]
246;100;;;5,46;[44, 35, 592, 593];[(-5.591, 27.683), (-5.6, 26.743), (0.219, 26.743), (0.219, 27.683)]
247;8;121;;58,20;[39, 44, 593, 594, 589, 590, 588];[(-5.591, 35.855), (-5.591, 27.683), (0.219, 27.683), (1.514, 27.683), (1.614, 27.683), (1.614, 34.051), (0.859, 35.855)]
248;2;;;0,98;[595, 598, 597, 596];[(3.07, 30.417), (3.906, 30.417), (3.906, 31.59), (3.07, 31.59)]
249;2;;;11,76;[585, 587, 586, 478, 595, 596, 480, 481, 482, 483, 467];[(1.07, 35.855), (1.765, 34.157), (1.765, 27.683), (3.07, 27.683), (3.07, 30.417), (3.07, 31.59), (3.07, 33.565), (3.396, 33.565), (3.396, 35.124), (3.07, 35.124), (3.07, 35.855)]
250;100;;;3,06;[467, 483, 482, 481, 480, 596, 597, 411];[(3.07, 35.855), (3.07, 35.124), (3.396, 35.124), (3.396, 33.565), (3.07, 33.565), (3.07, 31.59), (3.906, 31.59), (3.906, 35.855)]
251;100;;;2,29;[598, 595, 478, 415];[(3.906, 30.417), (3.07, 30.417), (3.07, 27.683), (3.906, 27.683)]
252;2;;;0,97;[601, 604, 603, 602];[(7.514, 31.122), (8.34, 31.122), (8.34, 32.298), (7.514, 32.298)]
253;2;;;0,97;[607, 606, 605, 608];[(7.514, 34.219), (8.34, 34.219), (8.34, 35.395), (7.514, 35.395)]
254;100;;;2,61;[604, 601, 410, 409, 405, 436];[(8.34, 31.122), (7.514, 31.122), (7.514, 28.425), (7.823, 28.425), (7.823, 27.683), (8.34, 27.683)]
255;100;;;1,59;[606, 607, 602, 603];[(8.34, 34.219), (7.514, 34.219), (7.514, 32.298), (8.34, 32.298)]
256;6;;;97,36;[436, 434, 435, 474, 475, 449, 447, 450, 444, 433, 605, 606, 603, 604];[(8.34, 27.683), (8.34, 26.743), (8.34, 24.627), (14.858, 24.627), (16.179, 24.627), (17.01, 24.627), (17.01, 26.743), (17.01, 27.683), (17.01, 35.855), (8.34, 35.855), (8.34, 35.395), (8.34, 34.219), (8.34, 32.298), (8.34, 31.122)]
257;100;;;0,38;[401, 608, 605, 433];[(7.514, 35.855), (7.514, 35.395), (8.34, 35.395), (8.34, 35.855)]
258;100;;;1,05;[609, 612, 611, 610];[(5.127, 35.855), (5.127, 36.874), (4.099, 36.874), (4.099, 35.855)]
259;2;;;32,21;[415, 417, 418, 423, 424, 407, 408, 405, 409, 410, 601, 602, 607, 608, 401, 609, 610, 411, 597, 598];[(3.906, 27.683), (3.906, 27.047), (4.16, 27.047), (6.275, 27.047), (7.219, 27.047), (7.514, 27.047), (7.823, 27.047), (7.823, 27.683), (7.823, 28.425), (7.514, 28.425), (7.514, 31.122), (7.514, 32.298), (7.514, 34.219), (7.514, 35.395), (7.514, 35.855), (5.127, 35.855), (4.099, 35.855), (3.906, 35.855), (3.906, 31.59), (3.906, 30.417)]
260;100;;;9,87;[34, 39, 588, 585, 467, 411, 610, 611];[(-5.591, 36.874), (-5.591, 35.855), (0.859, 35.855), (1.07, 35.855), (3.07, 35.855), (3.906, 35.855), (4.099, 35.855), (4.099, 36.874)]
261;100;;;13,16;[612, 609, 401, 433, 444, 29, 31];[(5.127, 36.874), (5.127, 35.855), (7.514, 35.855), (8.34, 35.855), (17.01, 35.855), (18.051, 35.855), (18.051, 36.874)]
262;100;;;46,04;[659, 717, 660, 718, 667, 661, 662, 663, 680, 679, 664, 665, 666, 625, 626, 627, 622, 517, 616, 621, 620, 619, 618, 617, 613, 614, 615, 599, 645];[(-42.661, 19.06), (-42.661, 21.247), (-42.661, 29.359), (-37.28, 29.359), (-36.296, 29.359), (-36.133, 29.359), (-36.133, 29.704), (-35.39, 30.828), (-30.494, 30.828), (-30.113, 30.828), (-26.831, 30.828), (-25.852, 29.595), (-25.852, 28.906), (-24.709, 28.909), (-24.438, 28.909), (-24.438, 29.308), (-19.677, 29.308), (-19.677, 32.755), (-19.986, 32.755), (-19.986, 31.125), (-21.708, 31.125), (-21.708, 30.327), (-24.628, 30.327), (-24.628, 31.832), (-37.374, 31.832), (-37.374, 30.309), (-43.677, 30.309), (-43.677, 14.785), (-42.661, 14.785)]
263;100;;;13,56;[509, 510, 641, 643, 633, 644, 707, 705, 747, 746, 776, 758, 748];[(-19.677, 13.715), (-19.677, 14.785), (-22.41, 14.785), (-22.651, 14.785), (-26.384, 14.785), (-27.031, 14.785), (-31.46, 14.785), (-32.186, 14.963), (-32.273, 14.963), (-32.273, 13.715), (-31.97, 13.715), (-30.968, 13.715), (-30.949, 13.715)]
264;1;;;1,55;[746, 747, 740, 741];[(-32.273, 13.715), (-32.273, 14.963), (-33.515, 14.963), (-33.515, 13.715)]
265;2;;;0,22;[646, 649, 648, 647];[(-22.41, 19.462), (-22.651, 19.462), (-22.651, 18.552), (-22.41, 18.552)]
266;100;;;0,20;[646, 640, 642, 649];[(-22.41, 19.462), (-22.41, 20.298), (-22.651, 20.298), (-22.651, 19.462)]
267;2;;;15,07;[632, 640, 646, 647, 641, 510];[(-19.677, 20.298), (-22.41, 20.298), (-22.41, 19.462), (-22.41, 18.552), (-22.41, 14.785), (-19.677, 14.785)]
268;100;;;0,91;[641, 647, 648, 643];[(-22.41, 14.785), (-22.41, 18.552), (-22.651, 18.552), (-22.651, 14.785)]
269;14;141;;19,54;[644, 658, 708, 712, 711, 710, 709, 720, 722, 707];[(-27.031, 14.785), (-27.031, 19.06), (-31.445, 19.06), (-31.445, 18.674), (-32.019, 18.583), (-32.019, 17.586), (-31.46, 17.495), (-31.46, 16.186), (-31.46, 15.14), (-31.46, 14.785)]
270;1;;;0,99;[650, 653, 652, 651];[(-23.513, 20.298), (-23.513, 21.24), (-24.57, 21.24), (-24.57, 20.298)]
271;14;142;;19,17;[643, 648, 649, 642, 650, 651, 634, 635, 636, 637, 638, 639, 633];[(-22.651, 14.785), (-22.651, 18.552), (-22.651, 19.462), (-22.651, 20.298), (-23.513, 20.298), (-24.57, 20.298), (-24.858, 20.298), (-24.858, 19.83), (-25.22, 19.83), (-25.658, 19.346), (-25.658, 19.014), (-26.384, 19.014), (-26.384, 14.785)]
272;100;;;3,61;[623, 653, 650, 642, 640, 632];[(-19.677, 21.24), (-23.513, 21.24), (-23.513, 20.298), (-22.651, 20.298), (-22.41, 20.298), (-19.677, 20.298)]
273;100;;;14,03;[651, 652, 624, 1540, 1541, 668, 669, 698, 697, 706, 708, 658, 644, 633, 639, 638, 637, 636, 635, 634];[(-24.57, 20.298), (-24.57, 21.24), (-24.709, 21.24), (-24.709, 22.856), (-25.852, 22.856), (-25.852, 21.181), (-26.686, 20.148), (-32.305, 20.148), (-32.305, 19.06), (-32.186, 19.06), (-31.445, 19.06), (-27.031, 19.06), (-27.031, 14.785), (-26.384, 14.785), (-26.384, 19.014), (-25.658, 19.014), (-25.658, 19.346), (-25.22, 19.83), (-24.858, 19.83), (-24.858, 20.298)]
274;1;;;0,37;[654, 657, 656, 655];[(-20.694, 25.261), (-20.694, 25.613), (-21.739, 25.613), (-21.739, 25.261)]
275;1;;;20,24;[629, 654, 655, 628, 1538, 1540, 624, 652, 653, 623, 511, 512, 1544, 1542];[(-19.677, 25.261), (-20.694, 25.261), (-21.739, 25.261), (-24.709, 25.261), (-24.709, 24.105), (-24.709, 22.856), (-24.709, 21.24), (-24.57, 21.24), (-23.513, 21.24), (-19.677, 21.24), (-19.677, 22.905), (-19.677, 23.698), (-19.677, 23.88), (-19.677, 25.058)]
276;100;;;0,36;[631, 657, 654, 629];[(-19.677, 25.613), (-20.694, 25.613), (-20.694, 25.261), (-19.677, 25.261)]
277;100;;;1,05;[655, 656, 630, 628];[(-21.739, 25.261), (-21.739, 25.613), (-24.709, 25.613), (-24.709, 25.261)]
278;15;124;;18,49;[513, 514, 622, 627, 626, 625, 630, 656, 657, 631];[(-19.677, 26.743), (-19.677, 27.538), (-19.677, 29.308), (-24.438, 29.308), (-24.438, 28.909), (-24.709, 28.909), (-24.709, 25.613), (-21.739, 25.613), (-20.694, 25.613), (-19.677, 25.613)]
279;2;;;3,57;[695, 696, 685, 676];[(-36.296, 23.346), (-34.048, 23.346), (-34.048, 24.935), (-36.296, 24.935)]
280;100;;;0,29;[682, 694, 696, 695];[(-36.296, 23.215), (-34.048, 23.215), (-34.048, 23.346), (-36.296, 23.346)]
281;1;;;1,10;[697, 698, 703, 704];[(-32.305, 19.06), (-32.305, 20.148), (-33.312, 20.148), (-33.312, 19.06)]
282;100;;;0,12;[699, 702, 701, 700];[(-34.048, 22.165), (-33.915, 22.165), (-33.915, 23.041), (-34.048, 23.041)]
283;15;;;0,32;[686, 689, 688, 687];[(-30.494, 26.522), (-30.113, 26.522), (-30.113, 27.353), (-30.494, 27.353)]
284;1;;;0,90;[692, 691, 690, 693];[(-33.424, 25.678), (-33.424, 24.935), (-32.22, 24.935), (-32.22, 25.678)]
285;100;;;1,32;[680, 687, 688, 679];[(-30.494, 30.828), (-30.494, 27.353), (-30.113, 27.353), (-30.113, 30.828)]
286;15;126;;29,22;[667, 674, 692, 693, 681, 686, 687, 680, 663, 662, 661];[(-36.296, 29.359), (-36.296, 25.678), (-33.424, 25.678), (-32.22, 25.678), (-30.494, 25.678), (-30.494, 26.522), (-30.494, 27.353), (-30.494, 30.828), (-35.39, 30.828), (-36.133, 29.704), (-36.133, 29.359)]
287;100;;;0,32;[689, 686, 681, 678];[(-30.113, 26.522), (-30.494, 26.522), (-30.494, 25.678), (-30.113, 25.678)]
288;2;125;;21,34;[679, 688, 689, 678, 675, 666, 665, 664];[(-30.113, 30.828), (-30.113, 27.353), (-30.113, 26.522), (-30.113, 25.678), (-25.852, 25.678), (-25.852, 28.906), (-25.852, 29.595), (-26.831, 30.828)]
289;100;;;10,03;[741, 740, 713, 723, 645, 760, 813, 808];[(-33.515, 13.715), (-33.515, 14.963), (-34.813, 14.963), (-34.962, 14.785), (-42.661, 14.785), (-42.661, 13.715), (-34.886, 13.715), (-34.402, 13.715)]
290;100;;;2,14;[691, 692, 674, 676, 685, 683];[(-33.424, 24.935), (-33.424, 25.678), (-36.296, 25.678), (-36.296, 24.935), (-34.048, 24.935), (-33.915, 24.935)]
291;100;;;4,73;[675, 678, 681, 693, 690, 677];[(-25.852, 25.678), (-30.113, 25.678), (-30.494, 25.678), (-32.22, 25.678), (-32.22, 24.935), (-25.852, 24.935)]
292;100;;;0,25;[700, 701, 683, 685, 696, 694];[(-34.048, 23.041), (-33.915, 23.041), (-33.915, 24.935), (-34.048, 24.935), (-34.048, 23.346), (-34.048, 23.215)]
293;2;127;;7,04;[670, 699, 700, 694, 682, 673, 672, 671];[(-34.048, 20.148), (-34.048, 22.165), (-34.048, 23.041), (-34.048, 23.215), (-36.296, 23.215), (-36.296, 20.764), (-35.317, 19.894), (-34.048, 19.894)]
294;100;;;0,27;[684, 702, 699, 670];[(-33.915, 20.148), (-33.915, 22.165), (-34.048, 22.165), (-34.048, 20.148)]
295;1;;;38,17;[677, 690, 691, 683, 701, 702, 684, 703, 698, 669, 668, 1541, 1539];[(-25.852, 24.935), (-32.22, 24.935), (-33.424, 24.935), (-33.915, 24.935), (-33.915, 23.041), (-33.915, 22.165), (-33.915, 20.148), (-33.312, 20.148), (-32.305, 20.148), (-26.686, 20.148), (-25.852, 21.181), (-25.852, 22.856), (-25.852, 24.105)]
296;100;;;0,19;[707, 722, 721, 705];[(-31.46, 14.785), (-31.46, 15.14), (-32.186, 15.14), (-32.186, 14.963)]
297;9;;;8,89;[728, 727, 724, 726];[(-36.752, 16.865), (-36.752, 19.06), (-40.803, 19.06), (-40.803, 16.865)]
298;100;;;0,52;[729, 731, 730, 727, 728];[(-36.517, 16.865), (-36.517, 16.996), (-36.517, 19.06), (-36.752, 19.06), (-36.752, 16.865)]
299;100;;;0,65;[732, 715, 716, 714];[(-34.813, 19.06), (-34.813, 16.996), (-34.498, 16.996), (-34.498, 19.06)]
300;1;;;0,76;[721, 722, 720, 719];[(-32.186, 15.14), (-31.46, 15.14), (-31.46, 16.186), (-32.186, 16.186)]
301;100;;;1,48;[719, 720, 709, 710, 711, 712, 708, 706];[(-32.186, 16.186), (-31.46, 16.186), (-31.46, 17.495), (-32.019, 17.586), (-32.019, 18.583), (-31.445, 18.674), (-31.445, 19.06), (-32.186, 19.06)]
302;1;;;0,18;[735, 734, 733, 736];[(-34.962, 15.396), (-34.813, 15.396), (-34.813, 16.597), (-34.962, 16.597)]
303;100;;;0,08;[713, 734, 735, 723];[(-34.813, 14.963), (-34.813, 15.396), (-34.962, 15.396), (-34.962, 14.785)]
304;1;;;10,12;[705, 721, 719, 706, 697, 704, 714, 716, 715, 733, 734, 713, 740, 747];[(-32.186, 14.963), (-32.186, 15.14), (-32.186, 16.186), (-32.186, 19.06), (-32.305, 19.06), (-33.312, 19.06), (-34.498, 19.06), (-34.498, 16.996), (-34.813, 16.996), (-34.813, 16.597), (-34.813, 15.396), (-34.813, 14.963), (-33.515, 14.963), (-32.273, 14.963)]
305;1;;;1,05;[742, 745, 744, 743];[(-40.886, 19.06), (-40.886, 19.938), (-42.086, 19.938), (-42.086, 19.06)]
306;100;;;8,94;[53, 42, 33, 1559];[(-5.591, -29.533), (-5.591, -21.033), (-6.643, -21.033), (-6.643, -29.533)]
307;100;;;16,40;[704, 703, 684, 670, 671, 672, 673, 682, 695, 676, 674, 667, 718, 739, 745, 742, 724, 727, 730, 732, 714];[(-33.312, 19.06), (-33.312, 20.148), (-33.915, 20.148), (-34.048, 20.148), (-34.048, 19.894), (-35.317, 19.894), (-36.296, 20.764), (-36.296, 23.215), (-36.296, 23.346), (-36.296, 24.935), (-36.296, 25.678), (-36.296, 29.359), (-37.28, 29.359), (-37.28, 19.938), (-40.886, 19.938), (-40.886, 19.06), (-40.803, 19.06), (-36.752, 19.06), (-36.517, 19.06), (-34.813, 19.06), (-34.498, 19.06)]
308;100;;;0,72;[743, 744, 738, 737, 717, 659];[(-42.086, 19.06), (-42.086, 19.938), (-42.493, 19.938), (-42.493, 21.247), (-42.661, 21.247), (-42.661, 19.06)]
309;16;128;;50,47;[717, 737, 738, 744, 745, 739, 718, 660];[(-42.661, 21.247), (-42.493, 21.247), (-42.493, 19.938), (-42.086, 19.938), (-40.886, 19.938), (-37.28, 19.938), (-37.28, 29.359), (-42.661, 29.359)]
310;100;;;45,00;[761, 762, 927, 861, 860, 858, 915, 855, 820, 822, 797, 802, 793, 789, 760, 600, 749];[(-42.661, -30.546), (-42.661, -29.523), (-42.661, -21.158), (-42.661, -20.327), (-42.661, -14.416), (-42.661, -14.18), (-42.661, -12.129), (-42.661, -11.878), (-42.661, -5.657), (-42.661, -4.587), (-42.661, -1.587), (-42.661, -0.785), (-42.661, 4.809), (-42.661, 5.21), (-42.661, 13.715), (-43.677, 13.715), (-43.677, -30.546)]
311;100;;;1,09;[760, 645, 599, 600];[(-42.661, 13.715), (-42.661, 14.785), (-43.677, 14.785), (-43.677, 13.715)]
312;100;;;0,52;[1073, 11, 1072, 1078];[(18.022, -2.456), (17.835, -3.129), (18.7, -3.135), (18.704, -2.462)]
313;1;;;1,33;[844, 845, 819, 821];[(-33.321, -4.587), (-33.321, -5.657), (-32.079, -5.657), (-32.079, -4.587)]
314;100;;;0,41;[1078, 1072, 1079, 1080];[(18.704, -2.462), (18.7, -3.135), (19.317, -3.135), (19.321, -2.462)]
315;100;;;24,22;[754, 784, 1058, 788, 781, 782, 852, 878, 879, 783, 926, 775, 755];[(-24.319, -5.138), (-24.319, -4.585), (-29.045, -4.585), (-30.962, -4.585), (-32.079, -5.681), (-25.388, -5.681), (-25.388, -11.579), (-25.388, -12.168), (-25.388, -20.2), (-25.388, -20.948), (-25.03, -20.953), (-24.329, -20.964), (-24.319, -20.021)]
316;1;;;1,01;[1040, 1041, 779, 778];[(-33.382, -0.785), (-33.382, -1.72), (-32.296, -1.72), (-32.296, -0.785)]
317;1;;;1,06;[796, 838, 843, 837];[(-35.51, -4.587), (-35.51, -5.657), (-34.517, -5.657), (-34.517, -4.587)]
318;100;;;0,77;[835, 836, 795, 796];[(-35.51, -3.549), (-36.249, -3.549), (-36.249, -4.587), (-35.51, -4.587)]
319;100;;;1,01;[1082, 1081, 1083, 1085, 1084];[(19.317, -17.241), (18.7, -17.241), (18.081, -18.333), (19.173, -18.333), (19.317, -18.333)]
320;100;;;0,15;[810, 809, 818, 817];[(-34.402, 5.333), (-34.402, 4.693), (-34.174, 4.693), (-34.174, 5.333)]
321;1;;;0,74;[799, 836, 835, 800];[(-36.249, -2.544), (-36.249, -3.549), (-35.51, -3.549), (-35.51, -2.544)]
322;100;;;7,65;[820, 856, 847, 838, 796, 795, 822];[(-42.661, -5.657), (-36.582, -5.657), (-35.695, -5.657), (-35.51, -5.657), (-35.51, -4.587), (-36.249, -4.587), (-42.661, -4.587)]
323;100;;;0,31;[791, 814, 812, 809, 810, 792];[(-34.89, 5.21), (-34.887, 4.809), (-34.886, 4.693), (-34.402, 4.693), (-34.402, 5.333), (-34.89, 5.333)]
324;100;;;0,69;[816, 815, 794, 790];[(-33.041, 5.333), (-33.041, 4.693), (-31.97, 4.693), (-31.97, 5.333)]
325;1;;;0,73;[817, 818, 815, 816];[(-34.174, 5.333), (-34.174, 4.693), (-33.041, 4.693), (-33.041, 5.333)]
326;1;;;0,49;[825, 824, 823, 826];[(-34.89, 6.775), (-34.402, 6.775), (-34.402, 7.773), (-34.889, 7.773)]
327;8;;;0,46;[827, 830, 829, 828];[(-40.246, 4.809), (-40.246, 5.21), (-41.4, 5.21), (-41.4, 4.809)]
328;1;;;0,48;[831, 834, 833, 832];[(-34.886, 0.81), (-34.402, 0.81), (-34.402, 1.808), (-34.886, 1.808)]
329;100;;;2,88;[813, 826, 823, 808];[(-34.886, 13.715), (-34.889, 7.773), (-34.402, 7.773), (-34.402, 13.715)]
330;1;;;20,39;[808, 823, 824, 810, 817, 816, 790, 776, 746, 741];[(-34.402, 13.715), (-34.402, 7.773), (-34.402, 6.775), (-34.402, 5.333), (-34.174, 5.333), (-33.041, 5.333), (-31.97, 5.333), (-31.97, 13.715), (-32.273, 13.715), (-33.515, 13.715)]
331;100;;;0,70;[824, 825, 792, 810];[(-34.402, 6.775), (-34.89, 6.775), (-34.89, 5.333), (-34.402, 5.333)]
332;8;130;;66,10;[789, 829, 830, 791, 792, 825, 826, 813, 760];[(-42.661, 5.21), (-41.4, 5.21), (-40.246, 5.21), (-34.89, 5.21), (-34.89, 5.333), (-34.89, 6.775), (-34.889, 7.773), (-34.886, 13.715), (-42.661, 13.715)]
333;100;;;2,15;[830, 827, 814, 791];[(-40.246, 5.21), (-40.246, 4.809), (-34.887, 4.809), (-34.89, 5.21)]
334;100;;;1,28;[837, 843, 846, 853, 845, 844];[(-34.517, -4.587), (-34.517, -5.657), (-34.153, -5.657), (-33.502, -5.657), (-33.321, -5.657), (-33.321, -4.587)]
335;100;;;0,51;[793, 828, 829, 789];[(-42.661, 4.809), (-41.4, 4.809), (-41.4, 5.21), (-42.661, 5.21)]
336;100;;;0,77;[834, 831, 811, 807];[(-34.402, 0.81), (-34.886, 0.81), (-34.886, -0.785), (-34.402, -0.785)]
337;100;;;1,40;[812, 832, 833, 809];[(-34.886, 4.693), (-34.886, 1.808), (-34.402, 1.808), (-34.402, 4.693)]
338;1;;;13,32;[809, 833, 834, 807, 1040, 778, 777, 794, 815, 818];[(-34.402, 4.693), (-34.402, 1.808), (-34.402, 0.81), (-34.402, -0.785), (-33.382, -0.785), (-32.296, -0.785), (-31.97, -0.785), (-31.97, 4.693), (-33.041, 4.693), (-34.174, 4.693)]
339;8;;;0,92;[841, 840, 839, 842];[(-41.387, -0.785), (-41.387, -1.587), (-40.239, -1.587), (-40.239, -0.785)]
340;100;;;1,02;[797, 840, 841, 802];[(-42.661, -1.587), (-41.387, -1.587), (-41.387, -0.785), (-42.661, -0.785)]
341;15;132;;19,24;[822, 795, 836, 799, 798, 839, 840, 797];[(-42.661, -4.587), (-36.249, -4.587), (-36.249, -3.549), (-36.249, -2.544), (-36.249, -1.587), (-40.239, -1.587), (-41.387, -1.587), (-42.661, -1.587)]
342;100;;;6,97;[842, 839, 798, 799, 800, 801, 1041, 1040, 807, 811, 803, 804, 805, 806];[(-40.239, -0.785), (-40.239, -1.587), (-36.249, -1.587), (-36.249, -2.544), (-35.51, -2.544), (-35.51, -1.72), (-33.382, -1.72), (-33.382, -0.785), (-34.402, -0.785), (-34.886, -0.785), (-36.769, -0.785), (-36.769, -0.407), (-38.05, -0.407), (-38.05, -0.785)]
343;8;131;;43,01;[812, 814, 827, 828, 793, 802, 841, 842, 806, 805, 804, 803, 811, 831, 832];[(-34.886, 4.693), (-34.887, 4.809), (-40.246, 4.809), (-41.4, 4.809), (-42.661, 4.809), (-42.661, -0.785), (-41.387, -0.785), (-40.239, -0.785), (-38.05, -0.785), (-38.05, -0.407), (-36.769, -0.407), (-36.769, -0.785), (-34.886, -0.785), (-34.886, 0.81), (-34.886, 1.808)]
344;100;;;9,98;[900, 901, 910, 912, 899, 1000, 999, 944, 928, 929, 930, 931, 932, 933, 934, 926, 783, 879, 889, 888, 887, 886, 885];[(-33.39, -13.262), (-33.81, -13.262), (-33.81, -15.967), (-33.81, -16.209), (-33.81, -20.2), (-34.155, -20.2), (-34.155, -21.158), (-32.989, -21.158), (-32.806, -21.158), (-32.806, -21.002), (-27.349, -21.002), (-27.349, -20.551), (-25.964, -20.551), (-25.964, -21.033), (-25.03, -21.033), (-25.03, -20.953), (-25.388, -20.948), (-25.388, -20.2), (-28.658, -20.2), (-28.658, -19.946), (-30.235, -19.946), (-30.235, -20.2), (-33.39, -20.2)]
345;8;140;;47,89;[853, 854, 852, 782, 781, 819, 845];[(-33.502, -5.657), (-33.502, -11.579), (-25.388, -11.579), (-25.388, -5.681), (-32.079, -5.681), (-32.079, -5.657), (-33.321, -5.657)]
346;1;;;0,58;[850, 924, 925, 851];[(-35.16, -11.589), (-35.16, -12.168), (-34.153, -12.168), (-34.153, -11.589)]
347;100;;;1,53;[915, 914, 857, 855];[(-42.661, -12.129), (-36.582, -12.129), (-36.582, -11.878), (-42.661, -11.878)]
348;14;139;;64,36;[878, 880, 881, 882, 883, 884, 900, 885, 886, 887, 888, 889, 879];[(-25.388, -12.168), (-25.811, -12.168), (-25.992, -11.769), (-27.026, -11.769), (-27.189, -12.168), (-33.39, -12.168), (-33.39, -13.262), (-33.39, -20.2), (-30.235, -20.2), (-30.235, -19.946), (-28.658, -19.946), (-28.658, -20.2), (-25.388, -20.2)]
349;1;;;0,46;[884, 890, 901, 900];[(-33.39, -12.168), (-33.81, -12.168), (-33.81, -13.262), (-33.39, -13.262)]
350;1;;;1,00;[902, 905, 904, 903];[(-36.582, -7.45), (-35.695, -7.45), (-35.695, -6.321), (-36.582, -6.321)]
351;100;;;0,59;[903, 904, 847, 856];[(-36.582, -6.321), (-35.695, -6.321), (-35.695, -5.657), (-36.582, -5.657)]
352;8;133;;37,82;[855, 857, 902, 903, 856, 820];[(-42.661, -11.878), (-36.582, -11.878), (-36.582, -7.45), (-36.582, -6.321), (-36.582, -5.657), (-42.661, -5.657)]
353;1;;;8,49;[847, 904, 905, 848, 849, 850, 851, 846, 843, 838];[(-35.695, -5.657), (-35.695, -6.321), (-35.695, -7.45), (-35.695, -10.362), (-35.16, -10.362), (-35.16, -11.589), (-34.153, -11.589), (-34.153, -5.657), (-34.517, -5.657), (-35.51, -5.657)]
354;1;;;1,03;[908, 907, 906, 909];[(-36.582, -13.573), (-35.654, -13.573), (-35.654, -12.467), (-36.582, -12.467)]
355;100;;;8,53;[851, 925, 890, 884, 883, 882, 881, 880, 878, 852, 854, 853, 846];[(-34.153, -11.589), (-34.153, -12.168), (-33.81, -12.168), (-33.39, -12.168), (-27.189, -12.168), (-27.026, -11.769), (-25.992, -11.769), (-25.811, -12.168), (-25.388, -12.168), (-25.388, -11.579), (-33.502, -11.579), (-33.502, -5.657), (-34.153, -5.657)]
356;100;;;5,43;[909, 906, 891, 924, 850, 849, 848, 905, 902, 857, 914];[(-36.582, -12.467), (-35.654, -12.467), (-35.654, -12.168), (-35.16, -12.168), (-35.16, -11.589), (-35.16, -10.362), (-35.695, -10.362), (-35.695, -7.45), (-36.582, -7.45), (-36.582, -11.878), (-36.582, -12.129)]
357;2;134;;12,47;[858, 859, 908, 909, 914, 915];[(-42.661, -14.18), (-36.582, -14.18), (-36.582, -13.573), (-36.582, -12.467), (-36.582, -12.129), (-42.661, -12.129)]
358;1;;;0,26;[916, 919, 918, 917];[(-35.073, -15.967), (-35.073, -16.209), (-33.999, -16.209), (-33.999, -15.967)]
359;1;;;7,95;[890, 925, 924, 891, 906, 907, 892, 893, 894, 895, 911, 916, 917, 910, 901];[(-33.81, -12.168), (-34.153, -12.168), (-35.16, -12.168), (-35.654, -12.168), (-35.654, -12.467), (-35.654, -13.573), (-35.654, -13.744), (-36.107, -13.744), (-36.107, -15.814), (-35.699, -15.814), (-35.699, -15.967), (-35.073, -15.967), (-33.999, -15.967), (-33.81, -15.967), (-33.81, -13.262)]
360;100;;;0,15;[919, 916, 911, 913];[(-35.073, -16.209), (-35.073, -15.967), (-35.699, -15.967), (-35.699, -16.209)]
361;100;;;0,05;[910, 917, 918, 912];[(-33.81, -15.967), (-33.999, -15.967), (-33.999, -16.209), (-33.81, -16.209)]
362;1;;;1,04;[920, 923, 922, 921];[(-36.473, -17.996), (-35.699, -17.996), (-35.699, -16.658), (-36.473, -16.658)]
363;100;;;0,91;[865, 897, 896, 923, 920];[(-36.473, -19.185), (-36.288, -19.168), (-35.699, -19.168), (-35.699, -17.996), (-36.473, -17.996)]
364;100;;;3,86;[921, 922, 913, 911, 895, 894, 893, 892, 907, 908, 859, 858, 860, 869, 868, 867, 866];[(-36.473, -16.658), (-35.699, -16.658), (-35.699, -16.209), (-35.699, -15.967), (-35.699, -15.814), (-36.107, -15.814), (-36.107, -13.744), (-35.654, -13.744), (-35.654, -13.573), (-36.582, -13.573), (-36.582, -14.18), (-42.661, -14.18), (-42.661, -14.416), (-37.651, -14.416), (-37.651, -14.597), (-36.708, -15.413), (-36.473, -15.413)]
365;1;;;8,15;[912, 918, 919, 913, 922, 923, 896, 897, 898, 985, 1000, 899];[(-33.81, -16.209), (-33.999, -16.209), (-35.073, -16.209), (-35.699, -16.209), (-35.699, -16.658), (-35.699, -17.996), (-35.699, -19.168), (-36.288, -19.168), (-36.288, -20.2), (-35.2, -20.2), (-34.155, -20.2), (-33.81, -20.2)]
366;1;;;0,98;[945, 948, 947, 946];[(-36.543, -28.836), (-35.619, -28.836), (-35.619, -27.772), (-36.543, -27.772)]
367;100;;;6,81;[946, 947, 935, 937, 942, 941, 940, 939];[(-36.543, -27.772), (-35.619, -27.772), (-35.619, -21.158), (-36.543, -21.158), (-36.543, -25.403), (-37.142, -25.403), (-37.142, -26.563), (-36.543, -26.563)]
368;100;;;0,64;[936, 948, 945, 938];[(-35.619, -29.523), (-35.619, -28.836), (-36.543, -28.836), (-36.543, -29.523)]
369;1;;;1,71;[956, 1550, 1039, 772];[(-18.704, -21.258), (-18.704, -22.8), (-17.592, -22.8), (-17.592, -21.258)]
370;100;;;0,20;[963, 959, 960, 966, 965];[(-22.656, -23.078), (-22.656, -22.879), (-22.656, -22.753), (-23.28, -22.753), (-23.28, -23.078)]
371;100;;;4,44;[961, 963, 965, 967, 968, 969, 970, 964];[(-22.656, -29.523), (-22.656, -23.078), (-23.28, -23.078), (-23.28, -23.489), (-23.519, -23.489), (-23.519, -25.09), (-23.288, -25.09), (-23.288, -29.523)]
372;1;;;1,00;[999, 1000, 985, 986];[(-34.155, -21.158), (-34.155, -20.2), (-35.2, -20.2), (-35.2, -21.158)]
373;100;;;3,28;[763, 750, 0, 1559];[(-9.905, -29.523), (-9.905, -30.546), (-6.643, -30.518), (-6.643, -29.533)]
374;1;;;0,93;[773, 966, 960, 962];[(-23.28, -21.258), (-23.28, -22.753), (-22.656, -22.753), (-22.656, -21.258)]
375;100;;;0,16;[973, 971, 976, 975];[(-28.923, -23.078), (-28.923, -22.753), (-29.416, -22.753), (-29.416, -23.078)]
376;100;;;3,76;[972, 973, 975, 1011, 1001, 1002, 1012, 983, 981, 980, 979, 978, 977, 974];[(-28.923, -29.523), (-28.923, -23.078), (-29.416, -23.078), (-29.419, -23.569), (-29.871, -23.574), (-29.871, -24.216), (-29.425, -24.215), (-29.416, -25.1), (-29.416, -25.268), (-29.416, -26.412), (-29.857, -26.412), (-29.857, -27.052), (-29.416, -27.052), (-29.416, -29.523)]
377;100;;;1,10;[975, 976, 957, 952];[(-29.416, -23.078), (-29.416, -22.753), (-32.806, -22.753), (-32.806, -23.078)]
378;100;;;0,72;[982, 981, 983, 984];[(-33.71, -25.268), (-29.416, -25.268), (-29.416, -25.1), (-33.71, -25.1)]
379;1;;;0,22;[987, 990, 989, 988];[(-33.878, -25.024), (-33.71, -25.024), (-33.71, -23.718), (-33.878, -23.718)]
380;1;;;0,22;[991, 994, 993, 992];[(-33.878, -27.655), (-33.71, -27.655), (-33.71, -26.349), (-33.878, -26.349)]
381;100;;;0,34;[988, 989, 953, 952, 957, 1547, 1546, 950, 949];[(-33.878, -23.718), (-33.71, -23.718), (-33.71, -23.078), (-32.806, -23.078), (-32.806, -22.753), (-32.806, -22.575), (-32.989, -22.575), (-32.989, -22.919), (-33.878, -22.919)]
382;100;;;0,22;[992, 993, 982, 984, 990, 987];[(-33.878, -26.349), (-33.71, -26.349), (-33.71, -25.268), (-33.71, -25.1), (-33.71, -25.024), (-33.878, -25.024)]
383;2;;;8,38;[984, 983, 1012, 1002, 1001, 1011, 975, 952, 953, 989, 990];[(-33.71, -25.1), (-29.416, -25.1), (-29.425, -24.215), (-29.871, -24.216), (-29.871, -23.574), (-29.419, -23.569), (-29.416, -23.078), (-32.806, -23.078), (-33.71, -23.078), (-33.71, -23.718), (-33.71, -25.024)]
384;100;;;0,31;[951, 994, 991, 943];[(-33.71, -29.523), (-33.71, -27.655), (-33.878, -27.655), (-33.878, -29.523)]
385;2;;;17,99;[974, 977, 978, 979, 980, 981, 982, 993, 994, 951];[(-29.416, -29.523), (-29.416, -27.052), (-29.857, -27.052), (-29.857, -26.412), (-29.416, -26.412), (-29.416, -25.268), (-33.71, -25.268), (-33.71, -26.349), (-33.71, -27.655), (-33.71, -29.523)]
386;1;;;0,32;[997, 996, 995, 998];[(-26.36, -22.753), (-26.36, -23.078), (-25.36, -23.078), (-25.36, -22.753)]
387;100;;;0,83;[996, 997, 971, 973];[(-26.36, -23.078), (-26.36, -22.753), (-28.923, -22.753), (-28.923, -23.078)]
388;8;136;;35,95;[964, 970, 969, 968, 967, 965, 995, 996, 973, 972];[(-23.288, -29.523), (-23.288, -25.09), (-23.519, -25.09), (-23.519, -23.489), (-23.28, -23.489), (-23.28, -23.078), (-25.36, -23.078), (-26.36, -23.078), (-28.923, -23.078), (-28.923, -29.523)]
389;100;;;0,68;[965, 966, 998, 995];[(-23.28, -23.078), (-23.28, -22.753), (-25.36, -22.753), (-25.36, -23.078)]
390;1;;;17,35;[926, 934, 933, 932, 931, 930, 929, 928, 1549, 1547, 957, 976, 971, 997, 998, 966, 773, 774, 775];[(-25.03, -20.953), (-25.03, -21.033), (-25.964, -21.033), (-25.964, -20.551), (-27.349, -20.551), (-27.349, -21.002), (-32.806, -21.002), (-32.806, -21.158), (-32.806, -21.329), (-32.806, -22.575), (-32.806, -22.753), (-29.416, -22.753), (-28.923, -22.753), (-26.36, -22.753), (-25.36, -22.753), (-23.28, -22.753), (-23.28, -21.258), (-23.28, -20.964), (-24.329, -20.964)]
391;100;;;1,48;[1003, 1006, 1005, 1004];[(-35.568, -29.523), (-35.568, -30.546), (-34.117, -30.546), (-34.117, -29.523)]
392;1;;;16,12;[943, 991, 992, 987, 988, 949, 950, 1546, 1548, 944, 999, 986, 935, 947, 948, 936, 1003, 1004];[(-33.878, -29.523), (-33.878, -27.655), (-33.878, -26.349), (-33.878, -25.024), (-33.878, -23.718), (-33.878, -22.919), (-32.989, -22.919), (-32.989, -22.575), (-32.989, -21.329), (-32.989, -21.158), (-34.155, -21.158), (-35.2, -21.158), (-35.619, -21.158), (-35.619, -27.772), (-35.619, -28.836), (-35.619, -29.523), (-35.568, -29.523), (-34.117, -29.523)]
393;100;;;7,26;[1006, 1003, 936, 938, 762, 761];[(-35.568, -30.546), (-35.568, -29.523), (-35.619, -29.523), (-36.543, -29.523), (-42.661, -29.523), (-42.661, -30.546)]
394;100;;;24,79;[750, 763, 765, 1020, 1018, 1013, 954, 961, 964, 972, 974, 951, 943, 1004, 1005];[(-9.905, -30.546), (-9.905, -29.523), (-10.982, -29.523), (-13.389, -29.523), (-14.195, -29.523), (-17.519, -29.523), (-18.704, -29.523), (-22.656, -29.523), (-23.288, -29.523), (-28.923, -29.523), (-29.416, -29.523), (-33.71, -29.523), (-33.878, -29.523), (-34.117, -29.523), (-34.117, -30.546)]
395;1;;;0,28;[1009, 1008, 1007, 1010];[(-21.347, -22.879), (-21.347, -23.078), (-19.934, -23.078), (-19.934, -22.879)]
396;100;;;0,26;[1008, 1009, 959, 963];[(-21.347, -23.078), (-21.347, -22.879), (-22.656, -22.879), (-22.656, -23.078)]
397;8;137;;25,47;[954, 955, 1007, 1008, 963, 961];[(-18.704, -29.523), (-18.704, -23.078), (-19.934, -23.078), (-21.347, -23.078), (-22.656, -23.078), (-22.656, -29.523)]
398;100;;;0,25;[958, 1010, 1007, 955];[(-18.704, -22.879), (-19.934, -22.879), (-19.934, -23.078), (-18.704, -23.078)]
399;1;;;6,41;[962, 960, 959, 1009, 1010, 958, 1550, 956];[(-22.656, -21.258), (-22.656, -22.753), (-22.656, -22.879), (-21.347, -22.879), (-19.934, -22.879), (-18.704, -22.879), (-18.704, -22.8), (-18.704, -21.258)]
400;100;;;8,70;[1079, 1072, 1100, 1103, 1111, 1109, 1081, 1082];[(19.317, -3.135), (18.7, -3.135), (18.7, -9.168), (18.7, -9.332), (18.7, -13.334), (18.7, -13.483), (18.7, -17.241), (19.317, -17.241)]
401;100;;;1,39;[1026, 1023, 1022, 1027];[(-10.982, -23.127), (-13.263, -23.127), (-13.389, -23.719), (-10.982, -23.719)]
402;100;;;0,94;[1029, 1028, 1030, 1031];[(-10.982, -26.287), (-13.389, -26.287), (-13.389, -26.678), (-10.982, -26.678)]
403;2;;;0,15;[1042, 1045, 1044, 1043];[(-16.437, -26.149), (-16.437, -26.325), (-15.605, -26.325), (-15.605, -26.149)]
404;100;;;0,19;[1045, 1042, 1034, 1033];[(-16.437, -26.325), (-16.437, -26.149), (-17.519, -26.149), (-17.519, -26.325)]
405;100;;;0,25;[1035, 1043, 1044, 1032];[(-14.195, -26.149), (-15.605, -26.149), (-15.605, -26.325), (-14.195, -26.325)]
406;2;;;10,63;[1032, 1044, 1045, 1033, 1013, 1018];[(-14.195, -26.325), (-15.605, -26.325), (-16.437, -26.325), (-17.519, -26.325), (-17.519, -29.523), (-14.195, -29.523)]
407;1;;;0,20;[1048, 1047, 1046, 1049];[(-16.572, -22.8), (-16.572, -22.938), (-15.126, -22.938), (-15.126, -22.8)]
408;2;;;10,33;[1037, 1046, 1047, 1036, 1014, 1015, 1016, 1017, 1034, 1042, 1043, 1035];[(-14.195, -22.938), (-15.126, -22.938), (-16.572, -22.938), (-17.592, -22.938), (-17.592, -23.328), (-17.28, -23.328), (-17.28, -24.89), (-17.519, -24.89), (-17.519, -26.149), (-16.437, -26.149), (-15.605, -26.149), (-14.195, -26.149)]
409;100;;;0,13;[1038, 1049, 1046, 1037];[(-14.195, -22.8), (-15.126, -22.8), (-15.126, -22.938), (-14.195, -22.938)]
410;100;;;0,14;[1047, 1048, 1039, 1036];[(-16.572, -22.938), (-16.572, -22.8), (-17.592, -22.8), (-17.592, -22.938)]
411;1;;;1,16;[1050, 1053, 1052, 1051];[(-14.54, -21.048), (-14.54, -20.021), (-15.674, -20.021), (-15.674, -21.048)]
412;100;;;3,85;[1053, 1050, 1019, 1021, 770, 764, 757, 756];[(-14.54, -20.021), (-14.54, -21.048), (-14.195, -21.048), (-13.692, -21.048), (-11.013, -21.048), (-11.013, -19.828), (-12.204, -19.828), (-12.204, -20.021)]
413;100;;;9,99;[755, 775, 774, 773, 962, 956, 772, 771, 1051, 1052];[(-24.319, -20.021), (-24.329, -20.964), (-23.28, -20.964), (-23.28, -21.258), (-22.656, -21.258), (-18.704, -21.258), (-17.592, -21.258), (-17.592, -21.048), (-15.674, -21.048), (-15.674, -20.021)]
414;100;;;0,40;[1056, 1055, 1054, 1057];[(-14.195, -22.262), (-13.692, -22.262), (-13.692, -21.468), (-14.195, -21.468)]
415;2;;;5,85;[1021, 1054, 1055, 1025, 1024, 1023, 1026, 766, 767, 768, 769, 770];[(-13.692, -21.048), (-13.692, -21.468), (-13.692, -22.262), (-13.692, -22.925), (-13.263, -22.925), (-13.263, -23.127), (-10.982, -23.127), (-10.982, -22.989), (-10.814, -22.989), (-10.814, -21.174), (-11.013, -21.174), (-11.013, -21.048)]
416;100;;;0,21;[1019, 1057, 1054, 1021];[(-14.195, -21.048), (-14.195, -21.468), (-13.692, -21.468), (-13.692, -21.048)]
417;100;;;5,71;[1055, 1056, 1038, 1037, 1035, 1032, 1018, 1020, 1030, 1028, 1022, 1023, 1024, 1025];[(-13.692, -22.262), (-14.195, -22.262), (-14.195, -22.8), (-14.195, -22.938), (-14.195, -26.149), (-14.195, -26.325), (-14.195, -29.523), (-13.389, -29.523), (-13.389, -26.678), (-13.389, -26.287), (-13.389, -23.719), (-13.263, -23.127), (-13.263, -22.925), (-13.692, -22.925)]
418;1;;;5,95;[772, 1039, 1048, 1049, 1038, 1056, 1057, 1019, 1050, 1051, 771];[(-17.592, -21.258), (-17.592, -22.8), (-16.572, -22.8), (-15.126, -22.8), (-14.195, -22.8), (-14.195, -22.262), (-14.195, -21.468), (-14.195, -21.048), (-14.54, -21.048), (-15.674, -21.048), (-17.592, -21.048)]
419;100;;;1,33;[1060, 1063, 1062, 1061];[(-10.982, -25.399), (-9.905, -25.399), (-9.905, -24.16), (-10.982, -24.16)]
420;100;;;1,33;[1064, 1067, 1066, 1065];[(-10.982, -28.527), (-9.905, -28.527), (-9.905, -27.287), (-10.982, -27.287)]
421;2;;;6,18;[1027, 1022, 1028, 1029, 1060, 1061];[(-10.982, -23.719), (-13.389, -23.719), (-13.389, -26.287), (-10.982, -26.287), (-10.982, -25.399), (-10.982, -24.16)]
422;100;;;2,03;[1063, 1060, 1029, 1031, 1065, 1066];[(-9.905, -25.399), (-10.982, -25.399), (-10.982, -26.287), (-10.982, -26.678), (-10.982, -27.287), (-9.905, -27.287)]
423;100;;;4,40;[764, 770, 769, 768, 767, 766, 1026, 1027, 1061, 1062, 1573, 752];[(-11.013, -19.828), (-11.013, -21.048), (-11.013, -21.174), (-10.814, -21.174), (-10.814, -22.989), (-10.982, -22.989), (-10.982, -23.127), (-10.982, -23.719), (-10.982, -24.16), (-9.905, -24.16), (-9.905, -20.823), (-9.905, -19.828)]
424;100;;;1,07;[1067, 1064, 765, 763];[(-9.905, -28.527), (-10.982, -28.527), (-10.982, -29.523), (-9.905, -29.523)]
425;2;;;6,85;[1031, 1030, 1020, 765, 1064, 1065];[(-10.982, -26.678), (-13.389, -26.678), (-13.389, -29.523), (-10.982, -29.523), (-10.982, -28.527), (-10.982, -27.287)]
426;100;;;0,83;[1068, 1071, 1070, 1069];[(-22.149, -3.221), (-21.551, -3.221), (-21.551, -1.83), (-22.149, -1.83)]
427;100;;;2,35;[1071, 1068, 785, 784, 754, 753];[(-21.551, -3.221), (-22.149, -3.221), (-22.149, -4.585), (-24.319, -4.585), (-24.319, -5.138), (-21.551, -5.138)]
428;100;;;1,04;[751, 786, 1069, 1070];[(-21.551, 0.211), (-22.149, -0.378), (-22.149, -1.83), (-21.551, -1.83)]
429;9;;;29,01;[784, 785, 1068, 1069, 786, 1059, 1058];[(-24.319, -4.585), (-22.149, -4.585), (-22.149, -3.221), (-22.149, -1.83), (-22.149, -0.378), (-29.045, -0.378), (-29.045, -4.585)]
430;1;;;1,00;[1074, 1077, 1076, 1075];[(-32.079, -3.052), (-30.962, -3.052), (-30.962, -2.156), (-32.079, -2.156)]
431;1;;;9,84;[800, 835, 796, 837, 844, 821, 1074, 1075, 780, 779, 1041, 801];[(-35.51, -2.544), (-35.51, -3.549), (-35.51, -4.587), (-34.517, -4.587), (-33.321, -4.587), (-32.079, -4.587), (-32.079, -3.052), (-32.079, -2.156), (-32.079, -1.72), (-32.296, -1.72), (-33.382, -1.72), (-35.51, -1.72)]
432;100;;;2,32;[1077, 1074, 821, 819, 781, 788];[(-30.962, -3.052), (-32.079, -3.052), (-32.079, -4.587), (-32.079, -5.657), (-32.079, -5.681), (-30.962, -4.585)]
433;100;;;21,63;[776, 790, 794, 777, 778, 779, 780, 1075, 1076, 787, 1059, 786, 751, 759, 758];[(-31.97, 13.715), (-31.97, 5.333), (-31.97, 4.693), (-31.97, -0.785), (-32.296, -0.785), (-32.296, -1.72), (-32.079, -1.72), (-32.079, -2.156), (-30.962, -2.156), (-30.962, -0.378), (-29.045, -0.378), (-22.149, -0.378), (-21.551, 0.211), (-30.968, 0.211), (-30.968, 13.715)]
434;1;;;8,06;[1058, 1059, 787, 1076, 1077, 788];[(-29.045, -4.585), (-29.045, -0.378), (-30.962, -0.378), (-30.962, -2.156), (-30.962, -3.052), (-30.962, -4.585)]
435;100;;;0,32;[1085, 1083, 1093, 1128, 1129];[(19.173, -18.333), (18.081, -18.333), (18.081, -18.499), (18.081, -18.624), (19.173, -18.624)]
436;100;;;0,99;[1087, 1086, 1088, 1089];[(19.173, -29.508), (18.179, -29.508), (18.179, -30.503), (19.173, -30.503)]
437;100;;;4,65;[1, 1088, 1086, 52];[(13.482, -30.518), (18.179, -30.503), (18.179, -29.508), (13.482, -29.533)]
438;100;;;1,09;[56, 55, 32, 1094, 1095, 3];[(12.373, -19.994), (12.482, -21.033), (13.482, -21.033), (13.482, -20.597), (13.482, -20.319), (13.482, -20.006)]
439;13;;;41,94;[1094, 32, 1130, 1132, 1134, 1137, 52, 1086, 1091, 1090];[(13.482, -20.597), (13.482, -21.033), (13.482, -23.401), (13.482, -24.446), (13.482, -25.668), (13.482, -26.738), (13.482, -29.533), (18.179, -29.508), (18.172, -20.572), (18.081, -20.573)]
440;1;;;8,96;[1093, 1098, 1097, 1112, 1096, 246, 3, 1095, 1092, 1126, 1128];[(18.081, -18.499), (17.554, -18.499), (17.554, -18.348), (14.718, -18.348), (13.482, -18.348), (13.482, -18.604), (13.482, -20.006), (13.482, -20.319), (18.081, -20.309), (18.081, -20.187), (18.081, -18.624)]
441;100;;;4,14;[1081, 1105, 1107, 1113, 1112, 1097, 1098, 1093, 1083];[(18.7, -17.241), (15.124, -17.24), (14.973, -17.24), (14.718, -17.24), (14.718, -18.348), (17.554, -18.348), (17.554, -18.499), (18.081, -18.499), (18.081, -18.333)]
442;100;;;9,33;[1127, 1126, 1092, 1090, 1091, 1086, 1087, 876, 873, 872, 1176];[(19.173, -20.187), (18.081, -20.187), (18.081, -20.309), (18.081, -20.573), (18.172, -20.572), (18.179, -29.508), (19.173, -29.508), (19.173, -22.778), (19.173, -22.016), (19.173, -20.505), (19.173, -20.26)]
443;1;;;6,91;[1129, 1127, 1176, 1177, 1554, 1552, 1175, 1085];[(19.173, -18.624), (19.173, -20.187), (19.173, -20.26), (22.758, -20.26), (22.758, -19.946), (22.758, -18.46), (22.758, -18.333), (19.173, -18.333)]
444;100;;;0,53;[1111, 1110, 1108, 1109];[(18.7, -13.334), (15.124, -13.334), (15.124, -13.483), (18.7, -13.483)]
445;2;;;0,15;[1116, 1115, 1114, 1117];[(13.872, -9.168), (13.872, -9.332), (14.786, -9.332), (14.786, -9.168)]
446;100;;;0,64;[1117, 1114, 1106, 1104, 1103, 1100];[(14.786, -9.168), (14.786, -9.332), (14.973, -9.332), (15.124, -9.332), (18.7, -9.332), (18.7, -9.168)]
447;100;;;0,06;[1102, 1115, 1116, 1101];[(13.482, -9.332), (13.872, -9.332), (13.872, -9.168), (13.482, -9.168)]
448;2;;;26,91;[1101, 1116, 1117, 1100, 1072, 11, 51, 9];[(13.482, -9.168), (13.872, -9.168), (14.786, -9.168), (18.7, -9.168), (18.7, -3.135), (17.835, -3.129), (16.945, -4.317), (13.482, -4.296)]
449;2;;;0,12;[1120, 1119, 1118, 1121];[(14.973, -11.644), (15.124, -11.644), (15.124, -10.827), (14.973, -10.827)]
450;100;;;0,23;[1106, 1121, 1118, 1104];[(14.973, -9.332), (14.973, -10.827), (15.124, -10.827), (15.124, -9.332)]
451;2;;;14,31;[1104, 1118, 1119, 1110, 1111, 1103];[(15.124, -9.332), (15.124, -10.827), (15.124, -11.644), (15.124, -13.334), (18.7, -13.334), (18.7, -9.332)]
452;1;;;1,37;[1112, 1113, 1099, 1096];[(14.718, -18.348), (14.718, -17.24), (13.482, -17.24), (13.482, -18.348)]
453;1;;;1,71;[1129, 1128, 1126, 1127];[(19.173, -18.624), (18.081, -18.624), (18.081, -20.187), (19.173, -20.187)]
454;2;;;0,12;[1122, 1125, 1124, 1123];[(14.973, -14.87), (15.124, -14.87), (15.124, -14.065), (14.973, -14.065)]
455;2;;;11,79;[7, 5, 1099, 1113, 1107, 1122, 1123, 1120, 1121, 1106, 1114, 1115, 1102];[(13.482, -11.044), (13.482, -11.828), (13.482, -17.24), (14.718, -17.24), (14.973, -17.24), (14.973, -14.87), (14.973, -14.065), (14.973, -11.644), (14.973, -10.827), (14.973, -9.332), (14.786, -9.332), (13.872, -9.332), (13.482, -9.332)]
456;100;;;0,37;[1119, 1120, 1123, 1124, 1108, 1110];[(15.124, -11.644), (14.973, -11.644), (14.973, -14.065), (15.124, -14.065), (15.124, -13.483), (15.124, -13.334)]
457;100;;;0,36;[1125, 1122, 1107, 1105];[(15.124, -14.87), (14.973, -14.87), (14.973, -17.24), (15.124, -17.24)]
458;2;;;13,44;[1109, 1108, 1124, 1125, 1105, 1081];[(18.7, -13.483), (15.124, -13.483), (15.124, -14.065), (15.124, -14.87), (15.124, -17.24), (18.7, -17.241)]
459;13;;;1,05;[1130, 1131, 1133, 1132];[(13.482, -23.401), (12.482, -23.401), (12.482, -24.446), (13.482, -24.446)]
460;100;;;1,22;[1132, 1133, 1135, 1134];[(13.482, -24.446), (12.482, -24.446), (12.482, -25.668), (13.482, -25.668)]
461;13;;;1,07;[1134, 1135, 1136, 1137];[(13.482, -25.668), (12.482, -25.668), (12.482, -26.738), (13.482, -26.738)]
462;100;;;2,80;[1137, 1136, 60, 52];[(13.482, -26.738), (12.482, -26.738), (12.482, -29.533), (13.482, -29.533)]
463;100;;;10,13;[1140, 1082, 1084, 1141];[(28.597, -17.241), (19.317, -17.241), (19.317, -18.333), (28.599, -18.333)]
464;100;;;32,17;[1087, 1089, 1172, 1174, 1185, 1194, 1214, 1216, 1210, 1212, 1206, 1208, 1178, 875];[(19.173, -29.508), (19.173, -30.503), (51.51, -30.503), (51.51, -29.508), (43.081, -29.508), (41.993, -29.508), (39.72, -29.508), (39.503, -29.508), (35.625, -29.508), (35.36, -29.508), (28.63, -29.508), (28.358, -29.508), (23.675, -29.508), (22.693, -29.508)]
465;100;;;11,78;[1174, 1370, 1386, 1430, 1423, 1422, 1424, 1280, 1173, 877];[(51.51, -29.508), (52.484, -29.508), (52.484, -28.267), (52.483, -27.877), (52.479, -25.802), (52.478, -24.799), (52.474, -18.309), (52.473, -17.378), (51.437, -17.378), (51.51, -18.333)]
466;100;;;24,61;[1150, 1170, 1261, 1264, 1269, 1283, 1329, 1315, 1171, 1169, 1143];[(29.68, 9.92), (29.68, 8.842), (38.037, 8.842), (38.777, 8.842), (42.25, 8.842), (42.558, 8.842), (46.979, 8.842), (47.265, 8.842), (51.437, 8.842), (52.513, 8.842), (52.513, 9.92)]
467;100;;;0,90;[1151, 1161, 1140, 1141];[(29.528, -18.333), (29.528, -17.483), (28.597, -17.241), (28.599, -18.333)]
468;100;;;0,97;[1174, 1172, 1384, 1370];[(51.51, -29.508), (51.51, -30.503), (52.484, -30.503), (52.484, -29.508)]
469;11;106;Качалка;93,40;[1184, 1185, 1174, 877, 1400, 1405, 1404, 1399];[(43.081, -18.333), (43.081, -29.508), (51.51, -29.508), (51.51, -18.333), (46.122, -18.333), (46.119, -19.208), (45.217, -19.208), (45.217, -18.333)]
470;1;;;2,60;[1196, 1197, 1199, 1198];[(41.839, -18.333), (41.839, -17.241), (39.454, -17.241), (39.454, -18.333)]
471;2;;;0,66;[1188, 1187, 1186, 1189];[(19.371, -22.016), (19.371, -22.778), (20.235, -22.778), (20.235, -22.016)]
472;100;;;0,15;[1187, 1188, 873, 876];[(19.371, -22.778), (19.371, -22.016), (19.173, -22.016), (19.173, -22.778)]
473;100;;;12,16;[1195, 1201, 1203, 1225, 1224, 1194, 1185, 1184];[(41.993, -18.333), (41.993, -20.242), (41.993, -20.403), (41.993, -24.001), (41.993, -24.114), (41.993, -29.508), (43.081, -29.508), (43.081, -18.333)]
474;2;;;5,52;[873, 1188, 1189, 871, 870, 872];[(19.173, -22.016), (19.371, -22.016), (20.235, -22.016), (22.829, -22.016), (22.829, -20.505), (19.173, -20.505)]
475;2;;;0,95;[1190, 1193, 1192, 1191];[(22.693, -25.253), (23.675, -25.253), (23.675, -24.29), (22.693, -24.29)]
476;2;;;23,69;[875, 1190, 1191, 874, 1186, 1187, 876, 1087];[(22.693, -29.508), (22.693, -25.253), (22.693, -24.29), (22.693, -22.778), (20.235, -22.778), (19.371, -22.778), (19.173, -22.778), (19.173, -29.508)]
477;100;;;0,12;[1175, 1552, 1551, 1179];[(22.758, -18.333), (22.758, -18.46), (23.675, -18.46), (23.675, -18.333)]
478;100;;;4,18;[1193, 1190, 875, 1178, 1227, 1229];[(23.675, -25.253), (22.693, -25.253), (22.693, -29.508), (23.675, -29.508), (23.675, -25.683), (23.675, -25.561)]
479;100;;;1,28;[1198, 1199, 1263, 1231, 1232];[(39.454, -18.333), (39.454, -17.241), (38.945, -17.334), (38.131, -17.483), (38.131, -18.333)]
480;100;;;2,44;[1206, 1207, 1209, 1230, 1228, 1208];[(28.63, -29.508), (28.63, -20.522), (28.358, -20.522), (28.358, -25.561), (28.358, -25.683), (28.358, -29.508)]
481;100;;;2,38;[1210, 1211, 1213, 1212];[(35.625, -29.508), (35.625, -20.522), (35.36, -20.522), (35.36, -29.508)]
482;100;;;0,39;[1220, 1222, 1221, 1217, 1219, 1218];[(38.09, -20.522), (38.09, -22.567), (39.503, -22.567), (39.503, -22.444), (38.204, -22.444), (38.204, -20.522)]
483;100;;;28,95;[1167, 1168, 1300, 1302, 1170, 1150, 1142, 1140, 1161, 1337];[(29.528, -14.095), (29.68, -13.007), (29.68, -2.651), (29.68, -1.594), (29.68, 8.842), (29.68, 9.92), (28.597, 9.92), (28.597, -17.241), (29.528, -17.483), (29.528, -15.841)]
484;100;;;0,26;[1225, 1226, 1223, 1224];[(41.993, -24.001), (39.72, -24.001), (39.72, -24.114), (41.993, -24.114)]
485;1;;;0,29;[1233, 1236, 1235, 1234];[(24.666, -20.242), (24.666, -20.522), (25.714, -20.522), (25.714, -20.242)]
486;100;;;0,28;[1236, 1233, 1200, 1202];[(24.666, -20.522), (24.666, -20.242), (23.675, -20.242), (23.675, -20.522)]
487;1;;;0,29;[1237, 1240, 1239, 1238];[(29.516, -20.242), (29.516, -20.522), (30.549, -20.522), (30.549, -20.242)]
488;100;;;1,06;[1240, 1237, 1234, 1235, 1209, 1207];[(29.516, -20.522), (29.516, -20.242), (25.714, -20.242), (25.714, -20.522), (28.358, -20.522), (28.63, -20.522)]
489;8;104;;60,48;[1212, 1213, 1239, 1240, 1207, 1206];[(35.36, -29.508), (35.36, -20.522), (30.549, -20.522), (29.516, -20.522), (28.63, -20.522), (28.63, -29.508)]
490;1;;;0,29;[1241, 1244, 1243, 1242];[(36.46, -20.242), (36.46, -20.522), (37.497, -20.522), (37.497, -20.242)]
491;100;;;1,65;[1244, 1241, 1238, 1239, 1213, 1211];[(36.46, -20.522), (36.46, -20.242), (30.549, -20.242), (30.549, -20.522), (35.36, -20.522), (35.625, -20.522)]
492;100;;;7,31;[1232, 1231, 1161, 1151];[(38.131, -18.333), (38.131, -17.483), (29.528, -17.483), (29.528, -18.333)]
493;100;;;0,42;[1263, 1332, 1333, 1231];[(38.945, -17.334), (38.945, -16.891), (38.129, -16.891), (38.131, -17.483)]
494;2;;;0,11;[1247, 1246, 1245, 1248];[(26.643, -25.561), (26.643, -25.683), (27.551, -25.683), (27.551, -25.561)]
495;100;;;0,36;[1227, 1246, 1247, 1229];[(23.675, -25.683), (26.643, -25.683), (26.643, -25.561), (23.675, -25.561)]
496;2;;;17,91;[1208, 1228, 1245, 1246, 1227, 1178];[(28.358, -29.508), (28.358, -25.683), (27.551, -25.683), (26.643, -25.683), (23.675, -25.683), (23.675, -29.508)]
497;100;;;0,10;[1248, 1245, 1228, 1230];[(27.551, -25.561), (27.551, -25.683), (28.358, -25.683), (28.358, -25.561)]
498;8;103;;23,48;[1229, 1247, 1248, 1230, 1209, 1235, 1236, 1202, 1180, 1181, 1182, 1183, 1192, 1193];[(23.675, -25.561), (26.643, -25.561), (27.551, -25.561), (28.358, -25.561), (28.358, -20.522), (25.714, -20.522), (24.666, -20.522), (23.675, -20.522), (23.675, -23.573), (23.903, -23.573), (23.903, -24.097), (23.675, -24.097), (23.675, -24.29), (23.675, -25.253)]
499;2;;;0,16;[1251, 1250, 1249, 1252];[(39.503, -21.709), (39.72, -21.709), (39.72, -20.979), (39.503, -20.979)]
500;100;;;9,26;[1167, 1336, 1262, 1299, 1168];[(29.528, -14.095), (36.128, -14.095), (38.12, -14.095), (38.116, -13.007), (29.68, -13.007)]
501;100;;;0,10;[1252, 1249, 1204, 1215];[(39.503, -20.979), (39.72, -20.979), (39.72, -20.522), (39.503, -20.522)]
502;2;;;2,50;[1218, 1219, 1217, 1251, 1252, 1215];[(38.204, -20.522), (38.204, -22.444), (39.503, -22.444), (39.503, -21.709), (39.503, -20.979), (39.503, -20.522)]
503;1;;;0,16;[1253, 1256, 1255, 1254];[(40.804, -20.242), (40.804, -20.403), (41.77, -20.403), (41.77, -20.242)]
504;1;;;34,97;[1179, 1551, 1553, 1200, 1233, 1234, 1237, 1238, 1241, 1242, 1253, 1254, 1201, 1195];[(23.675, -18.333), (23.675, -18.46), (23.675, -19.946), (23.675, -20.242), (24.666, -20.242), (25.714, -20.242), (29.516, -20.242), (30.549, -20.242), (36.46, -20.242), (37.497, -20.242), (40.804, -20.242), (41.77, -20.242), (41.993, -20.242), (41.993, -18.333)]
505;100;;;0,80;[1256, 1253, 1242, 1243, 1220, 1218, 1215, 1204, 1205];[(40.804, -20.403), (40.804, -20.242), (37.497, -20.242), (37.497, -20.522), (38.09, -20.522), (38.204, -20.522), (39.503, -20.522), (39.72, -20.522), (39.72, -20.403)]
506;100;;;0,04;[1201, 1254, 1255, 1203];[(41.993, -20.242), (41.77, -20.242), (41.77, -20.403), (41.993, -20.403)]
507;8;105а;;8,18;[1203, 1255, 1256, 1205, 1204, 1249, 1250, 1226, 1225];[(41.993, -20.403), (41.77, -20.403), (40.804, -20.403), (39.72, -20.403), (39.72, -20.522), (39.72, -20.979), (39.72, -21.709), (39.72, -24.001), (41.993, -24.001)]
508;2;;;0,18;[1257, 1260, 1259, 1258];[(39.503, -25.418), (39.72, -25.418), (39.72, -24.595), (39.503, -24.595)]
509;100;;;0,89;[1214, 1260, 1257, 1216];[(39.72, -29.508), (39.72, -25.418), (39.503, -25.418), (39.503, -29.508)]
510;8;105;;31,96;[1216, 1257, 1258, 1221, 1222, 1220, 1243, 1244, 1211, 1210];[(39.503, -29.508), (39.503, -25.418), (39.503, -24.595), (39.503, -22.567), (38.09, -22.567), (38.09, -20.522), (37.497, -20.522), (36.46, -20.522), (35.625, -20.522), (35.625, -29.508)]
511;100;;;0,63;[1258, 1259, 1223, 1226, 1250, 1251, 1217, 1221];[(39.503, -24.595), (39.72, -24.595), (39.72, -24.114), (39.72, -24.001), (39.72, -21.709), (39.503, -21.709), (39.503, -22.444), (39.503, -22.567)]
512;2;;;12,26;[1224, 1223, 1259, 1260, 1214, 1194];[(41.993, -24.114), (39.72, -24.114), (39.72, -24.595), (39.72, -25.418), (39.72, -29.508), (41.993, -29.508)]
513;1;;;17,61;[1262, 1336, 1338, 1337, 1161, 1231, 1333, 1335];[(38.12, -14.095), (36.128, -14.095), (36.128, -15.841), (29.528, -15.841), (29.528, -17.483), (38.131, -17.483), (38.129, -16.891), (38.122, -14.782)]
514;100;;;0,40;[1277, 1278, 1275, 1276, 1270];[(43.006, -17.378), (43.006, -16.883), (42.229, -16.883), (42.072, -16.883), (42.072, -17.241)]
515;100;;;1,92;[1291, 1292, 1293, 1294];[(42.973, -7.49), (51.437, -7.49), (51.437, -7.263), (42.973, -7.263)]
516;100;;;6,93;[1287, 1282, 1290, 1289];[(42.973, -14.549), (51.437, -14.549), (51.437, -13.73), (42.973, -13.73)]
517;100;;;8,21;[1295, 1296, 1297, 1320, 1322, 1298];[(42.973, -2.625), (51.437, -2.625), (51.437, -1.655), (47.077, -1.655), (46.786, -1.655), (42.973, -1.655)]
518;1;;;2,46;[1282, 1398, 1397, 1396];[(51.437, -14.549), (51.437, -16.922), (52.473, -16.922), (52.473, -14.543)]
519;100;;;8,88;[1300, 1301, 1303, 1302];[(29.68, -2.651), (38.078, -2.651), (38.075, -1.594), (29.68, -1.594)]
520;100;;;0,45;[1358, 1359, 1330, 1325];[(44.696, 3.155), (44.696, 3.417), (42.973, 3.417), (42.973, 3.155)]
521;8;111а;;22,31;[1330, 1359, 1361, 1331, 1329, 1283, 1285, 1286];[(42.973, 3.417), (44.696, 3.417), (45.504, 3.417), (46.979, 3.417), (46.979, 8.842), (42.558, 8.842), (42.558, 7.436), (42.973, 7.436)]
522;1;;;1,73;[1333, 1332, 1334, 1335];[(38.129, -16.891), (38.945, -16.891), (38.945, -14.782), (38.122, -14.782)]
523;9;;;11,52;[1337, 1338, 1336, 1167];[(29.528, -15.841), (36.128, -15.841), (36.128, -14.095), (29.528, -14.095)]
524;100;;;4,81;[1340, 1339, 1325, 1330, 1286, 1285, 1283, 1269, 1306, 1304];[(42.25, 1.381), (42.973, 1.381), (42.973, 3.155), (42.973, 3.417), (42.973, 7.436), (42.558, 7.436), (42.558, 8.842), (42.25, 8.842), (42.25, 1.756), (42.25, 1.492)]
525;1;;;0,98;[1341, 1344, 1343, 1342];[(38.1, -8.614), (38.945, -8.614), (38.945, -7.454), (38.096, -7.454)]
526;1;;;0,86;[1347, 1346, 1345, 1348];[(42.229, -8.75), (42.973, -8.75), (42.973, -7.59), (42.229, -7.59)]
527;1;;;0,86;[1349, 1352, 1351, 1350];[(42.229, -3.854), (42.973, -3.854), (42.973, -2.694), (42.229, -2.694)]
528;1;;;0,75;[1357, 1326, 1339, 1340];[(42.25, 0.348), (42.973, 0.348), (42.973, 1.381), (42.25, 1.381)]
529;8;114;;87,17;[1168, 1299, 1341, 1342, 1301, 1300];[(29.68, -13.007), (38.116, -13.007), (38.1, -8.614), (38.096, -7.454), (38.078, -2.651), (29.68, -2.651)]
530;100;;;5,14;[1335, 1334, 1344, 1341, 1299, 1262];[(38.122, -14.782), (38.945, -14.782), (38.945, -8.614), (38.1, -8.614), (38.116, -13.007), (38.12, -14.095)]
531;100;;;4,31;[1284, 1287, 1289, 1346, 1347];[(42.229, -14.549), (42.973, -14.549), (42.973, -13.73), (42.973, -8.75), (42.229, -8.75)]
532;8;110;;52,82;[1289, 1290, 1292, 1291, 1345, 1346];[(42.973, -13.73), (51.437, -13.73), (51.437, -7.49), (42.973, -7.49), (42.973, -7.59), (42.973, -8.75)]
533;100;;;2,78;[1348, 1345, 1291, 1294, 1352, 1349];[(42.229, -7.59), (42.973, -7.59), (42.973, -7.49), (42.973, -7.263), (42.973, -3.854), (42.229, -3.854)]
534;100;;;2,91;[1350, 1351, 1295, 1298, 1323, 1326, 1357, 1271, 1272, 1273, 1274];[(42.229, -2.694), (42.973, -2.694), (42.973, -2.625), (42.973, -1.655), (42.973, 0.103), (42.973, 0.348), (42.25, 0.348), (42.25, -1.678), (41.495, -1.678), (41.495, -2.622), (42.229, -2.622)]
535;8;111;;39,25;[1294, 1293, 1296, 1295, 1351, 1352];[(42.973, -7.263), (51.437, -7.263), (51.437, -2.625), (42.973, -2.625), (42.973, -2.694), (42.973, -3.854)]
536;1;;;0,68;[1355, 1354, 1353, 1356];[(38.067, 0.512), (38.777, 0.512), (38.777, 1.468), (38.064, 1.468)]
537;100;;;5,36;[1356, 1353, 1305, 1307, 1311, 1309, 1264, 1261];[(38.064, 1.468), (38.777, 1.468), (38.777, 1.492), (38.777, 1.756), (38.777, 3.129), (38.777, 3.393), (38.777, 8.842), (38.037, 8.842)]
538;100;;;6,88;[1342, 1343, 1265, 1266, 1267, 1268, 1354, 1355, 1303, 1301];[(38.096, -7.454), (38.945, -7.454), (38.945, -2.633), (39.333, -2.633), (39.333, -1.689), (38.777, -1.689), (38.777, 0.512), (38.067, 0.512), (38.075, -1.594), (38.078, -2.651)]
539;8;113;;87,41;[1302, 1303, 1355, 1356, 1261, 1170];[(29.68, -1.594), (38.075, -1.594), (38.067, 0.512), (38.064, 1.468), (38.037, 8.842), (29.68, 8.842)]
540;1;;;0,21;[1360, 1361, 1359, 1358];[(45.504, 3.155), (45.504, 3.417), (44.696, 3.417), (44.696, 3.155)]
541;1;;;0,19;[1362, 1365, 1364, 1363];[(41.218, 1.756), (41.218, 1.492), (41.95, 1.492), (41.95, 1.756)]
542;8;;;0,16;[1366, 1369, 1368, 1367];[(41.139, 2.987), (40.912, 2.987), (40.912, 2.298), (41.139, 2.298)]
543;8;112;;20,74;[1309, 1310, 1366, 1367, 1308, 1362, 1363, 1306, 1269, 1264];[(38.777, 3.393), (41.139, 3.393), (41.139, 2.987), (41.139, 2.298), (41.139, 1.756), (41.218, 1.756), (41.95, 1.756), (42.25, 1.756), (42.25, 8.842), (38.777, 8.842)]
544;100;;;0,65;[1305, 1365, 1362, 1308, 1312, 1307];[(38.777, 1.492), (41.218, 1.492), (41.218, 1.756), (41.139, 1.756), (40.912, 1.756), (38.777, 1.756)]
545;100;;;0,08;[1363, 1364, 1304, 1306];[(41.95, 1.756), (41.95, 1.492), (42.25, 1.492), (42.25, 1.756)]
546;1;;;61,03;[1284, 1347, 1348, 1349, 1350, 1274, 1273, 1272, 1271, 1357, 1340, 1304, 1364, 1365, 1305, 1353, 1354, 1268, 1267, 1266, 1265, 1343, 1344, 1334, 1332, 1263, 1199, 1197, 1270, 1276, 1275];[(42.229, -14.549), (42.229, -8.75), (42.229, -7.59), (42.229, -3.854), (42.229, -2.694), (42.229, -2.622), (41.495, -2.622), (41.495, -1.678), (42.25, -1.678), (42.25, 0.348), (42.25, 1.381), (42.25, 1.492), (41.95, 1.492), (41.218, 1.492), (38.777, 1.492), (38.777, 1.468), (38.777, 0.512), (38.777, -1.689), (39.333, -1.689), (39.333, -2.633), (38.945, -2.633), (38.945, -7.454), (38.945, -8.614), (38.945, -14.782), (38.945, -16.891), (38.945, -17.334), (39.454, -17.241), (41.839, -17.241), (42.072, -17.241), (42.072, -16.883), (42.229, -16.883)]
547;100;;;0,66;[1311, 1313, 1369, 1366, 1310, 1309];[(38.777, 3.129), (40.912, 3.129), (40.912, 2.987), (41.139, 2.987), (41.139, 3.393), (38.777, 3.393)]
548;100;;;0,12;[1367, 1368, 1312, 1308];[(41.139, 2.298), (40.912, 2.298), (40.912, 1.756), (41.139, 1.756)]
549;2;;;2,93;[1307, 1312, 1368, 1369, 1313, 1311];[(38.777, 1.756), (40.912, 1.756), (40.912, 2.298), (40.912, 2.987), (40.912, 3.129), (38.777, 3.129)]
550;1;;;0,14;[1372, 1375, 1374, 1373];[(46.813, 2.214), (46.993, 2.214), (46.993, 3.018), (46.813, 3.018)]
551;100;;;2,03;[1373, 1374, 1317, 1316, 1315, 1329, 1331, 1361, 1360, 1328];[(46.813, 3.018), (46.993, 3.018), (46.993, 3.197), (47.265, 3.197), (47.265, 8.842), (46.979, 8.842), (46.979, 3.417), (45.504, 3.417), (45.504, 3.155), (46.813, 3.155)]
552;8;111б;;28,86;[1315, 1316, 1317, 1374, 1375, 1318, 1314, 1171];[(47.265, 8.842), (47.265, 3.197), (46.993, 3.197), (46.993, 3.018), (46.993, 2.214), (46.993, 2.003), (51.437, 2.003), (51.437, 8.842)]
553;100;;;0,20;[1378, 1377, 1376, 1379];[(46.813, 0.55), (47.077, 0.55), (47.077, 1.307), (46.813, 1.307)]
554;100;;;1,40;[1379, 1376, 1321, 1319, 1314, 1318, 1375, 1372];[(46.813, 1.307), (47.077, 1.307), (47.077, 1.732), (51.437, 1.732), (51.437, 2.003), (46.993, 2.003), (46.993, 2.214), (46.813, 2.214)]
555;8;111в;;14,77;[1319, 1321, 1376, 1377, 1320, 1297];[(51.437, 1.732), (47.077, 1.732), (47.077, 1.307), (47.077, 0.55), (47.077, -1.655), (51.437, -1.655)]
556;11;;;274,17;[1409, 1412, 1410, 1408, 1406, 1407];[(65.713, -6.577), (65.713, -12.725), (65.713, -14.161), (65.713, -29.91), (77.463, -29.91), (77.463, -6.577)]
557;1;;;0,21;[1382, 1381, 1380, 1383];[(45.911, 0.348), (45.911, 0.103), (46.762, 0.103), (46.762, 0.348)]
558;100;;;0,72;[1323, 1381, 1382, 1326];[(42.973, 0.103), (45.911, 0.103), (45.911, 0.348), (42.973, 0.348)]
559;100;;;0,64;[1383, 1380, 1324, 1322, 1320, 1377, 1378, 1327];[(46.762, 0.348), (46.762, 0.103), (46.786, 0.103), (46.786, -1.655), (47.077, -1.655), (47.077, 0.55), (46.813, 0.55), (46.813, 0.348)]
560;2;111с;;6,71;[1298, 1322, 1324, 1380, 1381, 1323];[(42.973, -1.655), (46.786, -1.655), (46.786, 0.103), (46.762, 0.103), (45.911, 0.103), (42.973, 0.103)]
561;1;;;10,78;[1326, 1382, 1383, 1327, 1378, 1379, 1372, 1373, 1328, 1360, 1358, 1325, 1339];[(42.973, 0.348), (45.911, 0.348), (46.762, 0.348), (46.813, 0.348), (46.813, 0.55), (46.813, 1.307), (46.813, 2.214), (46.813, 3.018), (46.813, 3.155), (45.504, 3.155), (44.696, 3.155), (42.973, 3.155), (42.973, 1.381)]
562;100;;;0,23;[1427, 1467, 1468, 1439];[(60.202, -27.884), (60.202, -26.99), (59.94, -26.99), (59.94, -27.884)]
563;100;;;0,47;[1397, 1398, 1173, 1280];[(52.473, -16.922), (51.437, -16.922), (51.437, -17.378), (52.473, -17.378)]
564;9;;;0,79;[1399, 1404, 1405, 1400];[(45.217, -18.333), (45.217, -19.208), (46.119, -19.208), (46.122, -18.333)]
565;1;;;0,85;[1400, 1402, 1401, 1403];[(46.122, -18.333), (46.125, -17.378), (45.231, -17.378), (45.231, -18.333)]
566;100;;;3,33;[1403, 1401, 1277, 1270, 1197, 1196];[(45.231, -18.333), (45.231, -17.378), (43.006, -17.378), (42.072, -17.241), (41.839, -17.241), (41.839, -18.333)]
567;1;;;25,66;[1173, 1398, 1282, 1287, 1284, 1275, 1278, 1277, 1401, 1402];[(51.437, -17.378), (51.437, -16.922), (51.437, -14.549), (42.973, -14.549), (42.229, -14.549), (42.229, -16.883), (43.006, -16.883), (43.006, -17.378), (45.231, -17.378), (46.125, -17.378)]
568;100;;;5,11;[877, 1173, 1402, 1400];[(51.51, -18.333), (51.437, -17.378), (46.125, -17.378), (46.122, -18.333)]
569;100;;;15,01;[1407, 1406, 1139, 1138];[(77.463, -6.577), (77.463, -29.91), (78.09, -30.503), (78.09, -5.984)]
570;100;;;7,34;[1406, 1408, 1385, 1139];[(77.463, -29.91), (65.713, -29.91), (65.085, -30.503), (78.09, -30.503)]
571;100;;;7,34;[1409, 1407, 1138, 1371];[(65.713, -6.577), (77.463, -6.577), (78.09, -5.984), (65.085, -5.984)]
572;100;;;10,06;[1408, 1410, 1411, 1385];[(65.713, -29.91), (65.713, -14.161), (65.085, -14.161), (65.085, -30.503)]
573;1;;;0,90;[1411, 1410, 1412, 1413];[(65.085, -14.161), (65.713, -14.161), (65.713, -12.725), (65.085, -12.725)]
574;100;;;4,04;[1413, 1412, 1409, 1371, 1457];[(65.085, -12.725), (65.713, -12.725), (65.713, -6.577), (65.085, -5.984), (65.085, -9.809)]
575;100;;;4,60;[1425, 1426, 1416, 1417, 1477, 1503];[(60.251, -18.307), (59.544, -18.307), (59.544, -24.812), (60.251, -24.812), (60.251, -21.443), (60.251, -21.118)]
576;100;;;0,69;[1417, 1416, 1418, 1440, 1428, 1419];[(60.251, -24.812), (59.544, -24.812), (59.544, -25.791), (59.94, -25.791), (60.202, -25.791), (60.251, -25.791)]
577;100;;;4,75;[1417, 1419, 1420, 1421, 1509, 1510];[(60.251, -24.812), (60.251, -25.791), (65.085, -25.795), (65.085, -24.809), (62.876, -24.81), (62.634, -24.81)]
578;15;;;10,22;[1419, 1428, 1461, 1467, 1427, 1429, 1420];[(60.251, -25.791), (60.202, -25.791), (60.202, -26.209), (60.202, -26.99), (60.202, -27.884), (65.085, -27.889), (65.085, -25.795)]
579;100;;;0,66;[1414, 1281, 1426, 1425];[(60.251, -17.378), (59.544, -17.378), (59.544, -18.307), (60.251, -18.307)]
580;15;;;0,20;[1468, 1467, 1461, 1462];[(59.94, -26.99), (60.202, -26.99), (60.202, -26.209), (59.94, -26.209)]
581;100;;;3,85;[1436, 1433, 1434, 1435];[(56.328, -24.806), (56.305, -18.308), (55.713, -18.308), (55.736, -24.805)]
582;100;;;0,55;[1431, 1434, 1433, 1432];[(55.712, -17.378), (55.713, -18.308), (56.305, -18.308), (56.305, -17.378)]
583;100;;;0,59;[1435, 1438, 1437, 1436];[(55.736, -24.805), (55.736, -25.797), (56.328, -25.796), (56.328, -24.806)]
584;100;;;6,95;[1149, 1148, 1445, 1446, 1459, 1447, 1448, 1449, 1450, 1451, 1452, 1453, 1454, 1455, 1456, 1371, 1152, 1160, 1162, 1163, 1164, 1165, 1166, 1153, 1155, 1156, 1157, 1158, 1159, 1154];[(61.987, -9.633), (61.332, -10.238), (61.762, -10.696), (62.669, -9.789), (62.669, -6.164), (62.669, -5.571), (62.875, -5.103), (63.213, -4.677), (63.432, -4.555), (63.875, -4.458), (64.25, -4.529), (64.503, -4.656), (64.731, -4.884), (64.925, -5.191), (65.076, -5.563), (65.085, -5.984), (65.689, -5.994), (65.677, -5.112), (65.551, -4.78), (65.353, -4.487), (65.075, -4.205), (64.727, -3.963), (64.313, -3.801), (63.838, -3.753), (63.364, -3.804), (62.957, -3.99), (62.618, -4.259), (62.344, -4.552), (62.142, -4.836), (62.046, -5.119)]
585;9;;;6,93;[1447, 1459, 1460, 1458, 1457, 1371, 1456, 1455, 1454, 1453, 1452, 1451, 1450, 1449, 1448];[(62.669, -5.571), (62.669, -6.164), (64.105, -6.164), (64.105, -9.801), (65.085, -9.809), (65.085, -5.984), (65.076, -5.563), (64.925, -5.191), (64.731, -4.884), (64.503, -4.656), (64.25, -4.529), (63.875, -4.458), (63.432, -4.555), (63.213, -4.677), (62.875, -5.103)]
586;1;;;5,21;[1458, 1460, 1459, 1446];[(64.105, -9.801), (64.105, -6.164), (62.669, -6.164), (62.669, -9.789)]
587;100;;;0,86;[1465, 1464, 1463, 1466];[(59.895, -28.267), (59.895, -27.884), (57.66, -27.882), (57.66, -28.267)]
588;100;;;1,98;[1464, 1465, 1387, 1429, 1427, 1439];[(59.895, -27.884), (59.895, -28.267), (65.085, -28.267), (65.085, -27.889), (60.202, -27.884), (59.94, -27.884)]
589;100;;;0,11;[1462, 1461, 1428, 1440];[(59.94, -26.209), (60.202, -26.209), (60.202, -25.791), (59.94, -25.791)]
590;100;;;2,01;[1386, 1466, 1463, 1430];[(52.484, -28.267), (57.66, -28.267), (57.66, -27.882), (52.483, -27.877)]
591;15;;;0,70;[1469, 1472, 1471, 1470];[(55.473, -25.797), (55.473, -24.804), (54.769, -24.803), (54.769, -25.798)]
592;15;;;0,69;[1473, 1476, 1475, 1474];[(57.437, -25.794), (57.437, -24.808), (56.734, -24.807), (56.734, -25.795)]
593;15;109;;15,55;[1439, 1468, 1462, 1440, 1418, 1473, 1474, 1437, 1438, 1469, 1470, 1423, 1430, 1463, 1464];[(59.94, -27.884), (59.94, -26.99), (59.94, -26.209), (59.94, -25.791), (59.544, -25.791), (57.437, -25.794), (56.734, -25.795), (56.328, -25.796), (55.736, -25.797), (55.473, -25.797), (54.769, -25.798), (52.479, -25.802), (52.483, -27.877), (57.66, -27.882), (59.895, -27.884)]
594;100;;;0,26;[1438, 1435, 1472, 1469];[(55.736, -25.797), (55.736, -24.805), (55.473, -24.804), (55.473, -25.797)]
595;100;;;2,29;[1470, 1471, 1422, 1423];[(54.769, -25.798), (54.769, -24.803), (52.478, -24.799), (52.479, -25.802)]
596;100;;;0,40;[1474, 1475, 1436, 1437];[(56.734, -25.795), (56.734, -24.807), (56.328, -24.806), (56.328, -25.796)]
597;100;;;2,07;[1418, 1416, 1476, 1473];[(59.544, -25.791), (59.544, -24.812), (57.437, -24.808), (57.437, -25.794)]
598;1;;;0,96;[1481, 1484, 1483, 1482];[(54.01, -18.308), (54.01, -17.378), (52.977, -17.378), (52.977, -18.309)]
599;1;;;0,96;[1485, 1488, 1487, 1486];[(59.299, -18.307), (59.299, -17.378), (58.266, -17.378), (58.266, -18.307)]
600;15;107;;21,09;[1422, 1471, 1472, 1435, 1434, 1481, 1482, 1424];[(52.478, -24.799), (54.769, -24.803), (55.473, -24.804), (55.736, -24.805), (55.713, -18.308), (54.01, -18.308), (52.977, -18.309), (52.474, -18.309)]
601;100;;;1,58;[1431, 1484, 1481, 1434];[(55.712, -17.378), (54.01, -17.378), (54.01, -18.308), (55.713, -18.308)]
602;100;;;0,47;[1482, 1483, 1280, 1424];[(52.977, -18.309), (52.977, -17.378), (52.473, -17.378), (52.474, -18.309)]
603;15;108;;20,98;[1416, 1426, 1485, 1486, 1433, 1436, 1475, 1476];[(59.544, -24.812), (59.544, -18.307), (59.299, -18.307), (58.266, -18.307), (56.305, -18.308), (56.328, -24.806), (56.734, -24.807), (57.437, -24.808)]
604;100;;;0,23;[1281, 1488, 1485, 1426];[(59.544, -17.378), (59.299, -17.378), (59.299, -18.307), (59.544, -18.307)]
605;100;;;1,82;[1486, 1487, 1432, 1433];[(58.266, -18.307), (58.266, -17.378), (56.305, -17.378), (56.305, -18.308)]
606;1;;;0,70;[1490, 1493, 1492, 1491];[(57.008, -13.907), (57.008, -13.199), (56.024, -13.199), (56.024, -13.907)]
607;1;;;19,98;[1396, 1397, 1280, 1483, 1484, 1431, 1432, 1487, 1488, 1281, 1480, 1478, 1479, 1490, 1491, 1279, 1388];[(52.473, -14.543), (52.473, -16.922), (52.473, -17.378), (52.977, -17.378), (54.01, -17.378), (55.712, -17.378), (56.305, -17.378), (58.266, -17.378), (59.299, -17.378), (59.544, -17.378), (59.544, -16.211), (57.565, -16.211), (57.565, -13.907), (57.008, -13.907), (56.024, -13.907), (52.492, -13.907), (52.481, -14.543)]
608;100;;;2,50;[1491, 1492, 1441, 1279];[(56.024, -13.907), (56.024, -13.199), (52.491, -13.199), (52.492, -13.907)]
609;14;107а;;13,05;[1441, 1492, 1493, 1391, 1390, 1389];[(52.491, -13.199), (56.024, -13.199), (57.008, -13.199), (57.162, -13.199), (57.162, -10.407), (52.484, -10.407)]
610;1;;;0,88;[1494, 1497, 1496, 1495];[(59.403, -13.907), (59.403, -13.199), (58.165, -13.199), (58.165, -13.907)]
611;100;;;2,78;[1415, 1444, 1445, 1148, 1395, 1443, 1442, 1497, 1494, 1288];[(60.251, -13.907), (60.251, -12.245), (61.762, -10.696), (61.332, -10.238), (60.979, -10.599), (59.587, -12.01), (59.587, -13.199), (59.403, -13.199), (59.403, -13.907), (59.544, -13.907)]
612;100;;;0,82;[1495, 1496, 1392, 1391, 1493, 1490, 1479];[(58.165, -13.907), (58.165, -13.199), (57.996, -13.199), (57.162, -13.199), (57.008, -13.199), (57.008, -13.907), (57.565, -13.907)]
613;100;;;0,75;[1498, 1501, 1500, 1499];[(59.697, -10.461), (59.697, -9.873), (58.419, -9.873), (58.419, -10.461)]
614;14;109;;5,52;[1393, 1392, 1496, 1497, 1442, 1443, 1395, 1394, 1498, 1499];[(57.996, -10.461), (57.996, -13.199), (58.165, -13.199), (59.403, -13.199), (59.587, -13.199), (59.587, -12.01), (60.979, -10.599), (60.861, -10.461), (59.697, -10.461), (58.419, -10.461)]
615;100;;;0,90;[1501, 1498, 1394, 1395, 1148, 1147];[(59.697, -9.873), (59.697, -10.461), (60.861, -10.461), (60.979, -10.599), (61.332, -10.238), (61.03, -9.873)]
616;100;;;32,40;[1169, 1171, 1314, 1319, 1297, 1296, 1293, 1292, 1290, 1282, 1396, 1388, 1279, 1441, 1389, 1390, 1391, 1392, 1393, 1499, 1500, 1146, 1145, 1144];[(52.513, 8.842), (51.437, 8.842), (51.437, 2.003), (51.437, 1.732), (51.437, -1.655), (51.437, -2.625), (51.437, -7.263), (51.437, -7.49), (51.437, -13.73), (51.437, -14.549), (52.473, -14.543), (52.481, -14.543), (52.492, -13.907), (52.491, -13.199), (52.484, -10.407), (57.162, -10.407), (57.162, -13.199), (57.996, -13.199), (57.996, -10.461), (58.419, -10.461), (58.419, -9.873), (58.003, -9.873), (58.003, -9.54), (52.513, -9.54)]
617;100;;;0,81;[1509, 1508, 1511, 1510];[(62.876, -24.81), (62.876, -21.443), (62.634, -21.443), (62.634, -24.81)]
618;100;;;0,56;[1513, 1512, 1514, 1515];[(62.697, -21.118), (62.697, -15.798), (62.592, -15.798), (62.592, -21.118)]
619;1;;;0,16;[1518, 1517, 1516, 1519];[(62.903, -15.598), (62.903, -15.798), (63.722, -15.798), (63.722, -15.598)]
620;1;;;0,16;[1522, 1521, 1520, 1523];[(61.627, -15.598), (61.627, -15.798), (62.447, -15.798), (62.447, -15.598)]
621;100;;;0,09;[1517, 1518, 1523, 1520, 1514, 1512];[(62.903, -15.798), (62.903, -15.598), (62.447, -15.598), (62.447, -15.798), (62.592, -15.798), (62.697, -15.798)]
622;100;;;0,27;[1506, 1519, 1516, 1504];[(65.085, -15.598), (63.722, -15.598), (63.722, -15.798), (65.085, -15.798)]
623;100;;;0,27;[1521, 1522, 1507, 1505];[(61.627, -15.798), (61.627, -15.598), (60.251, -15.598), (60.251, -15.798)]
624;12;;;0,24;[1526, 1525, 1524, 1527];[(60.633, -21.118), (60.633, -21.443), (61.38, -21.443), (61.38, -21.118)]
625;12;;;0,24;[1528, 1531, 1530, 1529];[(64.18, -21.118), (64.18, -21.443), (64.926, -21.443), (64.926, -21.118)]
626;100;;;0,12;[1525, 1526, 1503, 1477];[(60.633, -21.443), (60.633, -21.118), (60.251, -21.118), (60.251, -21.443)]
627;4;;;8,03;[1510, 1511, 1524, 1525, 1477, 1417];[(62.634, -24.81), (62.634, -21.443), (61.38, -21.443), (60.633, -21.443), (60.251, -21.443), (60.251, -24.812)]
628;100;;;0,91;[1531, 1528, 1513, 1515, 1527, 1524, 1511, 1508];[(64.18, -21.443), (64.18, -21.118), (62.697, -21.118), (62.592, -21.118), (61.38, -21.118), (61.38, -21.443), (62.634, -21.443), (62.876, -21.443)]
629;12;;;12,46;[1515, 1514, 1520, 1521, 1505, 1414, 1425, 1503, 1526, 1527];[(62.592, -21.118), (62.592, -15.798), (62.447, -15.798), (61.627, -15.798), (60.251, -15.798), (60.251, -17.378), (60.251, -18.307), (60.251, -21.118), (60.633, -21.118), (61.38, -21.118)]
630;12;;;12,71;[1504, 1516, 1517, 1512, 1513, 1528, 1529, 1502];[(65.085, -15.798), (63.722, -15.798), (62.903, -15.798), (62.697, -15.798), (62.697, -21.118), (64.18, -21.118), (64.926, -21.118), (65.085, -21.118)]
631;100;;;0,05;[1502, 1529, 1530, 1489];[(65.085, -21.118), (64.926, -21.118), (64.926, -21.443), (65.085, -21.443)]
632;4;;;7,44;[1489, 1530, 1531, 1508, 1509, 1421];[(65.085, -21.443), (64.926, -21.443), (64.18, -21.443), (62.876, -21.443), (62.876, -24.81), (65.085, -24.809)]
633;100;;;1,31;[1534, 1533, 1532, 1535];[(-6.643, -13.273), (-5.591, -13.273), (-5.591, -12.03), (-6.643, -12.03)]
634;100;;;0,21;[1535, 1532, 45, 4];[(-6.643, -12.03), (-5.591, -12.03), (-5.591, -11.828), (-6.643, -11.828)]
635;2;;;3,29;[45, 1532, 1533, 152, 150, 148, 144, 145, 147];[(-5.591, -11.828), (-5.591, -12.03), (-5.591, -13.273), (-5.591, -13.377), (-4.306, -13.372), (-3.464, -13.372), (-3.464, -13.286), (-3.464, -12.063), (-3.462, -11.828)]
636;100;;;6,95;[2, 40, 151, 152, 1533, 1534];[(-6.643, -19.88), (-5.591, -19.88), (-5.591, -13.474), (-5.591, -13.377), (-5.591, -13.273), (-6.643, -13.273)]
637;100;;;17,66;[442, 451, 441, 57, 59, 9, 51, 11, 1073, 13];[(16.985, 9.653), (16.985, -2.84), (16.347, -3.533), (12.373, -3.538), (12.373, -4.372), (13.482, -4.296), (16.945, -4.317), (17.835, -3.129), (18.022, -2.456), (18.051, 9.653)]
638;100;;;5,49;[1538, 628, 630, 625, 666, 675, 677, 1539];[(-24.709, 24.105), (-24.709, 25.261), (-24.709, 25.613), (-24.709, 28.909), (-25.852, 28.906), (-25.852, 25.678), (-25.852, 24.935), (-25.852, 24.105)]
639;1;;;1,43;[1540, 1538, 1539, 1541];[(-24.709, 22.856), (-24.709, 24.105), (-25.852, 24.105), (-25.852, 22.856)]
640;100;;;1,78;[1543, 524, 513, 631, 629, 1542];[(-18.62, 25.058), (-18.62, 26.743), (-19.677, 26.743), (-19.677, 25.613), (-19.677, 25.261), (-19.677, 25.058)]
641;1;;;1,24;[1545, 1543, 1542, 1544];[(-18.62, 23.88), (-18.62, 25.058), (-19.677, 25.058), (-19.677, 23.88)]
642;1;;;0,23;[1547, 1549, 1548, 1546];[(-32.806, -22.575), (-32.806, -21.329), (-32.989, -21.329), (-32.989, -22.575)]
643;100;;;0,03;[1549, 928, 944, 1548];[(-32.806, -21.329), (-32.806, -21.158), (-32.989, -21.158), (-32.989, -21.329)]
644;100;;;8,30;[1550, 958, 955, 954, 1013, 1033, 1034, 1017, 1016, 1015, 1014, 1036, 1039];[(-18.704, -22.8), (-18.704, -22.879), (-18.704, -23.078), (-18.704, -29.523), (-17.519, -29.523), (-17.519, -26.325), (-17.519, -26.149), (-17.519, -24.89), (-17.28, -24.89), (-17.28, -23.328), (-17.592, -23.328), (-17.592, -22.938), (-17.592, -22.8)]
645;1;;;1,36;[1552, 1554, 1553, 1551];[(22.758, -18.46), (22.758, -19.946), (23.675, -19.946), (23.675, -18.46)]
646;100;;;6,89;[1554, 1177, 1176, 872, 870, 871, 1189, 1186, 874, 1191, 1192, 1183, 1182, 1181, 1180, 1202, 1200, 1553];[(22.758, -19.946), (22.758, -20.26), (19.173, -20.26), (19.173, -20.505), (22.829, -20.505), (22.829, -22.016), (20.235, -22.016), (20.235, -22.778), (22.693, -22.778), (22.693, -24.29), (23.675, -24.29), (23.675, -24.097), (23.903, -24.097), (23.903, -23.573), (23.675, -23.573), (23.675, -20.522), (23.675, -20.242), (23.675, -19.946)]
647;1;;;1,02;[1555, 1556, 1557, 1558];[(59.544, -14.053), (59.544, -15.489), (60.251, -15.489), (60.251, -14.053)]
648;100;;;1,34;[1556, 1480, 1281, 1414, 1505, 1507, 1557];[(59.544, -15.489), (59.544, -16.211), (59.544, -17.378), (60.251, -17.378), (60.251, -15.798), (60.251, -15.598), (60.251, -15.489)]
649;1;;;4,56;[1479, 1478, 1480, 1556, 1555, 1288, 1494, 1495];[(57.565, -13.907), (57.565, -16.211), (59.544, -16.211), (59.544, -15.489), (59.544, -14.053), (59.544, -13.907), (59.403, -13.907), (58.165, -13.907)]
650;100;;;0,10;[1288, 1555, 1558, 1415];[(59.544, -13.907), (59.544, -14.053), (60.251, -14.053), (60.251, -13.907)]
651;1;;;25,11;[1413, 1457, 1458, 1446, 1445, 1444, 1415, 1558, 1557, 1507, 1522, 1523, 1518, 1519, 1506, 1411];[(65.085, -12.725), (65.085, -9.809), (64.105, -9.801), (62.669, -9.789), (61.762, -10.696), (60.251, -12.245), (60.251, -13.907), (60.251, -14.053), (60.251, -15.489), (60.251, -15.598), (61.627, -15.598), (62.447, -15.598), (62.903, -15.598), (63.722, -15.598), (65.085, -15.598), (65.085, -14.161)]
652;1;;;0,35;[222, 223, 226, 227];[(-1.579, -22.526), (-1.579, -21.44), (-1.902, -21.439), (-1.902, -22.523)]
653;100;;;0,13;[225, 226, 223, 213];[(-1.902, -21.033), (-1.902, -21.439), (-1.579, -21.44), (-1.579, -21.033)]
654;1;;;30,73;[213, 223, 222, 221, 220, 219, 218, 250, 251, 234, 235, 253, 252, 121];[(-1.579, -21.033), (-1.579, -21.44), (-1.579, -22.526), (-1.579, -22.851), (-1.178, -22.851), (-1.178, -23.524), (-1.544, -23.524), (-1.544, -24.592), (7.972, -24.592), (7.972, -23.522), (7.662, -23.522), (6.782, -23.522), (6.782, -21.033), (4.111, -21.033)]
655;100;;;3,29;[227, 224, 212, 214, 215, 216, 217, 248, 250, 218, 219, 220, 221, 222];[(-1.902, -22.523), (-1.902, -29.533), (-1.396, -29.533), (-1.396, -27.574), (-1.178, -27.574), (-1.178, -26.887), (-1.544, -26.887), (-1.544, -26.041), (-1.544, -24.592), (-1.544, -23.524), (-1.178, -23.524), (-1.178, -22.851), (-1.579, -22.851), (-1.579, -22.526)]
656;8;;;31,35;[42, 53, 224, 227, 226, 225];[(-5.591, -21.033), (-5.591, -29.533), (-1.902, -29.533), (-1.902, -22.523), (-1.902, -21.439), (-1.902, -21.033)]
657;1;;;0,09;[1562, 1563, 1560, 1561];[(1.724, -6.089), (2.613, -6.089), (2.613, -5.984), (1.724, -5.984)]
658;100;;;0,32;[269, 1536, 271, 1562, 1561, 268, 266];[(0.442, -4.372), (0.442, -5.995), (0.442, -6.089), (1.724, -6.089), (1.724, -5.984), (0.556, -5.984), (0.556, -4.372)]
659;2;;;4,87;[266, 268, 1561, 1560, 267, 93];[(0.556, -4.372), (0.556, -5.984), (1.724, -5.984), (2.613, -5.984), (3.578, -5.984), (3.579, -4.372)]
660;100;;;0,10;[1563, 270, 267, 1560];[(2.613, -6.089), (3.578, -6.089), (3.578, -5.984), (2.613, -5.984)]
661;1;147;;13,45;[1537, 281, 283, 259, 278, 276, 273, 274, 256, 77, 79, 81, 83, 85, 87, 89, 91, 270, 1563, 1562, 271, 1536];[(-1.647, -5.995), (-1.647, -6.533), (-1.647, -7.494), (-1.647, -8.74), (-1.34, -8.74), (-0.492, -8.74), (1.843, -8.74), (2.708, -8.74), (3.239, -8.74), (3.239, -8.648), (3.386, -8.648), (3.386, -8.369), (3.386, -7.372), (3.386, -7.074), (3.241, -7.074), (3.241, -6.296), (3.578, -6.296), (3.578, -6.089), (2.613, -6.089), (1.724, -6.089), (0.442, -6.089), (0.442, -5.995)]
662;1;;;0,11;[1564, 1565, 1566, 1567];[(-36.467, 16.865), (-35.605, 16.865), (-35.605, 16.996), (-36.467, 16.996)]
663;1;;;20,09;[723, 735, 736, 725, 1565, 1564, 729, 728, 726, 724, 742, 743, 659, 645];[(-34.962, 14.785), (-34.962, 15.396), (-34.962, 16.597), (-34.962, 16.865), (-35.605, 16.865), (-36.467, 16.865), (-36.517, 16.865), (-36.752, 16.865), (-40.803, 16.865), (-40.803, 19.06), (-40.886, 19.06), (-42.086, 19.06), (-42.661, 19.06), (-42.661, 14.785)]
664;100;;;0,01;[1567, 731, 729, 1564];[(-36.467, 16.996), (-36.517, 16.996), (-36.517, 16.865), (-36.467, 16.865)]
665;100;;;0,14;[736, 733, 715, 1566, 1565, 725];[(-34.962, 16.597), (-34.813, 16.597), (-34.813, 16.996), (-35.605, 16.996), (-35.605, 16.865), (-34.962, 16.865)]
666;9;;;3,52;[731, 1567, 1566, 715, 732, 730];[(-36.517, 16.996), (-36.467, 16.996), (-35.605, 16.996), (-34.813, 16.996), (-34.813, 19.06), (-36.517, 19.06)]
667;2;;;0,87;[1568, 1569, 1570, 1571];[(-40.943, -20.327), (-41.985, -20.327), (-41.985, -21.158), (-40.943, -21.158)]
668;2;;;34,86;[861, 1569, 1568, 862, 863, 864, 865, 920, 921, 866, 867, 868, 869, 860];[(-42.661, -20.327), (-41.985, -20.327), (-40.943, -20.327), (-37.651, -20.327), (-37.651, -20.055), (-36.69, -19.185), (-36.473, -19.185), (-36.473, -17.996), (-36.473, -16.658), (-36.473, -15.413), (-36.708, -15.413), (-37.651, -14.597), (-37.651, -14.416), (-42.661, -14.416)]
669;100;;;6,05;[986, 985, 898, 897, 865, 864, 863, 862, 1568, 1571, 937, 935];[(-35.2, -21.158), (-35.2, -20.2), (-36.288, -20.2), (-36.288, -19.168), (-36.473, -19.185), (-36.69, -19.185), (-37.651, -20.055), (-37.651, -20.327), (-40.943, -20.327), (-40.943, -21.158), (-36.543, -21.158), (-35.619, -21.158)]
670;100;;;0,56;[1569, 861, 927, 1570];[(-41.985, -20.327), (-42.661, -20.327), (-42.661, -21.158), (-41.985, -21.158)]
671;2;;;50,48;[938, 945, 946, 939, 940, 941, 942, 937, 1571, 1570, 927, 762];[(-36.543, -29.523), (-36.543, -28.836), (-36.543, -27.772), (-36.543, -26.563), (-37.142, -26.563), (-37.142, -25.403), (-36.543, -25.403), (-36.543, -21.158), (-40.943, -21.158), (-41.985, -21.158), (-42.661, -21.158), (-42.661, -29.523)]
672;100;;;3,18;[1573, 1572, 2, 752];[(-9.905, -20.823), (-6.643, -20.832), (-6.643, -19.88), (-9.905, -19.828)]
