ID;roomID;roomNo;Description;areClosed;Area (m2);Vertex_Indices;World_Coords_XY
0;100;;;0;0,57;[0, 1, 3, 2];[(-74.398, 16.444), (-73.583, 16.444), (-73.583, 17.14), (-74.398, 17.14)]
1;100;;;0;4,64;[3, 1, 4, 5];[(-73.583, 17.14), (-73.583, 16.444), (-66.912, 16.444), (-66.912, 17.14)]
2;100;;;0;0,45;[5, 4, 6, 7];[(-66.912, 17.14), (-66.912, 16.444), (-66.265, 16.444), (-66.265, 17.14)]
3;100;;;0;1,69;[7, 6, 8, 9];[(-66.265, 17.14), (-66.265, 16.444), (-63.843, 16.444), (-63.843, 17.14)]
4;100;;;0;0,46;[9, 8, 10, 11];[(-63.843, 17.14), (-63.843, 16.444), (-63.187, 16.444), (-63.187, 17.14)]
5;100;;;0;3,77;[11, 10, 12, 13];[(-63.187, 17.14), (-63.187, 16.444), (-57.768, 16.444), (-57.768, 17.14)]
6;100;;;0;0,59;[13, 12, 14, 15];[(-57.768, 17.14), (-57.768, 16.444), (-56.925, 16.444), (-56.925, 17.14)]
7;100;;;0;9,88;[14, 12, 16, 17];[(-56.925, 16.444), (-57.768, 16.444), (-57.768, 4.72), (-56.925, 4.72)]
8;100;;;0;0,50;[17, 16, 18, 19];[(-56.925, 4.72), (-57.768, 4.72), (-57.768, 4.131), (-56.925, 4.131)]
9;100;;;0;2,41;[19, 18, 20, 21];[(-56.925, 4.131), (-57.768, 4.131), (-57.768, 1.266), (-56.925, 1.266)]
10;100;;;0;0,48;[21, 20, 22, 23];[(-56.925, 1.266), (-57.768, 1.266), (-57.768, 0.697), (-56.925, 0.697)]
11;100;;;0;3,46;[23, 22, 1186, 24, 25];[(-56.925, 0.697), (-57.768, 0.697), (-57.768, -1.435), (-57.768, -3.409), (-56.925, -3.409)]
12;100;;;0;0,62;[25, 24, 26, 512, 27];[(-56.925, -3.409), (-57.768, -3.409), (-57.768, -4.142), (-57.233, -4.142), (-56.925, -4.142)]
13;100;;;0;1,86;[25, 27, 29, 28];[(-56.925, -3.409), (-56.925, -4.142), (-54.386, -4.142), (-54.386, -3.409)]
14;100;;;0;0,13;[28, 29, 31, 30];[(-54.386, -3.409), (-54.386, -4.142), (-54.202, -4.142), (-54.202, -3.409)]
15;100;;;0;1,81;[30, 31, 33, 32];[(-54.202, -3.409), (-54.202, -4.142), (-51.733, -4.142), (-51.733, -3.409)]
16;100;;;0;0,10;[32, 33, 35, 34];[(-51.733, -3.409), (-51.733, -4.142), (-51.592, -4.142), (-51.592, -3.409)]
17;100;;;0;1,90;[34, 35, 37, 36];[(-51.592, -3.409), (-51.592, -4.142), (-48.996, -4.142), (-48.996, -3.409)]
18;100;;;0;0,11;[36, 37, 39, 38];[(-48.996, -3.409), (-48.996, -4.142), (-48.84, -4.142), (-48.84, -3.409)]
19;100;;;0;3,59;[38, 39, 41, 40];[(-48.84, -3.409), (-48.84, -4.142), (-43.944, -4.142), (-43.944, -3.409)]
20;100;;;0;0,11;[40, 41, 43, 42];[(-43.944, -3.409), (-43.944, -4.142), (-43.789, -4.142), (-43.789, -3.409)]
21;100;;;0;5,79;[42, 43, 45, 44];[(-43.789, -3.409), (-43.789, -4.142), (-35.901, -4.142), (-35.901, -3.409)]
22;100;;;0;0,11;[44, 45, 47, 46];[(-35.901, -3.409), (-35.901, -4.142), (-35.746, -4.142), (-35.746, -3.409)]
23;100;;;0;2,30;[46, 47, 49, 48];[(-35.746, -3.409), (-35.746, -4.142), (-32.614, -4.142), (-32.614, -3.409)]
24;100;;;0;0,39;[48, 49, 51, 50];[(-32.614, -3.409), (-32.614, -4.142), (-32.078, -4.142), (-32.078, -3.409)]
25;100;;;0;3,85;[50, 51, 53, 52];[(-32.078, -3.409), (-32.078, -4.142), (-26.829, -4.142), (-26.829, -3.409)]
26;100;;;0;0,11;[52, 53, 55, 54];[(-26.829, -3.409), (-26.829, -4.142), (-26.673, -4.142), (-26.673, -3.409)]
27;100;;;0;3,52;[54, 55, 57, 56];[(-26.673, -3.409), (-26.673, -4.142), (-21.876, -4.142), (-21.876, -3.409)]
28;100;;;0;0,10;[56, 57, 59, 58];[(-21.876, -3.409), (-21.876, -4.142), (-21.735, -4.142), (-21.735, -3.409)]
29;100;;;0;6,11;[58, 59, 61, 60];[(-21.735, -3.409), (-21.735, -4.142), (-13.41, -4.142), (-13.41, -3.409)]
30;100;;;0;0,11;[60, 61, 63, 62];[(-13.41, -3.409), (-13.41, -4.142), (-13.255, -4.142), (-13.255, -3.409)]
31;100;;;0;1,67;[62, 63, 65, 64];[(-13.255, -3.409), (-13.255, -4.142), (-10.983, -4.142), (-10.983, -3.409)]
32;100;;;0;0,12;[64, 65, 67, 66];[(-10.983, -3.409), (-10.983, -4.142), (-10.814, -4.142), (-10.814, -3.409)]
33;100;;;0;2,82;[66, 67, 69, 68];[(-10.814, -3.409), (-10.814, -4.142), (-6.976, -4.142), (-6.976, -3.409)]
34;100;;;0;8,57;[70, 72, 74, 71];[(-6.764, -3.409), (-5.917, -3.409), (-5.917, 6.71), (-6.764, 6.71)]
35;100;;;0;0,66;[71, 74, 76, 75];[(-6.764, 6.71), (-5.917, 6.71), (-5.917, 7.486), (-6.764, 7.486)]
36;100;;;0;0,78;[69, 73, 72, 70, 68];[(-6.976, -4.142), (-5.917, -4.142), (-5.917, -3.409), (-6.764, -3.409), (-6.976, -3.409)]
37;100;;;0;9,02;[76, 74, 77, 78];[(-5.917, 7.486), (-5.917, 6.71), (5.709, 6.71), (5.709, 7.486)]
38;100;;;0;0,70;[78, 77, 79, 80];[(5.709, 7.486), (5.709, 6.71), (6.612, 6.71), (6.612, 7.486)]
39;100;;;0;9,47;[79, 77, 81, 82];[(6.612, 6.71), (5.709, 6.71), (5.709, -3.774), (6.612, -3.774)]
40;100;;;0;0,76;[82, 81, 83, 84];[(6.612, -3.774), (5.709, -3.774), (5.709, -4.663), (6.526, -4.663)]
41;100;;;0;4,09;[82, 84, 86, 85];[(6.612, -3.774), (6.526, -4.663), (11.17, -4.663), (11.17, -3.774)]
42;100;;;0;0,74;[85, 86, 88, 87];[(11.17, -3.774), (11.17, -4.663), (12.002, -4.663), (12.002, -3.774)]
43;100;;;0;5,21;[87, 88, 90, 89];[(12.002, -3.774), (12.002, -4.663), (17.858, -4.663), (17.858, -3.774)]
44;100;;;0;0,69;[89, 90, 92, 91];[(17.858, -3.774), (17.858, -4.663), (18.634, -4.663), (18.634, -3.774)]
45;100;;;0;1,38;[92, 90, 93, 94];[(18.634, -4.663), (17.858, -4.663), (17.858, -6.441), (18.634, -6.441)]
46;100;;;0;0,54;[94, 93, 1195, 95, 817, 96];[(18.634, -6.441), (17.858, -6.441), (17.858, -6.947), (17.858, -7.132), (18.421, -7.132), (18.634, -7.132)]
47;100;;;0;2,09;[94, 96, 98, 97];[(18.634, -6.441), (18.634, -7.132), (21.654, -7.132), (21.654, -6.441)]
48;100;;;0;0,12;[97, 98, 100, 99];[(21.654, -6.441), (21.654, -7.132), (21.823, -7.132), (21.823, -6.441)]
49;100;;;0;3,97;[99, 100, 102, 101];[(21.823, -6.441), (21.823, -7.132), (27.566, -7.132), (27.566, -6.441)]
50;100;;;0;0,14;[101, 102, 104, 103];[(27.566, -6.441), (27.566, -7.132), (27.763, -7.132), (27.763, -6.441)]
51;100;;;0;5,61;[103, 104, 106, 105];[(27.763, -6.441), (27.763, -7.132), (35.877, -7.132), (35.877, -6.441)]
52;100;;;0;0,49;[105, 106, 108, 107];[(35.877, -6.441), (35.877, -7.132), (36.582, -7.132), (36.582, -6.441)]
53;100;;;0;3,53;[107, 108, 110, 109];[(36.582, -6.441), (36.582, -7.132), (41.69, -7.132), (41.69, -6.441)]
54;100;;;0;0,18;[109, 110, 112, 111];[(41.69, -6.441), (41.69, -7.132), (41.944, -7.132), (41.944, -6.441)]
55;100;;;0;2,02;[111, 112, 114, 113];[(41.944, -6.441), (41.944, -7.132), (44.865, -7.132), (44.865, -6.441)]
56;100;;;0;0,17;[113, 114, 116, 115];[(44.865, -6.441), (44.865, -7.132), (45.105, -7.132), (45.105, -6.441)]
57;100;;;0;2,16;[115, 116, 118, 117];[(45.105, -6.441), (45.105, -7.132), (48.223, -7.132), (48.223, -6.441)]
58;100;;;0;0,10;[117, 118, 120, 119];[(48.223, -6.441), (48.223, -7.132), (48.364, -7.132), (48.364, -6.441)]
59;100;;;0;3,36;[119, 120, 122, 121];[(48.364, -6.441), (48.364, -7.132), (53.218, -7.132), (53.218, -6.441)]
60;100;;;0;0,33;[121, 122, 124, 123];[(53.218, -6.441), (53.218, -7.132), (53.698, -7.132), (53.698, -6.441)]
61;100;;;0;1,68;[123, 124, 126, 125];[(53.698, -6.441), (53.698, -7.132), (56.125, -7.132), (56.125, -6.441)]
62;100;;;0;0,43;[125, 126, 128, 127];[(56.125, -6.441), (56.125, -7.132), (56.745, -7.132), (56.745, -6.441)]
63;100;;;0;1,97;[127, 128, 130, 129];[(56.745, -6.441), (56.745, -7.132), (59.596, -7.132), (59.596, -6.441)]
64;100;;;0;0,52;[129, 130, 132, 131];[(59.596, -6.441), (59.596, -7.132), (60.343, -7.132), (60.343, -6.441)]
65;100;;;0;0,38;[129, 131, 134, 133];[(59.596, -6.441), (60.343, -6.441), (60.343, -5.933), (59.596, -5.933)]
66;100;;;0;0,59;[133, 134, 136, 135];[(59.596, -5.933), (60.343, -5.933), (60.343, -5.143), (59.596, -5.143)]
67;100;;;0;2,37;[136, 134, 137, 138];[(60.343, -5.143), (60.343, -5.933), (63.349, -5.933), (63.349, -5.143)]
68;100;;;0;0,51;[138, 137, 139, 140];[(63.349, -5.143), (63.349, -5.933), (63.998, -5.933), (63.998, -5.143)]
69;100;;;0;10,11;[138, 140, 142, 141];[(63.349, -5.143), (63.998, -5.143), (63.998, 10.438), (63.349, 10.438)]
70;100;;;0;0,47;[141, 142, 144, 143];[(63.349, 10.438), (63.998, 10.438), (63.998, 11.131), (63.278, 11.131)]
71;100;;;0;4,24;[141, 143, 1201, 1206, 146, 145];[(63.349, 10.438), (63.278, 11.131), (61.781, 11.131), (59.354, 11.131), (57.199, 11.131), (57.199, 10.438)]
72;100;;;0;0,52;[145, 146, 148, 147];[(57.199, 10.438), (57.199, 11.131), (56.447, 11.131), (56.447, 10.438)]
73;100;;;0;2,17;[148, 146, 149, 150];[(56.447, 11.131), (57.199, 11.131), (57.199, 14.012), (56.447, 14.012)]
74;100;;;0;0,32;[150, 149, 151, 152];[(56.447, 14.012), (57.199, 14.012), (57.199, 14.435), (56.447, 14.435)]
75;100;;;0;2,40;[152, 151, 153, 154];[(56.447, 14.435), (57.199, 14.435), (57.199, 17.622), (56.447, 17.622)]
76;100;;;0;0,18;[154, 153, 155, 156];[(56.447, 17.622), (57.199, 17.622), (57.199, 17.857), (56.447, 17.857)]
77;100;;;0;2,32;[156, 155, 157, 158];[(56.447, 17.857), (57.199, 17.857), (57.199, 20.938), (56.447, 20.938)]
78;100;;;0;0,14;[158, 157, 159, 160];[(56.447, 20.938), (57.199, 20.938), (57.199, 21.126), (56.447, 21.126)]
79;100;;;0;2,48;[160, 159, 161, 162];[(56.447, 21.126), (57.199, 21.126), (57.199, 24.418), (56.447, 24.418)]
80;100;;;0;0,51;[162, 161, 163, 164];[(56.447, 24.418), (57.199, 24.418), (57.199, 25.1), (56.447, 25.1)]
81;100;;;0;2,72;[163, 161, 165, 166];[(57.199, 25.1), (57.199, 24.418), (61.191, 24.418), (61.191, 25.1)]
82;100;;;0;0,19;[166, 165, 167, 168];[(61.191, 25.1), (61.191, 24.418), (61.468, 24.418), (61.468, 25.1)]
83;100;;;0;1,23;[168, 167, 169, 170];[(61.468, 25.1), (61.468, 24.418), (63.278, 24.418), (63.278, 25.1)]
84;100;;;0;0,36;[170, 169, 171, 172];[(63.278, 25.1), (63.278, 24.418), (63.8, 24.418), (63.8, 25.1)]
85;100;;;0;2,38;[172, 171, 173, 174];[(63.8, 25.1), (63.8, 24.418), (67.288, 24.418), (67.288, 25.1)]
86;100;;;0;0,07;[174, 173, 175, 176];[(67.288, 25.1), (67.288, 24.418), (67.396, 24.418), (67.396, 25.1)]
87;100;;;0;2,49;[176, 175, 177, 178];[(67.396, 25.1), (67.396, 24.418), (71.041, 24.418), (71.041, 25.1)]
88;100;;;0;0,09;[178, 177, 179, 180];[(71.041, 25.1), (71.041, 24.418), (71.168, 24.418), (71.168, 25.1)]
89;100;;;0;2,71;[180, 179, 181, 182];[(71.168, 25.1), (71.168, 24.418), (75.137, 24.418), (75.137, 25.1)]
90;100;;;0;0,49;[182, 181, 183, 184];[(75.137, 25.1), (75.137, 24.418), (75.862, 24.418), (75.862, 25.1)]
91;100;;;0;2,00;[183, 181, 185, 186];[(75.862, 24.418), (75.137, 24.418), (75.137, 21.665), (75.862, 21.665)]
92;100;;;0;0,14;[186, 185, 187, 188];[(75.862, 21.665), (75.137, 21.665), (75.137, 21.469), (75.862, 21.469)]
93;100;;;0;5,12;[188, 187, 189, 190];[(75.862, 21.469), (75.137, 21.469), (75.137, 14.408), (75.862, 14.408)]
94;100;;;0;0,39;[190, 189, 191, 192];[(75.862, 14.408), (75.137, 14.408), (75.137, 13.866), (75.862, 13.866)]
95;100;;;0;14,57;[192, 191, 193, 194];[(75.862, 13.866), (75.137, 13.866), (75.137, -6.232), (75.862, -6.232)]
96;100;;;0;0,50;[195, 201, 200, 202, 198];[(75.979, -7.137), (74.596, -7.137), (74.596, -7.502), (75.252, -7.502), (75.979, -7.502)]
97;100;;;0;0,58;[203, 204, 206, 205];[(75.979, -11.958), (75.252, -11.958), (75.252, -12.758), (75.979, -12.758)]
98;100;;;0;1,22;[201, 195, 197, 196, 194, 193, 199];[(74.596, -7.137), (75.979, -7.137), (75.979, -6.526), (75.862, -6.526), (75.862, -6.232), (75.137, -6.232), (74.596, -6.232)]
99;100;;;0;1,50;[205, 206, 208, 207];[(75.979, -12.758), (75.252, -12.758), (75.252, -14.816), (75.979, -14.816)]
100;100;;;0;3,24;[198, 202, 204, 203];[(75.979, -7.502), (75.252, -7.502), (75.252, -11.958), (75.979, -11.958)]
101;100;;;0;0,33;[207, 208, 210, 209];[(75.979, -14.816), (75.252, -14.816), (75.252, -15.274), (75.979, -15.274)]
102;100;;;0;3,51;[209, 210, 212, 211];[(75.979, -15.274), (75.252, -15.274), (75.252, -20.095), (75.979, -20.095)]
103;100;;;0;0,56;[211, 212, 214, 213];[(75.979, -20.095), (75.252, -20.095), (75.252, -20.871), (75.979, -20.871)]
104;100;;;0;5,96;[214, 212, 215, 216];[(75.252, -20.871), (75.252, -20.095), (67.574, -20.095), (67.574, -20.871)]
105;100;;;0;0,10;[216, 215, 217, 218];[(67.574, -20.871), (67.574, -20.095), (67.445, -20.095), (67.445, -20.871)]
106;100;;;0;2,84;[218, 217, 219, 220];[(67.445, -20.871), (67.445, -20.095), (63.788, -20.095), (63.788, -20.871)]
107;100;;;0;0,41;[220, 219, 221, 223, 222];[(63.788, -20.871), (63.788, -20.095), (63.259, -20.095), (63.259, -20.26), (63.259, -20.871)]
108;100;;;0;1,64;[222, 223, 225, 224];[(63.259, -20.871), (63.259, -20.26), (60.578, -20.26), (60.578, -20.871)]
109;100;;;0;0,08;[224, 225, 227, 226];[(60.578, -20.871), (60.578, -20.26), (60.449, -20.26), (60.449, -20.871)]
110;100;;;0;1,39;[226, 227, 229, 228];[(60.449, -20.871), (60.449, -20.26), (58.167, -20.26), (58.167, -20.871)]
111;100;;;0;0,12;[228, 229, 231, 230];[(58.167, -20.871), (58.167, -20.26), (57.967, -20.26), (57.967, -20.871)]
112;100;;;0;1,74;[230, 231, 233, 232];[(57.967, -20.871), (57.967, -20.26), (55.122, -20.26), (55.122, -20.871)]
113;100;;;0;0,13;[232, 233, 235, 234];[(55.122, -20.871), (55.122, -20.26), (54.91, -20.26), (54.91, -20.871)]
114;100;;;0;1,74;[234, 235, 237, 236];[(54.91, -20.871), (54.91, -20.26), (52.065, -20.26), (52.065, -20.871)]
115;100;;;0;0,09;[236, 237, 239, 238];[(52.065, -20.871), (52.065, -20.26), (51.924, -20.26), (51.924, -20.871)]
116;100;;;0;2,99;[238, 239, 241, 240];[(51.924, -20.871), (51.924, -20.26), (47.032, -20.26), (47.032, -20.871)]
117;100;;;0;0,09;[240, 241, 243, 242];[(47.032, -20.871), (47.032, -20.26), (46.891, -20.26), (46.891, -20.871)]
118;100;;;0;1,70;[242, 243, 245, 244];[(46.891, -20.871), (46.891, -20.26), (44.116, -20.26), (44.116, -20.871)]
119;100;;;0;0,17;[244, 245, 247, 246];[(44.116, -20.871), (44.116, -20.26), (43.846, -20.26), (43.846, -20.871)]
120;100;;;0;1,52;[246, 247, 249, 248];[(43.846, -20.871), (43.846, -20.26), (41.353, -20.26), (41.353, -20.871)]
121;100;;;0;0,13;[248, 249, 251, 250];[(41.353, -20.871), (41.353, -20.26), (41.141, -20.26), (41.141, -20.871)]
122;100;;;0;2,90;[250, 251, 253, 252];[(41.141, -20.871), (41.141, -20.26), (36.391, -20.26), (36.391, -20.871)]
123;100;;;0;11,36;[254, 257, 258, 255];[(35.803, -20.871), (35.803, -20.048), (21.999, -20.048), (21.999, -20.871)]
124;100;;;0;0,54;[255, 258, 260, 259];[(21.999, -20.871), (21.999, -20.048), (21.34, -20.048), (21.34, -20.871)]
125;100;;;0;0,48;[253, 256, 257, 254, 252];[(36.391, -20.26), (36.391, -20.048), (35.803, -20.048), (35.803, -20.871), (36.391, -20.871)]
126;100;;;0;10,49;[259, 260, 262, 261];[(21.34, -20.871), (21.34, -20.048), (8.59, -20.048), (8.59, -20.871)]
127;100;;;0;1,51;[261, 262, 264, 263];[(8.59, -20.871), (8.59, -20.048), (6.756, -20.048), (6.756, -20.871)]
128;100;;;0;1,55;[264, 262, 265, 267, 266];[(6.756, -20.048), (8.59, -20.048), (8.59, -19.201), (7.998, -19.201), (6.756, -19.201)]
129;100;;;0;1,72;[264, 266, 269, 268];[(6.756, -20.048), (6.756, -19.201), (4.724, -19.201), (4.724, -20.048)]
130;100;;;0;0,67;[268, 269, 271, 270];[(4.724, -20.048), (4.724, -19.201), (3.934, -19.201), (3.934, -20.048)]
131;100;;;0;1,72;[270, 271, 273, 272];[(3.934, -20.048), (3.934, -19.201), (1.902, -19.201), (1.902, -20.048)]
132;100;;;0;0,68;[272, 273, 275, 274];[(1.902, -20.048), (1.902, -19.201), (1.098, -19.201), (1.098, -20.048)]
133;100;;;0;1,73;[274, 275, 277, 276];[(1.098, -20.048), (1.098, -19.201), (-0.948, -19.201), (-0.948, -20.048)]
134;100;;;0;0,62;[276, 277, 279, 278];[(-0.948, -20.048), (-0.948, -19.201), (-1.682, -19.201), (-1.682, -20.048)]
135;100;;;0;1,74;[278, 279, 281, 280];[(-1.682, -20.048), (-1.682, -19.201), (-3.742, -19.201), (-3.742, -20.048)]
136;100;;;0;0,62;[280, 281, 283, 282];[(-3.742, -20.048), (-3.742, -19.201), (-4.476, -19.201), (-4.476, -20.048)]
137;100;;;0;1,76;[282, 283, 285, 284];[(-4.476, -20.048), (-4.476, -19.201), (-6.55, -19.201), (-6.55, -20.048)]
138;100;;;0;0,14;[286, 291, 294, 293];[(-15.99, -20.881), (-15.99, -19.963), (-16.145, -19.963), (-16.145, -20.881)]
139;100;;;0;0,16;[295, 296, 298, 297];[(-27.08, -20.881), (-27.08, -19.963), (-27.249, -19.963), (-27.249, -20.881)]
140;100;;;0;7,22;[292, 288, 291, 286];[(-8.116, -20.881), (-8.116, -19.963), (-15.99, -19.963), (-15.99, -20.881)]
141;100;;;0;2,63;[287, 289, 288, 292, 290, 284, 285];[(-7.467, -19.201), (-8.116, -19.201), (-8.116, -19.963), (-8.116, -20.881), (-6.55, -20.881), (-6.55, -20.048), (-6.55, -19.201)]
142;100;;;0;10,03;[293, 294, 296, 295];[(-16.145, -20.881), (-16.145, -19.963), (-27.08, -19.963), (-27.08, -20.881)]
143;100;;;0;4,46;[297, 298, 300, 299];[(-27.249, -20.881), (-27.249, -19.963), (-32.117, -19.963), (-32.117, -20.881)]
144;100;;;0;0,45;[299, 300, 302, 301];[(-32.117, -20.881), (-32.117, -19.963), (-32.611, -19.963), (-32.611, -20.881)]
145;100;;;0;7,51;[301, 302, 304, 303];[(-32.611, -20.881), (-32.611, -19.963), (-40.795, -19.963), (-40.795, -20.881)]
146;100;;;0;0,14;[303, 304, 306, 305];[(-40.795, -20.881), (-40.795, -19.963), (-40.95, -19.963), (-40.95, -20.881)]
147;100;;;0;2,38;[305, 306, 308, 307];[(-40.95, -20.881), (-40.95, -19.963), (-43.547, -19.963), (-43.547, -20.881)]
148;100;;;0;0,14;[307, 308, 310, 309];[(-43.547, -20.881), (-43.547, -19.963), (-43.702, -19.963), (-43.702, -20.881)]
149;100;;;0;2,39;[309, 310, 312, 311];[(-43.702, -20.881), (-43.702, -19.963), (-46.312, -19.963), (-46.312, -20.881)]
150;100;;;0;0,14;[311, 312, 314, 313];[(-46.312, -20.881), (-46.312, -19.963), (-46.467, -19.963), (-46.467, -20.881)]
151;100;;;0;2,58;[313, 314, 316, 315];[(-46.467, -20.881), (-46.467, -19.963), (-49.275, -19.963), (-49.275, -20.881)]
152;100;;;0;0,16;[315, 316, 318, 317];[(-49.275, -20.881), (-49.275, -19.963), (-49.445, -19.963), (-49.445, -20.881)]
153;100;;;0;2,16;[317, 318, 320, 319];[(-49.445, -20.881), (-49.445, -19.963), (-51.801, -19.963), (-51.801, -20.881)]
154;100;;;0;0,16;[319, 320, 322, 321];[(-51.801, -20.881), (-51.801, -19.963), (-51.97, -19.963), (-51.97, -20.881)]
155;100;;;0;2,37;[321, 322, 324, 323];[(-51.97, -20.881), (-51.97, -19.963), (-54.552, -19.963), (-54.552, -20.881)]
156;100;;;0;0,14;[323, 324, 326, 325];[(-54.552, -20.881), (-54.552, -19.963), (-54.708, -19.963), (-54.708, -20.881)]
157;100;;;0;2,24;[325, 326, 328, 327];[(-54.708, -20.881), (-54.708, -19.963), (-57.149, -19.963), (-57.149, -20.881)]
158;100;;;0;0,35;[327, 328, 330, 329];[(-57.149, -20.881), (-57.149, -19.963), (-57.53, -19.963), (-57.53, -20.881)]
159;100;;;0;2,20;[329, 330, 332, 331];[(-57.53, -20.881), (-57.53, -19.963), (-59.928, -19.963), (-59.928, -20.881)]
160;100;;;0;0,16;[331, 332, 334, 333];[(-59.928, -20.881), (-59.928, -19.963), (-60.098, -19.963), (-60.098, -20.881)]
161;100;;;0;2,39;[333, 334, 336, 335];[(-60.098, -20.881), (-60.098, -19.963), (-62.708, -19.963), (-62.708, -20.881)]
162;100;;;0;0,14;[335, 336, 338, 337];[(-62.708, -20.881), (-62.708, -19.963), (-62.863, -19.963), (-62.863, -20.881)]
163;100;;;0;2,38;[337, 338, 340, 339];[(-62.863, -20.881), (-62.863, -19.963), (-65.46, -19.963), (-65.46, -20.881)]
164;100;;;0;0,14;[339, 340, 342, 341];[(-65.46, -20.881), (-65.46, -19.963), (-65.615, -19.963), (-65.615, -20.881)]
165;100;;;0;2,43;[341, 342, 344, 343];[(-65.615, -20.881), (-65.615, -19.963), (-68.267, -19.963), (-68.267, -20.881)]
166;100;;;0;0,10;[343, 344, 346, 345];[(-68.267, -20.881), (-68.267, -19.963), (-68.38, -19.963), (-68.38, -20.881)]
167;100;;;0;4,87;[345, 346, 348, 347];[(-68.38, -20.881), (-68.38, -19.963), (-73.686, -19.963), (-73.686, -20.881)]
168;100;;;0;0,66;[347, 348, 350, 349];[(-73.686, -20.881), (-73.686, -19.963), (-74.405, -19.963), (-74.405, -20.881)]
169;100;;;0;4,08;[350, 348, 351, 352];[(-74.405, -19.963), (-73.686, -19.963), (-73.686, -14.291), (-74.405, -14.291)]
170;100;;;0;0,51;[352, 351, 353, 354];[(-74.405, -14.291), (-73.686, -14.291), (-73.433, -13.533), (-74.405, -13.802)]
171;100;;;0;0,58;[353, 351, 355, 356];[(-73.433, -13.533), (-73.686, -14.291), (-72.712, -14.291), (-72.712, -13.713)]
172;100;;;0;1,89;[353, 356, 358, 357];[(-73.433, -13.533), (-72.712, -13.713), (-72.712, -10.993), (-73.433, -10.993)]
173;100;;;0;0,27;[357, 358, 360, 359];[(-73.433, -10.993), (-72.712, -10.993), (-72.712, -10.618), (-73.433, -10.618)]
174;100;;;0;1,74;[359, 360, 362, 361];[(-73.433, -10.618), (-72.712, -10.618), (-72.712, -8.208), (-73.433, -8.208)]
175;100;;;0;0,67;[361, 362, 364, 363];[(-73.433, -8.208), (-72.712, -8.208), (-72.712, -7.28), (-73.433, -7.28)]
176;100;;;0;3,30;[363, 364, 366, 365];[(-73.433, -7.28), (-72.712, -7.28), (-72.712, -2.697), (-73.433, -2.697)]
177;100;;;0;0,82;[365, 366, 368, 367];[(-73.433, -2.697), (-72.712, -2.697), (-72.712, -1.562), (-73.433, -1.562)]
178;100;;;0;3,92;[367, 368, 370, 369];[(-73.433, -1.562), (-72.712, -1.562), (-72.712, 3.873), (-73.433, 3.873)]
179;100;;;0;0,68;[369, 370, 372, 371];[(-73.433, 3.873), (-72.712, 3.873), (-72.712, 4.818), (-73.433, 4.818)]
180;100;;;0;1,79;[371, 372, 374, 373];[(-73.433, 4.818), (-72.712, 4.818), (-72.712, 7.306), (-73.433, 7.306)]
181;100;;;0;0,12;[373, 374, 376, 375];[(-73.433, 7.306), (-72.712, 7.306), (-72.712, 7.477), (-73.433, 7.477)]
182;100;;;0;1,89;[375, 376, 378, 377];[(-73.433, 7.477), (-72.712, 7.477), (-72.712, 10.098), (-73.433, 10.098)]
183;100;;;0;1,37;[380, 382, 381, 385, 383, 377, 378];[(-72.712, 10.245), (-72.712, 10.964), (-73.563, 10.964), (-74.404, 10.964), (-74.404, 10.296), (-73.433, 10.098), (-72.712, 10.098)]
184;100;;;0;3,02;[0, 387, 386, 1];[(-74.398, 16.444), (-74.404, 12.793), (-73.563, 12.793), (-73.583, 16.444)]
185;100;;;0;0,12;[384, 379, 386, 387];[(-74.404, 12.646), (-73.563, 12.646), (-73.563, 12.793), (-74.404, 12.793)]
186;100;;;0;0,75;[369, 371, 389, 388];[(-73.433, 3.873), (-73.433, 4.818), (-74.392, 4.652), (-74.392, 4.039)]
187;100;;;0;1,41;[385, 381, 379, 384];[(-74.404, 10.964), (-73.563, 10.964), (-73.563, 12.646), (-74.404, 12.646)]
188;100;;;0;0,86;[365, 367, 391, 390];[(-73.433, -2.697), (-73.433, -1.562), (-74.412, -1.815), (-74.412, -2.445)]
189;100;;;0;0,75;[361, 363, 393, 392];[(-73.433, -8.208), (-73.433, -7.28), (-74.415, -7.44), (-74.415, -8.048)]
190;100;;;0;0,43;[280, 282, 395, 394];[(-3.742, -20.048), (-4.476, -20.048), (-4.274, -20.852), (-3.944, -20.852)]
191;100;;;0;0,44;[276, 278, 397, 396];[(-0.948, -20.048), (-1.682, -20.048), (-1.48, -20.866), (-1.15, -20.866)]
192;100;;;0;0,48;[272, 274, 399, 398];[(1.902, -20.048), (1.098, -20.048), (1.319, -20.866), (1.681, -20.866)]
193;100;;;0;0,48;[268, 270, 401, 400];[(4.724, -20.048), (3.934, -20.048), (4.151, -20.881), (4.506, -20.881)]
194;100;;;0;0,21;[382, 380, 403, 404];[(-72.712, 10.964), (-72.712, 10.245), (-72.418, 10.245), (-72.418, 10.964)]
195;100;;;0;0,04;[380, 378, 402, 403];[(-72.712, 10.245), (-72.712, 10.098), (-72.418, 10.098), (-72.418, 10.245)]
196;100;;;0;0,36;[403, 402, 405, 406];[(-72.418, 10.245), (-72.418, 10.098), (-69.985, 10.098), (-69.985, 10.245)]
197;100;;;0;0,02;[406, 405, 407, 408];[(-69.985, 10.245), (-69.985, 10.098), (-69.854, 10.098), (-69.854, 10.245)]
198;100;;;0;0,21;[408, 407, 409, 410];[(-69.854, 10.245), (-69.854, 10.098), (-68.409, 10.098), (-68.409, 10.245)]
199;100;;;0;0,01;[410, 409, 411, 412];[(-68.409, 10.245), (-68.409, 10.098), (-68.311, 10.098), (-68.311, 10.245)]
200;100;;;0;0,52;[6, 4, 413, 414];[(-66.265, 16.444), (-66.912, 16.444), (-66.912, 15.636), (-66.265, 15.636)]
201;1;;;0;0,66;[414, 413, 415, 416];[(-66.265, 15.636), (-66.912, 15.636), (-66.912, 14.615), (-66.265, 14.615)]
202;100;;;0;1,19;[416, 415, 417, 418];[(-66.265, 14.615), (-66.912, 14.615), (-66.912, 12.781), (-66.265, 12.781)]
203;100;;;0;0,09;[418, 417, 419, 420];[(-66.265, 12.781), (-66.912, 12.781), (-66.912, 12.64), (-66.265, 12.64)]
204;100;;;0;1,54;[420, 419, 421, 422];[(-66.265, 12.64), (-66.912, 12.64), (-66.912, 10.255), (-66.265, 10.255)]
205;100;;;0;0,10;[422, 421, 423, 424];[(-66.265, 10.255), (-66.912, 10.255), (-66.912, 10.1), (-66.265, 10.1)]
206;100;;;0;0,43;[424, 423, 425, 426];[(-66.265, 10.1), (-66.912, 10.1), (-66.912, 9.434), (-66.265, 9.434)]
207;1;;;0;0,67;[426, 425, 427, 428];[(-66.265, 9.434), (-66.912, 9.434), (-66.912, 8.395), (-66.265, 8.395)]
208;100;;;0;0,60;[428, 427, 429, 430];[(-66.265, 8.395), (-66.912, 8.395), (-66.912, 7.464), (-66.265, 7.464)]
209;100;;;0;0,11;[430, 429, 431, 432];[(-66.265, 7.464), (-66.912, 7.464), (-66.912, 7.297), (-66.265, 7.297)]
210;100;;;0;0,59;[432, 431, 433, 434];[(-66.265, 7.297), (-66.912, 7.297), (-66.912, 6.386), (-66.265, 6.386)]
211;1;;;0;0,68;[434, 433, 435, 436];[(-66.265, 6.386), (-66.912, 6.386), (-66.912, 5.338), (-66.265, 5.338)]
212;100;;;0;0,44;[436, 435, 437, 438];[(-66.265, 5.338), (-66.912, 5.338), (-66.912, 4.662), (-66.265, 4.662)]
213;100;;;0;0,39;[438, 437, 439, 440];[(-66.265, 4.662), (-66.912, 4.662), (-66.912, 4.054), (-66.265, 4.054)]
214;100;;;0;0,52;[440, 439, 441, 442];[(-66.265, 4.054), (-66.912, 4.054), (-66.912, 3.251), (-66.265, 3.251)]
215;1;;;0;0,96;[442, 441, 443, 444];[(-66.265, 3.251), (-66.912, 3.251), (-66.912, 1.771), (-66.265, 1.771)]
216;100;;;0;5,95;[444, 443, 445, 446];[(-66.265, 1.771), (-66.912, 1.771), (-66.912, -7.423), (-66.265, -7.423)]
217;100;;;0;0,41;[446, 445, 447, 448];[(-66.265, -7.423), (-66.912, -7.423), (-66.912, -8.056), (-66.265, -8.056)]
218;100;;;0;0,29;[364, 362, 449, 452, 451, 450];[(-72.712, -7.28), (-72.712, -8.208), (-72.402, -8.208), (-72.402, -8.067), (-72.402, -7.42), (-72.402, -7.28)]
219;100;;;0;3,51;[445, 451, 452, 447];[(-66.912, -7.423), (-72.402, -7.42), (-72.402, -8.067), (-66.912, -8.056)]
220;100;;;0;0,22;[372, 370, 453, 456, 455, 454];[(-72.712, 4.818), (-72.712, 3.873), (-72.477, 3.873), (-72.477, 4.042), (-72.477, 4.651), (-72.477, 4.818)]
221;100;;;0;3,38;[437, 455, 456, 439];[(-66.912, 4.662), (-72.477, 4.651), (-72.477, 4.042), (-66.912, 4.054)]
222;100;;;0;0,98;[374, 431, 429, 376];[(-72.712, 7.306), (-66.912, 7.297), (-66.912, 7.464), (-72.712, 7.477)]
223;100;;;0;0,21;[411, 423, 421, 412];[(-68.311, 10.098), (-66.912, 10.1), (-66.912, 10.255), (-68.311, 10.245)]
224;100;;;0;0,18;[386, 379, 457, 458];[(-73.563, 12.793), (-73.563, 12.646), (-72.348, 12.646), (-72.348, 12.793)]
225;17;;;0;0,12;[458, 457, 459, 460];[(-72.348, 12.793), (-72.348, 12.646), (-71.525, 12.646), (-71.525, 12.793)]
226;100;;;0;0,23;[460, 459, 461, 462];[(-71.525, 12.793), (-71.525, 12.646), (-69.987, 12.646), (-69.987, 12.793)]
227;100;;;0;0,02;[462, 461, 463, 464];[(-69.987, 12.793), (-69.987, 12.646), (-69.849, 12.646), (-69.849, 12.793)]
228;100;;;0;0,21;[464, 463, 465, 466];[(-69.849, 12.793), (-69.849, 12.646), (-68.399, 12.646), (-68.399, 12.793)]
229;100;;;0;0,01;[466, 465, 467, 468];[(-68.399, 12.793), (-68.399, 12.646), (-68.301, 12.646), (-68.301, 12.793)]
230;100;;;0;0,05;[468, 467, 469, 470];[(-68.301, 12.793), (-68.301, 12.646), (-67.968, 12.646), (-67.968, 12.793)]
231;17;;;0;0,11;[470, 469, 471, 472];[(-67.968, 12.793), (-67.968, 12.646), (-67.223, 12.646), (-67.223, 12.793)]
232;100;;;0;0,04;[417, 472, 471, 419];[(-66.912, 12.781), (-67.223, 12.793), (-67.223, 12.646), (-66.912, 12.64)]
233;100;;;0;0,32;[408, 463, 461, 406];[(-69.854, 10.245), (-69.849, 12.646), (-69.987, 12.646), (-69.985, 10.245)]
234;100;;;0;0,12;[410, 412, 474, 473];[(-68.409, 10.245), (-68.311, 10.245), (-68.311, 11.509), (-68.409, 11.509)]
235;17;;;0;0,08;[473, 474, 476, 475];[(-68.409, 11.509), (-68.311, 11.509), (-68.311, 12.293), (-68.409, 12.293)]
236;100;;;0;0,03;[465, 475, 476, 467];[(-68.399, 12.646), (-68.409, 12.293), (-68.311, 12.293), (-68.301, 12.646)]
237;100;;;0;6,40;[10, 8, 477, 478];[(-63.187, 16.444), (-63.843, 16.444), (-63.843, 6.691), (-63.187, 6.691)]
238;1;;;0;0,95;[478, 477, 479, 480];[(-63.187, 6.691), (-63.843, 6.691), (-63.843, 5.238), (-63.187, 5.238)]
239;100;;;0;0,33;[480, 479, 481, 482];[(-63.187, 5.238), (-63.843, 5.238), (-63.843, 4.73), (-63.187, 4.73)]
240;100;;;0;0,40;[482, 481, 483, 484];[(-63.187, 4.73), (-63.843, 4.73), (-63.843, 4.123), (-63.187, 4.123)]
241;100;;;0;0,31;[484, 483, 485, 486];[(-63.187, 4.123), (-63.843, 4.123), (-63.843, 3.658), (-63.187, 3.658)]
242;1;;;0;0,63;[486, 485, 487, 488];[(-63.187, 3.658), (-63.843, 3.658), (-63.843, 2.698), (-63.187, 2.698)]
243;100;;;0;0,94;[488, 487, 489, 490];[(-63.187, 2.698), (-63.843, 2.698), (-63.843, 1.259), (-63.187, 1.259)]
244;100;;;0;0,36;[490, 489, 491, 492];[(-63.187, 1.259), (-63.843, 1.259), (-63.843, 0.709), (-63.187, 0.709)]
245;100;;;0;3,94;[492, 491, 493, 494, 1184, 1187];[(-63.187, 0.709), (-63.843, 0.709), (-63.843, -5.288), (-63.187, -5.288), (-63.187, -4.316), (-63.187, -1.435)]
246;1;;;0;1,03;[494, 493, 495, 496];[(-63.187, -5.288), (-63.843, -5.288), (-63.843, -6.854), (-63.187, -6.854)]
247;100;;;0;0,36;[496, 495, 497, 498];[(-63.187, -6.854), (-63.843, -6.854), (-63.843, -7.405), (-63.187, -7.405)]
248;100;;;0;0,44;[498, 497, 499, 633, 632, 500];[(-63.187, -7.405), (-63.843, -7.405), (-63.843, -8.068), (-63.645, -8.068), (-63.447, -8.068), (-63.187, -8.068)]
249;100;;;0;1,57;[448, 499, 497, 446];[(-66.265, -8.056), (-63.843, -8.068), (-63.843, -7.405), (-66.265, -7.423)]
250;100;;;0;0,25;[498, 500, 502, 501];[(-63.187, -7.405), (-63.187, -8.068), (-62.806, -8.068), (-62.806, -7.405)]
251;1;;;0;1,08;[501, 502, 504, 503];[(-62.806, -7.405), (-62.806, -8.068), (-61.183, -8.068), (-61.183, -7.405)]
252;100;;;0;0,96;[503, 504, 506, 505];[(-61.183, -7.405), (-61.183, -8.068), (-59.73, -8.068), (-59.73, -7.405)]
253;1;;;0;1,04;[505, 506, 508, 507];[(-59.73, -7.405), (-59.73, -8.068), (-58.164, -8.068), (-58.164, -7.405)]
254;100;;;0;0,26;[507, 508, 510, 509];[(-58.164, -7.405), (-58.164, -8.068), (-57.768, -8.068), (-57.768, -7.405)]
255;100;;;0;1,80;[514, 510, 513, 511];[(-56.854, -8.068), (-57.768, -8.068), (-57.768, -10.036), (-56.854, -10.036)]
256;100;;;0;1,44;[511, 518, 521, 520];[(-56.854, -10.036), (-56.854, -10.616), (-54.363, -10.616), (-54.363, -10.036)]
257;100;;;0;1,60;[26, 1185, 515, 516, 512];[(-57.768, -4.142), (-57.768, -4.316), (-57.768, -7.16), (-57.246, -7.16), (-57.233, -4.142)]
258;100;;;0;0,83;[510, 514, 517, 516, 515, 509];[(-57.768, -8.068), (-56.854, -8.068), (-56.854, -7.16), (-57.246, -7.16), (-57.768, -7.16), (-57.768, -7.405)]
259;100;;;0;0,53;[511, 513, 519, 518];[(-56.854, -10.036), (-57.768, -10.036), (-57.768, -10.616), (-56.854, -10.616)]
260;100;;;0;0,10;[520, 521, 523, 522];[(-54.363, -10.036), (-54.363, -10.616), (-54.184, -10.616), (-54.184, -10.036)]
261;100;;;0;0,53;[522, 523, 525, 524];[(-54.184, -10.036), (-54.184, -10.616), (-53.261, -10.616), (-53.261, -10.036)]
262;1;;;0;0,57;[524, 525, 527, 526];[(-53.261, -10.036), (-53.261, -10.616), (-52.273, -10.616), (-52.273, -10.036)]
263;100;;;0;0,31;[526, 527, 529, 528];[(-52.273, -10.036), (-52.273, -10.616), (-51.742, -10.616), (-51.742, -10.036)]
264;100;;;0;0,09;[528, 529, 531, 530];[(-51.742, -10.036), (-51.742, -10.616), (-51.595, -10.616), (-51.595, -10.036)]
265;100;;;0;0,33;[530, 531, 533, 532];[(-51.595, -10.036), (-51.595, -10.616), (-51.032, -10.616), (-51.032, -10.036)]
266;1;;;0;0,58;[532, 533, 535, 534];[(-51.032, -10.036), (-51.032, -10.616), (-50.036, -10.616), (-50.036, -10.036)]
267;100;;;0;0,60;[534, 535, 537, 536];[(-50.036, -10.036), (-50.036, -10.616), (-48.999, -10.616), (-48.999, -10.036)]
268;100;;;0;0,09;[536, 537, 539, 538];[(-48.999, -10.036), (-48.999, -10.616), (-48.844, -10.616), (-48.844, -10.036)]
269;100;;;0;0,33;[538, 539, 541, 540];[(-48.844, -10.036), (-48.844, -10.616), (-48.28, -10.616), (-48.28, -10.036)]
270;1;;;0;0,78;[540, 541, 543, 542];[(-48.28, -10.036), (-48.28, -10.616), (-46.933, -10.616), (-46.933, -10.036)]
271;100;;;0;1,72;[542, 543, 545, 544];[(-46.933, -10.036), (-46.933, -10.616), (-43.961, -10.616), (-43.961, -10.036)]
272;100;;;0;0,10;[544, 545, 547, 546];[(-43.961, -10.036), (-43.961, -10.616), (-43.781, -10.616), (-43.781, -10.036)]
273;100;;;0;3,64;[546, 547, 549, 548];[(-43.781, -10.036), (-43.781, -10.616), (-37.51, -10.616), (-37.51, -10.036)]
274;1;;;0;0,82;[548, 549, 551, 550];[(-37.51, -10.036), (-37.51, -10.616), (-36.097, -10.616), (-36.097, -10.036)]
275;100;;;0;0,12;[550, 551, 553, 552];[(-36.097, -10.036), (-36.097, -10.616), (-35.885, -10.616), (-35.885, -10.036)]
276;100;;;0;0,08;[552, 553, 555, 554];[(-35.885, -10.036), (-35.885, -10.616), (-35.754, -10.616), (-35.754, -10.036)]
277;100;;;0;1,83;[554, 555, 557, 556];[(-35.754, -10.036), (-35.754, -10.616), (-32.602, -10.616), (-32.602, -10.036)]
278;100;;;0;0,32;[556, 557, 559, 558];[(-32.602, -10.036), (-32.602, -10.616), (-32.055, -10.616), (-32.055, -10.036)]
279;100;;;0;0,40;[558, 559, 561, 560];[(-32.055, -10.036), (-32.055, -10.616), (-31.369, -10.616), (-31.369, -10.036)]
280;1;;;0;0,90;[560, 561, 563, 562];[(-31.369, -10.036), (-31.369, -10.616), (-29.81, -10.616), (-29.81, -10.036)]
281;100;;;0;1,72;[562, 563, 565, 564];[(-29.81, -10.036), (-29.81, -10.616), (-26.846, -10.616), (-26.846, -10.036)]
282;100;;;0;0,09;[564, 565, 567, 566];[(-26.846, -10.036), (-26.846, -10.616), (-26.69, -10.616), (-26.69, -10.036)]
283;100;;;0;0,04;[566, 567, 569, 568];[(-26.69, -10.036), (-26.69, -10.616), (-26.625, -10.616), (-26.625, -10.036)]
284;1;;;0;0,82;[568, 569, 571, 570];[(-26.625, -10.036), (-26.625, -10.616), (-25.212, -10.616), (-25.212, -10.036)]
285;100;;;0;1,93;[570, 571, 573, 572];[(-25.212, -10.036), (-25.212, -10.616), (-21.881, -10.616), (-21.881, -10.036)]
286;100;;;0;0,09;[572, 573, 575, 574];[(-21.881, -10.036), (-21.881, -10.616), (-21.726, -10.616), (-21.726, -10.036)]
287;100;;;0;3,60;[574, 575, 577, 576];[(-21.726, -10.036), (-21.726, -10.616), (-15.512, -10.616), (-15.512, -10.036)]
288;1;;;0;0,84;[576, 577, 579, 578];[(-15.512, -10.036), (-15.512, -10.616), (-14.066, -10.616), (-14.066, -10.036)]
289;100;;;0;0,37;[578, 579, 581, 580];[(-14.066, -10.036), (-14.066, -10.616), (-13.421, -10.616), (-13.421, -10.036)]
290;100;;;0;0,10;[580, 581, 583, 582];[(-13.421, -10.036), (-13.421, -10.616), (-13.25, -10.616), (-13.25, -10.036)]
291;100;;;0;1,32;[582, 583, 585, 584];[(-13.25, -10.036), (-13.25, -10.616), (-10.972, -10.616), (-10.972, -10.036)]
292;100;;;0;0,09;[584, 585, 587, 586];[(-10.972, -10.036), (-10.972, -10.616), (-10.817, -10.616), (-10.817, -10.036)]
293;100;;;0;0,60;[586, 587, 589, 588];[(-10.817, -10.036), (-10.817, -10.616), (-9.78, -10.616), (-9.78, -10.036)]
294;1;;;0;0,90;[588, 589, 591, 590];[(-9.78, -10.036), (-9.78, -10.616), (-8.228, -10.616), (-8.228, -10.036)]
295;1;;;0;0,15;[764, 593, 592, 763];[(-7.479, -13.176), (-7.477, -10.854), (-7.542, -10.854), (-7.547, -13.176)]
296;100;;;0;0,91;[291, 756, 754, 294];[(-15.99, -19.963), (-16.007, -14.088), (-16.16, -14.088), (-16.145, -19.963)]
297;100;;;0;0,29;[594, 595, 597, 596];[(-7.477, -10.036), (-7.477, -10.616), (-6.971, -10.616), (-6.971, -10.036)]
298;100;;;0;0,62;[596, 597, 599, 598];[(-6.971, -10.036), (-6.971, -10.616), (-5.893, -10.616), (-5.893, -10.036)]
299;100;;;0;6,73;[598, 599, 601, 600];[(-5.893, -10.036), (-5.893, -10.616), (5.709, -10.616), (5.709, -10.036)]
300;100;;;0;0,47;[600, 601, 603, 602];[(5.709, -10.036), (5.709, -10.616), (6.526, -10.616), (6.526, -10.036)]
301;16;;;0;0,52;[602, 603, 605, 604];[(6.526, -10.036), (6.526, -10.616), (7.424, -10.616), (7.424, -10.036)]
302;100;;;0;0,32;[604, 605, 607, 606];[(7.424, -10.036), (7.424, -10.616), (7.982, -10.616), (7.982, -10.036)]
303;100;;;0;4,39;[83, 600, 602, 84];[(5.709, -4.663), (5.709, -10.036), (6.526, -10.036), (6.526, -4.663)]
304;100;;;0;6,29;[69, 596, 598, 73];[(-6.976, -4.142), (-6.971, -10.036), (-5.893, -10.036), (-5.917, -4.142)]
305;100;;;0;0,02;[584, 586, 609, 608];[(-10.972, -10.036), (-10.817, -10.036), (-10.817, -9.895), (-10.972, -9.895)]
306;17;;;0;0,14;[608, 609, 611, 610];[(-10.972, -9.895), (-10.817, -9.895), (-10.817, -8.978), (-10.972, -8.978)]
307;100;;;0;0,78;[65, 610, 611, 67];[(-10.983, -4.142), (-10.972, -8.978), (-10.817, -8.978), (-10.814, -4.142)]
308;100;;;0;0,96;[61, 580, 582, 63];[(-13.41, -4.142), (-13.421, -10.036), (-13.25, -10.036), (-13.255, -4.142)]
309;100;;;0;0,87;[57, 572, 574, 59];[(-21.876, -4.142), (-21.881, -10.036), (-21.726, -10.036), (-21.735, -4.142)]
310;100;;;0;0,91;[53, 564, 566, 55];[(-26.829, -4.142), (-26.846, -10.036), (-26.69, -10.036), (-26.673, -4.142)]
311;100;;;0;1,70;[556, 558, 613, 612];[(-32.602, -10.036), (-32.055, -10.036), (-32.055, -6.932), (-32.602, -6.932)]
312;100;;;0;0,08;[612, 613, 615, 614];[(-32.602, -6.932), (-32.055, -6.932), (-32.055, -6.776), (-32.602, -6.776)]
313;100;;;0;1,43;[49, 614, 615, 51];[(-32.614, -4.142), (-32.602, -6.776), (-32.055, -6.776), (-32.078, -4.142)]
314;100;;;0;0,20;[47, 45, 616, 617];[(-35.746, -4.142), (-35.901, -4.142), (-35.901, -5.412), (-35.746, -5.412)]
315;17;;;0;0,14;[617, 616, 618, 619];[(-35.746, -5.412), (-35.901, -5.412), (-35.901, -6.33), (-35.746, -6.33)]
316;100;;;0;0,07;[619, 618, 620, 621];[(-35.746, -6.33), (-35.901, -6.33), (-35.901, -6.781), (-35.746, -6.781)]
317;100;;;0;0,02;[621, 620, 622, 623];[(-35.746, -6.781), (-35.901, -6.781), (-35.901, -6.908), (-35.746, -6.908)]
318;100;;;0;0,45;[554, 623, 622, 552];[(-35.754, -10.036), (-35.746, -6.908), (-35.901, -6.908), (-35.885, -10.036)]
319;100;;;0;0,15;[621, 623, 625, 624];[(-35.746, -6.781), (-35.746, -6.908), (-34.603, -6.908), (-34.603, -6.781)]
320;17;;;0;0,12;[624, 625, 627, 626];[(-34.603, -6.781), (-34.603, -6.908), (-33.672, -6.908), (-33.672, -6.781)]
321;100;;;0;0,15;[614, 626, 627, 612];[(-32.602, -6.776), (-33.672, -6.781), (-33.672, -6.908), (-32.602, -6.932)]
322;100;;;0;0,99;[41, 544, 546, 43];[(-43.944, -4.142), (-43.961, -10.036), (-43.781, -10.036), (-43.789, -4.142)]
323;100;;;0;0,91;[37, 536, 538, 39];[(-48.996, -4.142), (-48.999, -10.036), (-48.844, -10.036), (-48.84, -4.142)]
324;100;;;0;0,85;[33, 528, 530, 35];[(-51.733, -4.142), (-51.742, -10.036), (-51.595, -10.036), (-51.592, -4.142)]
325;100;;;0;0,04;[520, 522, 629, 628];[(-54.363, -10.036), (-54.184, -10.036), (-54.184, -9.833), (-54.363, -9.833)]
326;3;;;0;0,17;[628, 629, 631, 630];[(-54.363, -9.833), (-54.184, -9.833), (-54.184, -8.898), (-54.363, -8.898)]
327;100;;;0;0,86;[29, 630, 631, 31];[(-54.386, -4.142), (-54.363, -8.898), (-54.184, -8.898), (-54.202, -4.142)]
328;100;;;0;0,74;[632, 633, 635, 634];[(-63.447, -8.068), (-63.645, -8.068), (-63.645, -11.782), (-63.447, -11.782)]
329;100;;;0;0,05;[634, 635, 637, 636];[(-63.447, -11.782), (-63.645, -11.782), (-63.645, -12.036), (-63.447, -12.036)]
330;100;;;0;0,09;[637, 635, 638, 639];[(-63.645, -12.036), (-63.645, -11.782), (-63.988, -11.782), (-63.988, -12.036)]
331;1;;;0;0,23;[639, 638, 640, 641];[(-63.988, -12.036), (-63.988, -11.782), (-64.909, -11.782), (-64.909, -12.036)]
332;100;;;0;0,28;[641, 640, 642, 643];[(-64.909, -12.036), (-64.909, -11.782), (-66.026, -11.782), (-66.026, -12.036)]
333;100;;;0;0,09;[643, 642, 644, 645];[(-66.026, -12.036), (-66.026, -11.782), (-66.369, -11.782), (-66.369, -12.036)]
334;100;;;0;0,14;[645, 644, 646, 647];[(-66.369, -12.036), (-66.369, -11.782), (-66.937, -11.782), (-66.937, -12.036)]
335;1;;;0;0,23;[647, 646, 648, 649];[(-66.937, -12.036), (-66.937, -11.782), (-67.839, -11.782), (-67.839, -12.036)]
336;100;;;0;0,07;[649, 648, 650, 651];[(-67.839, -12.036), (-67.839, -11.782), (-68.103, -11.782), (-68.103, -12.036)]
337;100;;;0;0,03;[651, 650, 652, 653];[(-68.103, -12.036), (-68.103, -11.782), (-68.221, -11.782), (-68.221, -12.036)]
338;100;;;0;0,27;[644, 642, 654, 655];[(-66.369, -11.782), (-66.026, -11.782), (-66.026, -10.988), (-66.369, -10.988)]
339;100;;;0;0,13;[655, 654, 656, 657];[(-66.369, -10.988), (-66.026, -10.988), (-66.026, -10.606), (-66.369, -10.606)]
340;100;;;0;2,40;[358, 655, 657, 360];[(-72.712, -10.993), (-66.369, -10.988), (-66.369, -10.606), (-72.712, -10.618)]
341;100;;;0;2,49;[356, 355, 658, 659];[(-72.712, -13.713), (-72.712, -14.291), (-68.401, -14.291), (-68.401, -13.713)]
342;100;;;0;0,09;[659, 658, 660, 661];[(-68.401, -13.713), (-68.401, -14.291), (-68.254, -14.291), (-68.254, -13.713)]
343;100;;;0;0,03;[661, 660, 662, 663];[(-68.254, -13.713), (-68.254, -14.291), (-68.205, -14.291), (-68.205, -13.713)]
344;100;;;0;0,07;[663, 662, 664, 665];[(-68.205, -13.713), (-68.205, -14.291), (-68.087, -14.291), (-68.087, -13.713)]
345;100;;;0;0,37;[665, 664, 666, 667];[(-68.087, -13.713), (-68.087, -14.291), (-67.45, -14.291), (-67.45, -13.713)]
346;1;;;0;0,56;[667, 666, 668, 669];[(-67.45, -13.713), (-67.45, -14.291), (-66.474, -14.291), (-66.474, -13.713)]
347;100;;;0;0,49;[669, 668, 670, 671];[(-66.474, -13.713), (-66.474, -14.291), (-65.628, -14.291), (-65.628, -13.713)]
348;100;;;0;0,08;[671, 670, 672, 673];[(-65.628, -13.713), (-65.628, -14.291), (-65.487, -14.291), (-65.487, -13.713)]
349;100;;;0;1,52;[673, 672, 674, 675];[(-65.487, -13.713), (-65.487, -14.291), (-62.864, -14.291), (-62.864, -13.713)]
350;100;;;0;0,09;[675, 674, 676, 677];[(-62.864, -13.713), (-62.864, -14.291), (-62.712, -14.291), (-62.712, -13.713)]
351;100;;;0;0,43;[677, 676, 678, 679];[(-62.712, -13.713), (-62.712, -14.291), (-61.971, -14.291), (-61.971, -13.713)]
352;1;;;0;0,61;[679, 678, 680, 681];[(-61.971, -13.713), (-61.971, -14.291), (-60.924, -14.291), (-60.924, -13.713)]
353;100;;;0;0,49;[681, 680, 682, 683];[(-60.924, -13.713), (-60.924, -14.291), (-60.078, -14.291), (-60.078, -13.713)]
354;100;;;0;0,07;[683, 682, 684, 685];[(-60.078, -13.713), (-60.078, -14.291), (-59.948, -14.291), (-59.948, -13.713)]
355;100;;;0;0,28;[685, 684, 686, 687];[(-59.948, -13.713), (-59.948, -14.291), (-59.466, -14.291), (-59.466, -13.713)]
356;1;;;0;0,59;[687, 686, 688, 689];[(-59.466, -13.713), (-59.466, -14.291), (-58.455, -14.291), (-58.455, -13.713)]
357;100;;;0;0,41;[689, 688, 690, 691];[(-58.455, -13.713), (-58.455, -14.291), (-57.75, -14.291), (-57.75, -13.713)]
358;1;;;0;0,69;[693, 695, 700, 699];[(-55.868, -13.407), (-55.868, -14.088), (-54.857, -14.088), (-54.857, -13.407)]
359;100;;;0;0,11;[701, 702, 704, 703];[(-54.704, -13.407), (-54.704, -14.088), (-54.539, -14.088), (-54.539, -13.407)]
360;100;;;0;0,87;[698, 697, 695, 693];[(-57.15, -13.407), (-57.15, -14.088), (-55.868, -14.088), (-55.868, -13.407)]
361;100;;;0;0,53;[692, 694, 697, 698, 696, 691, 690];[(-57.514, -14.291), (-57.15, -14.291), (-57.15, -14.088), (-57.15, -13.407), (-57.75, -13.407), (-57.75, -13.713), (-57.75, -14.291)]
362;100;;;0;0,10;[699, 700, 702, 701];[(-54.857, -13.407), (-54.857, -14.088), (-54.704, -14.088), (-54.704, -13.407)]
363;100;;;0;1,75;[703, 704, 706, 705];[(-54.539, -13.407), (-54.539, -14.088), (-51.976, -14.088), (-51.976, -13.407)]
364;100;;;0;0,12;[705, 706, 708, 707];[(-51.976, -13.407), (-51.976, -14.088), (-51.8, -14.088), (-51.8, -13.407)]
365;100;;;0;1,61;[707, 708, 710, 709];[(-51.8, -13.407), (-51.8, -14.088), (-49.436, -14.088), (-49.436, -13.407)]
366;100;;;0;0,11;[709, 710, 712, 711];[(-49.436, -13.407), (-49.436, -14.088), (-49.272, -14.088), (-49.272, -13.407)]
367;100;;;0;0,50;[711, 712, 714, 713];[(-49.272, -13.407), (-49.272, -14.088), (-48.543, -14.088), (-48.543, -13.407)]
368;1;;;0;1,03;[713, 714, 716, 715];[(-48.543, -13.407), (-48.543, -14.088), (-47.026, -14.088), (-47.026, -13.407)]
369;100;;;0;0,36;[715, 716, 718, 717];[(-47.026, -13.407), (-47.026, -14.088), (-46.497, -14.088), (-46.497, -13.407)]
370;100;;;0;0,14;[717, 718, 720, 719];[(-46.497, -13.407), (-46.497, -14.088), (-46.297, -14.088), (-46.297, -13.407)]
371;100;;;0;1,78;[719, 720, 722, 721];[(-46.297, -13.407), (-46.297, -14.088), (-43.686, -14.088), (-43.686, -13.407)]
372;100;;;0;0,10;[721, 722, 724, 723];[(-43.686, -13.407), (-43.686, -14.088), (-43.534, -14.088), (-43.534, -13.407)]
373;100;;;0;0,54;[723, 724, 726, 725];[(-43.534, -13.407), (-43.534, -14.088), (-42.734, -14.088), (-42.734, -13.407)]
374;1;;;0;0,66;[725, 726, 728, 727];[(-42.734, -13.407), (-42.734, -14.088), (-41.77, -14.088), (-41.77, -13.407)]
375;100;;;0;0,55;[727, 728, 730, 729];[(-41.77, -13.407), (-41.77, -14.088), (-40.959, -14.088), (-40.959, -13.407)]
376;100;;;0;0,10;[729, 730, 732, 731];[(-40.959, -13.407), (-40.959, -14.088), (-40.806, -14.088), (-40.806, -13.407)]
377;100;;;0;0,50;[731, 732, 734, 733];[(-40.806, -13.407), (-40.806, -14.088), (-40.065, -14.088), (-40.065, -13.407)]
378;1;;;0;0,95;[733, 734, 736, 735];[(-40.065, -13.407), (-40.065, -14.088), (-38.677, -14.088), (-38.677, -13.407)]
379;100;;;0;4,12;[735, 736, 738, 737];[(-38.677, -13.407), (-38.677, -14.088), (-32.622, -14.088), (-32.622, -13.407)]
380;100;;;0;0,34;[737, 738, 740, 739];[(-32.622, -13.407), (-32.622, -14.088), (-32.116, -14.088), (-32.116, -13.407)]
381;100;;;0;0,35;[739, 740, 742, 741];[(-32.116, -13.407), (-32.116, -14.088), (-31.599, -14.088), (-31.599, -13.407)]
382;1;;;0;1,03;[741, 742, 744, 743];[(-31.599, -13.407), (-31.599, -14.088), (-30.082, -14.088), (-30.082, -13.407)]
383;100;;;0;1,92;[743, 744, 746, 745];[(-30.082, -13.407), (-30.082, -14.088), (-27.26, -14.088), (-27.26, -13.407)]
384;100;;;0;0,14;[745, 746, 748, 747];[(-27.26, -13.407), (-27.26, -14.088), (-27.06, -14.088), (-27.06, -13.407)]
385;100;;;0;0,25;[747, 748, 750, 749];[(-27.06, -13.407), (-27.06, -14.088), (-26.696, -14.088), (-26.696, -13.407)]
386;1;;;0;0,95;[749, 750, 752, 751];[(-26.696, -13.407), (-26.696, -14.088), (-25.296, -14.088), (-25.296, -13.407)]
387;100;;;0;6,22;[751, 752, 754, 753];[(-25.296, -13.407), (-25.296, -14.088), (-16.16, -14.088), (-16.16, -13.407)]
388;100;;;0;0,10;[753, 754, 756, 755];[(-16.16, -13.407), (-16.16, -14.088), (-16.007, -14.088), (-16.007, -13.407)]
389;100;;;0;0,35;[755, 756, 758, 757];[(-16.007, -13.407), (-16.007, -14.088), (-15.49, -14.088), (-15.49, -13.407)]
390;1;;;0;1,05;[757, 758, 760, 759];[(-15.49, -13.407), (-15.49, -14.088), (-13.949, -14.088), (-13.949, -13.407)]
391;100;;;0;3,95;[759, 760, 762, 761];[(-13.949, -13.407), (-13.949, -14.088), (-8.153, -14.088), (-8.153, -13.407)]
392;100;;;0;0,01;[767, 768, 764, 763];[(-7.547, -13.305), (-7.479, -13.305), (-7.479, -13.176), (-7.547, -13.176)]
393;100;;;0;0,53;[762, 765, 768, 767, 766, 761];[(-8.153, -14.088), (-7.479, -14.088), (-7.479, -13.305), (-7.547, -13.305), (-8.153, -13.305), (-8.153, -13.407)]
394;100;;;0;0,01;[771, 770, 592, 593];[(-7.477, -10.765), (-7.542, -10.765), (-7.542, -10.854), (-7.477, -10.854)]
395;100;;;0;0,55;[595, 594, 590, 591, 769, 770, 771];[(-7.477, -10.616), (-7.477, -10.036), (-8.228, -10.036), (-8.228, -10.616), (-8.228, -10.765), (-7.542, -10.765), (-7.477, -10.765)]
396;100;;;0;3,38;[287, 765, 762, 289];[(-7.467, -19.201), (-7.479, -14.088), (-8.153, -14.088), (-8.116, -19.201)]
397;100;;;0;1,08;[296, 748, 746, 298];[(-27.08, -19.963), (-27.06, -14.088), (-27.26, -14.088), (-27.249, -19.963)]
398;100;;;0;2,94;[300, 740, 738, 302];[(-32.117, -19.963), (-32.116, -14.088), (-32.622, -14.088), (-32.611, -19.963)]
399;100;;;0;0,91;[304, 732, 730, 306];[(-40.795, -19.963), (-40.806, -14.088), (-40.959, -14.088), (-40.95, -19.963)]
400;100;;;0;0,91;[308, 724, 722, 310];[(-43.547, -19.963), (-43.534, -14.088), (-43.686, -14.088), (-43.702, -19.963)]
401;100;;;0;0,26;[720, 718, 772, 773];[(-46.297, -14.088), (-46.497, -14.088), (-46.497, -15.386), (-46.297, -15.386)]
402;8;;;0;0,20;[773, 772, 774, 775];[(-46.297, -15.386), (-46.497, -15.386), (-46.497, -16.388), (-46.297, -16.388)]
403;100;;;0;0,63;[312, 775, 774, 314];[(-46.312, -19.963), (-46.297, -16.388), (-46.497, -16.388), (-46.467, -19.963)]
404;100;;;0;0,61;[318, 316, 776, 777];[(-49.445, -19.963), (-49.275, -19.963), (-49.275, -16.351), (-49.445, -16.351)]
405;8;;;0;0,17;[777, 776, 778, 779];[(-49.445, -16.351), (-49.275, -16.351), (-49.275, -15.364), (-49.445, -15.364)]
406;100;;;0;0,21;[710, 779, 778, 712];[(-49.436, -14.088), (-49.445, -15.364), (-49.275, -15.364), (-49.272, -14.088)]
407;100;;;0;1,02;[320, 708, 706, 322];[(-51.801, -19.963), (-51.8, -14.088), (-51.976, -14.088), (-51.97, -19.963)]
408;100;;;0;0,10;[704, 702, 780, 781];[(-54.539, -14.088), (-54.704, -14.088), (-54.704, -14.723), (-54.539, -14.723)]
409;8;;;0;0,17;[781, 780, 782, 783];[(-54.539, -14.723), (-54.704, -14.723), (-54.704, -15.767), (-54.539, -15.767)]
410;100;;;0;0,67;[324, 783, 782, 326];[(-54.552, -19.963), (-54.539, -15.767), (-54.704, -15.767), (-54.708, -19.963)]
411;100;;;0;2,11;[328, 694, 692, 330];[(-57.149, -19.963), (-57.15, -14.291), (-57.514, -14.291), (-57.53, -19.963)]
412;100;;;0;0,85;[332, 684, 682, 334];[(-59.928, -19.963), (-59.948, -14.291), (-60.078, -14.291), (-60.098, -19.963)]
413;100;;;0;0,87;[336, 676, 674, 338];[(-62.708, -19.963), (-62.712, -14.291), (-62.864, -14.291), (-62.863, -19.963)]
414;100;;;0;0,14;[672, 670, 784, 785];[(-65.487, -14.291), (-65.628, -14.291), (-65.628, -15.307), (-65.487, -15.307)]
415;8;;;0;0,12;[785, 784, 786, 787];[(-65.487, -15.307), (-65.628, -15.307), (-65.628, -16.168), (-65.487, -16.168)]
416;100;;;0;0,56;[340, 787, 786, 342];[(-65.46, -19.963), (-65.487, -16.168), (-65.628, -16.168), (-65.615, -19.963)]
417;100;;;0;0,42;[346, 344, 788, 789];[(-68.38, -19.963), (-68.267, -19.963), (-68.267, -16.21), (-68.38, -16.21)]
418;8;;;0;0,11;[789, 788, 790, 791];[(-68.38, -16.21), (-68.267, -16.21), (-68.267, -15.279), (-68.38, -15.279)]
419;100;;;0;0,13;[658, 791, 790, 660];[(-68.401, -14.291), (-68.38, -15.279), (-68.267, -15.279), (-68.254, -14.291)]
420;100;;;0;0,20;[653, 663, 665, 651];[(-68.221, -12.036), (-68.205, -13.713), (-68.087, -13.713), (-68.103, -12.036)]
421;100;;;0;0,91;[490, 492, 793, 792];[(-63.187, 1.259), (-63.187, 0.709), (-61.541, 0.709), (-61.541, 1.259)]
422;100;;;0;0,14;[792, 793, 795, 794];[(-61.541, 1.259), (-61.541, 0.709), (-61.282, 0.709), (-61.282, 1.259)]
423;100;;;0;1,97;[20, 794, 795, 22];[(-57.768, 1.266), (-61.282, 1.259), (-61.282, 0.709), (-57.768, 0.697)]
424;100;;;0;1,01;[482, 484, 797, 796];[(-63.187, 4.73), (-63.187, 4.123), (-61.529, 4.123), (-61.529, 4.73)]
425;100;;;0;0,14;[796, 797, 799, 798];[(-61.529, 4.73), (-61.529, 4.123), (-61.294, 4.123), (-61.294, 4.73)]
426;100;;;0;2,11;[16, 798, 799, 18];[(-57.768, 4.72), (-61.294, 4.73), (-61.294, 4.123), (-57.768, 4.131)]
427;100;;;0;0,03;[799, 797, 800, 801];[(-61.294, 4.123), (-61.529, 4.123), (-61.529, 4.006), (-61.294, 4.006)]
428;3;;;0;0,22;[801, 800, 802, 803];[(-61.294, 4.006), (-61.529, 4.006), (-61.529, 3.077), (-61.294, 3.077)]
429;100;;;0;0,45;[794, 803, 802, 792];[(-61.282, 1.259), (-61.294, 3.077), (-61.529, 3.077), (-61.541, 1.259)]
430;100;;;0;0,82;[807, 809, 808, 606, 607, 806];[(8.617, -10.815), (8.617, -9.518), (7.982, -9.518), (7.982, -10.036), (7.982, -10.616), (7.982, -10.815)]
431;1;;;0;0,24;[813, 811, 805, 812];[(11.603, -10.815), (11.415, -10.815), (11.415, -12.103), (11.603, -12.103)]
432;100;;;0;0,90;[806, 824, 819, 807];[(7.982, -10.815), (7.996, -12.233), (8.631, -12.233), (8.617, -10.815)]
433;100;;;0;1,61;[818, 810, 819, 821];[(11.415, -12.811), (11.415, -12.233), (8.631, -12.233), (8.631, -12.811)]
434;100;;;0;4,34;[807, 811, 813, 814, 816, 1192, 815, 804, 809];[(8.617, -10.815), (11.415, -10.815), (11.603, -10.815), (11.603, -10.635), (12.023, -10.635), (12.023, -10.091), (12.023, -9.518), (11.18, -9.518), (8.617, -9.518)]
435;100;;;0;0,37;[819, 824, 825, 823, 821];[(8.631, -12.233), (7.996, -12.233), (7.996, -12.811), (8.095, -12.811), (8.631, -12.811)]
436;100;;;0;0,43;[810, 818, 822, 820, 812, 805];[(11.415, -12.233), (11.415, -12.811), (12.023, -12.811), (12.023, -12.103), (11.603, -12.103), (11.415, -12.103)]
437;100;;;0;4,07;[86, 804, 815, 1194, 88];[(11.17, -4.663), (11.18, -9.518), (12.023, -9.518), (12.012, -6.947), (12.002, -4.663)]
438;100;;;0;1,62;[817, 95, 826, 827];[(18.421, -7.132), (17.858, -7.132), (17.858, -10.013), (18.421, -10.013)]
439;100;;;0;0,34;[827, 826, 1193, 828, 829];[(18.421, -10.013), (17.858, -10.013), (17.858, -10.091), (17.858, -10.611), (18.421, -10.611)]
440;100;;;0;0,23;[829, 828, 830, 831];[(18.421, -10.611), (17.858, -10.611), (17.858, -11.022), (18.421, -11.022)]
441;1;;;0;0,45;[831, 830, 832, 833];[(18.421, -11.022), (17.858, -11.022), (17.858, -11.816), (18.421, -11.816)]
442;100;;;0;0,23;[833, 832, 834, 835];[(18.421, -11.816), (17.858, -11.816), (17.858, -12.227), (18.421, -12.227)]
443;100;;;0;0,30;[835, 834, 836, 837];[(18.421, -12.227), (17.858, -12.227), (17.858, -12.766), (18.421, -12.766)]
444;100;;;0;1,20;[835, 837, 839, 838];[(18.421, -12.227), (18.421, -12.766), (20.655, -12.766), (20.655, -12.227)]
445;100;;;0;0,75;[840, 845, 846, 843];[(21.334, -12.227), (21.807, -12.227), (21.807, -10.635), (21.334, -10.635)]
446;100;;;0;0,93;[844, 848, 849, 847, 845, 840, 838, 839, 841, 842];[(21.41, -12.982), (21.887, -12.982), (21.887, -12.694), (21.887, -12.227), (21.807, -12.227), (21.334, -12.227), (20.655, -12.227), (20.655, -12.766), (20.655, -12.982), (21.344, -12.982)]
447;100;;;0;1,75;[829, 843, 850, 827];[(18.421, -10.611), (21.334, -10.635), (21.334, -10.03), (18.421, -10.013)]
448;100;;;0;0,29;[843, 846, 851, 852, 850];[(21.334, -10.635), (21.807, -10.635), (21.807, -10.03), (21.651, -10.03), (21.334, -10.03)]
449;100;;;0;0,04;[852, 851, 853, 854];[(21.651, -10.03), (21.807, -10.03), (21.807, -9.778), (21.651, -9.778)]
450;8;;;0;0,14;[854, 853, 855, 856];[(21.651, -9.778), (21.807, -9.778), (21.807, -8.88), (21.651, -8.88)]
451;100;;;0;0,28;[98, 856, 855, 100];[(21.654, -7.132), (21.651, -8.88), (21.807, -8.88), (21.823, -7.132)]
452;100;;;0;0,59;[847, 849, 858, 857];[(21.887, -12.227), (21.887, -12.694), (23.145, -12.694), (23.145, -12.227)]
453;1;;;0;0,46;[857, 858, 860, 859];[(23.145, -12.227), (23.145, -12.694), (24.124, -12.694), (24.124, -12.227)]
454;100;;;0;1,59;[859, 860, 862, 861];[(24.124, -12.227), (24.124, -12.694), (27.539, -12.694), (27.539, -12.227)]
455;100;;;0;0,11;[861, 862, 864, 863];[(27.539, -12.227), (27.539, -12.694), (27.765, -12.694), (27.765, -12.227)]
456;100;;;0;2,89;[863, 864, 866, 865];[(27.765, -12.227), (27.765, -12.694), (33.959, -12.694), (33.959, -12.227)]
457;1;;;0;0,45;[865, 866, 868, 867];[(33.959, -12.227), (33.959, -12.694), (34.933, -12.694), (34.933, -12.227)]
458;100;;;0;0,44;[867, 868, 870, 869];[(34.933, -12.227), (34.933, -12.694), (35.879, -12.694), (35.879, -12.227)]
459;100;;;0;0,34;[869, 870, 872, 871];[(35.879, -12.227), (35.879, -12.694), (36.607, -12.694), (36.607, -12.227)]
460;100;;;0;0,44;[871, 872, 874, 873];[(36.607, -12.227), (36.607, -12.694), (37.546, -12.694), (37.546, -12.227)]
461;1;;;0;0,46;[873, 874, 876, 875];[(37.546, -12.227), (37.546, -12.694), (38.526, -12.694), (38.526, -12.227)]
462;100;;;0;1,49;[875, 876, 878, 877];[(38.526, -12.227), (38.526, -12.694), (41.724, -12.694), (41.724, -12.227)]
463;100;;;0;0,12;[877, 878, 880, 879];[(41.724, -12.227), (41.724, -12.694), (41.971, -12.694), (41.971, -12.227)]
464;100;;;0;0,12;[879, 880, 882, 881];[(41.971, -12.227), (41.971, -12.694), (42.23, -12.694), (42.23, -12.227)]
465;1;;;0;0,45;[881, 882, 884, 883];[(42.23, -12.227), (42.23, -12.694), (43.194, -12.694), (43.194, -12.227)]
466;100;;;0;0,77;[883, 884, 886, 885];[(43.194, -12.227), (43.194, -12.694), (44.852, -12.694), (44.852, -12.227)]
467;100;;;0;0,12;[885, 886, 888, 887];[(44.852, -12.227), (44.852, -12.694), (45.11, -12.694), (45.11, -12.227)]
468;100;;;0;0,26;[887, 888, 890, 889];[(45.11, -12.227), (45.11, -12.694), (45.674, -12.694), (45.674, -12.227)]
469;1;;;0;0,47;[889, 890, 892, 891];[(45.674, -12.227), (45.674, -12.694), (46.67, -12.694), (46.67, -12.227)]
470;100;;;0;0,72;[891, 892, 894, 893];[(46.67, -12.227), (46.67, -12.694), (48.213, -12.694), (48.213, -12.227)]
471;100;;;0;0,07;[893, 894, 896, 895];[(48.213, -12.227), (48.213, -12.694), (48.368, -12.694), (48.368, -12.227)]
472;100;;;0;0,23;[895, 896, 898, 897];[(48.368, -12.227), (48.368, -12.694), (48.866, -12.694), (48.866, -12.227)]
473;1;;;0;0,44;[897, 898, 900, 899];[(48.866, -12.227), (48.866, -12.694), (49.814, -12.694), (49.814, -12.227)]
474;100;;;0;1,59;[899, 900, 902, 901];[(49.814, -12.227), (49.814, -12.694), (53.219, -12.694), (53.219, -12.227)]
475;100;;;0;0,21;[901, 902, 904, 903];[(53.219, -12.227), (53.219, -12.694), (53.676, -12.694), (53.676, -12.227)]
476;100;;;0;0,72;[903, 904, 906, 905];[(53.676, -12.227), (53.676, -12.694), (55.227, -12.694), (55.227, -12.227)]
477;1;;;0;0,44;[905, 906, 908, 907];[(55.227, -12.227), (55.227, -12.694), (56.173, -12.694), (56.173, -12.227)]
478;100;;;0;0,09;[907, 908, 910, 909];[(56.173, -12.227), (56.173, -12.694), (56.371, -12.694), (56.371, -12.227)]
479;100;;;0;0,09;[909, 910, 912, 911];[(56.371, -12.227), (56.371, -12.694), (56.568, -12.694), (56.568, -12.227)]
480;100;;;0;0,10;[911, 912, 914, 913];[(56.568, -12.227), (56.568, -12.694), (56.779, -12.694), (56.779, -12.227)]
481;1;;;0;0,44;[913, 914, 916, 915];[(56.779, -12.227), (56.779, -12.694), (57.732, -12.694), (57.732, -12.227)]
482;100;;;0;0,50;[915, 916, 918, 917];[(57.732, -12.227), (57.732, -12.694), (58.8, -12.694), (58.8, -12.227)]
483;100;;;0;1,13;[918, 922, 921, 923, 920, 919, 917];[(58.8, -12.694), (60.345, -12.694), (60.345, -12.227), (60.345, -11.962), (59.684, -11.962), (58.8, -11.962), (58.8, -12.227)]
484;100;;;0;1,88;[132, 130, 924, 926, 925, 1199];[(60.343, -7.132), (59.596, -7.132), (59.596, -9.643), (59.684, -9.643), (60.343, -9.643), (60.343, -7.843)]
485;100;;;0;1,53;[923, 1196, 925, 926, 920];[(60.345, -11.962), (60.344, -10.538), (60.343, -9.643), (59.684, -9.643), (59.684, -11.962)]
486;100;;;0;0,39;[921, 922, 928, 927];[(60.345, -12.227), (60.345, -12.694), (61.182, -12.694), (61.182, -12.227)]
487;1;;;0;0,61;[927, 928, 930, 929];[(61.182, -12.227), (61.182, -12.694), (62.495, -12.694), (62.495, -12.227)]
488;100;;;0;0,40;[929, 930, 932, 931];[(62.495, -12.227), (62.495, -12.694), (63.345, -12.694), (63.345, -12.227)]
489;100;;;0;2,69;[933, 936, 940, 941, 939];[(64.665, -11.982), (64.665, -12.741), (68.204, -12.741), (68.204, -12.59), (68.204, -11.982)]
490;100;;;0;0,01;[941, 940, 942, 943];[(68.204, -12.59), (68.204, -12.741), (68.292, -12.741), (68.292, -12.59)]
491;1;;;0;0,27;[943, 942, 944, 945];[(68.292, -12.59), (68.292, -12.741), (70.075, -12.741), (70.075, -12.59)]
492;100;;;0;1,17;[935, 934, 936, 933, 938, 937, 931, 932];[(63.345, -12.871), (64.665, -12.871), (64.665, -12.741), (64.665, -11.982), (63.999, -11.982), (63.345, -11.982), (63.345, -12.227), (63.345, -12.694)]
493;100;;;0;0,01;[945, 944, 946, 947];[(70.075, -12.59), (70.075, -12.741), (70.13, -12.741), (70.13, -12.59)]
494;100;;;0;0,02;[947, 946, 948, 949];[(70.13, -12.59), (70.13, -12.741), (70.279, -12.741), (70.279, -12.59)]
495;100;;;0;0,11;[955, 954, 951, 956, 950];[(71.027, -12.758), (71.027, -11.958), (70.892, -11.958), (70.892, -12.599), (70.892, -12.758)]
496;100;;;0;3,26;[206, 204, 952, 953];[(75.252, -12.758), (75.252, -11.958), (71.176, -11.958), (71.176, -12.758)]
497;100;;;0;0,12;[953, 952, 954, 955];[(71.176, -12.758), (71.176, -11.958), (71.027, -11.958), (71.027, -12.758)]
498;100;;;0;0,10;[948, 950, 956, 949];[(70.279, -12.741), (70.892, -12.758), (70.892, -12.599), (70.279, -12.59)]
499;100;;;0;0,21;[139, 137, 957, 958];[(63.998, -5.933), (63.349, -5.933), (63.349, -6.262), (63.998, -6.262)]
500;100;;;0;0,56;[958, 957, 959, 960];[(63.998, -6.262), (63.349, -6.262), (63.349, -7.132), (63.998, -7.132)]
501;100;;;0;3,16;[938, 960, 959, 1198, 1197, 937];[(63.999, -11.982), (63.998, -7.132), (63.349, -7.132), (63.348, -7.843), (63.346, -10.538), (63.345, -11.982)]
502;100;;;0;0,41;[958, 960, 962, 961];[(63.998, -6.262), (63.998, -7.132), (64.468, -7.132), (64.468, -6.262)]
503;7;;;0;1,15;[961, 962, 964, 963];[(64.468, -6.262), (64.468, -7.132), (65.785, -7.132), (65.785, -6.262)]
504;100;;;0;6,55;[963, 964, 966, 965];[(65.785, -6.262), (65.785, -7.132), (73.311, -7.132), (73.311, -6.262)]
505;7;;;0;1,14;[199, 965, 966, 201];[(74.596, -6.232), (73.311, -6.262), (73.311, -7.132), (74.596, -7.137)]
506;100;;;0;0,36;[143, 144, 968, 967];[(63.278, 11.131), (63.998, 11.131), (63.998, 11.629), (63.278, 11.629)]
507;1;;;0;1,08;[967, 968, 970, 969];[(63.278, 11.629), (63.998, 11.629), (63.998, 13.132), (63.278, 13.132)]
508;100;;;0;0,58;[969, 970, 972, 971];[(63.278, 13.132), (63.998, 13.132), (63.998, 13.866), (63.278, 14.014)]
509;100;;;0;0,29;[971, 972, 974, 973];[(63.278, 14.014), (63.998, 13.866), (63.8, 14.422), (63.278, 14.422)]
510;100;;;0;1,34;[973, 974, 976, 975];[(63.278, 14.422), (63.8, 14.422), (63.8, 16.994), (63.278, 16.994)]
511;1;;;0;0,51;[975, 976, 978, 977];[(63.278, 16.994), (63.8, 16.994), (63.8, 17.974), (63.278, 17.974)]
512;100;;;0;1,84;[977, 978, 980, 979];[(63.278, 17.974), (63.8, 17.974), (63.8, 21.502), (63.278, 21.502)]
513;100;;;0;0,08;[979, 980, 982, 981];[(63.278, 21.502), (63.8, 21.502), (63.8, 21.657), (63.278, 21.657)]
514;100;;;0;1,44;[169, 981, 982, 171];[(63.278, 24.418), (63.278, 21.657), (63.8, 21.657), (63.8, 24.418)]
515;100;;;0;0,33;[982, 980, 983, 984];[(63.8, 21.657), (63.8, 21.502), (65.917, 21.502), (65.917, 21.657)]
516;7;;;0;0,15;[984, 983, 985, 986];[(65.917, 21.657), (65.917, 21.502), (66.889, 21.502), (66.889, 21.657)]
517;100;;;0;0,06;[986, 985, 987, 988];[(66.889, 21.657), (66.889, 21.502), (67.264, 21.502), (67.264, 21.657)]
518;100;;;0;0,02;[988, 987, 989, 990];[(67.264, 21.657), (67.264, 21.502), (67.395, 21.502), (67.395, 21.657)]
519;100;;;0;0,26;[990, 989, 991, 992];[(67.395, 21.657), (67.395, 21.502), (69.052, 21.502), (69.052, 21.657)]
520;7;;;0;0,14;[992, 991, 993, 994];[(69.052, 21.657), (69.052, 21.502), (69.934, 21.502), (69.934, 21.657)]
521;100;;;0;0,17;[994, 993, 995, 996];[(69.934, 21.657), (69.934, 21.502), (71.045, 21.502), (71.045, 21.657)]
522;100;;;0;0,02;[996, 995, 997, 998];[(71.045, 21.657), (71.045, 21.502), (71.151, 21.502), (71.151, 21.657)]
523;100;;;0;0,10;[998, 997, 999, 1000];[(71.151, 21.657), (71.151, 21.502), (71.812, 21.502), (71.812, 21.657)]
524;7;;;0;0,15;[1000, 999, 1001, 1002];[(71.812, 21.657), (71.812, 21.502), (72.776, 21.502), (72.776, 21.657)]
525;100;;;0;0,41;[185, 1002, 1001, 187];[(75.137, 21.665), (72.776, 21.657), (72.776, 21.502), (75.137, 21.469)]
526;100;;;0;0,33;[173, 988, 990, 175];[(67.288, 24.418), (67.264, 21.657), (67.395, 21.657), (67.396, 24.418)]
527;100;;;0;0,32;[177, 996, 998, 179];[(71.041, 24.418), (71.045, 21.657), (71.151, 21.657), (71.168, 24.418)]
528;100;;;0;0,82;[974, 972, 1003, 1004];[(63.8, 14.422), (63.998, 13.866), (65.381, 13.866), (65.381, 14.422)]
529;100;;;0;0,89;[191, 189, 1005, 1006];[(75.137, 13.866), (75.137, 14.408), (73.486, 14.408), (73.486, 13.866)]
530;100;;;0;1,68;[151, 149, 1207, 1007, 1008];[(57.199, 14.435), (57.199, 14.012), (59.354, 14.012), (61.164, 14.012), (61.164, 14.435)]
531;100;;;0;0,12;[1008, 1007, 1009, 1010];[(61.164, 14.435), (61.164, 14.012), (61.446, 14.012), (61.446, 14.435)]
532;100;;;0;0,32;[1010, 1009, 1200, 1011, 1012];[(61.446, 14.435), (61.446, 14.012), (61.781, 14.012), (62.208, 14.012), (62.208, 14.435)]
533;1;;;0;0,36;[1012, 1011, 1013, 1014];[(62.208, 14.435), (62.208, 14.012), (63.069, 14.012), (63.069, 14.435)]
534;100;;;0;0,09;[973, 1014, 1013, 971];[(63.278, 14.422), (63.069, 14.435), (63.069, 14.012), (63.278, 14.014)]
535;100;;;0;0,59;[1008, 1010, 1016, 1015];[(61.164, 14.435), (61.446, 14.435), (61.446, 16.51), (61.164, 16.51)]
536;1;;;0;0,23;[1015, 1016, 1018, 1017];[(61.164, 16.51), (61.446, 16.51), (61.446, 17.314), (61.164, 17.314)]
537;100;;;0;0,09;[1017, 1018, 1020, 1019];[(61.164, 17.314), (61.446, 17.314), (61.446, 17.624), (61.164, 17.624)]
538;100;;;0;0,07;[1019, 1020, 1022, 1021];[(61.164, 17.624), (61.446, 17.624), (61.446, 17.878), (61.164, 17.878)]
539;100;;;0;0,33;[1021, 1022, 1024, 1023];[(61.164, 17.878), (61.446, 17.878), (61.446, 19.049), (61.164, 19.049)]
540;1;;;0;0,23;[1023, 1024, 1026, 1025];[(61.164, 19.049), (61.446, 19.049), (61.446, 19.854), (61.164, 19.854)]
541;100;;;0;0,29;[1025, 1026, 1028, 1027];[(61.164, 19.854), (61.446, 19.854), (61.446, 20.898), (61.164, 20.898)]
542;100;;;0;0,06;[1027, 1028, 1030, 1029];[(61.164, 20.898), (61.446, 20.898), (61.446, 21.124), (61.164, 21.124)]
543;100;;;0;0,57;[1029, 1030, 1032, 1031];[(61.164, 21.124), (61.446, 21.124), (61.446, 23.141), (61.164, 23.141)]
544;1;;;0;0,23;[1031, 1032, 1034, 1033];[(61.164, 23.141), (61.446, 23.141), (61.446, 23.946), (61.164, 23.946)]
545;100;;;0;0,13;[165, 1033, 1034, 167];[(61.191, 24.418), (61.164, 23.946), (61.446, 23.946), (61.468, 24.418)]
546;100;;;0;0,82;[157, 1027, 1029, 159];[(57.199, 20.938), (61.164, 20.898), (61.164, 21.124), (57.199, 21.126)]
547;100;;;0;0,97;[153, 1019, 1021, 155];[(57.199, 17.622), (61.164, 17.624), (61.164, 17.878), (57.199, 17.857)]
548;7;;;0;4,45;[1003, 1006, 1005, 1004];[(65.381, 13.866), (73.486, 13.866), (73.486, 14.408), (65.381, 14.422)]
549;100;;;0;0,52;[210, 208, 1035, 1036];[(75.252, -15.274), (75.252, -14.816), (74.124, -14.816), (74.124, -15.274)]
550;8;;;0;0,42;[1036, 1035, 1037, 1038];[(74.124, -15.274), (74.124, -14.816), (73.206, -14.816), (73.206, -15.274)]
551;100;;;0;0,91;[1038, 1037, 1039, 1040];[(73.206, -15.274), (73.206, -14.816), (71.217, -14.816), (71.217, -15.274)]
552;100;;;0;0,08;[1040, 1039, 1041, 1042];[(71.217, -15.274), (71.217, -14.816), (71.048, -14.816), (71.048, -15.274)]
553;100;;;0;0,35;[1042, 1041, 1043, 1044];[(71.048, -15.274), (71.048, -14.816), (70.286, -14.816), (70.286, -15.274)]
554;100;;;0;0,06;[1044, 1043, 1045, 1046];[(70.286, -15.274), (70.286, -14.816), (70.144, -14.816), (70.144, -15.274)]
555;100;;;0;1,18;[1046, 1045, 1047, 1048];[(70.144, -15.274), (70.144, -14.816), (67.575, -14.816), (67.575, -15.274)]
556;100;;;0;0,06;[1048, 1047, 1049, 1050];[(67.575, -15.274), (67.575, -14.816), (67.434, -14.816), (67.434, -15.274)]
557;100;;;0;0,57;[1050, 1049, 1051, 1052];[(67.434, -15.274), (67.434, -14.816), (66.196, -14.816), (66.196, -15.274)]
558;1;;;0;0,41;[1052, 1051, 1053, 1054];[(66.196, -15.274), (66.196, -14.816), (65.298, -14.816), (65.298, -15.274)]
559;100;;;0;0,69;[1054, 1053, 1055, 1056];[(65.298, -15.274), (65.298, -14.816), (63.787, -14.816), (63.787, -15.274)]
560;100;;;0;0,24;[1056, 1055, 1057, 1058];[(63.787, -15.274), (63.787, -14.816), (63.256, -14.816), (63.256, -15.274)]
561;100;;;0;1,03;[1058, 1057, 1059, 1060];[(63.256, -15.274), (63.256, -14.816), (61.004, -14.816), (61.004, -15.274)]
562;100;;;0;0,09;[1060, 1059, 1061, 1062];[(61.004, -15.274), (61.004, -14.816), (60.813, -14.816), (60.813, -15.274)]
563;100;;;0;0,56;[1062, 1061, 1063, 1064];[(60.813, -15.274), (60.813, -14.816), (59.582, -14.816), (59.582, -15.274)]
564;1;;;0;0,40;[1064, 1063, 1065, 1066];[(59.582, -15.274), (59.582, -14.816), (58.711, -14.816), (58.711, -15.274)]
565;100;;;0;0,25;[1066, 1065, 1067, 1068];[(58.711, -15.274), (58.711, -14.816), (58.16, -14.816), (58.16, -15.274)]
566;100;;;0;0,09;[1068, 1067, 1069, 1070];[(58.16, -15.274), (58.16, -14.816), (57.956, -14.816), (57.956, -15.274)]
567;100;;;0;1,29;[1070, 1069, 1071, 1072];[(57.956, -15.274), (57.956, -14.816), (55.132, -14.816), (55.132, -15.274)]
568;100;;;0;0,09;[1072, 1071, 1073, 1074];[(55.132, -15.274), (55.132, -14.816), (54.927, -14.816), (54.927, -15.274)]
569;100;;;0;1,31;[1074, 1073, 1075, 1076];[(54.927, -15.274), (54.927, -14.816), (52.07, -14.816), (52.07, -15.274)]
570;100;;;0;0,07;[1076, 1075, 1077, 1078];[(52.07, -15.274), (52.07, -14.816), (51.927, -14.816), (51.927, -15.274)]
571;100;;;0;0,42;[1078, 1077, 1079, 1080];[(51.927, -15.274), (51.927, -14.816), (51.001, -14.816), (51.001, -15.274)]
572;1;;;0;0,39;[1080, 1079, 1081, 1082];[(51.001, -15.274), (51.001, -14.816), (50.157, -14.816), (50.157, -15.274)]
573;100;;;0;1,42;[1082, 1081, 1083, 1084];[(50.157, -15.274), (50.157, -14.816), (47.061, -14.816), (47.061, -15.274)]
574;100;;;0;0,07;[1084, 1083, 1085, 1086];[(47.061, -15.274), (47.061, -14.816), (46.905, -14.816), (46.905, -15.274)]
575;100;;;0;0,50;[1086, 1085, 1087, 1088];[(46.905, -15.274), (46.905, -14.816), (45.823, -14.816), (45.823, -15.274)]
576;1;;;0;0,41;[1088, 1087, 1089, 1090];[(45.823, -15.274), (45.823, -14.816), (44.925, -14.816), (44.925, -15.274)]
577;100;;;0;0,36;[1090, 1089, 1091, 1092];[(44.925, -15.274), (44.925, -14.816), (44.149, -14.816), (44.149, -15.274)]
578;100;;;0;0,13;[1092, 1091, 1093, 1094];[(44.149, -15.274), (44.149, -14.816), (43.863, -14.816), (43.863, -15.274)]
579;100;;;0;1,15;[1094, 1093, 1095, 1096];[(43.863, -15.274), (43.863, -14.816), (41.352, -14.816), (41.352, -15.274)]
580;100;;;0;0,09;[1096, 1095, 1097, 1098];[(41.352, -15.274), (41.352, -14.816), (41.162, -14.816), (41.162, -15.274)]
581;100;;;0;1,42;[1098, 1097, 1099, 1100];[(41.162, -15.274), (41.162, -14.816), (38.057, -14.816), (38.057, -15.274)]
582;1;;;0;0,38;[1100, 1099, 1101, 1102];[(38.057, -15.274), (38.057, -14.816), (37.223, -14.816), (37.223, -15.274)]
583;100;;;0;0,38;[1102, 1101, 1103, 1104];[(37.223, -15.274), (37.223, -14.816), (36.388, -14.816), (36.388, -15.274)]
584;100;;;0;0,27;[1104, 1103, 1105, 1106];[(36.388, -15.274), (36.388, -14.816), (35.8, -14.816), (35.8, -15.274)]
585;100;;;0;0,31;[1106, 1105, 1107, 1108];[(35.8, -15.274), (35.8, -14.816), (35.13, -14.816), (35.13, -15.274)]
586;1;;;0;0,37;[1108, 1107, 1109, 1110];[(35.13, -15.274), (35.13, -14.816), (34.33, -14.816), (34.33, -15.274)]
587;100;;;0;5,66;[1110, 1109, 1111, 1112];[(34.33, -15.274), (34.33, -14.816), (21.986, -14.816), (21.986, -15.274)]
588;100;;;0;0,01;[842, 1114, 1122, 844];[(21.344, -12.982), (21.354, -13.068), (21.406, -13.068), (21.41, -12.982)]
589;100;;;0;3,13;[1183, 1182, 1130, 1127];[(17.924, -15.369), (17.924, -14.72), (13.108, -14.72), (13.108, -15.369)]
590;100;;;0;0,00;[1118, 1115, 1120, 1116];[(21.354, -14.577), (21.406, -14.577), (21.406, -14.502), (21.354, -14.502)]
591;100;;;0;0,48;[1118, 1123, 1121, 1119, 1112, 1111, 1113, 1117, 1115];[(21.354, -14.577), (21.354, -14.916), (21.354, -15.369), (21.986, -15.369), (21.986, -15.274), (21.986, -14.816), (21.884, -14.816), (21.884, -14.577), (21.406, -14.577)]
592;1;;;0;0,07;[1116, 1120, 1122, 1114];[(21.354, -14.502), (21.406, -14.502), (21.406, -13.068), (21.354, -13.068)]
593;100;;;0;1,14;[1121, 1123, 1125, 1124];[(21.354, -15.369), (21.354, -14.916), (18.83, -14.916), (18.83, -15.369)]
594;1;;;0;0,60;[1127, 1130, 1132, 1131];[(13.108, -15.369), (13.108, -14.72), (12.19, -14.72), (12.19, -15.369)]
595;100;;;0;0,08;[1125, 1128, 1129, 1126, 1124];[(18.83, -14.916), (18.83, -14.72), (18.708, -14.72), (18.708, -15.369), (18.83, -15.369)]
596;100;;;0;0,56;[1131, 1132, 1134, 1135, 1136, 1133];[(12.19, -15.369), (12.19, -14.72), (11.332, -14.72), (11.332, -14.84), (11.332, -15.235), (11.332, -15.369)]
597;100;;;0;1,08;[1136, 1135, 1137, 1138];[(11.332, -15.235), (11.332, -14.84), (8.603, -14.84), (8.603, -15.235)]
598;100;;;0;2,36;[265, 1138, 1142, 267];[(8.59, -19.201), (8.603, -15.235), (8.005, -15.235), (7.998, -19.201)]
599;1;;;0;6,21;[1206, 1207, 149, 146];[(59.354, 11.131), (59.354, 14.012), (57.199, 14.012), (57.199, 11.131)]
600;100;;;0;0,01;[1141, 1139, 1143, 1144];[(8.005, -14.84), (8.091, -14.84), (8.091, -14.698), (8.005, -14.698)]
601;1;;;0;0,15;[1144, 1143, 1145, 1146];[(8.005, -14.698), (8.091, -14.698), (8.091, -12.934), (8.005, -12.934)]
602;100;;;0;0,01;[825, 1146, 1145, 823];[(7.996, -12.811), (8.005, -12.934), (8.091, -12.934), (8.095, -12.811)]
603;100;;;0;0,24;[1139, 1141, 1142, 1138, 1137];[(8.091, -14.84), (8.005, -14.84), (8.005, -15.235), (8.603, -15.235), (8.603, -14.84)]
604;100;;;0;0,30;[946, 1045, 1043, 948];[(70.13, -12.741), (70.144, -14.816), (70.286, -14.816), (70.279, -12.741)]
605;100;;;0;0,18;[1048, 1050, 1147, 1140];[(67.575, -15.274), (67.434, -15.274), (67.434, -16.532), (67.575, -16.532)]
606;8;;;0;0,13;[1140, 1147, 1149, 1148];[(67.575, -16.532), (67.434, -16.532), (67.434, -17.426), (67.575, -17.426)]
607;100;;;0;0,36;[215, 1148, 1149, 217];[(67.574, -20.095), (67.575, -17.426), (67.434, -17.426), (67.445, -20.095)]
608;100;;;0;2,55;[219, 1056, 1058, 221];[(63.788, -20.095), (63.787, -15.274), (63.256, -15.274), (63.259, -20.095)]
609;100;;;0;0,06;[1060, 1062, 1151, 1150];[(61.004, -15.274), (60.813, -15.274), (60.813, -15.58), (61.004, -15.58)]
610;8;;;0;0,15;[1150, 1151, 1153, 1152];[(61.004, -15.58), (60.813, -15.58), (60.813, -16.368), (61.004, -16.368)]
611;100;;;0;0,36;[1152, 1153, 1155, 1154];[(61.004, -16.368), (60.813, -16.368), (60.813, -18.249), (61.004, -18.249)]
612;100;;;0;0,02;[1154, 1155, 1157, 1156];[(61.004, -18.249), (60.813, -18.249), (60.813, -18.378), (61.004, -18.378)]
613;100;;;0;0,03;[1157, 1155, 1158, 1159];[(60.813, -18.378), (60.813, -18.249), (60.596, -18.249), (60.596, -18.378)]
614;100;;;0;0,02;[1159, 1158, 1160, 1161];[(60.596, -18.378), (60.596, -18.249), (60.466, -18.249), (60.466, -18.378)]
615;100;;;0;0,24;[225, 1159, 1161, 227];[(60.578, -20.26), (60.596, -18.378), (60.466, -18.378), (60.449, -20.26)]
616;100;;;0;0,65;[231, 229, 1162, 1163];[(57.967, -20.26), (58.167, -20.26), (58.167, -16.987), (57.967, -16.987)]
617;8;;;0;0,18;[1163, 1162, 1164, 1165];[(57.967, -16.987), (58.167, -16.987), (58.167, -16.082), (57.967, -16.082)]
618;100;;;0;0,16;[1070, 1165, 1164, 1068];[(57.956, -15.274), (57.967, -16.082), (58.167, -16.082), (58.16, -15.274)]
619;100;;;0;1,04;[233, 1072, 1074, 235];[(55.122, -20.26), (55.132, -15.274), (54.927, -15.274), (54.91, -20.26)]
620;100;;;0;0,12;[1076, 1078, 1167, 1166];[(52.07, -15.274), (51.927, -15.274), (51.927, -16.132), (52.07, -16.132)]
621;8;;;0;0,13;[1166, 1167, 1169, 1168];[(52.07, -16.132), (51.927, -16.132), (51.927, -17.009), (52.07, -17.009)]
622;100;;;0;0,46;[237, 1168, 1169, 239];[(52.065, -20.26), (52.07, -17.009), (51.927, -17.009), (51.924, -20.26)]
623;100;;;0;0,74;[241, 1084, 1086, 243];[(47.032, -20.26), (47.061, -15.274), (46.905, -15.274), (46.891, -20.26)]
624;100;;;0;0,16;[1092, 1094, 1171, 1170];[(44.149, -15.274), (43.863, -15.274), (43.863, -15.85), (44.149, -15.85)]
625;8;;;0;0,25;[1170, 1171, 1173, 1172];[(44.149, -15.85), (43.863, -15.85), (43.863, -16.72), (44.149, -16.72)]
626;100;;;0;0,98;[245, 1172, 1173, 247];[(44.116, -20.26), (44.149, -16.72), (43.863, -16.72), (43.846, -20.26)]
627;100;;;0;1,00;[249, 1096, 1098, 251];[(41.353, -20.26), (41.352, -15.274), (41.162, -15.274), (41.141, -20.26)]
628;100;;;0;2,81;[256, 1104, 1106, 257];[(36.391, -20.048), (36.388, -15.274), (35.8, -15.274), (35.803, -20.048)]
629;100;;;0;3,02;[258, 1119, 1121, 260];[(21.999, -20.048), (21.986, -15.369), (21.354, -15.369), (21.34, -20.048)]
630;100;;;0;1,08;[102, 861, 863, 104];[(27.566, -7.132), (27.539, -12.227), (27.765, -12.227), (27.763, -7.132)]
631;100;;;0;3,65;[106, 869, 871, 108];[(35.877, -7.132), (35.879, -12.227), (36.607, -12.227), (36.582, -7.132)]
632;100;;;0;1,28;[110, 877, 879, 112];[(41.69, -7.132), (41.724, -12.227), (41.971, -12.227), (41.944, -7.132)]
633;100;;;0;1,27;[114, 885, 887, 116];[(44.865, -7.132), (44.852, -12.227), (45.11, -12.227), (45.105, -7.132)]
634;100;;;0;0,14;[893, 895, 1175, 1174];[(48.213, -12.227), (48.368, -12.227), (48.368, -11.33), (48.213, -11.33)]
635;8;;;0;0,14;[1174, 1175, 1177, 1176];[(48.213, -11.33), (48.368, -11.33), (48.368, -10.433), (48.213, -10.433)]
636;100;;;0;0,49;[118, 1176, 1177, 120];[(48.223, -7.132), (48.213, -10.433), (48.368, -10.433), (48.364, -7.132)]
637;100;;;0;2,39;[122, 901, 903, 124];[(53.218, -7.132), (53.219, -12.227), (53.676, -12.227), (53.698, -7.132)]
638;100;;;0;2,10;[128, 126, 1178, 1180, 1181, 1179];[(56.745, -7.132), (56.125, -7.132), (56.125, -10.519), (56.381, -10.519), (56.563, -10.519), (56.745, -10.519)]
639;100;;;0;0,32;[911, 1181, 1180, 909];[(56.568, -12.227), (56.563, -10.519), (56.381, -10.519), (56.371, -12.227)]
640;17;;;0;7,77;[379, 381, 382, 404, 403, 406, 461, 459, 457];[(-73.563, 12.646), (-73.563, 10.964), (-72.712, 10.964), (-72.418, 10.964), (-72.418, 10.245), (-69.985, 10.245), (-69.987, 12.646), (-71.525, 12.646), (-72.348, 12.646)]
641;17;;;0;3,47;[410, 473, 475, 465, 463, 408];[(-68.409, 10.245), (-68.409, 11.509), (-68.409, 12.293), (-68.399, 12.646), (-69.849, 12.646), (-69.854, 10.245)]
642;17;;;0;3,35;[421, 419, 471, 469, 467, 476, 474, 412];[(-66.912, 10.255), (-66.912, 12.64), (-67.223, 12.646), (-67.968, 12.646), (-68.301, 12.646), (-68.311, 12.293), (-68.311, 11.509), (-68.311, 10.245)]
643;17;327;;0;24,32;[1, 386, 458, 460, 462, 464, 466, 468, 470, 472, 417, 415, 413, 4];[(-73.583, 16.444), (-73.563, 12.793), (-72.348, 12.793), (-71.525, 12.793), (-69.987, 12.793), (-69.849, 12.793), (-68.399, 12.793), (-68.301, 12.793), (-67.968, 12.793), (-67.223, 12.793), (-66.912, 12.781), (-66.912, 14.615), (-66.912, 15.636), (-66.912, 16.444)]
644;1;;;0;1,47;[440, 483, 481, 438];[(-66.265, 4.054), (-63.843, 4.123), (-63.843, 4.73), (-66.265, 4.662)]
645;1;;;0;27,86;[442, 444, 446, 497, 495, 493, 491, 489, 487, 485, 483, 440];[(-66.265, 3.251), (-66.265, 1.771), (-66.265, -7.423), (-63.843, -7.405), (-63.843, -6.854), (-63.843, -5.288), (-63.843, 0.709), (-63.843, 1.259), (-63.843, 2.698), (-63.843, 3.658), (-63.843, 4.123), (-66.265, 4.054)]
646;1;;;0;28,46;[6, 414, 416, 418, 420, 422, 424, 426, 428, 430, 432, 434, 436, 438, 481, 479, 477, 8];[(-66.265, 16.444), (-66.265, 15.636), (-66.265, 14.615), (-66.265, 12.781), (-66.265, 12.64), (-66.265, 10.255), (-66.265, 10.1), (-66.265, 9.434), (-66.265, 8.395), (-66.265, 7.464), (-66.265, 7.297), (-66.265, 6.386), (-66.265, 5.338), (-66.265, 4.662), (-63.843, 4.73), (-63.843, 5.238), (-63.843, 6.691), (-63.843, 16.444)]
647;17;325;;0;15,30;[372, 454, 455, 437, 435, 433, 431, 374];[(-72.712, 4.818), (-72.477, 4.818), (-72.477, 4.651), (-66.912, 4.662), (-66.912, 5.338), (-66.912, 6.386), (-66.912, 7.297), (-72.712, 7.306)]
648;17;326;;0;15,24;[376, 429, 427, 425, 423, 411, 409, 407, 405, 402, 378];[(-72.712, 7.477), (-66.912, 7.464), (-66.912, 8.395), (-66.912, 9.434), (-66.912, 10.1), (-68.311, 10.098), (-68.409, 10.098), (-69.854, 10.098), (-69.985, 10.098), (-72.418, 10.098), (-72.712, 10.098)]
649;17;328;;0;63,49;[10, 478, 480, 482, 796, 798, 16, 12];[(-63.187, 16.444), (-63.187, 6.691), (-63.187, 5.238), (-63.187, 4.73), (-61.529, 4.73), (-61.294, 4.73), (-57.768, 4.72), (-57.768, 16.444)]
650;17;324;;0;66,44;[364, 450, 451, 445, 443, 441, 439, 456, 453, 370, 368, 366];[(-72.712, -7.28), (-72.402, -7.28), (-72.402, -7.42), (-66.912, -7.423), (-66.912, 1.771), (-66.912, 3.251), (-66.912, 4.054), (-72.477, 4.042), (-72.477, 3.873), (-72.712, 3.873), (-72.712, -1.562), (-72.712, -2.697)]
651;3;;;0;4,74;[484, 486, 488, 490, 792, 802, 800, 797];[(-63.187, 4.123), (-63.187, 3.658), (-63.187, 2.698), (-63.187, 1.259), (-61.541, 1.259), (-61.529, 3.077), (-61.529, 4.006), (-61.529, 4.123)]
652;3;;;0;10,09;[18, 799, 801, 803, 794, 20];[(-57.768, 4.131), (-61.294, 4.123), (-61.294, 4.006), (-61.294, 3.077), (-61.282, 1.259), (-57.768, 1.266)]
653;1;;;0;11,60;[22, 795, 793, 492, 1187, 1190, 1188, 1186];[(-57.768, 0.697), (-61.282, 0.709), (-61.541, 0.709), (-63.187, 0.709), (-63.187, -1.435), (-61.379, -1.435), (-59.486, -1.435), (-57.768, -1.435)]
654;8;323;;0;25,86;[360, 657, 656, 654, 642, 640, 638, 635, 633, 499, 448, 447, 452, 449, 362];[(-72.712, -10.618), (-66.369, -10.606), (-66.026, -10.606), (-66.026, -10.988), (-66.026, -11.782), (-64.909, -11.782), (-63.988, -11.782), (-63.645, -11.782), (-63.645, -8.068), (-63.843, -8.068), (-66.265, -8.056), (-66.912, -8.056), (-72.402, -8.067), (-72.402, -8.208), (-72.712, -8.208)]
655;8;322;;0;13,70;[659, 661, 663, 653, 652, 650, 648, 646, 644, 655, 358, 356];[(-68.401, -13.713), (-68.254, -13.713), (-68.205, -13.713), (-68.221, -12.036), (-68.221, -11.782), (-68.103, -11.782), (-67.839, -11.782), (-66.937, -11.782), (-66.369, -11.782), (-66.369, -10.988), (-72.712, -10.993), (-72.712, -13.713)]
656;1;;;0;2,11;[519, 696, 698, 518];[(-57.768, -10.616), (-57.75, -13.407), (-57.15, -13.407), (-56.854, -10.616)]
657;1;;;0;39,88;[632, 634, 636, 637, 639, 641, 643, 645, 647, 649, 651, 665, 667, 669, 671, 673, 675, 677, 679, 681, 683, 685, 687, 689, 691, 696, 519, 513, 510, 508, 506, 504, 502, 500];[(-63.447, -8.068), (-63.447, -11.782), (-63.447, -12.036), (-63.645, -12.036), (-63.988, -12.036), (-64.909, -12.036), (-66.026, -12.036), (-66.369, -12.036), (-66.937, -12.036), (-67.839, -12.036), (-68.103, -12.036), (-68.087, -13.713), (-67.45, -13.713), (-66.474, -13.713), (-65.628, -13.713), (-65.487, -13.713), (-62.864, -13.713), (-62.712, -13.713), (-61.971, -13.713), (-60.924, -13.713), (-60.078, -13.713), (-59.948, -13.713), (-59.466, -13.713), (-58.455, -13.713), (-57.75, -13.713), (-57.75, -13.407), (-57.768, -10.616), (-57.768, -10.036), (-57.768, -8.068), (-58.164, -8.068), (-59.73, -8.068), (-61.183, -8.068), (-62.806, -8.068), (-63.187, -8.068)]
658;8;;;0;30,08;[346, 789, 791, 658, 355, 351, 348];[(-68.38, -19.963), (-68.38, -16.21), (-68.38, -15.279), (-68.401, -14.291), (-72.712, -14.291), (-73.686, -14.291), (-73.686, -19.963)]
659;8;321;;0;14,99;[342, 786, 784, 670, 668, 666, 664, 662, 660, 790, 788, 344];[(-65.615, -19.963), (-65.628, -16.168), (-65.628, -15.307), (-65.628, -14.291), (-66.474, -14.291), (-67.45, -14.291), (-68.087, -14.291), (-68.205, -14.291), (-68.254, -14.291), (-68.267, -15.279), (-68.267, -16.21), (-68.267, -19.963)]
660;8;;;0;14,83;[338, 674, 672, 785, 787, 340];[(-62.863, -19.963), (-62.864, -14.291), (-65.487, -14.291), (-65.487, -15.307), (-65.487, -16.168), (-65.46, -19.963)]
661;8;320;;0;14,87;[334, 682, 680, 678, 676, 336];[(-60.098, -19.963), (-60.078, -14.291), (-60.924, -14.291), (-61.971, -14.291), (-62.712, -14.291), (-62.708, -19.963)]
662;8;319;;0;13,71;[330, 692, 690, 688, 686, 684, 332];[(-57.53, -19.963), (-57.514, -14.291), (-57.75, -14.291), (-58.455, -14.291), (-59.466, -14.291), (-59.948, -14.291), (-59.928, -19.963)]
663;8;318;;0;14,36;[326, 782, 780, 702, 700, 695, 697, 694, 328];[(-54.708, -19.963), (-54.704, -15.767), (-54.704, -14.723), (-54.704, -14.088), (-54.857, -14.088), (-55.868, -14.088), (-57.15, -14.088), (-57.15, -14.291), (-57.149, -19.963)]
664;8;;;0;15,10;[322, 706, 704, 781, 783, 324];[(-51.97, -19.963), (-51.976, -14.088), (-54.539, -14.088), (-54.539, -14.723), (-54.539, -15.767), (-54.552, -19.963)]
665;8;;;0;13,85;[318, 777, 779, 710, 708, 320];[(-49.445, -19.963), (-49.445, -16.351), (-49.445, -15.364), (-49.436, -14.088), (-51.8, -14.088), (-51.801, -19.963)]
666;8;317;;0;16,38;[314, 774, 772, 718, 716, 714, 712, 778, 776, 316];[(-46.467, -19.963), (-46.497, -16.388), (-46.497, -15.386), (-46.497, -14.088), (-47.026, -14.088), (-48.543, -14.088), (-49.272, -14.088), (-49.275, -15.364), (-49.275, -16.351), (-49.275, -19.963)]
667;8;;;0;15,32;[310, 722, 720, 773, 775, 312];[(-43.702, -19.963), (-43.686, -14.088), (-46.297, -14.088), (-46.297, -15.386), (-46.297, -16.388), (-46.312, -19.963)]
668;17;316;;0;15,19;[306, 730, 728, 726, 724, 308];[(-40.95, -19.963), (-40.959, -14.088), (-41.77, -14.088), (-42.734, -14.088), (-43.534, -14.088), (-43.547, -19.963)]
669;8;315;Аудитория;0;48,08;[302, 738, 736, 734, 732, 304];[(-32.611, -19.963), (-32.622, -14.088), (-38.677, -14.088), (-40.065, -14.088), (-40.806, -14.088), (-40.795, -19.963)]
670;8;314;;0;28,57;[298, 746, 744, 742, 740, 300];[(-27.249, -19.963), (-27.26, -14.088), (-30.082, -14.088), (-31.599, -14.088), (-32.116, -14.088), (-32.117, -19.963)]
671;8;313;Аудитория;0;64,15;[294, 754, 752, 750, 748, 296];[(-16.145, -19.963), (-16.16, -14.088), (-25.296, -14.088), (-26.696, -14.088), (-27.06, -14.088), (-27.08, -19.963)]
672;8;312;;0;46,22;[289, 762, 760, 758, 756, 291, 288];[(-8.116, -19.201), (-8.153, -14.088), (-13.949, -14.088), (-15.49, -14.088), (-16.007, -14.088), (-15.99, -19.963), (-8.116, -19.963)]
673;1;;;0;0,50;[565, 745, 747, 567];[(-26.846, -10.616), (-27.26, -13.407), (-27.06, -13.407), (-26.69, -10.616)]
674;1;;;0;0,46;[545, 721, 723, 547];[(-43.961, -10.616), (-43.686, -13.407), (-43.534, -13.407), (-43.781, -10.616)]
675;1;;;0;36,79;[518, 698, 693, 699, 701, 703, 705, 707, 709, 711, 713, 715, 717, 719, 721, 545, 543, 541, 539, 537, 535, 533, 531, 529, 527, 525, 523, 521];[(-56.854, -10.616), (-57.15, -13.407), (-55.868, -13.407), (-54.857, -13.407), (-54.704, -13.407), (-54.539, -13.407), (-51.976, -13.407), (-51.8, -13.407), (-49.436, -13.407), (-49.272, -13.407), (-48.543, -13.407), (-47.026, -13.407), (-46.497, -13.407), (-46.297, -13.407), (-43.686, -13.407), (-43.961, -10.616), (-46.933, -10.616), (-48.28, -10.616), (-48.844, -10.616), (-48.999, -10.616), (-50.036, -10.616), (-51.032, -10.616), (-51.595, -10.616), (-51.742, -10.616), (-52.273, -10.616), (-53.261, -10.616), (-54.184, -10.616), (-54.363, -10.616)]
676;1;;;0;46,35;[547, 723, 725, 727, 729, 731, 733, 735, 737, 739, 741, 743, 745, 565, 563, 561, 559, 557, 555, 553, 551, 549];[(-43.781, -10.616), (-43.534, -13.407), (-42.734, -13.407), (-41.77, -13.407), (-40.959, -13.407), (-40.806, -13.407), (-40.065, -13.407), (-38.677, -13.407), (-32.622, -13.407), (-32.116, -13.407), (-31.599, -13.407), (-30.082, -13.407), (-27.26, -13.407), (-26.846, -10.616), (-29.81, -10.616), (-31.369, -10.616), (-32.055, -10.616), (-32.602, -10.616), (-35.754, -10.616), (-35.885, -10.616), (-36.097, -10.616), (-37.51, -10.616)]
677;1;;;0;53,79;[749, 751, 753, 755, 757, 759, 761, 766, 767, 763, 592, 770, 769, 591, 589, 587, 585, 583, 581, 579, 577, 575, 573, 571, 569, 567, 747];[(-26.696, -13.407), (-25.296, -13.407), (-16.16, -13.407), (-16.007, -13.407), (-15.49, -13.407), (-13.949, -13.407), (-8.153, -13.407), (-8.153, -13.305), (-7.547, -13.305), (-7.547, -13.176), (-7.542, -10.854), (-7.542, -10.765), (-8.228, -10.765), (-8.228, -10.616), (-9.78, -10.616), (-10.817, -10.616), (-10.972, -10.616), (-13.25, -10.616), (-13.421, -10.616), (-14.066, -10.616), (-15.512, -10.616), (-21.726, -10.616), (-21.881, -10.616), (-25.212, -10.616), (-26.625, -10.616), (-26.69, -10.616), (-27.06, -13.407)]
678;8;334;Аудитория;0;49,00;[59, 574, 576, 578, 580, 61];[(-21.735, -4.142), (-21.726, -10.036), (-15.512, -10.036), (-14.066, -10.036), (-13.421, -10.036), (-13.41, -4.142)]
679;17;;;0;13,41;[63, 582, 584, 608, 610, 65];[(-13.255, -4.142), (-13.25, -10.036), (-10.972, -10.036), (-10.972, -9.895), (-10.972, -8.978), (-10.983, -4.142)]
680;17;335;;0;22,64;[67, 611, 609, 586, 588, 590, 594, 596, 69];[(-10.814, -4.142), (-10.817, -8.978), (-10.817, -9.895), (-10.817, -10.036), (-9.78, -10.036), (-8.228, -10.036), (-7.477, -10.036), (-6.971, -10.036), (-6.976, -4.142)]
681;8;333;;0;28,31;[55, 566, 568, 570, 572, 57];[(-26.673, -4.142), (-26.69, -10.036), (-26.625, -10.036), (-25.212, -10.036), (-21.881, -10.036), (-21.876, -4.142)]
682;17;332;;0;30,78;[51, 615, 613, 558, 560, 562, 564, 53];[(-32.078, -4.142), (-32.055, -6.776), (-32.055, -6.932), (-32.055, -10.036), (-31.369, -10.036), (-29.81, -10.036), (-26.846, -10.036), (-26.829, -4.142)]
683;17;;;0;9,83;[556, 612, 627, 625, 623, 554];[(-32.602, -10.036), (-32.602, -6.932), (-33.672, -6.908), (-34.603, -6.908), (-35.746, -6.908), (-35.754, -10.036)]
684;17;;;0;8,28;[47, 617, 619, 621, 624, 626, 614, 49];[(-35.746, -4.142), (-35.746, -5.412), (-35.746, -6.33), (-35.746, -6.781), (-34.603, -6.781), (-33.672, -6.781), (-32.602, -6.776), (-32.614, -4.142)]
685;17;331;;0;46,49;[45, 43, 546, 548, 550, 552, 622, 620, 618, 616];[(-35.901, -4.142), (-43.789, -4.142), (-43.781, -10.036), (-37.51, -10.036), (-36.097, -10.036), (-35.885, -10.036), (-35.901, -6.908), (-35.901, -6.781), (-35.901, -6.33), (-35.901, -5.412)]
686;8;330;;0;28,82;[39, 538, 540, 542, 544, 41];[(-48.84, -4.142), (-48.844, -10.036), (-48.28, -10.036), (-46.933, -10.036), (-43.961, -10.036), (-43.944, -4.142)]
687;17;329;;0;15,30;[35, 530, 532, 534, 536, 37];[(-51.592, -4.142), (-51.595, -10.036), (-51.032, -10.036), (-50.036, -10.036), (-48.999, -10.036), (-48.996, -4.142)]
688;19;;Курилка;0;14,46;[31, 631, 629, 522, 524, 526, 528, 33];[(-54.202, -4.142), (-54.184, -8.898), (-54.184, -9.833), (-54.184, -10.036), (-53.261, -10.036), (-52.273, -10.036), (-51.742, -10.036), (-51.733, -4.142)]
689;3;;;0;15,79;[512, 516, 517, 514, 511, 520, 628, 630, 29, 27];[(-57.233, -4.142), (-57.246, -7.16), (-56.854, -7.16), (-56.854, -8.068), (-56.854, -10.036), (-54.363, -10.036), (-54.363, -9.833), (-54.363, -8.898), (-54.386, -4.142), (-56.925, -4.142)]
690;16;;Музей;0;132,86;[267, 1142, 1141, 1144, 1146, 825, 824, 806, 607, 605, 603, 601, 599, 597, 595, 771, 593, 764, 768, 765, 287, 285, 283, 281, 279, 277, 275, 273, 271, 269, 266];[(7.998, -19.201), (8.005, -15.235), (8.005, -14.84), (8.005, -14.698), (8.005, -12.934), (7.996, -12.811), (7.996, -12.233), (7.982, -10.815), (7.982, -10.616), (7.424, -10.616), (6.526, -10.616), (5.709, -10.616), (-5.893, -10.616), (-6.971, -10.616), (-7.477, -10.616), (-7.477, -10.765), (-7.477, -10.854), (-7.479, -13.176), (-7.479, -13.305), (-7.479, -14.088), (-7.467, -19.201), (-6.55, -19.201), (-4.476, -19.201), (-3.742, -19.201), (-1.682, -19.201), (-0.948, -19.201), (1.098, -19.201), (1.902, -19.201), (3.934, -19.201), (4.724, -19.201), (6.756, -19.201)]
691;8;;Верхняя часть кабинета 242;0;194,62;[72, 73, 598, 600, 83, 81, 77, 74];[(-5.917, -3.409), (-5.917, -4.142), (-5.893, -10.036), (5.709, -10.036), (5.709, -4.663), (5.709, -3.774), (5.709, 6.71), (-5.917, 6.71)]
692;8;;;0;23,33;[604, 606, 808, 809, 804, 86, 84, 602];[(7.424, -10.036), (7.982, -10.036), (7.982, -9.518), (8.617, -9.518), (11.18, -9.518), (11.17, -4.663), (6.526, -4.663), (6.526, -10.036)]
693;1;;;0;1,40;[818, 1134, 1132, 822];[(11.415, -12.811), (11.332, -14.72), (12.19, -14.72), (12.023, -12.811)]
694;100;;;0;0,51;[1126, 1129, 1182, 1183];[(18.708, -15.369), (18.708, -14.72), (17.924, -14.72), (17.924, -15.369)]
695;1;;;0;1,32;[836, 1182, 1129, 837];[(17.858, -12.766), (17.924, -14.72), (18.708, -14.72), (18.421, -12.766)]
696;1;;;0;5,79;[837, 1129, 1128, 1125, 1123, 1118, 1116, 1114, 842, 841, 839];[(18.421, -12.766), (18.708, -14.72), (18.83, -14.72), (18.83, -14.916), (21.354, -14.916), (21.354, -14.577), (21.354, -14.502), (21.354, -13.068), (21.344, -12.982), (20.655, -12.982), (20.655, -12.766)]
697;1;;;0;13,37;[88, 1194, 1195, 93, 90];[(12.002, -4.663), (12.012, -6.947), (17.858, -6.947), (17.858, -6.441), (17.858, -4.663)]
698;1;;;0;6,65;[823, 1145, 1143, 1139, 1137, 1135, 1134, 818, 821];[(8.095, -12.811), (8.091, -12.934), (8.091, -14.698), (8.091, -14.84), (8.603, -14.84), (11.332, -14.84), (11.332, -14.72), (11.415, -12.811), (8.631, -12.811)]
699;10;;;0;3,96;[811, 807, 819, 810, 805];[(11.415, -10.815), (8.617, -10.815), (8.631, -12.233), (11.415, -12.233), (11.415, -12.103)]
700;2;;;0;4,67;[831, 833, 835, 838, 840, 843, 829];[(18.421, -11.022), (18.421, -11.816), (18.421, -12.227), (20.655, -12.227), (21.334, -12.227), (21.334, -10.635), (18.421, -10.611)]
701;8;;;0;9,34;[817, 827, 850, 852, 854, 856, 98, 96];[(18.421, -7.132), (18.421, -10.013), (21.334, -10.03), (21.651, -10.03), (21.651, -9.778), (21.651, -8.88), (21.654, -7.132), (18.634, -7.132)]
702;8;300;;0;29,26;[100, 855, 853, 851, 846, 845, 847, 857, 859, 861, 102];[(21.823, -7.132), (21.807, -8.88), (21.807, -9.778), (21.807, -10.03), (21.807, -10.635), (21.807, -12.227), (21.887, -12.227), (23.145, -12.227), (24.124, -12.227), (27.539, -12.227), (27.566, -7.132)]
703;8;300а;;0;41,34;[104, 863, 865, 867, 869, 106];[(27.763, -7.132), (27.765, -12.227), (33.959, -12.227), (34.933, -12.227), (35.879, -12.227), (35.877, -7.132)]
704;8;301;;0;26,05;[108, 871, 873, 875, 877, 110];[(36.582, -7.132), (36.607, -12.227), (37.546, -12.227), (38.526, -12.227), (41.724, -12.227), (41.69, -7.132)]
705;8;302;;0;14,78;[112, 879, 881, 883, 885, 114];[(41.944, -7.132), (41.971, -12.227), (42.23, -12.227), (43.194, -12.227), (44.852, -12.227), (44.865, -7.132)]
706;8;303;;0;15,84;[116, 887, 889, 891, 893, 1174, 1176, 118];[(45.105, -7.132), (45.11, -12.227), (45.674, -12.227), (46.67, -12.227), (48.213, -12.227), (48.213, -11.33), (48.213, -10.433), (48.223, -7.132)]
707;8;304;;0;24,72;[120, 1177, 1175, 895, 897, 899, 901, 122];[(48.364, -7.132), (48.368, -10.433), (48.368, -11.33), (48.368, -12.227), (48.866, -12.227), (49.814, -12.227), (53.219, -12.227), (53.218, -7.132)]
708;3;;;0;12,85;[124, 903, 905, 907, 909, 1180, 1178, 126];[(53.698, -7.132), (53.676, -12.227), (55.227, -12.227), (56.173, -12.227), (56.371, -12.227), (56.381, -10.519), (56.125, -10.519), (56.125, -7.132)]
709;3;;;0;14,82;[128, 1179, 1181, 911, 913, 915, 917, 919, 920, 926, 924, 130];[(56.745, -7.132), (56.745, -10.519), (56.563, -10.519), (56.568, -12.227), (56.779, -12.227), (57.732, -12.227), (58.8, -12.227), (58.8, -11.962), (59.684, -11.962), (59.684, -9.643), (59.596, -9.643), (59.596, -7.132)]
710;1;;;0;5,74;[132, 1199, 1198, 959, 957, 137, 134, 131];[(60.343, -7.132), (60.343, -7.843), (63.348, -7.843), (63.349, -7.132), (63.349, -6.262), (63.349, -5.933), (60.343, -5.933), (60.343, -6.441)]
711;1;;;0;1,80;[935, 1057, 1055, 934];[(63.345, -12.871), (63.256, -14.816), (63.787, -14.816), (64.665, -12.871)]
712;7;;Холл актового зала;0;55,87;[201, 966, 964, 962, 960, 938, 933, 939, 941, 943, 945, 947, 949, 956, 951, 954, 952, 204, 202, 200];[(74.596, -7.137), (73.311, -7.132), (65.785, -7.132), (64.468, -7.132), (63.998, -7.132), (63.999, -11.982), (64.665, -11.982), (68.204, -11.982), (68.204, -12.59), (68.292, -12.59), (70.075, -12.59), (70.13, -12.59), (70.279, -12.59), (70.892, -12.599), (70.892, -11.958), (71.027, -11.958), (71.176, -11.958), (75.252, -11.958), (75.252, -7.502), (74.596, -7.502)]
713;1;;;0;12,20;[936, 934, 1055, 1053, 1051, 1049, 1047, 1045, 946, 944, 942, 940];[(64.665, -12.741), (64.665, -12.871), (63.787, -14.816), (65.298, -14.816), (66.196, -14.816), (67.434, -14.816), (67.575, -14.816), (70.144, -14.816), (70.13, -12.741), (70.075, -12.741), (68.292, -12.741), (68.204, -12.741)]
714;9;;;0;6,99;[1201, 1200, 1009, 1007, 1207, 1206];[(61.781, 11.131), (61.781, 14.012), (61.446, 14.012), (61.164, 14.012), (59.354, 14.012), (59.354, 11.131)]
715;8;305;;0;17,60;[217, 1149, 1147, 1050, 1052, 1054, 1056, 219];[(67.445, -20.095), (67.434, -17.426), (67.434, -16.532), (67.434, -15.274), (66.196, -15.274), (65.298, -15.274), (63.787, -15.274), (63.788, -20.095)]
716;8;;;0;37,01;[210, 1036, 1038, 1040, 1042, 1044, 1046, 1048, 1140, 1148, 215, 212];[(75.252, -15.274), (74.124, -15.274), (73.206, -15.274), (71.217, -15.274), (71.048, -15.274), (70.286, -15.274), (70.144, -15.274), (67.575, -15.274), (67.575, -16.532), (67.575, -17.426), (67.574, -20.095), (75.252, -20.095)]
717;8;;;0;12,02;[221, 1058, 1060, 1150, 1152, 1154, 1156, 1157, 1159, 225, 223];[(63.259, -20.095), (63.256, -15.274), (61.004, -15.274), (61.004, -15.58), (61.004, -16.368), (61.004, -18.249), (61.004, -18.378), (60.813, -18.378), (60.596, -18.378), (60.578, -20.26), (63.259, -20.26)]
718;8;306;;0;12,48;[227, 1161, 1160, 1158, 1155, 1153, 1151, 1062, 1064, 1066, 1068, 1164, 1162, 229];[(60.449, -20.26), (60.466, -18.378), (60.466, -18.249), (60.596, -18.249), (60.813, -18.249), (60.813, -16.368), (60.813, -15.58), (60.813, -15.274), (59.582, -15.274), (58.711, -15.274), (58.16, -15.274), (58.167, -16.082), (58.167, -16.987), (58.167, -20.26)]
719;8;;;0;14,16;[231, 1163, 1165, 1070, 1072, 233];[(57.967, -20.26), (57.967, -16.987), (57.967, -16.082), (57.956, -15.274), (55.132, -15.274), (55.122, -20.26)]
720;8;;;0;14,21;[235, 1074, 1076, 1166, 1168, 237];[(54.91, -20.26), (54.927, -15.274), (52.07, -15.274), (52.07, -16.132), (52.07, -17.009), (52.065, -20.26)]
721;8;307;;0;24,32;[239, 1169, 1167, 1078, 1080, 1082, 1084, 241];[(51.924, -20.26), (51.927, -17.009), (51.927, -16.132), (51.927, -15.274), (51.001, -15.274), (50.157, -15.274), (47.061, -15.274), (47.032, -20.26)]
722;8;308;;0;13,76;[243, 1086, 1088, 1090, 1092, 1170, 1172, 245];[(46.891, -20.26), (46.905, -15.274), (45.823, -15.274), (44.925, -15.274), (44.149, -15.274), (44.149, -15.85), (44.149, -16.72), (44.116, -20.26)]
723;8;;;0;12,49;[247, 1173, 1171, 1094, 1096, 249];[(43.846, -20.26), (43.863, -16.72), (43.863, -15.85), (43.863, -15.274), (41.352, -15.274), (41.353, -20.26)]
724;8;309;;0;23,74;[251, 1098, 1100, 1102, 1104, 256, 253];[(41.141, -20.26), (41.162, -15.274), (38.057, -15.274), (37.223, -15.274), (36.388, -15.274), (36.391, -20.048), (36.391, -20.26)]
725;7;310;Зал заседаний;0;65,92;[257, 1106, 1108, 1110, 1112, 1119, 258];[(35.803, -20.048), (35.8, -15.274), (35.13, -15.274), (34.33, -15.274), (21.986, -15.274), (21.986, -15.369), (21.999, -20.048)]
726;8;311;Аудитория;0;60,03;[260, 1121, 1124, 1126, 1183, 1127, 1131, 1133, 1136, 1138, 265, 262];[(21.34, -20.048), (21.354, -15.369), (18.83, -15.369), (18.708, -15.369), (17.924, -15.369), (13.108, -15.369), (12.19, -15.369), (11.332, -15.369), (11.332, -15.235), (8.603, -15.235), (8.59, -19.201), (8.59, -20.048)]
727;1;;;0;1,40;[870, 1105, 1103, 872];[(35.879, -12.694), (35.8, -14.816), (36.388, -14.816), (36.607, -12.694)]
728;1;;;0;0,58;[886, 1093, 1091, 888];[(44.852, -12.694), (43.863, -14.816), (44.149, -14.816), (45.11, -12.694)]
729;1;;;0;0,70;[902, 1073, 1071, 904];[(53.219, -12.694), (54.927, -14.816), (55.132, -14.816), (53.676, -12.694)]
730;1;;;0;30,37;[844, 1122, 1120, 1115, 1117, 1113, 1111, 1109, 1107, 1105, 870, 868, 866, 864, 862, 860, 858, 849, 848];[(21.41, -12.982), (21.406, -13.068), (21.406, -14.502), (21.406, -14.577), (21.884, -14.577), (21.884, -14.816), (21.986, -14.816), (34.33, -14.816), (35.13, -14.816), (35.8, -14.816), (35.879, -12.694), (34.933, -12.694), (33.959, -12.694), (27.765, -12.694), (27.539, -12.694), (24.124, -12.694), (23.145, -12.694), (21.887, -12.694), (21.887, -12.982)]
731;1;;;0;16,67;[872, 1103, 1101, 1099, 1097, 1095, 1093, 886, 884, 882, 880, 878, 876, 874];[(36.607, -12.694), (36.388, -14.816), (37.223, -14.816), (38.057, -14.816), (41.162, -14.816), (41.352, -14.816), (43.863, -14.816), (44.852, -12.694), (43.194, -12.694), (42.23, -12.694), (41.971, -12.694), (41.724, -12.694), (38.526, -12.694), (37.546, -12.694)]
732;1;;;0;20,03;[888, 1091, 1089, 1087, 1085, 1083, 1081, 1079, 1077, 1075, 1073, 902, 900, 898, 896, 894, 892, 890];[(45.11, -12.694), (44.149, -14.816), (44.925, -14.816), (45.823, -14.816), (46.905, -14.816), (47.061, -14.816), (50.157, -14.816), (51.001, -14.816), (51.927, -14.816), (52.07, -14.816), (54.927, -14.816), (53.219, -12.694), (49.814, -12.694), (48.866, -12.694), (48.368, -12.694), (48.213, -12.694), (46.67, -12.694), (45.674, -12.694)]
733;1;;;0;18,88;[904, 1071, 1069, 1067, 1065, 1063, 1061, 1059, 1057, 935, 932, 930, 928, 922, 918, 916, 914, 912, 910, 908, 906];[(53.676, -12.694), (55.132, -14.816), (57.956, -14.816), (58.16, -14.816), (58.711, -14.816), (59.582, -14.816), (60.813, -14.816), (61.004, -14.816), (63.256, -14.816), (63.345, -12.871), (63.345, -12.694), (62.495, -12.694), (61.182, -12.694), (60.345, -12.694), (58.8, -12.694), (57.732, -12.694), (56.779, -12.694), (56.568, -12.694), (56.371, -12.694), (56.173, -12.694), (55.227, -12.694)]
734;7;;Актовый зал;0;224,17;[139, 958, 961, 963, 965, 199, 193, 191, 1006, 1003, 972, 970, 968, 144, 142, 140];[(63.998, -5.933), (63.998, -6.262), (64.468, -6.262), (65.785, -6.262), (73.311, -6.262), (74.596, -6.232), (75.137, -6.232), (75.137, 13.866), (73.486, 13.866), (65.381, 13.866), (63.998, 13.866), (63.998, 13.132), (63.998, 11.629), (63.998, 11.131), (63.998, 10.438), (63.998, -5.143)]
735;1;;;0;4,31;[143, 967, 969, 971, 1013, 1011, 1200, 1201];[(63.278, 11.131), (63.278, 11.629), (63.278, 13.132), (63.278, 14.014), (63.069, 14.012), (62.208, 14.012), (61.781, 14.012), (61.781, 11.131)]
736;1;;;0;18,28;[167, 1034, 1032, 1030, 1028, 1026, 1024, 1022, 1020, 1018, 1016, 1010, 1012, 1014, 973, 975, 977, 979, 981, 169];[(61.468, 24.418), (61.446, 23.946), (61.446, 23.141), (61.446, 21.124), (61.446, 20.898), (61.446, 19.854), (61.446, 19.049), (61.446, 17.878), (61.446, 17.624), (61.446, 17.314), (61.446, 16.51), (61.446, 14.435), (62.208, 14.435), (63.069, 14.435), (63.278, 14.422), (63.278, 16.994), (63.278, 17.974), (63.278, 21.502), (63.278, 21.657), (63.278, 24.418)]
737;2;304а;Гримерная;0;12,64;[151, 1008, 1015, 1017, 1019, 153];[(57.199, 14.435), (61.164, 14.435), (61.164, 16.51), (61.164, 17.314), (61.164, 17.624), (57.199, 17.622)]
738;2;;Гримерная;0;12,09;[155, 1021, 1023, 1025, 1027, 157];[(57.199, 17.857), (61.164, 17.878), (61.164, 19.049), (61.164, 19.854), (61.164, 20.898), (57.199, 20.938)]
739;2;;Гримерная;0;13,07;[159, 1029, 1031, 1033, 165, 161];[(57.199, 21.126), (61.164, 21.124), (61.164, 23.141), (61.164, 23.946), (61.191, 24.418), (57.199, 24.418)]
740;2;;;0;9,60;[171, 982, 984, 986, 988, 173];[(63.8, 24.418), (63.8, 21.657), (65.917, 21.657), (66.889, 21.657), (67.264, 21.657), (67.288, 24.418)]
741;2;;;0;10,07;[175, 990, 992, 994, 996, 177];[(67.396, 24.418), (67.395, 21.657), (69.052, 21.657), (69.934, 21.657), (71.045, 21.657), (71.041, 24.418)]
742;2;;;0;10,97;[179, 998, 1000, 1002, 185, 181];[(71.168, 24.418), (71.151, 21.657), (71.812, 21.657), (72.776, 21.657), (75.137, 21.665), (75.137, 24.418)]
743;7;;Сцена;0;80,30;[187, 1001, 999, 997, 995, 993, 991, 989, 987, 985, 983, 980, 978, 976, 974, 1004, 1005, 189];[(75.137, 21.469), (72.776, 21.502), (71.812, 21.502), (71.151, 21.502), (71.045, 21.502), (69.934, 21.502), (69.052, 21.502), (67.395, 21.502), (67.264, 21.502), (66.889, 21.502), (65.917, 21.502), (63.8, 21.502), (63.8, 17.974), (63.8, 16.994), (63.8, 14.422), (65.381, 14.422), (73.486, 14.408), (75.137, 14.408)]
744;1;;;0;16,73;[1185, 1189, 1191, 1184, 494, 496, 498, 501, 503, 505, 507, 509, 515];[(-57.768, -4.316), (-59.486, -4.316), (-61.379, -4.316), (-63.187, -4.316), (-63.187, -5.288), (-63.187, -6.854), (-63.187, -7.405), (-62.806, -7.405), (-61.183, -7.405), (-59.73, -7.405), (-58.164, -7.405), (-57.768, -7.405), (-57.768, -7.16)]
745;9;;;0;4,95;[1186, 1188, 1189, 1185, 26, 24];[(-57.768, -1.435), (-59.486, -1.435), (-59.486, -4.316), (-57.768, -4.316), (-57.768, -4.142), (-57.768, -3.409)]
746;10;;;0;5,45;[1189, 1188, 1190, 1191];[(-59.486, -4.316), (-59.486, -1.435), (-61.379, -1.435), (-61.379, -4.316)]
747;9;;;0;5,21;[1191, 1190, 1187, 1184];[(-61.379, -4.316), (-61.379, -1.435), (-63.187, -1.435), (-63.187, -4.316)]
748;1;;;0;27,53;[1193, 1192, 816, 814, 813, 812, 820, 822, 1132, 1130, 1182, 836, 834, 832, 830, 828];[(17.858, -10.091), (12.023, -10.091), (12.023, -10.635), (11.603, -10.635), (11.603, -10.815), (11.603, -12.103), (12.023, -12.103), (12.023, -12.811), (12.19, -14.72), (13.108, -14.72), (17.924, -14.72), (17.858, -12.766), (17.858, -12.227), (17.858, -11.816), (17.858, -11.022), (17.858, -10.611)]
749;9;;;0;18,36;[1195, 1194, 815, 1192, 1193, 826, 95];[(17.858, -6.947), (12.012, -6.947), (12.023, -9.518), (12.023, -10.091), (17.858, -10.091), (17.858, -10.013), (17.858, -7.132)]
750;1;;;0;5,07;[1197, 1196, 923, 921, 927, 929, 931, 937];[(63.346, -10.538), (60.344, -10.538), (60.345, -11.962), (60.345, -12.227), (61.182, -12.227), (62.495, -12.227), (63.345, -12.227), (63.345, -11.982)]
751;9;;;0;8,10;[1198, 1199, 925, 1196, 1197];[(63.348, -7.843), (60.343, -7.843), (60.343, -9.643), (60.344, -10.538), (63.346, -10.538)]
752;2;;;0;0,10;[1202, 1205, 1204, 1203];[(71.038, -13.86), (71.198, -13.86), (71.186, -13.256), (71.032, -13.256)]
753;2;;;0;1,56;[950, 948, 1043, 1041, 1202, 1203, 955];[(70.892, -12.758), (70.279, -12.741), (70.286, -14.816), (71.048, -14.816), (71.038, -13.86), (71.032, -13.256), (71.027, -12.758)]
754;100;;;0;0,08;[955, 1203, 1204, 953];[(71.027, -12.758), (71.032, -13.256), (71.186, -13.256), (71.176, -12.758)]
755;100;;;0;0,16;[1202, 1041, 1039, 1205];[(71.038, -13.86), (71.048, -14.816), (71.217, -14.816), (71.198, -13.86)]
756;19;;;0;8,35;[206, 953, 1204, 1205, 1039, 1037, 1035, 208];[(75.252, -12.758), (71.176, -12.758), (71.186, -13.256), (71.198, -13.86), (71.217, -14.816), (73.206, -14.816), (74.124, -14.816), (75.252, -14.816)]
