ID;roomID;roomNo;Description;areClosed;Area (m2);Vertex_Indices;World_Coords_XY
0;100;;;0;4,30;[2, 10, 287, 286, 293];[(-32.548, 11.723), (-33.259, 11.723), (-33.268, 5.709), (-32.548, 5.709), (-32.548, 11.272)]
1;100;;;0;8,13;[281, 0, 4, 283];[(-21.377, 0.023), (-32.548, 0.023), (-32.548, -0.705), (-21.377, -0.705)]
2;100;;;0;0,53;[4, 0, 6, 7];[(-32.548, -0.705), (-32.548, 0.023), (-33.276, 0.023), (-33.276, -0.705)]
3;100;;;0;0,63;[282, 3, 9, 284];[(-21.377, 11.723), (-20.528, 11.723), (-20.528, 12.468), (-21.377, 12.468)]
4;100;;;0;0,53;[2, 8, 11, 10];[(-32.548, 11.723), (-32.548, 12.468), (-33.259, 12.468), (-33.259, 11.723)]
5;100;;;0;3,79;[288, 289, 6, 0];[(-32.548, 5.262), (-33.269, 5.262), (-33.276, 0.023), (-32.548, 0.023)]
6;100;;;0;0,15;[9, 3, 12, 13];[(-20.528, 12.468), (-20.528, 11.723), (-20.325, 11.723), (-20.325, 12.468)]
7;100;;;0;0,18;[397, 395, 393, 392, 396];[(-14.445, 11.723), (-14.442, 11.286), (-14.244, 11.286), (-14.039, 11.286), (-14.042, 11.723)]
8;100;;;0;0,06;[390, 388, 14, 398];[(-14.039, 10.392), (-14.039, 10.258), (-13.603, 10.258), (-13.603, 10.392)]
9;100;;;0;0,25;[17, 16, 18, 19];[(-13.942, 12.468), (-13.942, 11.723), (-13.603, 11.723), (-13.603, 12.468)]
10;1;;;0;1,01;[19, 18, 20, 21];[(-13.603, 12.468), (-13.603, 11.723), (-12.249, 11.723), (-12.249, 12.468)]
11;100;;;0;0,89;[21, 20, 22, 23];[(-12.249, 12.468), (-12.249, 11.723), (-11.056, 11.723), (-11.056, 12.468)]
12;100;;;0;0,11;[23, 22, 24, 25];[(-11.056, 12.468), (-11.056, 11.723), (-10.909, 11.723), (-10.909, 12.468)]
13;100;;;0;1,89;[25, 24, 26, 27];[(-10.909, 12.468), (-10.909, 11.723), (-8.37, 11.723), (-8.37, 12.468)]
14;1;;;0;0,41;[447, 1164, 1159, 445];[(-1.958, 3.707), (-1.928, 5.196), (-2.36, 5.196), (-2.072, 3.707)]
15;100;;;0;0,19;[358, 454, 453, 356];[(-17.66, 2.044), (-17.66, 3.439), (-17.796, 3.439), (-17.796, 2.044)]
16;100;;;0;4,00;[30, 29, 31, 32];[(-7.97, 12.468), (-7.97, 11.723), (-2.605, 11.723), (-2.605, 12.468)]
17;100;;;0;0,18;[32, 31, 33, 34];[(-2.605, 12.468), (-2.605, 11.723), (-2.36, 11.723), (-2.36, 12.468)]
18;100;;;0;0,33;[34, 33, 35, 36];[(-2.36, 12.468), (-2.36, 11.723), (-1.911, 11.723), (-1.911, 12.468)]
19;100;;;0;0,61;[37, 39, 40, 38];[(-2.605, 12.787), (-1.911, 12.787), (-1.911, 13.66), (-2.605, 13.66)]
20;100;;;0;1,41;[40, 39, 41, 42];[(-1.911, 13.66), (-1.911, 12.787), (-0.295, 12.787), (-0.295, 13.66)]
21;100;;;0;0,22;[32, 34, 36, 39, 37];[(-2.605, 12.468), (-2.36, 12.468), (-1.911, 12.468), (-1.911, 12.787), (-2.605, 12.787)]
22;100;;;0;0,34;[42, 41, 43, 44];[(-0.295, 13.66), (-0.295, 12.787), (0.089, 12.787), (0.089, 13.66)]
23;100;;;0;1,04;[44, 43, 45, 46];[(0.089, 13.66), (0.089, 12.787), (1.281, 12.787), (1.281, 13.66)]
24;100;;;0;0,29;[46, 45, 47, 48];[(1.281, 13.66), (1.281, 12.787), (1.608, 12.787), (1.608, 13.66)]
25;100;;;0;1,74;[48, 47, 49, 50];[(1.608, 13.66), (1.608, 12.787), (3.6, 12.787), (3.6, 13.66)]
26;100;;;0;0,61;[50, 49, 51, 52];[(3.6, 13.66), (3.6, 12.787), (4.303, 12.787), (4.303, 13.66)]
27;100;;;0;0,24;[51, 49, 53, 54];[(4.303, 12.787), (3.6, 12.787), (3.6, 12.452), (4.303, 12.452)]
28;100;;;0;0,52;[55, 57, 59, 61, 60, 54, 53];[(3.6, 12.327), (3.6, 12.23), (3.6, 11.715), (4.053, 11.715), (4.303, 11.715), (4.303, 12.452), (3.6, 12.452)]
29;100;;;0;0,08;[63, 62, 64, 65];[(7.518, 12.452), (7.518, 11.715), (7.625, 11.715), (7.625, 12.452)]
30;100;;;0;1,84;[54, 60, 56, 58];[(4.303, 12.452), (4.303, 11.715), (6.803, 11.715), (6.803, 12.452)]
31;100;;;0;0,53;[58, 56, 62, 63];[(6.803, 12.452), (6.803, 11.715), (7.518, 11.715), (7.518, 12.452)]
32;100;;;0;0,03;[65, 64, 66, 67];[(7.625, 12.452), (7.625, 11.715), (7.665, 11.715), (7.665, 12.452)]
33;100;;;0;0,15;[67, 66, 68, 69];[(7.665, 12.452), (7.665, 11.715), (7.863, 11.715), (7.863, 12.452)]
34;100;;;0;0,17;[69, 68, 70, 71];[(7.863, 12.452), (7.863, 11.715), (8.096, 11.715), (8.096, 12.452)]
35;1;;;0;1,01;[71, 70, 72, 73];[(8.096, 12.452), (8.096, 11.715), (9.463, 11.715), (9.463, 12.452)]
36;100;;;0;0,15;[73, 72, 74, 75];[(9.463, 12.452), (9.463, 11.715), (9.667, 11.715), (9.667, 12.452)]
37;100;;;0;0,30;[75, 74, 76, 77];[(9.667, 12.452), (9.667, 11.715), (10.069, 11.715), (10.069, 12.452)]
38;100;;;0;1,70;[77, 76, 78, 79];[(10.069, 12.452), (10.069, 11.715), (12.377, 11.715), (12.377, 12.452)]
39;100;;;0;0,05;[79, 78, 80, 81];[(12.377, 12.452), (12.377, 11.715), (12.451, 11.715), (12.451, 12.452)]
40;100;;;0;0,33;[81, 80, 82, 83];[(12.451, 12.452), (12.451, 11.715), (12.893, 11.715), (12.893, 12.452)]
41;100;;;0;0,20;[83, 82, 84, 85];[(12.893, 12.452), (12.893, 11.715), (13.16, 11.715), (13.16, 12.452)]
42;100;;;0;0,55;[85, 84, 86, 87];[(13.16, 12.452), (13.16, 11.715), (13.902, 11.715), (13.902, 12.452)]
43;100;;;0;0,06;[87, 86, 88, 89];[(13.902, 12.452), (13.902, 11.715), (13.982, 11.715), (13.982, 12.452)]
44;100;;;0;1,25;[89, 88, 90, 91];[(13.982, 12.452), (13.982, 11.715), (15.677, 11.715), (15.677, 12.452)]
45;100;;;0;0,13;[95, 94, 92, 93];[(15.942, 12.452), (15.942, 11.715), (16.114, 11.715), (16.114, 12.452)]
46;100;;;0;0,19;[91, 90, 94, 95];[(15.677, 12.452), (15.677, 11.715), (15.942, 11.715), (15.942, 12.452)]
47;100;;;0;4,16;[93, 92, 96, 97];[(16.114, 12.452), (16.114, 11.715), (21.762, 11.715), (21.762, 12.452)]
48;100;;;0;0,30;[97, 96, 98, 99];[(21.762, 12.452), (21.762, 11.715), (22.164, 11.715), (22.164, 12.452)]
49;100;;;0;0,32;[106, 107, 100, 101];[(27.785, 12.452), (27.785, 11.715), (28.226, 11.715), (28.226, 12.452)]
50;100;;;0;4,14;[101, 100, 105, 104];[(28.226, 12.452), (28.226, 11.715), (33.847, 11.715), (33.847, 12.452)]
51;100;;;0;0,45;[103, 102, 108, 109];[(34.253, 12.452), (34.253, 11.715), (34.863, 11.715), (34.863, 12.452)]
52;100;;;0;4,14;[99, 98, 107, 106];[(22.164, 12.452), (22.164, 11.715), (27.785, 11.715), (27.785, 12.452)]
53;100;;;0;0,30;[104, 105, 102, 103];[(33.847, 12.452), (33.847, 11.715), (34.253, 11.715), (34.253, 12.452)]
54;100;;;0;3,40;[117, 116, 110, 111];[(34.863, 11.276), (34.253, 11.276), (34.253, 5.704), (34.863, 5.704)]
55;100;;;0;0,27;[111, 110, 112, 113];[(34.863, 5.704), (34.253, 5.704), (34.253, 5.264), (34.863, 5.264)]
56;100;;;0;3,17;[113, 112, 114, 115];[(34.863, 5.264), (34.253, 5.264), (34.253, 0.066), (34.863, 0.066)]
57;100;;;0;0,27;[108, 102, 116, 117];[(34.863, 11.715), (34.253, 11.715), (34.253, 11.276), (34.863, 11.276)]
58;100;;;0;0,18;[102, 105, 118, 116];[(34.253, 11.715), (33.847, 11.715), (33.847, 11.276), (34.253, 11.276)]
59;100;;;0;0,18;[112, 110, 119, 120];[(34.253, 5.264), (34.253, 5.704), (33.844, 5.704), (33.844, 5.264)]
60;100;;;0;0,47;[115, 114, 121, 122];[(34.863, 0.066), (34.253, 0.066), (34.253, -0.708), (34.863, -0.708)]
61;100;;;0;8,74;[121, 114, 123, 124];[(34.253, -0.708), (34.253, 0.066), (22.966, 0.066), (22.966, -0.708)]
62;100;;;0;0,41;[128, 125, 126, 764, 760, 761];[(22.663, -0.812), (22.663, 0.066), (22.198, 0.066), (22.198, -0.073), (22.198, -0.403), (22.198, -0.812)]
63;100;;;0;0,36;[760, 764, 766, 765];[(22.198, -0.403), (22.198, -0.073), (21.107, -0.073), (21.107, -0.403)]
64;100;;;0;0,76;[127, 128, 130, 129];[(22.966, -0.812), (22.663, -0.812), (22.663, -3.331), (22.966, -3.331)]
65;100;;;0;0,66;[133, 131, 129, 130, 759, 757];[(22.966, -4.144), (22.966, -3.463), (22.966, -3.331), (22.663, -3.331), (22.157, -3.331), (22.157, -4.138)]
66;100;;;0;0,04;[132, 1254, 1255, 134];[(18.293, -0.058), (18.176, -0.058), (18.176, -0.415), (18.293, -0.415)]
67;100;;;0;7,67;[131, 133, 136, 135];[(22.966, -3.463), (22.966, -4.144), (34.239, -4.144), (34.239, -3.463)]
68;100;;;0;0,42;[135, 136, 138, 137];[(34.239, -3.463), (34.239, -4.144), (34.857, -4.144), (34.857, -3.463)]
69;100;;;0;3,27;[138, 136, 139, 140];[(34.857, -4.144), (34.239, -4.144), (34.239, -9.441), (34.857, -9.441)]
70;100;;;0;0,28;[140, 139, 141, 142];[(34.857, -9.441), (34.239, -9.441), (34.239, -9.886), (34.857, -9.886)]
71;100;;;0;2,94;[142, 141, 143, 144];[(34.857, -9.886), (34.239, -9.886), (34.239, -14.648), (34.857, -14.648)]
72;100;;;0;0,08;[144, 143, 145, 146];[(34.857, -14.648), (34.239, -14.648), (34.239, -14.777), (34.857, -14.777)]
73;100;;;0;0,44;[146, 145, 147, 148];[(34.857, -14.777), (34.239, -14.777), (34.239, -15.483), (34.857, -15.483)]
74;100;;;0;0,25;[148, 147, 149, 150];[(34.857, -15.483), (34.239, -15.483), (34.239, -15.894), (34.857, -15.894)]
75;100;;;0;0,17;[149, 147, 151, 152];[(34.239, -15.894), (34.239, -15.483), (33.832, -15.483), (33.832, -15.894)]
76;100;;;0;0,29;[149, 152, 155, 153];[(34.239, -15.894), (33.832, -15.894), (33.832, -16.6), (34.239, -16.6)]
77;100;;;0;0,44;[150, 149, 153, 154];[(34.857, -15.894), (34.239, -15.894), (34.239, -16.6), (34.857, -16.6)]
78;100;;;0;8,24;[152, 162, 163, 155];[(33.832, -15.894), (22.153, -15.894), (22.153, -16.6), (33.832, -16.6)]
79;100;;;0;1,48;[244, 245, 159, 158];[(-16.815, -16.599), (-16.815, -15.891), (-18.901, -15.891), (-18.901, -16.599)]
80;11;;Ковровый зал;0;126,69;[133, 757, 745, 748, 742, 143, 141, 755, 754, 139, 136];[(22.966, -4.144), (22.157, -4.138), (22.157, -9.439), (22.157, -9.88), (22.157, -14.64), (34.239, -14.648), (34.239, -9.886), (33.833, -9.886), (33.833, -9.441), (34.239, -9.441), (34.239, -4.144)]
81;2;;;0;13,42;[145, 749, 751, 162, 152, 151, 147];[(34.239, -14.777), (22.157, -14.762), (22.157, -15.483), (22.153, -15.894), (33.832, -15.894), (33.832, -15.483), (34.239, -15.483)]
82;100;;;0;0,46;[164, 165, 163, 162, 751, 752, 753];[(21.742, -15.894), (21.742, -16.6), (22.153, -16.6), (22.153, -15.894), (22.157, -15.483), (21.947, -15.483), (21.746, -15.483)]
83;100;;;0;1,17;[1260, 1259, 166, 167];[(19.945, -16.6), (19.945, -15.894), (18.293, -15.894), (18.293, -16.6)]
84;100;;;0;0,08;[167, 166, 168, 169];[(18.293, -16.6), (18.293, -15.894), (18.176, -15.894), (18.176, -16.6)]
85;100;;;0;1,46;[169, 168, 170, 171, 1262];[(18.176, -16.6), (18.176, -15.894), (16.108, -15.894), (16.108, -16.6), (17.249, -16.6)]
86;100;;;0;0,32;[171, 170, 172, 173];[(16.108, -16.6), (16.108, -15.894), (15.658, -15.894), (15.658, -16.6)]
87;100;;;0;0,18;[172, 170, 174, 175];[(15.658, -15.894), (16.108, -15.894), (16.108, -15.492), (15.658, -15.492)]
88;100;;;0;1,38;[173, 172, 176, 177, 1264];[(15.658, -16.6), (15.658, -15.894), (13.698, -15.894), (13.698, -16.6), (15.334, -16.6)]
89;100;;;0;0,10;[177, 176, 178, 179];[(13.698, -16.6), (13.698, -15.894), (13.561, -15.894), (13.561, -16.6)]
90;100;;;0;1,42;[179, 178, 180, 181, 1266];[(13.561, -16.6), (13.561, -15.894), (11.552, -15.894), (11.552, -16.6), (12.947, -16.6)]
91;1;;;0;0,71;[181, 180, 182, 183];[(11.552, -16.6), (11.552, -15.894), (10.553, -15.894), (10.553, -16.6)]
92;100;;;0;0,32;[183, 182, 184, 185];[(10.553, -16.6), (10.553, -15.894), (10.102, -15.894), (10.102, -16.6)]
93;100;;;0;0,05;[186, 189, 645, 644];[(8.225, -14.329), (8.415, -14.329), (8.415, -14.089), (8.225, -14.089)]
94;2;;;0;0,19;[647, 646, 648, 649];[(8.683, -14.089), (8.683, -14.329), (9.494, -14.329), (9.494, -14.089)]
95;100;;;0;0,30;[194, 192, 189, 186];[(8.225, -15.894), (8.415, -15.894), (8.415, -14.329), (8.225, -14.329)]
96;100;;;0;0,75;[191, 190, 192, 193];[(9.484, -16.6), (9.484, -15.894), (8.415, -15.894), (8.415, -16.6)]
97;100;;;0;0,13;[193, 192, 194, 195];[(8.415, -16.6), (8.415, -15.894), (8.225, -15.894), (8.225, -16.6)]
98;100;;;0;0,58;[195, 194, 196, 197];[(8.225, -16.6), (8.225, -15.894), (7.408, -15.894), (7.408, -16.6)]
99;100;;;0;0,28;[197, 196, 198, 199];[(7.408, -16.6), (7.408, -15.894), (7.007, -15.894), (7.007, -16.6)]
100;100;;;0;0,07;[199, 198, 200, 201];[(7.007, -16.6), (7.007, -15.894), (6.905, -15.894), (6.905, -16.6)]
101;100;;;0;0,14;[201, 200, 202, 203];[(6.905, -16.6), (6.905, -15.894), (6.701, -15.894), (6.701, -16.6)]
102;100;;;0;0,34;[203, 202, 204, 205];[(6.701, -16.6), (6.701, -15.894), (6.143, -16.091), (6.143, -16.6)]
103;100;;;0;0,36;[204, 202, 207, 208];[(6.143, -16.091), (6.701, -15.894), (6.701, -15.35), (6.143, -15.35)]
104;100;;;0;0,11;[202, 200, 206, 207];[(6.701, -15.894), (6.905, -15.894), (6.905, -15.35), (6.701, -15.35)]
105;100;;;0;1,37;[204, 208, 210, 209];[(6.143, -16.091), (6.143, -15.35), (4.292, -15.35), (4.292, -16.091)]
106;100;;;0;0,64;[209, 210, 212, 211];[(4.292, -16.091), (4.292, -15.35), (3.431, -15.35), (3.431, -16.091)]
107;100;;;0;3,89;[211, 212, 214, 213];[(3.431, -16.091), (3.431, -15.35), (-1.817, -15.35), (-1.817, -16.091)]
108;100;;;0;0,64;[213, 214, 216, 215];[(-1.817, -16.091), (-1.817, -15.35), (-2.678, -15.35), (-2.678, -16.091)]
109;100;;;0;1,35;[215, 216, 218, 217];[(-2.678, -16.091), (-2.678, -15.35), (-4.498, -15.35), (-4.498, -16.091)]
110;100;;;0;0,10;[219, 224, 227, 226];[(-7.995, -16.599), (-7.995, -15.891), (-8.137, -15.891), (-8.137, -16.599)]
111;100;;;0;0,39;[1216, 1215, 231, 230];[(-8.854, -16.599), (-8.854, -15.891), (-9.405, -15.891), (-9.405, -16.599)]
112;100;;;0;2,02;[225, 221, 224, 219];[(-5.14, -16.599), (-5.14, -15.891), (-7.995, -15.891), (-7.995, -16.599)]
113;100;;;0;0,80;[220, 222, 221, 225, 223, 217, 218];[(-4.983, -15.35), (-5.14, -15.35), (-5.14, -15.891), (-5.14, -16.599), (-4.498, -16.599), (-4.498, -16.091), (-4.498, -15.35)]
114;100;;;0;0,19;[226, 227, 229, 228];[(-8.137, -16.599), (-8.137, -15.891), (-8.405, -15.891), (-8.405, -16.599)]
115;1;;;0;0,87;[230, 231, 233, 232];[(-9.405, -16.599), (-9.405, -15.891), (-10.63, -15.891), (-10.63, -16.599)]
116;100;;;0;0,97;[232, 233, 235, 234, 160];[(-10.63, -16.599), (-10.63, -15.891), (-12.004, -15.891), (-12.004, -16.599), (-11.857, -16.599)]
117;100;;;0;0,08;[234, 235, 237, 236];[(-12.004, -16.599), (-12.004, -15.891), (-12.12, -15.891), (-12.12, -16.599)]
118;100;;;0;1,36;[236, 237, 239, 238];[(-12.12, -16.599), (-12.12, -15.891), (-14.039, -15.891), (-14.039, -16.599)]
119;100;;;0;0,29;[238, 239, 241, 240, 1258];[(-14.039, -16.599), (-14.039, -15.891), (-14.454, -15.891), (-14.454, -16.599), (-14.286, -16.599)]
120;100;;;0;0,28;[156, 157, 243, 242];[(-16.185, -16.599), (-16.185, -15.891), (-16.584, -15.891), (-16.584, -16.599)]
121;100;;;0;0,16;[242, 243, 245, 244];[(-16.584, -16.599), (-16.584, -15.891), (-16.815, -15.891), (-16.815, -16.599)]
122;100;;;0;0,81;[158, 159, 247, 246];[(-18.901, -16.599), (-18.901, -15.891), (-20.047, -15.891), (-20.047, -16.599)]
123;100;;;0;0,33;[246, 247, 249, 248];[(-20.047, -16.599), (-20.047, -15.891), (-20.517, -15.891), (-20.517, -16.599)]
124;100;;;0;3,96;[248, 249, 251, 250];[(-20.517, -16.599), (-20.517, -15.891), (-26.103, -15.891), (-26.103, -16.599)]
125;100;;;0;0,31;[250, 251, 253, 252];[(-26.103, -16.599), (-26.103, -15.891), (-26.538, -15.891), (-26.538, -16.599)]
126;100;;;0;0,18;[253, 251, 254, 255];[(-26.538, -15.891), (-26.103, -15.891), (-26.103, -15.483), (-26.538, -15.483)]
127;100;;;0;0,29;[259, 258, 257, 256];[(-32.139, -16.599), (-32.139, -15.891), (-32.547, -15.891), (-32.547, -16.599)]
128;100;;;0;3,97;[252, 253, 258, 259];[(-26.538, -16.599), (-26.538, -15.891), (-32.139, -15.891), (-32.139, -16.599)]
129;100;;;0;0,17;[257, 258, 261, 260];[(-32.547, -15.891), (-32.139, -15.891), (-32.139, -15.469), (-32.547, -15.469)]
130;100;;;0;0,30;[257, 260, 264, 263];[(-32.547, -15.891), (-32.547, -15.469), (-33.267, -15.469), (-33.267, -15.891)]
131;100;;;0;0,51;[256, 257, 263, 262];[(-32.547, -16.599), (-32.547, -15.891), (-33.267, -15.891), (-33.267, -16.599)]
132;100;;;0;4,03;[264, 260, 265, 266];[(-33.267, -15.469), (-32.547, -15.469), (-32.547, -9.882), (-33.267, -9.882)]
133;100;;;0;0,29;[266, 265, 267, 268];[(-33.267, -9.882), (-32.547, -9.882), (-32.547, -9.476), (-33.267, -9.476)]
134;100;;;0;0,16;[267, 265, 269, 270];[(-32.547, -9.476), (-32.547, -9.882), (-32.145, -9.882), (-32.145, -9.476)]
135;100;;;0;3,80;[268, 267, 271, 272];[(-33.267, -9.476), (-32.547, -9.476), (-32.547, -4.209), (-33.267, -4.209)]
136;100;;;0;0,54;[272, 271, 273, 274];[(-33.267, -4.209), (-32.547, -4.209), (-32.547, -3.456), (-33.267, -3.456)]
137;100;;;0;8,41;[273, 271, 275, 276];[(-32.547, -3.456), (-32.547, -4.209), (-21.377, -4.209), (-21.377, -3.456)]
138;100;;;0;0,59;[275, 326, 329, 278, 277, 276];[(-21.377, -4.209), (-20.857, -4.207), (-20.857, -3.079), (-20.965, -3.078), (-21.377, -3.078), (-21.377, -3.456)]
139;100;;;0;0,85;[277, 278, 280, 279];[(-21.377, -3.078), (-20.965, -3.078), (-20.965, -1.008), (-21.377, -1.008)]
140;100;;;0;8,32;[2, 290, 296, 295, 282, 284, 8];[(-32.548, 11.723), (-32.136, 11.723), (-26.536, 11.723), (-26.129, 11.723), (-21.377, 11.723), (-21.377, 12.468), (-32.548, 12.468)]
141;100;;;0;0,63;[1, 281, 283, 5, 338];[(-20.528, 0.023), (-21.377, 0.023), (-21.377, -0.705), (-20.528, -0.741), (-20.528, -0.34)]
142;100;;;0;0,32;[286, 287, 289, 288];[(-32.548, 5.709), (-33.268, 5.709), (-33.269, 5.262), (-32.548, 5.262)]
143;100;;;0;0,24;[283, 279, 280, 285, 5];[(-21.377, -0.705), (-21.377, -1.008), (-20.965, -1.008), (-20.528, -1.008), (-20.528, -0.741)]
144;100;;;0;0,03;[351, 350, 349, 348];[(-20.528, 6.42), (-20.325, 6.42), (-20.325, 6.591), (-20.528, 6.591)]
145;100;;;0;0,19;[249, 247, 299, 300];[(-20.517, -15.891), (-20.047, -15.891), (-20.047, -15.48), (-20.517, -15.48)]
146;100;;;0;0,18;[288, 292, 291, 286];[(-32.548, 5.262), (-32.144, 5.262), (-32.144, 5.709), (-32.548, 5.709)]
147;100;;;0;0,19;[293, 294, 290, 2];[(-32.548, 11.272), (-32.136, 11.272), (-32.136, 11.723), (-32.548, 11.723)]
148;100;;;0;0,18;[296, 297, 298, 295];[(-26.536, 11.723), (-26.536, 11.269), (-26.129, 11.269), (-26.129, 11.723)]
149;100;;;0;0,00;[300, 299, 301, 302];[(-20.517, -15.48), (-20.047, -15.48), (-20.21, -15.48), (-20.391, -15.48)]
150;100;;;0;1,01;[302, 301, 303, 304];[(-20.391, -15.48), (-20.21, -15.48), (-20.21, -9.875), (-20.391, -9.875)]
151;100;;;0;0,05;[511, 510, 512, 513];[(-14.155, -0.505), (-14.274, -0.505), (-14.274, -0.919), (-14.155, -0.919)]
152;1;;;0;0,14;[515, 514, 516, 517];[(-14.155, -1.497), (-14.274, -1.497), (-14.274, -2.705), (-14.155, -2.705)]
153;100;;;0;0,48;[498, 500, 316, 317];[(-16.722, -3.697), (-16.596, -3.697), (-16.596, 0.141), (-16.722, 0.141)]
154;100;;;0;0,21;[315, 304, 303, 311, 312, 313, 314, 309, 310, 318];[(-20.493, -9.875), (-20.391, -9.875), (-20.21, -9.875), (-20.049, -9.875), (-20.049, -9.686), (-20.049, -9.548), (-20.049, -9.402), (-20.21, -9.402), (-20.391, -9.402), (-20.493, -9.402)]
155;100;;;0;0,06;[337, 332, 508, 509];[(-20.259, -0.34), (-20.259, -0.734), (-20.112, -0.734), (-20.112, -0.34)]
156;100;;;0;0,28;[373, 371, 510, 511];[(-14.155, 1.837), (-14.274, 1.837), (-14.274, -0.505), (-14.155, -0.505)]
157;100;;;0;1,41;[243, 503, 502, 245];[(-16.584, -15.891), (-16.596, -9.686), (-16.82, -9.686), (-16.815, -15.891)]
158;100;;;0;0,02;[317, 316, 308, 307];[(-16.722, 0.141), (-16.596, 0.141), (-16.596, 0.278), (-16.722, 0.278)]
159;100;;;0;0,26;[317, 307, 306, 305];[(-16.722, 0.141), (-16.722, 0.278), (-18.623, 0.278), (-18.623, 0.141)]
160;100;;;0;0,70;[310, 309, 319, 320];[(-20.391, -9.402), (-20.21, -9.402), (-20.21, -5.532), (-20.391, -5.532)]
161;100;;;0;0,02;[320, 319, 321, 322];[(-20.391, -5.532), (-20.21, -5.532), (-20.21, -5.395), (-20.391, -5.395)]
162;1;;;0;0,20;[322, 321, 323, 324];[(-20.391, -5.395), (-20.21, -5.395), (-20.21, -4.312), (-20.391, -4.312)]
163;100;;;0;0,80;[323, 327, 328, 329, 326, 325, 324];[(-20.21, -4.312), (-20.21, -3.079), (-20.391, -3.079), (-20.857, -3.079), (-20.857, -4.207), (-20.857, -4.312), (-20.391, -4.312)]
164;100;;;0;0,11;[5, 332, 337, 338];[(-20.528, -0.741), (-20.259, -0.734), (-20.259, -0.34), (-20.528, -0.34)]
165;100;;;0;0,08;[334, 333, 339, 340];[(-20.528, 1.557), (-20.259, 1.557), (-20.259, 1.837), (-20.528, 1.837)]
166;1;;;0;0,31;[335, 336, 333, 334];[(-20.528, 0.388), (-20.259, 0.388), (-20.259, 1.557), (-20.528, 1.557)]
167;100;;;0;0,20;[338, 337, 336, 335, 1];[(-20.528, -0.34), (-20.259, -0.34), (-20.259, 0.388), (-20.528, 0.388), (-20.528, 0.023)]
168;100;;;0;0,06;[340, 339, 331, 330, 341];[(-20.528, 1.837), (-20.259, 1.837), (-20.259, 2.044), (-20.325, 2.044), (-20.528, 2.044)]
169;100;;;0;0,09;[346, 347, 342, 343];[(-20.325, 5.678), (-20.325, 5.235), (-20.117, 5.235), (-20.117, 5.678)]
170;100;;;0;0,09;[346, 345, 344, 347];[(-20.325, 5.678), (-20.528, 5.678), (-20.528, 5.235), (-20.325, 5.235)]
171;100;;;0;0,24;[355, 354, 1248, 12, 3];[(-20.528, 10.528), (-20.325, 10.528), (-20.325, 10.657), (-20.325, 11.723), (-20.528, 11.723)]
172;100;;;0;0,65;[341, 330, 347, 344];[(-20.528, 2.044), (-20.325, 2.044), (-20.325, 5.235), (-20.528, 5.235)]
173;100;;;0;0,15;[345, 346, 350, 351];[(-20.528, 5.678), (-20.325, 5.678), (-20.325, 6.42), (-20.528, 6.42)]
174;100;;;0;0,65;[348, 349, 1247, 353, 352];[(-20.528, 6.591), (-20.325, 6.591), (-20.325, 9.671), (-20.325, 9.776), (-20.528, 9.776)]
175;8;;;0;0,15;[352, 353, 354, 355];[(-20.528, 9.776), (-20.325, 9.776), (-20.325, 10.528), (-20.528, 10.528)]
176;100;;;0;0,17;[452, 451, 357, 356];[(-18.633, 2.044), (-18.633, 1.837), (-17.796, 1.837), (-17.796, 2.044)]
177;100;;;0;0,03;[356, 357, 359, 358];[(-17.796, 2.044), (-17.796, 1.837), (-17.66, 1.837), (-17.66, 2.044)]
178;100;;;0;0,15;[1267, 1268, 361, 360];[(-16.601, 2.044), (-16.601, 1.837), (-15.884, 1.837), (-15.884, 2.044)]
179;100;;;0;0,02;[360, 361, 363, 362];[(-15.884, 2.044), (-15.884, 1.837), (-15.768, 1.837), (-15.768, 2.044)]
180;100;;;0;0,07;[362, 363, 365, 364];[(-15.768, 2.044), (-15.768, 1.837), (-15.442, 1.837), (-15.442, 2.044)]
181;100;;;0;0,16;[364, 365, 367, 366];[(-15.442, 2.044), (-15.442, 1.837), (-14.659, 1.837), (-14.659, 2.044)]
182;100;;;0;0,07;[366, 367, 369, 368];[(-14.659, 2.044), (-14.659, 1.837), (-14.333, 1.837), (-14.333, 2.044)]
183;100;;;0;0,25;[368, 372, 374, 370];[(-14.333, 2.044), (-14.155, 2.044), (-14.155, 3.434), (-14.333, 3.434)]
184;100;;;0;0,02;[370, 374, 376, 375];[(-14.333, 3.434), (-14.155, 3.434), (-14.155, 3.54), (-14.333, 3.54)]
185;100;;;0;0,04;[371, 373, 372, 368, 369];[(-14.274, 1.837), (-14.155, 1.837), (-14.155, 2.044), (-14.333, 2.044), (-14.333, 1.837)]
186;100;;;0;0,30;[375, 376, 378, 377];[(-14.333, 3.54), (-14.155, 3.54), (-14.155, 5.238), (-14.333, 5.238)]
187;100;;;0;0,00;[377, 378, 380, 379];[(-14.333, 5.238), (-14.155, 5.238), (-14.039, 5.238), (-14.45, 5.238)]
188;100;;;0;0,18;[379, 380, 1285, 382, 383, 381];[(-14.45, 5.238), (-14.039, 5.238), (-14.039, 5.423), (-14.039, 5.667), (-14.244, 5.667), (-14.45, 5.667)]
189;100;;;0;0,57;[383, 382, 384, 385];[(-14.244, 5.667), (-14.039, 5.667), (-14.039, 8.423), (-14.244, 8.423)]
190;1;;;0;0,15;[385, 384, 386, 387];[(-14.244, 8.423), (-14.039, 8.423), (-14.039, 9.164), (-14.244, 9.164)]
191;100;;;0;0,22;[387, 386, 388, 389];[(-14.244, 9.164), (-14.039, 9.164), (-14.039, 10.258), (-14.244, 10.258)]
192;100;;;0;0,03;[389, 388, 390, 391];[(-14.244, 10.258), (-14.039, 10.258), (-14.039, 10.392), (-14.244, 10.392)]
193;100;;;0;0,18;[391, 390, 392, 393];[(-14.244, 10.392), (-14.039, 10.392), (-14.039, 11.286), (-14.244, 11.286)]
194;100;;;0;4,38;[13, 12, 397, 394];[(-20.325, 12.468), (-20.325, 11.723), (-14.445, 11.723), (-14.445, 12.468)]
195;100;;;0;0,38;[397, 396, 16, 17, 15, 394];[(-14.445, 11.723), (-14.042, 11.723), (-13.942, 11.723), (-13.942, 12.468), (-14.196, 12.468), (-14.445, 12.468)]
196;1;;;0;0,18;[398, 14, 399, 400];[(-13.603, 10.392), (-13.603, 10.258), (-12.249, 10.258), (-12.249, 10.392)]
197;100;;;0;0,16;[400, 399, 401, 402];[(-12.249, 10.392), (-12.249, 10.258), (-11.054, 10.258), (-11.054, 10.392)]
198;100;;;0;0,02;[402, 401, 403, 404];[(-11.054, 10.392), (-11.054, 10.258), (-10.912, 10.258), (-10.912, 10.392)]
199;100;;;0;0,19;[22, 402, 404, 24];[(-11.056, 11.723), (-11.054, 10.392), (-10.912, 10.392), (-10.909, 11.723)]
200;100;;;0;0,04;[403, 401, 405, 406];[(-10.912, 10.258), (-11.054, 10.258), (-11.054, 9.992), (-10.912, 9.992)]
201;1;;;0;0,15;[406, 405, 407, 408];[(-10.912, 9.992), (-11.054, 9.992), (-11.054, 8.964), (-10.912, 8.964)]
202;100;;;0;0,03;[408, 407, 409, 410];[(-10.912, 8.964), (-11.054, 8.964), (-11.054, 8.736), (-10.912, 8.736)]
203;100;;;0;0,03;[408, 410, 414, 413];[(-10.912, 8.964), (-10.912, 8.736), (-10.79, 8.736), (-10.79, 8.964)]
204;100;;;0;0,50;[410, 409, 1286, 415, 416, 1287];[(-10.912, 8.736), (-11.054, 8.736), (-11.054, 5.423), (-11.054, 5.233), (-10.912, 5.233), (-10.912, 5.53)]
205;100;;;0;0,03;[403, 406, 412, 411];[(-10.912, 10.258), (-10.912, 9.992), (-10.79, 9.992), (-10.79, 10.258)]
206;100;;;0;0,15;[416, 415, 417, 418];[(-10.912, 5.233), (-11.054, 5.233), (-11.054, 4.167), (-10.912, 4.167)]
207;100;;;0;0,04;[418, 417, 419, 420];[(-10.912, 4.167), (-11.054, 4.167), (-11.054, 3.911), (-10.912, 3.911)]
208;100;;;0;0,03;[420, 419, 421, 422];[(-10.912, 3.911), (-11.054, 3.911), (-11.054, 3.707), (-10.912, 3.707)]
209;100;;;0;0,02;[422, 421, 423, 424];[(-10.912, 3.707), (-11.054, 3.707), (-11.054, 3.549), (-10.912, 3.549)]
210;100;;;0;0,12;[422, 424, 426, 425];[(-10.912, 3.707), (-10.912, 3.549), (-10.169, 3.549), (-10.169, 3.707)]
211;1;;;0;0,15;[425, 426, 428, 427];[(-10.169, 3.707), (-10.169, 3.549), (-9.228, 3.549), (-9.228, 3.707)]
212;100;;;0;0,13;[427, 428, 430, 429];[(-9.228, 3.707), (-9.228, 3.549), (-8.44, 3.549), (-8.44, 3.707)]
213;100;;;0;0,01;[429, 430, 432, 431];[(-8.44, 3.707), (-8.44, 3.549), (-8.366, 3.549), (-8.366, 3.707)]
214;100;;;0;0,27;[431, 432, 434, 433];[(-8.366, 3.707), (-8.366, 3.549), (-6.693, 3.549), (-6.693, 3.707)]
215;1;;;0;0,15;[433, 434, 436, 435];[(-6.693, 3.707), (-6.693, 3.549), (-5.723, 3.549), (-5.723, 3.707)]
216;100;;;0;0,07;[435, 436, 438, 437];[(-5.723, 3.707), (-5.723, 3.549), (-5.27, 3.549), (-5.27, 3.707)]
217;100;;;0;0,01;[437, 438, 440, 439];[(-5.27, 3.707), (-5.27, 3.549), (-5.179, 3.549), (-5.179, 3.707)]
218;100;;;0;0,27;[439, 440, 442, 441];[(-5.179, 3.707), (-5.179, 3.549), (-3.506, 3.549), (-3.506, 3.707)]
219;1;;;0;0,15;[441, 442, 444, 443];[(-3.506, 3.707), (-3.506, 3.549), (-2.571, 3.549), (-2.571, 3.707)]
220;100;;;0;0,08;[443, 444, 446, 445];[(-2.571, 3.707), (-2.571, 3.549), (-2.072, 3.549), (-2.072, 3.707)]
221;100;;;0;0,02;[445, 446, 448, 447];[(-2.072, 3.707), (-2.072, 3.549), (-1.958, 3.549), (-1.958, 3.707)]
222;100;;;0;0,02;[418, 420, 450, 449];[(-10.912, 4.167), (-10.912, 3.911), (-10.824, 3.911), (-10.824, 4.167)]
223;100;;;0;0,30;[26, 29, 30, 28, 27];[(-8.37, 11.723), (-7.97, 11.723), (-7.97, 12.468), (-8.305, 12.468), (-8.37, 12.468)]
224;3;;;0;2,46;[360, 483, 481, 473, 471, 469, 454, 358, 1267];[(-15.884, 2.044), (-15.898, 2.452), (-15.898, 3.014), (-15.898, 3.439), (-15.978, 3.439), (-16.587, 3.439), (-17.66, 3.439), (-17.66, 2.044), (-16.601, 2.044)]
225;4;;;0;10,97;[343, 342, 347, 330, 331, 452, 356, 453, 455, 457, 459, 461, 468, 466, 350, 346];[(-20.117, 5.678), (-20.117, 5.235), (-20.325, 5.235), (-20.325, 2.044), (-20.259, 2.044), (-18.633, 2.044), (-17.796, 2.044), (-17.796, 3.439), (-17.796, 3.562), (-17.796, 4.881), (-17.796, 5.093), (-17.796, 6.421), (-19.096, 6.42), (-20.027, 6.42), (-20.325, 6.42), (-20.325, 5.678)]
226;100;;;0;0,02;[453, 454, 456, 455];[(-17.796, 3.439), (-17.66, 3.439), (-17.66, 3.562), (-17.796, 3.562)]
227;100;;;0;0,18;[456, 458, 457, 455];[(-17.66, 3.562), (-17.66, 4.881), (-17.796, 4.881), (-17.796, 3.562)]
228;100;;;0;0,34;[331, 339, 451, 452];[(-20.259, 2.044), (-20.259, 1.837), (-18.633, 1.837), (-18.633, 2.044)]
229;3;;;0;2,34;[456, 470, 472, 474, 485, 458];[(-17.66, 3.562), (-16.587, 3.562), (-15.978, 3.562), (-15.898, 3.562), (-15.898, 4.895), (-17.66, 4.881)]
230;100;;;0;0,03;[457, 458, 460, 459];[(-17.796, 4.881), (-17.66, 4.881), (-17.66, 5.093), (-17.796, 5.093)]
231;100;;;0;0,18;[460, 462, 461, 459];[(-17.66, 5.093), (-17.66, 6.421), (-17.796, 6.421), (-17.796, 5.093)]
232;1;;;0;3,80;[494, 327, 323, 321, 490, 1271, 1270, 492];[(-18.113, -3.697), (-20.21, -3.079), (-20.21, -4.312), (-20.21, -5.395), (-18.961, -5.395), (-18.871, -5.292), (-18.207, -4.532), (-18.113, -4.424)]
233;1;;;0;2,01;[364, 366, 368, 370, 479, 477, 475, 482, 484, 362];[(-15.442, 2.044), (-14.659, 2.044), (-14.333, 2.044), (-14.333, 3.434), (-14.65, 3.439), (-15.449, 3.439), (-15.775, 3.439), (-15.775, 3.014), (-15.775, 2.452), (-15.768, 2.044)]
234;100;;;0;0,02;[461, 462, 464, 463];[(-17.796, 6.421), (-17.66, 6.421), (-17.66, 6.591), (-17.796, 6.591)]
235;100;;;0;0,05;[349, 350, 466, 465];[(-20.325, 6.591), (-20.325, 6.42), (-20.027, 6.42), (-20.027, 6.591)]
236;1;;;0;0,16;[465, 466, 468, 467];[(-20.027, 6.591), (-20.027, 6.42), (-19.096, 6.42), (-19.096, 6.591)]
237;100;;;0;0,22;[463, 467, 468, 461];[(-17.796, 6.591), (-19.096, 6.591), (-19.096, 6.42), (-17.796, 6.421)]
238;100;;;0;0,13;[456, 454, 469, 470];[(-17.66, 3.562), (-17.66, 3.439), (-16.587, 3.439), (-16.587, 3.562)]
239;3;;;0;0,07;[470, 469, 471, 472];[(-16.587, 3.562), (-16.587, 3.439), (-15.978, 3.439), (-15.978, 3.562)]
240;100;;;0;0,01;[472, 471, 473, 474];[(-15.978, 3.562), (-15.978, 3.439), (-15.898, 3.439), (-15.898, 3.562)]
241;100;;;0;0,02;[474, 473, 475, 476];[(-15.898, 3.562), (-15.898, 3.439), (-15.775, 3.439), (-15.775, 3.562)]
242;100;;;0;0,04;[476, 475, 477, 478];[(-15.775, 3.562), (-15.775, 3.439), (-15.449, 3.439), (-15.449, 3.562)]
243;1;;;0;0,10;[478, 477, 479, 480];[(-15.449, 3.562), (-15.449, 3.439), (-14.65, 3.439), (-14.65, 3.562)]
244;100;;;0;0,04;[375, 480, 479, 370];[(-14.333, 3.54), (-14.65, 3.562), (-14.65, 3.439), (-14.333, 3.434)]
245;100;;;0;0,05;[475, 473, 481, 482];[(-15.775, 3.439), (-15.898, 3.439), (-15.898, 3.014), (-15.775, 3.014)]
246;1;;;0;0,07;[482, 481, 483, 484];[(-15.775, 3.014), (-15.898, 3.014), (-15.898, 2.452), (-15.775, 2.452)]
247;100;;;0;0,05;[362, 484, 483, 360];[(-15.768, 2.044), (-15.775, 2.452), (-15.898, 2.452), (-15.884, 2.044)]
248;100;;;0;0,16;[474, 476, 486, 485];[(-15.898, 3.562), (-15.775, 3.562), (-15.775, 4.895), (-15.898, 4.895)]
249;100;;;0;0,02;[485, 486, 488, 487];[(-15.898, 4.895), (-15.775, 4.895), (-15.775, 5.088), (-15.898, 5.088)]
250;100;;;0;0,36;[458, 485, 487, 460];[(-17.66, 4.881), (-15.898, 4.895), (-15.898, 5.088), (-17.66, 5.093)]
251;100;;;0;0,18;[321, 319, 489, 490];[(-20.21, -5.395), (-20.21, -5.532), (-18.852, -5.532), (-18.961, -5.395)]
252;100;;;0;0,02;[1270, 1269, 491, 492];[(-18.207, -4.532), (-18.098, -4.668), (-18.004, -4.561), (-18.113, -4.424)]
253;100;;;0;0,08;[492, 491, 493, 494];[(-18.113, -4.424), (-18.004, -4.561), (-18.004, -3.834), (-18.113, -3.697)]
254;100;;;0;0,17;[494, 493, 495, 496];[(-18.113, -3.697), (-18.004, -3.834), (-16.82, -3.834), (-16.82, -3.697)]
255;100;;;0;1,28;[499, 495, 497, 501];[(-16.596, -3.834), (-16.82, -3.834), (-16.82, -9.536), (-16.596, -9.536)]
256;100;;;0;0,03;[501, 497, 502, 503];[(-16.596, -9.536), (-16.82, -9.536), (-16.82, -9.686), (-16.596, -9.686)]
257;100;;;0;0,03;[495, 499, 500, 498, 496];[(-16.82, -3.834), (-16.596, -3.834), (-16.596, -3.697), (-16.722, -3.697), (-16.82, -3.697)]
258;100;;;0;0,20;[502, 497, 504, 505];[(-16.82, -9.686), (-16.82, -9.536), (-18.147, -9.536), (-18.147, -9.686)]
259;1;;;0;0,15;[505, 504, 506, 507];[(-18.147, -9.686), (-18.147, -9.536), (-19.171, -9.536), (-19.171, -9.686)]
260;100;;;0;0,13;[312, 507, 506, 313];[(-20.049, -9.686), (-19.171, -9.686), (-19.171, -9.536), (-20.049, -9.548)]
261;100;;;0;0,07;[513, 512, 514, 515];[(-14.155, -0.919), (-14.274, -0.919), (-14.274, -1.497), (-14.155, -1.497)]
262;100;;;0;0,09;[517, 516, 518, 519];[(-14.155, -2.705), (-14.274, -2.705), (-14.274, -3.459), (-14.155, -3.459)]
263;100;;;0;0,06;[519, 518, 520, 521];[(-14.155, -3.459), (-14.274, -3.459), (-14.274, -3.896), (-14.11, -3.896)]
264;100;;;0;0,08;[520, 518, 522, 523];[(-14.274, -3.896), (-14.274, -3.459), (-14.452, -3.459), (-14.452, -3.896)]
265;100;;;0;0,04;[519, 521, 525, 527, 526, 524];[(-14.155, -3.459), (-14.11, -3.896), (-14.043, -3.896), (-14.043, -3.765), (-14.043, -3.634), (-14.043, -3.459)]
266;100;;;0;0,91;[521, 520, 528, 529];[(-14.11, -3.896), (-14.274, -3.896), (-14.274, -9.469), (-14.11, -9.469)]
267;100;;;0;0,07;[529, 528, 530, 531];[(-14.11, -9.469), (-14.274, -9.469), (-14.303, -9.877), (-14.14, -9.877)]
268;100;;;0;0,03;[529, 531, 533, 585, 584, 532];[(-14.11, -9.469), (-14.14, -9.877), (-14.039, -9.877), (-14.039, -9.741), (-14.039, -9.61), (-14.039, -9.469)]
269;100;;;0;0,06;[530, 528, 534, 535];[(-14.303, -9.877), (-14.274, -9.469), (-14.445, -9.469), (-14.445, -9.877)]
270;100;;;0;0,92;[531, 530, 536, 537];[(-14.14, -9.877), (-14.303, -9.877), (-14.303, -15.491), (-14.14, -15.491)]
271;100;;;0;0,16;[241, 239, 538, 537, 536, 539];[(-14.454, -15.891), (-14.039, -15.891), (-14.041, -15.491), (-14.14, -15.491), (-14.303, -15.491), (-14.449, -15.491)]
272;100;;;0;0,07;[512, 510, 540, 541];[(-14.274, -0.919), (-14.274, -0.505), (-14.448, -0.505), (-14.448, -0.919)]
273;100;;;0;0,05;[511, 513, 543, 542];[(-14.155, -0.505), (-14.155, -0.919), (-14.042, -0.919), (-14.042, -0.505)]
274;100;;;0;0,18;[237, 235, 544, 545];[(-12.12, -15.891), (-12.004, -15.891), (-12.004, -14.339), (-12.12, -14.339)]
275;100;;;0;0,01;[545, 544, 546, 547];[(-12.12, -14.339), (-12.004, -14.339), (-12.004, -14.221), (-12.12, -14.221)]
276;100;;;0;0,16;[546, 544, 548, 549];[(-12.004, -14.221), (-12.004, -14.339), (-10.685, -14.339), (-10.685, -14.221)]
277;1;;;0;0,14;[549, 548, 550, 551];[(-10.685, -14.221), (-10.685, -14.339), (-9.46, -14.339), (-9.46, -14.221)]
278;100;;;0;0,13;[551, 550, 552, 553];[(-9.46, -14.221), (-9.46, -14.339), (-8.401, -14.339), (-8.401, -14.221)]
279;100;;;0;0,31;[556, 552, 554, 558];[(-8.133, -14.339), (-8.401, -14.339), (-8.401, -15.479), (-8.133, -15.479)]
280;100;;;0;0,17;[224, 559, 558, 554, 229, 227];[(-7.995, -15.891), (-8.002, -15.479), (-8.133, -15.479), (-8.401, -15.479), (-8.405, -15.891), (-8.137, -15.891)]
281;100;;;0;0,03;[552, 556, 557, 555, 553];[(-8.401, -14.339), (-8.133, -14.339), (-8.133, -14.221), (-8.275, -14.221), (-8.401, -14.221)]
282;100;;;0;0,57;[555, 557, 561, 560];[(-8.275, -14.221), (-8.133, -14.221), (-8.133, -10.214), (-8.275, -10.214)]
283;100;;;0;0,12;[563, 569, 571, 570, 568, 566, 565];[(-8.133, -9.886), (-8.133, -9.472), (-8.272, -9.472), (-8.43, -9.472), (-8.43, -9.603), (-8.43, -9.748), (-8.43, -9.886)]
284;1;;;0;0,15;[572, 573, 575, 574];[(-9.389, -9.748), (-9.389, -9.603), (-10.407, -9.603), (-10.407, -9.748)]
285;100;;;0;0,10;[563, 565, 564, 560, 561];[(-8.133, -9.886), (-8.43, -9.886), (-8.43, -10.214), (-8.275, -10.214), (-8.133, -10.214)]
286;100;;;0;0,06;[569, 563, 567, 562];[(-8.133, -9.472), (-8.133, -9.886), (-7.997, -9.886), (-7.997, -9.472)]
287;100;;;0;0,14;[566, 568, 573, 572];[(-8.43, -9.748), (-8.43, -9.603), (-9.389, -9.603), (-9.389, -9.748)]
288;100;;;0;0,15;[574, 575, 577, 576];[(-10.407, -9.748), (-10.407, -9.603), (-11.452, -9.603), (-11.452, -9.748)]
289;100;;;0;0,03;[576, 577, 579, 578];[(-11.452, -9.748), (-11.452, -9.603), (-11.64, -9.603), (-11.64, -9.748)]
290;100;;;0;0,12;[578, 579, 581, 580];[(-11.64, -9.748), (-11.64, -9.603), (-12.472, -9.603), (-12.472, -9.748)]
291;1;;;0;0,15;[580, 581, 583, 582];[(-12.472, -9.748), (-12.472, -9.603), (-13.485, -9.603), (-13.485, -9.748)]
292;100;;;0;0,08;[583, 584, 585, 582];[(-13.485, -9.603), (-14.039, -9.61), (-14.039, -9.741), (-13.485, -9.748)]
293;100;;;0;1,10;[579, 577, 586, 587];[(-11.64, -9.603), (-11.452, -9.603), (-11.452, -3.772), (-11.64, -3.772)]
294;100;;;0;0,03;[587, 586, 588, 589];[(-11.64, -3.772), (-11.452, -3.772), (-11.452, -3.632), (-11.64, -3.632)]
295;100;;;0;0,33;[527, 587, 589, 526];[(-14.043, -3.765), (-11.64, -3.772), (-11.64, -3.632), (-14.043, -3.634)]
296;100;;;0;0,42;[588, 586, 590, 591];[(-11.452, -3.632), (-11.452, -3.772), (-8.446, -3.772), (-8.446, -3.632)]
297;100;;;0;0,08;[608, 609, 611, 610];[(3.615, -3.564), (3.615, -3.736), (4.06, -3.736), (4.06, -3.564)]
298;100;;;0;0,59;[606, 607, 609, 608];[(0.151, -3.564), (0.151, -3.736), (3.615, -3.736), (3.615, -3.564)]
299;100;;;0;0,12;[599, 598, 593, 592];[(-1.951, -3.564), (-1.951, -3.736), (-1.23, -3.736), (-1.23, -3.564)]
300;100;;;0;0,07;[597, 601, 598, 599];[(-2.363, -3.564), (-2.363, -3.736), (-1.951, -3.736), (-1.951, -3.564)]
301;1;;;0;0,24;[592, 593, 607, 606];[(-1.23, -3.564), (-1.23, -3.736), (0.151, -3.736), (0.151, -3.564)]
302;100;;;0;0,05;[186, 644, 650, 636];[(8.225, -14.329), (8.225, -14.089), (8.033, -14.089), (8.033, -14.329)]
303;100;;;0;0,79;[569, 600, 595, 571];[(-8.133, -9.472), (-8.125, -3.861), (-8.269, -3.861), (-8.272, -9.472)]
304;100;;;0;0,20;[596, 591, 590, 594, 595, 600, 604, 602, 603, 605];[(-8.446, -3.426), (-8.446, -3.632), (-8.446, -3.772), (-8.446, -3.861), (-8.269, -3.861), (-8.125, -3.861), (-7.997, -3.861), (-7.997, -3.736), (-7.997, -3.564), (-7.997, -3.426)]
305;100;;;0;0,97;[603, 602, 601, 597];[(-7.997, -3.564), (-7.997, -3.736), (-2.363, -3.736), (-2.363, -3.564)]
306;100;;;0;0,96;[610, 611, 613, 612];[(4.06, -3.564), (4.06, -3.736), (9.667, -3.736), (9.667, -3.564)]
307;100;;;0;0,56;[633, 632, 615, 635];[(9.902, -10.012), (9.763, -10.012), (9.763, -14.06), (9.902, -14.06)]
308;100;;;0;0,18;[614, 632, 633, 634, 630, 631, 620, 621];[(9.763, -9.879), (9.763, -10.012), (9.902, -10.012), (10.073, -10.012), (10.073, -9.879), (10.073, -9.431), (9.902, -9.431), (9.763, -9.431)]
309;100;;;0;0,04;[614, 621, 629, 628];[(9.763, -9.879), (9.763, -9.431), (9.672, -9.431), (9.672, -9.879)]
310;100;;;0;0,16;[639, 638, 640, 641];[(9.902, -14.32), (9.763, -14.32), (9.763, -15.447), (9.902, -15.447)]
311;100;;;0;0,06;[645, 189, 646, 647];[(8.415, -14.089), (8.415, -14.329), (8.683, -14.329), (8.683, -14.089)]
312;100;;;0;0,77;[623, 619, 621, 620];[(9.902, -3.868), (9.763, -3.868), (9.763, -9.431), (9.902, -9.431)]
313;100;;;0;0,16;[622, 617, 616, 612, 613, 618, 619, 623, 627, 625, 624, 626];[(9.902, -3.466), (9.795, -3.466), (9.667, -3.466), (9.667, -3.564), (9.667, -3.736), (9.667, -3.868), (9.763, -3.868), (9.902, -3.868), (10.068, -3.868), (10.068, -3.736), (10.068, -3.564), (10.068, -3.466)]
314;100;;;0;0,07;[648, 638, 615, 649];[(9.494, -14.329), (9.763, -14.32), (9.763, -14.06), (9.494, -14.089)]
315;100;;;0;0,63;[187, 185, 184, 642, 641, 640, 643, 188, 190, 191];[(9.937, -16.6), (10.102, -16.6), (10.102, -15.894), (10.095, -15.447), (9.902, -15.447), (9.763, -15.447), (9.661, -15.447), (9.661, -15.894), (9.484, -15.894), (9.484, -16.6)]
316;100;;;0;0,04;[615, 638, 639, 637, 635];[(9.763, -14.06), (9.763, -14.32), (9.902, -14.32), (9.902, -14.155), (9.902, -14.06)]
317;2;;;0;0,20;[636, 650, 652, 651];[(8.033, -14.329), (8.033, -14.089), (7.21, -14.089), (7.21, -14.329)]
318;100;;;0;0,07;[651, 652, 654, 653];[(7.21, -14.329), (7.21, -14.089), (6.904, -14.089), (6.904, -14.329)]
319;100;;;0;0,03;[653, 654, 656, 655];[(6.904, -14.329), (6.904, -14.089), (6.705, -14.089), (6.705, -14.195)]
320;100;;;0;0,22;[206, 653, 655, 207];[(6.905, -15.35), (6.904, -14.329), (6.705, -14.195), (6.701, -15.35)]
321;100;;;0;0,08;[655, 656, 658, 657];[(6.705, -14.195), (6.705, -14.089), (5.931, -14.089), (5.931, -14.195)]
322;2;;;0;0,09;[657, 658, 660, 659];[(5.931, -14.195), (5.931, -14.089), (5.108, -14.089), (5.108, -14.195)]
323;100;;;0;0,09;[659, 660, 662, 661];[(5.108, -14.195), (5.108, -14.089), (4.298, -14.089), (4.298, -14.195)]
324;100;;;0;0,09;[661, 662, 664, 663];[(4.298, -14.195), (4.298, -14.089), (3.407, -14.089), (3.407, -14.195)]
325;100;;;0;1,01;[210, 661, 663, 212];[(4.292, -15.35), (4.298, -14.195), (3.407, -14.195), (3.431, -15.35)]
326;100;;;0;0,19;[669, 668, 667, 670];[(3.616, -9.876), (4.051, -9.876), (4.051, -9.436), (3.616, -9.436)]
327;100;;;0;3,76;[664, 662, 665, 668, 669, 666];[(3.407, -14.089), (4.298, -14.089), (4.298, -9.876), (4.051, -9.876), (3.616, -9.876), (3.407, -9.876)]
328;100;;;0;3,96;[216, 214, 671, 672];[(-2.678, -15.35), (-1.817, -15.35), (-1.817, -10.745), (-2.678, -10.745)]
329;100;;;0;0,09;[675, 676, 682, 681];[(-2.894, -10.745), (-2.894, -10.62), (-3.601, -10.62), (-3.601, -10.745)]
330;100;;;0;0,93;[671, 677, 673, 678, 679, 676, 675, 672];[(-1.817, -10.745), (-1.817, -9.883), (-1.947, -9.883), (-2.361, -9.883), (-2.894, -9.883), (-2.894, -10.62), (-2.894, -10.745), (-2.678, -10.745)]
331;100;;;0;0,18;[678, 673, 674, 680];[(-2.361, -9.883), (-1.947, -9.883), (-1.947, -9.44), (-2.361, -9.44)]
332;100;;;0;0,06;[683, 684, 686, 685];[(-4.52, -10.745), (-4.52, -10.62), (-4.983, -10.62), (-4.983, -10.745)]
333;2;;;0;0,11;[681, 682, 684, 683];[(-3.601, -10.745), (-3.601, -10.62), (-4.52, -10.62), (-4.52, -10.745)]
334;100;;;0;0,02;[685, 686, 688, 687];[(-4.983, -10.745), (-4.983, -10.62), (-5.139, -10.62), (-5.139, -10.745)]
335;100;;;0;0,72;[220, 685, 687, 222];[(-4.983, -15.35), (-4.983, -10.745), (-5.139, -10.745), (-5.14, -15.35)]
336;100;;;0;0,61;[624, 625, 690, 689];[(10.068, -3.564), (10.068, -3.736), (13.604, -3.736), (13.604, -3.564)]
337;100;;;0;0,03;[689, 690, 692, 691];[(13.604, -3.564), (13.604, -3.736), (13.759, -3.736), (13.759, -3.564)]
338;100;;;0;0,08;[691, 692, 694, 693];[(13.759, -3.564), (13.759, -3.736), (14.204, -3.736), (14.204, -3.564)]
339;100;;;0;0,04;[706, 707, 717, 703];[(14.078, -10.008), (14.078, -9.885), (13.775, -9.885), (13.775, -10.008)]
340;1;;;0;0,11;[715, 708, 707, 706];[(14.992, -10.008), (14.992, -9.885), (14.078, -9.885), (14.078, -10.008)]
341;100;;;0;0,24;[696, 714, 716, 710, 711, 713, 697];[(15.675, -10.008), (16.101, -10.008), (16.101, -9.448), (15.983, -9.448), (15.801, -9.448), (15.675, -9.448), (15.675, -9.885)]
342;100;;;0;0,31;[694, 698, 701, 700, 699, 693];[(14.204, -3.736), (15.671, -3.736), (15.671, -3.525), (14.306, -3.525), (14.204, -3.525), (14.204, -3.564)]
343;100;;;0;0,08;[696, 697, 708, 715];[(15.675, -10.008), (15.675, -9.885), (14.992, -9.885), (14.992, -10.008)]
344;100;;;0;0,29;[634, 722, 723, 630];[(10.073, -10.012), (12.336, -10.008), (12.336, -9.885), (10.073, -9.879)]
345;1;;;0;0,11;[720, 721, 723, 722];[(13.255, -10.008), (13.255, -9.885), (12.336, -9.885), (12.336, -10.008)]
346;100;;;0;0,19;[704, 701, 698, 702, 695, 705, 709, 712];[(15.671, -3.427), (15.671, -3.525), (15.671, -3.736), (15.671, -3.868), (15.801, -3.868), (15.983, -3.868), (16.104, -3.868), (16.104, -3.427)]
347;100;;;0;0,02;[703, 717, 719, 718];[(13.775, -10.008), (13.775, -9.885), (13.597, -9.885), (13.597, -10.008)]
348;100;;;0;1,02;[705, 695, 711, 710];[(15.983, -3.868), (15.801, -3.868), (15.801, -9.448), (15.983, -9.448)]
349;100;;;0;0,04;[718, 719, 721, 720];[(13.597, -10.008), (13.597, -9.885), (13.255, -9.885), (13.255, -10.008)]
350;100;;;0;1,02;[690, 719, 717, 692];[(13.604, -3.736), (13.597, -9.885), (13.775, -9.885), (13.759, -3.736)]
351;100;;;0;0,06;[635, 637, 725, 724];[(9.902, -14.06), (9.902, -14.155), (10.541, -14.155), (10.541, -14.06)]
352;1;;;0;0,10;[724, 725, 727, 726];[(10.541, -14.06), (10.541, -14.155), (11.569, -14.155), (11.569, -14.06)]
353;100;;;0;0,19;[726, 727, 729, 728];[(11.569, -14.06), (11.569, -14.155), (13.563, -14.155), (13.563, -14.06)]
354;100;;;0;0,01;[728, 729, 731, 730];[(13.563, -14.06), (13.563, -14.155), (13.706, -14.155), (13.706, -14.06)]
355;100;;;0;0,24;[176, 731, 729, 178];[(13.698, -15.894), (13.706, -14.155), (13.563, -14.155), (13.561, -15.894)]
356;100;;;0;0,51;[168, 166, 732, 733];[(18.176, -15.894), (18.293, -15.894), (18.293, -11.514), (18.176, -11.514)]
357;1;;;0;0,12;[733, 732, 734, 735];[(18.176, -11.514), (18.293, -11.514), (18.293, -10.491), (18.176, -10.491)]
358;100;;;0;0,11;[735, 734, 736, 737];[(18.176, -10.491), (18.293, -10.491), (18.293, -9.542), (18.176, -9.542)]
359;100;;;0;0,01;[737, 736, 738, 739];[(18.176, -9.542), (18.293, -9.542), (18.293, -9.439), (18.176, -9.439)]
360;100;;;0;0,35;[738, 736, 740, 741, 1252];[(18.293, -9.439), (18.293, -9.542), (21.747, -9.542), (21.747, -9.439), (20.327, -9.439)]
361;100;;;0;0,03;[742, 744, 750, 749];[(22.157, -14.64), (21.947, -14.64), (21.947, -14.762), (22.157, -14.762)]
362;100;;;0;1,00;[748, 747, 744, 742];[(22.157, -9.88), (21.947, -9.88), (21.947, -14.64), (22.157, -14.64)]
363;100;;;0;0,18;[745, 743, 741, 740, 746, 747, 748];[(22.157, -9.439), (21.947, -9.439), (21.747, -9.439), (21.747, -9.542), (21.747, -9.88), (21.947, -9.88), (22.157, -9.88)]
364;12;;;0;0,15;[749, 750, 752, 751];[(22.157, -14.762), (21.947, -14.762), (21.947, -15.483), (22.157, -15.483)]
365;2;;;0;1,52;[143, 742, 749, 145];[(34.239, -14.648), (22.157, -14.64), (22.157, -14.762), (34.239, -14.777)]
366;100;;;0;0,18;[141, 139, 754, 755];[(34.239, -9.886), (34.239, -9.441), (33.833, -9.441), (33.833, -9.886)]
367;100;;;0;1,11;[743, 745, 757, 756];[(21.947, -9.439), (22.157, -9.439), (22.157, -4.138), (21.947, -4.138)]
368;100;;;0;0,17;[756, 757, 759, 758];[(21.947, -4.138), (22.157, -4.138), (22.157, -3.331), (21.947, -3.331)]
369;100;;;0;0,27;[125, 128, 127, 124, 123];[(22.663, 0.066), (22.663, -0.812), (22.966, -0.812), (22.966, -0.708), (22.966, 0.066)]
370;1;;;0;0,33;[765, 766, 768, 767];[(21.107, -0.403), (21.107, -0.073), (20.12, -0.073), (20.12, -0.403)]
371;100;;;0;0,63;[134, 767, 768, 132];[(18.293, -0.415), (20.12, -0.403), (20.12, -0.073), (18.293, -0.058)]
372;100;;;0;0,04;[763, 762, 769, 770];[(16.105, -0.415), (16.105, -0.058), (15.98, -0.058), (15.98, -0.415)]
373;100;;;0;0,06;[770, 769, 771, 772];[(15.98, -0.415), (15.98, -0.058), (15.81, -0.058), (15.81, -0.415)]
374;100;;;0;0,19;[777, 781, 778, 763, 770, 772, 773];[(15.675, -0.648), (15.675, -0.851), (16.105, -0.851), (16.105, -0.415), (15.98, -0.415), (15.81, -0.415), (15.675, -0.415)]
375;100;;;0;0,04;[781, 777, 774, 780];[(15.675, -0.851), (15.675, -0.648), (15.498, -0.648), (15.498, -0.851)]
376;100;;;0;0,10;[792, 791, 784, 793];[(14.139, -0.816), (14.139, -0.648), (13.534, -0.648), (13.534, -0.816)]
377;100;;;0;0,05;[776, 779, 782, 775];[(14.556, -0.851), (14.556, -0.648), (14.307, -0.648), (14.307, -0.851)]
378;100;;;0;0,08;[775, 783, 787, 786];[(14.307, -0.851), (14.212, -0.851), (14.212, -1.694), (14.307, -1.694)]
379;1;;;0;0,10;[786, 787, 789, 788];[(14.307, -1.694), (14.212, -1.694), (14.212, -2.781), (14.307, -2.781)]
380;1;;;0;0,19;[780, 774, 779, 776];[(15.498, -0.851), (15.498, -0.648), (14.556, -0.648), (14.556, -0.851)]
381;100;;;0;0,07;[700, 788, 789, 699];[(14.306, -3.525), (14.307, -2.781), (14.212, -2.781), (14.204, -3.525)]
382;1;;;0;0,12;[793, 784, 794, 795];[(13.534, -0.816), (13.534, -0.648), (12.819, -0.648), (12.819, -0.816)]
383;100;;;0;0,03;[785, 791, 792, 790, 783, 775, 782];[(14.24, -0.648), (14.139, -0.648), (14.139, -0.816), (14.212, -0.816), (14.212, -0.851), (14.307, -0.851), (14.307, -0.648)]
384;100;;;0;0,10;[795, 794, 796, 797];[(12.819, -0.816), (12.819, -0.648), (12.242, -0.648), (12.242, -0.816)]
385;100;;;0;0,02;[797, 796, 798, 799];[(12.242, -0.816), (12.242, -0.648), (12.102, -0.648), (12.102, -0.816)]
386;100;;;0;0,19;[799, 798, 800, 801];[(12.102, -0.816), (12.102, -0.648), (10.99, -0.648), (10.99, -0.816)]
387;1;;;0;0,12;[801, 800, 802, 803];[(10.99, -0.816), (10.99, -0.648), (10.269, -0.648), (10.269, -0.816)]
388;100;;;0;0,03;[803, 802, 804, 805];[(10.269, -0.816), (10.269, -0.648), (10.068, -0.648), (10.068, -0.816)]
389;100;;;0;0,34;[771, 769, 806, 816];[(15.81, -0.058), (15.98, -0.058), (15.98, 1.93), (15.81, 1.93)]
390;100;;;0;0,11;[814, 809, 808, 805, 804, 810, 815];[(9.797, -0.891), (9.901, -0.852), (10.068, -0.852), (10.068, -0.816), (10.068, -0.648), (10.068, -0.441), (9.797, -0.441)]
391;100;;;0;0,03;[622, 812, 807, 617];[(9.902, -3.466), (9.901, -3.196), (9.797, -3.196), (9.795, -3.466)]
392;1;;;0;0,19;[811, 813, 807, 812];[(9.901, -1.361), (9.797, -1.361), (9.797, -3.196), (9.901, -3.196)]
393;100;;;0;0,05;[809, 814, 813, 811];[(9.901, -0.852), (9.797, -0.891), (9.797, -1.361), (9.901, -1.361)]
394;100;;;0;0,53;[818, 817, 819, 820];[(15.81, 2.134), (15.98, 2.134), (15.98, 5.253), (15.81, 5.253)]
395;100;;;0;0,03;[816, 806, 817, 818];[(15.81, 1.93), (15.98, 1.93), (15.98, 2.134), (15.81, 2.134)]
396;100;;;0;0,07;[820, 819, 821, 822];[(15.81, 5.253), (15.98, 5.253), (15.937, 5.702), (15.81, 5.702)]
397;100;;;0;0,07;[821, 819, 823, 824];[(15.937, 5.702), (15.98, 5.253), (16.105, 5.253), (16.105, 5.702)]
398;100;;;0;0,06;[820, 822, 826, 827, 825];[(15.81, 5.253), (15.81, 5.702), (15.669, 5.702), (15.669, 5.566), (15.669, 5.253)]
399;100;;;0;0,94;[821, 824, 829, 828];[(15.937, 5.702), (16.105, 5.702), (16.105, 11.312), (15.937, 11.312)]
400;100;;;0;0,17;[90, 830, 828, 829, 92, 94];[(15.677, 11.715), (15.677, 11.312), (15.937, 11.312), (16.105, 11.312), (16.114, 11.715), (15.942, 11.715)]
401;100;;;0;0,18;[98, 96, 831, 832];[(22.164, 11.715), (21.762, 11.715), (21.762, 11.273), (22.164, 11.273)]
402;100;;;0;0,18;[100, 107, 834, 833];[(28.226, 11.715), (27.785, 11.715), (27.785, 11.307), (28.226, 11.307)]
403;100;;;0;0,18;[814, 815, 836, 837, 835];[(9.797, -0.891), (9.797, -0.441), (9.388, -0.441), (9.388, -0.715), (9.388, -0.891)]
404;100;;;0;0,44;[835, 837, 839, 838];[(9.388, -0.891), (9.388, -0.715), (6.908, -0.715), (6.908, -0.891)]
405;100;;;0;0,05;[838, 839, 841, 840];[(6.908, -0.891), (6.908, -0.715), (6.638, -0.715), (6.638, -0.891)]
406;100;;;0;0,51;[841, 839, 842, 843];[(6.638, -0.715), (6.908, -0.715), (6.908, 1.183), (6.638, 1.183)]
407;100;;;0;0,08;[843, 842, 844, 845];[(6.638, 1.183), (6.908, 1.183), (6.908, 1.492), (6.638, 1.492)]
408;100;;;0;0,48;[845, 844, 846, 847];[(6.638, 1.492), (6.908, 1.492), (6.908, 3.264), (6.638, 3.264)]
409;100;;;0;0,05;[847, 846, 848, 849];[(6.638, 3.264), (6.908, 3.264), (6.908, 3.466), (6.638, 3.466)]
410;100;;;0;0,41;[848, 846, 850, 851];[(6.908, 3.466), (6.908, 3.264), (8.915, 3.264), (8.915, 3.466)]
411;100;;;0;0,62;[844, 842, 852, 853];[(6.908, 1.492), (6.908, 1.183), (8.916, 1.183), (8.916, 1.492)]
412;100;;;0;0,15;[853, 852, 854, 855];[(8.916, 1.492), (8.916, 1.183), (9.398, 1.183), (9.398, 1.492)]
413;100;;;0;0,12;[855, 854, 856, 857];[(9.398, 1.492), (9.398, 1.183), (9.789, 1.183), (9.789, 1.492)]
414;100;;;0;0,65;[815, 856, 854, 836];[(9.797, -0.441), (9.789, 1.183), (9.398, 1.183), (9.388, -0.441)]
415;100;;;0;0,15;[851, 850, 858, 859];[(8.915, 3.466), (8.915, 3.264), (9.658, 3.264), (9.658, 3.466)]
416;100;;;0;0,03;[859, 858, 860, 861];[(9.658, 3.466), (9.658, 3.264), (9.794, 3.264), (9.794, 3.466)]
417;100;;;0;1,55;[855, 857, 860, 858, 850, 853];[(9.398, 1.492), (9.789, 1.492), (9.794, 3.264), (9.658, 3.264), (8.915, 3.264), (8.916, 1.492)]
418;100;;;0;0,03;[859, 861, 863, 862];[(9.658, 3.466), (9.794, 3.466), (9.794, 3.67), (9.658, 3.67)]
419;100;;;0;0,01;[862, 863, 865, 864];[(9.658, 3.67), (9.794, 3.67), (9.794, 3.767), (9.658, 3.767)]
420;100;;;0;0,20;[864, 865, 867, 866];[(9.658, 3.767), (9.794, 3.767), (9.794, 5.264), (9.658, 5.264)]
421;100;;;0;0,07;[866, 867, 869, 868];[(9.658, 5.264), (9.794, 5.264), (9.83, 5.7), (9.658, 5.7)]
422;100;;;0;0,11;[869, 867, 870, 872, 871];[(9.83, 5.7), (9.794, 5.264), (10.068, 5.264), (10.068, 5.572), (10.068, 5.7)]
423;100;;;0;0,78;[868, 869, 874, 873];[(9.658, 5.7), (9.83, 5.7), (9.83, 10.253), (9.658, 10.253)]
424;100;;;0;0,03;[873, 874, 876, 875];[(9.658, 10.253), (9.83, 10.253), (9.83, 10.43), (9.658, 10.43)]
425;100;;;0;0,15;[875, 876, 878, 877];[(9.658, 10.43), (9.83, 10.43), (9.83, 11.309), (9.658, 11.309)]
426;100;;;0;0,16;[76, 74, 877, 878, 879];[(10.069, 11.715), (9.667, 11.715), (9.658, 11.309), (9.83, 11.309), (10.066, 11.309)]
427;100;;;0;0,04;[873, 875, 881, 880];[(9.658, 10.253), (9.658, 10.43), (9.445, 10.43), (9.445, 10.253)]
428;1;;;0;0,24;[880, 881, 883, 882];[(9.445, 10.253), (9.445, 10.43), (8.1, 10.43), (8.1, 10.253)]
429;100;;;0;0,08;[882, 883, 885, 884];[(8.1, 10.253), (8.1, 10.43), (7.657, 10.43), (7.657, 10.253)]
430;100;;;0;0,02;[884, 885, 887, 886];[(7.657, 10.253), (7.657, 10.43), (7.522, 10.43), (7.522, 10.253)]
431;100;;;0;0,18;[62, 887, 885, 66, 64];[(7.518, 11.715), (7.522, 10.43), (7.657, 10.43), (7.665, 11.715), (7.625, 11.715)]
432;100;;;0;0,14;[798, 796, 888, 889];[(12.102, -0.648), (12.242, -0.648), (12.242, 0.345), (12.102, 0.345)]
433;100;;;0;0,02;[889, 888, 890, 891];[(12.102, 0.345), (12.242, 0.345), (12.242, 0.452), (12.102, 0.452)]
434;100;;;0;0,03;[891, 890, 892, 893];[(12.102, 0.452), (12.242, 0.452), (12.242, 0.634), (12.102, 0.634)]
435;100;;;0;0,03;[893, 892, 894, 895];[(12.102, 0.634), (12.242, 0.634), (12.242, 0.815), (12.102, 0.815)]
436;100;;;0;0,09;[895, 894, 896, 897];[(12.102, 0.815), (12.242, 0.815), (12.242, 1.45), (12.102, 1.45)]
437;100;;;0;0,02;[897, 896, 898, 899];[(12.102, 1.45), (12.242, 1.45), (12.242, 1.564), (12.102, 1.564)]
438;100;;;0;0,05;[899, 898, 900, 901];[(12.102, 1.564), (12.242, 1.564), (12.242, 1.899), (12.102, 1.899)]
439;100;;;0;0,03;[901, 900, 902, 903];[(12.102, 1.899), (12.242, 1.899), (12.28, 2.068), (12.102, 2.068)]
440;100;;;0;0,31;[902, 900, 904, 905];[(12.28, 2.068), (12.242, 1.899), (14.108, 1.899), (14.108, 2.068)]
441;100;;;0;0,01;[909, 911, 913, 907];[(14.108, 2.991), (14.242, 2.991), (14.242, 3.03), (14.108, 3.03)]
442;100;;;0;0,03;[906, 910, 912, 908, 905, 904];[(14.147, 1.899), (14.242, 1.939), (14.242, 2.144), (14.108, 2.144), (14.108, 2.068), (14.108, 1.899)]
443;1;;;0;0,11;[908, 912, 911, 909];[(14.108, 2.144), (14.242, 2.144), (14.242, 2.991), (14.108, 2.991)]
444;100;;;0;0,12;[914, 915, 917, 916];[(14.108, 3.197), (14.242, 3.197), (14.242, 4.11), (14.108, 4.11)]
445;100;;;0;0,02;[907, 913, 915, 914];[(14.108, 3.03), (14.242, 3.03), (14.242, 3.197), (14.108, 3.197)]
446;100;;;0;0,02;[916, 917, 919, 918];[(14.108, 4.11), (14.242, 4.11), (14.242, 4.244), (14.108, 4.244)]
447;100;;;0;0,01;[916, 918, 921, 920];[(14.108, 4.11), (14.108, 4.244), (14.037, 4.244), (14.037, 4.11)]
448;1;;;0;0,09;[920, 921, 923, 922];[(14.037, 4.11), (14.037, 4.244), (13.364, 4.244), (13.364, 4.11)]
449;100;;;0;0,01;[922, 923, 925, 924];[(13.364, 4.11), (13.364, 4.244), (13.289, 4.244), (13.289, 4.11)]
450;100;;;0;0,02;[924, 925, 927, 926];[(13.289, 4.11), (13.289, 4.244), (13.12, 4.244), (13.12, 4.11)]
451;100;;;0;0,01;[926, 927, 929, 928];[(13.12, 4.11), (13.12, 4.244), (13.053, 4.244), (13.053, 4.11)]
452;1;;;0;0,09;[928, 929, 931, 930];[(13.053, 4.11), (13.053, 4.244), (12.375, 4.244), (12.375, 4.11)]
453;100;;;0;0,01;[930, 931, 933, 932];[(12.375, 4.11), (12.375, 4.244), (12.273, 4.244), (12.273, 4.11)]
454;100;;;0;0,02;[932, 933, 935, 934];[(12.273, 4.11), (12.273, 4.244), (12.104, 4.244), (12.104, 4.11)]
455;100;;;0;0,06;[932, 934, 937, 936];[(12.273, 4.11), (12.104, 4.11), (12.104, 3.775), (12.273, 3.775)]
456;100;;;0;0,02;[936, 937, 939, 938];[(12.273, 3.775), (12.104, 3.775), (12.104, 3.669), (12.273, 3.669)]
457;100;;;0;0,12;[939, 937, 940, 941];[(12.104, 3.669), (12.104, 3.775), (10.981, 3.775), (10.981, 3.669)]
458;1;;;0;0,08;[941, 940, 942, 943];[(10.981, 3.669), (10.981, 3.775), (10.269, 3.775), (10.269, 3.669)]
459;100;;;0;0,05;[863, 943, 942, 865];[(9.794, 3.67), (10.269, 3.669), (10.269, 3.775), (9.794, 3.767)]
460;100;;;0;0,08;[938, 939, 945, 944];[(12.273, 3.669), (12.104, 3.669), (12.104, 3.189), (12.273, 3.189)]
461;100;;;0;0,03;[944, 945, 947, 946];[(12.273, 3.189), (12.104, 3.189), (12.104, 3.027), (12.273, 3.027)]
462;100;;;0;0,06;[946, 947, 949, 948];[(12.273, 3.027), (12.104, 3.027), (12.104, 2.696), (12.273, 2.696)]
463;100;;;0;0,02;[948, 949, 951, 950];[(12.273, 2.696), (12.104, 2.696), (12.104, 2.578), (12.273, 2.578)]
464;100;;;0;0,09;[902, 950, 951, 903];[(12.28, 2.068), (12.273, 2.578), (12.104, 2.578), (12.102, 2.068)]
465;100;;;0;0,12;[951, 949, 952, 953];[(12.104, 2.578), (12.104, 2.696), (11.119, 2.696), (11.119, 2.578)]
466;100;;;0;0,11;[897, 899, 955, 954];[(12.102, 1.45), (12.102, 1.564), (11.115, 1.564), (11.115, 1.45)]
467;100;;;0;0,11;[889, 891, 957, 956];[(12.102, 0.345), (12.102, 0.452), (11.119, 0.452), (11.119, 0.345)]
468;100;;;0;0,35;[894, 892, 958, 959];[(12.242, 0.815), (12.242, 0.634), (14.146, 0.634), (14.146, 0.815)]
469;100;;;0;0,02;[959, 958, 960, 961];[(14.146, 0.815), (14.146, 0.634), (14.24, 0.634), (14.24, 0.815)]
470;100;;;0;0,01;[959, 961, 963, 962];[(14.146, 0.815), (14.24, 0.815), (14.24, 0.962), (14.146, 0.962)]
471;1;;;0;0,08;[962, 963, 965, 964];[(14.146, 0.962), (14.24, 0.962), (14.24, 1.831), (14.146, 1.831)]
472;100;;;0;0,01;[906, 964, 965, 910];[(14.147, 1.899), (14.146, 1.831), (14.24, 1.831), (14.242, 1.939)]
473;100;;;0;0,06;[912, 910, 966, 967];[(14.242, 2.144), (14.242, 1.939), (14.557, 1.939), (14.557, 2.144)]
474;1;;;0;0,19;[967, 966, 968, 969];[(14.557, 2.144), (14.557, 1.939), (15.506, 1.939), (15.506, 2.144)]
475;100;;;0;0,06;[818, 969, 968, 816];[(15.81, 2.134), (15.506, 2.144), (15.506, 1.939), (15.81, 1.93)]
476;100;;;0;0,13;[785, 960, 958, 791];[(14.24, -0.648), (14.24, 0.634), (14.146, 0.634), (14.139, -0.648)]
477;100;;;0;0,14;[944, 946, 971, 970];[(12.273, 3.189), (12.273, 3.027), (13.113, 3.027), (13.113, 3.189)]
478;100;;;0;0,03;[970, 971, 973, 972];[(13.113, 3.189), (13.113, 3.027), (13.3, 3.027), (13.3, 3.189)]
479;100;;;0;0,13;[914, 972, 973, 907];[(14.108, 3.197), (13.3, 3.189), (13.3, 3.027), (14.108, 3.03)]
480;100;;;0;0,16;[926, 970, 972, 924];[(13.12, 4.11), (13.113, 3.189), (13.3, 3.189), (13.289, 4.11)]
481;100;;;0;0,10;[871, 872, 975, 974];[(10.068, 5.7), (10.068, 5.572), (10.838, 5.572), (10.838, 5.7)]
482;1;;;0;0,13;[974, 975, 977, 976];[(10.838, 5.7), (10.838, 5.572), (11.844, 5.572), (11.844, 5.7)]
483;100;;;0;0,12;[976, 977, 979, 978];[(11.844, 5.7), (11.844, 5.572), (12.813, 5.572), (12.813, 5.7)]
484;100;;;0;0,01;[978, 979, 981, 980];[(12.813, 5.7), (12.813, 5.572), (12.917, 5.572), (12.917, 5.7)]
485;100;;;0;0,11;[980, 981, 983, 982];[(12.917, 5.7), (12.917, 5.572), (13.801, 5.572), (13.801, 5.7)]
486;1;;;0;0,13;[982, 983, 985, 984];[(13.801, 5.7), (13.801, 5.572), (14.821, 5.572), (14.821, 5.7)]
487;100;;;0;0,11;[826, 984, 985, 827];[(15.669, 5.702), (14.821, 5.7), (14.821, 5.572), (15.669, 5.566)]
488;100;;;0;0,52;[978, 980, 987, 986];[(12.813, 5.7), (12.917, 5.7), (12.917, 10.662), (12.813, 10.662)]
489;100;;;0;0,01;[986, 987, 989, 988];[(12.813, 10.662), (12.917, 10.662), (12.917, 10.731), (12.813, 10.731)]
490;100;;;0;0,07;[989, 987, 990, 991];[(12.917, 10.731), (12.917, 10.662), (13.893, 10.662), (13.893, 10.731)]
491;100;;;0;0,01;[991, 990, 992, 993];[(13.893, 10.731), (13.893, 10.662), (13.975, 10.662), (13.975, 10.731)]
492;100;;;0;0,01;[991, 993, 995, 994];[(13.893, 10.731), (13.975, 10.731), (13.975, 10.897), (13.893, 10.897)]
493;12;;;0;0,05;[994, 995, 997, 996];[(13.893, 10.897), (13.975, 10.897), (13.975, 11.518), (13.893, 11.518)]
494;100;;;0;0,02;[86, 996, 997, 88];[(13.902, 11.715), (13.893, 11.518), (13.975, 11.518), (13.982, 11.715)]
495;100;;;0;0,02;[986, 988, 999, 998];[(12.813, 10.662), (12.813, 10.731), (12.452, 10.731), (12.452, 10.662)]
496;100;;;0;0,01;[998, 999, 1001, 1000];[(12.452, 10.662), (12.452, 10.731), (12.376, 10.731), (12.376, 10.662)]
497;100;;;0;0,07;[78, 1001, 999, 80];[(12.377, 11.715), (12.376, 10.731), (12.452, 10.731), (12.451, 11.715)]
498;100;;;0;0,19;[61, 59, 1002, 1005, 1004, 1003];[(4.053, 11.715), (3.6, 11.715), (3.6, 11.305), (3.69, 11.305), (3.892, 11.305), (4.053, 11.305)]
499;100;;;0;0,32;[1004, 1005, 1007, 1006];[(3.892, 11.305), (3.69, 11.305), (3.69, 9.738), (3.892, 9.738)]
500;1;;;0;0,19;[1006, 1007, 1009, 1008];[(3.892, 9.738), (3.69, 9.738), (3.69, 8.807), (3.892, 8.807)]
501;100;;;0;0,35;[1008, 1009, 1011, 1010];[(3.892, 8.807), (3.69, 8.807), (3.69, 7.101), (3.892, 7.101)]
502;100;;;0;0,02;[1010, 1011, 1013, 1012];[(3.892, 7.101), (3.69, 7.101), (3.69, 6.997), (3.892, 6.997)]
503;100;;;0;0,17;[1012, 1013, 1015, 1014];[(3.892, 6.997), (3.69, 6.997), (3.69, 6.18), (3.892, 6.18)]
504;100;;;0;0,02;[1014, 1015, 1017, 1018, 1016];[(3.892, 6.18), (3.69, 6.18), (3.69, 6.092), (3.753, 6.092), (3.892, 6.092)]
505;100;;;0;0,05;[1016, 1018, 1020, 1019];[(3.892, 6.092), (3.753, 6.092), (3.753, 5.71), (3.892, 5.71)]
506;100;;;0;0,06;[1019, 1020, 1022, 1021];[(3.892, 5.71), (3.753, 5.71), (3.753, 5.264), (3.892, 5.264)]
507;100;;;0;0,37;[1021, 1022, 1024, 1023];[(3.892, 5.264), (3.753, 5.264), (3.753, 2.616), (3.892, 2.616)]
508;100;;;0;0,03;[1023, 1024, 1026, 1025];[(3.892, 2.616), (3.753, 2.616), (3.753, 2.412), (3.892, 2.412)]
509;100;;;0;0,40;[1025, 1026, 1028, 1027];[(3.892, 2.412), (3.753, 2.412), (3.753, -0.441), (3.892, -0.441)]
510;100;;;0;0,05;[1061, 1062, 1064, 1063];[(-7.966, -0.709), (-7.966, -0.577), (-8.373, -0.577), (-8.373, -0.709)]
511;100;;;0;0,19;[1055, 1056, 1058, 1057];[(-5.282, -0.709), (-5.282, -0.577), (-6.738, -0.577), (-6.738, -0.709)]
512;100;;;0;0,02;[1033, 1034, 1036, 1037];[(1.248, -0.709), (1.248, -0.577), (1.062, -0.577), (1.062, -0.709)]
513;100;;;0;0,19;[1035, 1027, 1028, 1039, 1040, 1041, 1042, 1038];[(4.045, -0.441), (3.892, -0.441), (3.753, -0.441), (3.613, -0.441), (3.613, -0.577), (3.613, -0.709), (3.613, -0.884), (4.045, -0.884)]
514;100;;;0;0,07;[1030, 1029, 1043, 1044];[(-1.439, -0.709), (-1.439, -0.577), (-1.944, -0.577), (-1.944, -0.709)]
515;100;;;0;0,02;[1057, 1058, 1060, 1059];[(-6.738, -0.709), (-6.738, -0.577), (-6.856, -0.577), (-6.856, -0.709)]
516;100;;;0;0,31;[1041, 1040, 1034, 1033];[(3.613, -0.709), (3.613, -0.577), (1.248, -0.577), (1.248, -0.709)]
517;100;;;0;0,21;[1037, 1036, 1032, 1031];[(1.062, -0.709), (1.062, -0.577), (-0.566, -0.577), (-0.566, -0.709)]
518;1;;;0;0,11;[1031, 1032, 1029, 1030];[(-0.566, -0.709), (-0.566, -0.577), (-1.439, -0.577), (-1.439, -0.709)]
519;100;;;0;0,01;[1045, 1046, 1056, 1055];[(-5.183, -0.709), (-5.183, -0.577), (-5.282, -0.577), (-5.282, -0.709)]
520;100;;;0;0,37;[1048, 1047, 1046, 1045];[(-2.362, -0.709), (-2.362, -0.577), (-5.183, -0.577), (-5.183, -0.709)]
521;100;;;0;0,19;[1047, 1048, 1054, 1053, 1052, 1044, 1043, 1049, 1050, 1051];[(-2.362, -0.577), (-2.362, -0.709), (-2.362, -0.884), (-2.056, -0.884), (-1.944, -0.884), (-1.944, -0.709), (-1.944, -0.577), (-1.944, -0.441), (-2.056, -0.441), (-2.362, -0.441)]
522;100;;;0;0,15;[1059, 1060, 1062, 1061];[(-6.856, -0.709), (-6.856, -0.577), (-7.966, -0.577), (-7.966, -0.709)]
523;100;;;0;0,06;[1064, 1062, 1065, 1066];[(-8.373, -0.577), (-7.966, -0.577), (-7.966, -0.44), (-8.373, -0.44)]
524;100;;;0;0,07;[1061, 1063, 1068, 1067];[(-7.966, -0.709), (-8.373, -0.709), (-8.373, -0.882), (-7.966, -0.882)]
525;100;;;0;0,01;[1064, 1066, 1071, 1070];[(-8.373, -0.577), (-8.373, -0.44), (-8.439, -0.44), (-8.439, -0.577)]
526;100;;;0;0,01;[1063, 1064, 1070, 1069];[(-8.373, -0.709), (-8.373, -0.577), (-8.439, -0.577), (-8.439, -0.709)]
527;100;;;0;0,32;[1069, 1070, 1073, 1072];[(-8.439, -0.709), (-8.439, -0.577), (-10.914, -0.577), (-10.914, -0.709)]
528;100;;;0;0,02;[1072, 1073, 1075, 1074];[(-10.914, -0.709), (-10.914, -0.577), (-11.051, -0.577), (-11.051, -0.709)]
529;100;;;0;0,58;[423, 1075, 1073, 424];[(-11.054, 3.549), (-11.051, -0.577), (-10.914, -0.577), (-10.912, 3.549)]
530;100;;;0;0,39;[438, 1056, 1046, 440];[(-5.27, 3.549), (-5.282, -0.577), (-5.183, -0.577), (-5.179, 3.549)]
531;100;;;0;0,06;[432, 430, 1076, 1077];[(-8.366, 3.549), (-8.44, 3.549), (-8.44, 2.693), (-8.366, 2.693)]
532;100;;;0;0,01;[1077, 1076, 1078, 1079];[(-8.366, 2.693), (-8.44, 2.693), (-8.44, 2.589), (-8.366, 2.589)]
533;100;;;0;0,21;[1066, 1079, 1078, 1071];[(-8.373, -0.44), (-8.366, 2.589), (-8.44, 2.589), (-8.439, -0.44)]
534;100;;;0;0,05;[1077, 1079, 1081, 1080];[(-8.366, 2.693), (-8.366, 2.589), (-7.893, 2.589), (-7.893, 2.693)]
535;2;;;0;0,08;[1080, 1081, 1083, 1082];[(-7.893, 2.693), (-7.893, 2.589), (-7.076, 2.589), (-7.076, 2.693)]
536;100;;;0;0,02;[1082, 1083, 1085, 1084];[(-7.076, 2.693), (-7.076, 2.589), (-6.849, 2.589), (-6.849, 2.693)]
537;100;;;0;0,01;[1084, 1085, 1087, 1086];[(-6.849, 2.693), (-6.849, 2.589), (-6.745, 2.589), (-6.745, 2.693)]
538;100;;;0;0,35;[1058, 1087, 1085, 1060];[(-6.738, -0.577), (-6.745, 2.589), (-6.849, 2.589), (-6.856, -0.577)]
539;100;;;0;0,45;[446, 1050, 1049, 448];[(-2.072, 3.549), (-2.056, -0.441), (-1.944, -0.441), (-1.958, 3.549)]
540;100;;;0;0,23;[1036, 1034, 1088, 1089];[(1.062, -0.577), (1.248, -0.577), (1.248, 0.681), (1.062, 0.681)]
541;1;;;0;0,13;[1089, 1088, 1090, 1091];[(1.062, 0.681), (1.248, 0.681), (1.248, 1.356), (1.062, 1.356)]
542;100;;;0;0,20;[1091, 1090, 1092, 1093];[(1.062, 1.356), (1.248, 1.356), (1.248, 2.417), (1.062, 2.417)]
543;100;;;0;0,04;[1093, 1092, 1094, 1095];[(1.062, 2.417), (1.248, 2.417), (1.248, 2.615), (1.062, 2.615)]
544;100;;;0;0,50;[1024, 1094, 1092, 1026];[(3.753, 2.616), (1.248, 2.615), (1.248, 2.417), (3.753, 2.412)]
545;100;;;0;0,28;[1095, 1094, 1096, 1097];[(1.062, 2.615), (1.248, 2.615), (1.248, 4.112), (1.062, 4.112)]
546;1;;;0;0,13;[1097, 1096, 1098, 1099];[(1.062, 4.112), (1.248, 4.112), (1.248, 4.792), (1.062, 4.792)]
547;100;;;0;0,24;[1099, 1098, 1100, 1101];[(1.062, 4.792), (1.248, 4.792), (1.248, 6.074), (1.062, 6.074)]
548;100;;;0;0,02;[1101, 1100, 1102, 1103];[(1.062, 6.074), (1.248, 6.074), (1.248, 6.182), (1.062, 6.182)]
549;100;;;0;0,24;[1015, 1102, 1100, 1017];[(3.69, 6.18), (1.248, 6.182), (1.248, 6.074), (3.69, 6.092)]
550;100;;;0;0,01;[1103, 1102, 1104, 1105];[(1.062, 6.182), (1.248, 6.182), (1.248, 6.253), (1.062, 6.253)]
551;1;;;0;0,12;[1105, 1104, 1106, 1107];[(1.062, 6.253), (1.248, 6.253), (1.248, 6.917), (1.062, 6.917)]
552;100;;;0;0,02;[1107, 1106, 1108, 1109];[(1.062, 6.917), (1.248, 6.917), (1.248, 6.999), (1.062, 6.999)]
553;100;;;0;0,02;[1109, 1108, 1110, 1111];[(1.062, 6.999), (1.248, 6.999), (1.248, 7.106), (1.062, 7.106)]
554;100;;;0;0,26;[1011, 1110, 1108, 1013];[(3.69, 7.101), (1.248, 7.106), (1.248, 6.999), (3.69, 6.997)]
555;100;;;0;0,72;[1111, 1110, 1112, 1113];[(1.062, 7.106), (1.248, 7.106), (1.248, 10.998), (1.062, 10.998)]
556;100;;;0;0,08;[1113, 1112, 1114, 1115];[(1.062, 10.998), (1.248, 10.998), (1.248, 11.406), (1.062, 11.406)]
557;100;;;0;0,15;[1114, 1112, 1116, 1118, 1117];[(1.248, 11.406), (1.248, 10.998), (1.609, 10.998), (1.609, 11.136), (1.609, 11.406)]
558;100;;;0;0,14;[1118, 1116, 1119, 1120];[(1.609, 11.136), (1.609, 10.998), (2.661, 10.998), (2.661, 11.136)]
559;100;;;0;0,01;[1120, 1119, 1121, 1122];[(2.661, 11.136), (2.661, 10.998), (2.768, 10.998), (2.768, 11.136)]
560;100;;;0;0,02;[1120, 1122, 1124, 1123];[(2.661, 11.136), (2.768, 11.136), (2.768, 11.303), (2.661, 11.303)]
561;2;;;0;0,07;[1123, 1124, 1126, 1125];[(2.661, 11.303), (2.768, 11.303), (2.768, 11.992), (2.661, 11.992)]
562;100;;;0;0,03;[1125, 1126, 1128, 1127];[(2.661, 11.992), (2.768, 11.992), (2.768, 12.23), (2.661, 12.23)]
563;100;;;0;0,01;[1127, 1128, 1130, 1129];[(2.661, 12.23), (2.768, 12.23), (2.768, 12.325), (2.661, 12.325)]
564;100;;;0;0,01;[1130, 1128, 1131, 1132];[(2.768, 12.325), (2.768, 12.23), (2.869, 12.23), (2.869, 12.325)]
565;2;;;0;0,06;[1132, 1131, 1133, 1134];[(2.869, 12.325), (2.869, 12.23), (3.482, 12.23), (3.482, 12.325)]
566;100;;;0;0,01;[55, 1134, 1133, 57];[(3.6, 12.327), (3.482, 12.325), (3.482, 12.23), (3.6, 12.23)]
567;100;;;0;0,10;[1127, 1129, 1136, 1135];[(2.661, 12.23), (2.661, 12.325), (1.609, 12.325), (1.609, 12.23)]
568;100;;;0;0,03;[1135, 1136, 1138, 1137];[(1.609, 12.23), (1.609, 12.325), (1.278, 12.325), (1.278, 12.23)]
569;100;;;0;0,15;[45, 1138, 1136, 47];[(1.281, 12.787), (1.278, 12.325), (1.609, 12.325), (1.608, 12.787)]
570;100;;;0;0,29;[1117, 1135, 1137, 1114];[(1.609, 11.406), (1.609, 12.23), (1.278, 12.23), (1.248, 11.406)]
571;100;;;0;0,05;[1113, 1115, 1140, 1139];[(1.062, 10.998), (1.062, 11.406), (0.934, 11.406), (0.934, 10.998)]
572;1;;;0;0,26;[1139, 1140, 1142, 1141];[(0.934, 10.998), (0.934, 11.406), (0.287, 11.406), (0.287, 10.998)]
573;100;;;0;0,08;[1141, 1142, 1144, 1143];[(0.287, 10.998), (0.287, 11.406), (0.084, 11.406), (0.084, 10.998)]
574;100;;;0;0,15;[1143, 1144, 1146, 1145];[(0.084, 10.998), (0.084, 11.406), (-0.28, 11.406), (-0.28, 10.998)]
575;100;;;0;0,52;[41, 1146, 1144, 43];[(-0.295, 12.787), (-0.28, 11.406), (0.084, 11.406), (0.089, 12.787)]
576;100;;;0;0,07;[1019, 1021, 1148, 1147];[(3.892, 5.71), (3.892, 5.264), (4.053, 5.264), (4.053, 5.71)]
577;100;;;0;0,07;[1022, 1020, 1149, 1150];[(3.753, 5.264), (3.753, 5.71), (3.601, 5.71), (3.601, 5.264)]
578;100;;;0;0,19;[35, 33, 1151, 1153, 1152];[(-1.911, 11.723), (-2.36, 11.723), (-2.36, 11.292), (-2.089, 11.292), (-1.911, 11.292)]
579;100;;;0;1,53;[1153, 1151, 1154, 1155];[(-2.089, 11.292), (-2.36, 11.292), (-2.36, 5.644), (-2.089, 5.644)]
580;100;;;0;0,04;[597, 599, 1166, 1165];[(-2.363, -3.564), (-1.951, -3.564), (-1.951, -3.455), (-2.363, -3.455)]
581;100;;;0;0,05;[608, 610, 1170, 1169];[(3.615, -3.564), (4.06, -3.564), (4.06, -3.449), (3.615, -3.449)]
582;100;;;0;0,19;[1156, 1157, 1159, 1164, 1161, 1155, 1154];[(-2.36, 5.53), (-2.36, 5.232), (-2.36, 5.196), (-1.928, 5.196), (-1.928, 5.644), (-2.089, 5.644), (-2.36, 5.644)]
583;100;;;0;1,67;[1157, 1156, 1160, 1163];[(-2.36, 5.232), (-2.36, 5.53), (-7.96, 5.53), (-7.96, 5.232)]
584;100;;;0;0,12;[1163, 1160, 1162, 1158];[(-7.96, 5.232), (-7.96, 5.53), (-8.376, 5.53), (-8.376, 5.232)]
585;1;;;0;3,97;[396, 392, 390, 398, 400, 402, 22, 20, 18, 16];[(-14.042, 11.723), (-14.039, 11.286), (-14.039, 10.392), (-13.603, 10.392), (-12.249, 10.392), (-11.054, 10.392), (-11.056, 11.723), (-12.249, 11.723), (-13.603, 11.723), (-13.942, 11.723)]
586;100;;;0;0,06;[598, 601, 1168, 1167];[(-1.951, -3.736), (-2.363, -3.736), (-2.363, -3.872), (-1.951, -3.872)]
587;100;;;0;0,06;[611, 609, 1171, 1172];[(4.06, -3.736), (3.615, -3.736), (3.615, -3.877), (4.06, -3.877)]
588;100;;;0;0,66;[187, 191, 1174, 1173];[(9.937, -16.6), (9.484, -16.6), (9.484, -18.053), (9.937, -18.053)]
589;100;;;0;0,19;[1173, 1174, 1176, 1175];[(9.937, -18.053), (9.484, -18.053), (9.484, -18.478), (9.937, -18.478)]
590;100;;;0;0,40;[1175, 1176, 1178, 1177];[(9.937, -18.478), (9.484, -18.478), (9.484, -19.351), (9.937, -19.351)]
591;100;;;0;0,20;[1177, 1178, 1180, 1179];[(9.937, -19.351), (9.484, -19.351), (9.484, -19.792), (9.937, -19.792)]
592;100;;;0;1,08;[1177, 1179, 1182, 1181];[(9.937, -19.351), (9.937, -19.792), (12.394, -19.792), (12.394, -19.351)]
593;100;;;0;0,20;[1181, 1182, 1184, 1183];[(12.394, -19.351), (12.394, -19.792), (12.852, -19.792), (12.852, -19.351)]
594;100;;;0;0,40;[1181, 1183, 1186, 1185];[(12.394, -19.351), (12.852, -19.351), (12.852, -18.47), (12.394, -18.47)]
595;100;;;0;0,19;[1185, 1186, 1188, 1187];[(12.394, -18.47), (12.852, -18.47), (12.852, -18.053), (12.394, -18.053)]
596;100;;;0;0,35;[1185, 1187, 1190, 1189];[(12.394, -18.47), (12.394, -18.053), (11.553, -18.053), (11.553, -18.47)]
597;1;;;0;0,43;[1189, 1190, 1192, 1191];[(11.553, -18.47), (11.553, -18.053), (10.533, -18.053), (10.533, -18.47)]
598;100;;;0;0,25;[1175, 1191, 1192, 1173];[(9.937, -18.478), (10.533, -18.47), (10.533, -18.053), (9.937, -18.053)]
599;100;;;0;1,63;[1188, 1186, 1193, 1194, 1263, 1265];[(12.852, -18.053), (12.852, -18.47), (16.763, -18.47), (16.763, -18.053), (15.334, -18.053), (12.947, -18.053)]
600;100;;;0;0,13;[1214, 1205, 1195, 1196];[(19.637, -18.882), (19.637, -19.303), (19.955, -19.458), (19.955, -19.041)]
601;100;;;0;0,13;[1194, 1193, 1197, 1206];[(16.763, -18.053), (16.763, -18.47), (17.083, -18.484), (17.083, -18.072)]
602;100;;;0;0,13;[1206, 1197, 1198, 1207, 1261];[(17.083, -18.072), (17.083, -18.484), (17.408, -18.541), (17.407, -18.131), (17.249, -18.102)]
603;100;;;0;0,13;[1207, 1198, 1199, 1208];[(17.407, -18.131), (17.408, -18.541), (17.734, -18.612), (17.734, -18.196)]
604;100;;;0;0,14;[1208, 1199, 1200, 1209];[(17.734, -18.196), (17.734, -18.612), (18.06, -18.69), (18.06, -18.273)]
605;100;;;0;0,13;[1209, 1200, 1201, 1210];[(18.06, -18.273), (18.06, -18.69), (18.383, -18.775), (18.383, -18.358)]
606;100;;;0;0,13;[1210, 1201, 1202, 1211];[(18.383, -18.358), (18.383, -18.775), (18.699, -18.898), (18.699, -18.482)]
607;100;;;0;0,13;[1211, 1202, 1203, 1212];[(18.699, -18.482), (18.699, -18.898), (19.011, -19.017), (19.011, -18.6)]
608;100;;;0;0,13;[1212, 1203, 1204, 1213];[(19.011, -18.6), (19.011, -19.017), (19.322, -19.154), (19.323, -18.731)]
609;100;;;0;0,13;[1213, 1204, 1205, 1214];[(19.323, -18.731), (19.322, -19.154), (19.637, -19.303), (19.637, -18.882)]
610;100;;;0;0,32;[228, 229, 1215, 1216];[(-8.405, -16.599), (-8.405, -15.891), (-8.854, -15.891), (-8.854, -16.599)]
611;100;;;0;0,66;[228, 1216, 1218, 1217];[(-8.405, -16.599), (-8.854, -16.599), (-8.854, -18.062), (-8.405, -18.062)]
612;100;;;0;0,18;[1217, 1218, 1220, 1219];[(-8.405, -18.062), (-8.854, -18.062), (-8.854, -18.47), (-8.405, -18.47)]
613;100;;;0;2,80;[1220, 1218, 161, 1257, 1221, 1222];[(-8.854, -18.47), (-8.854, -18.062), (-11.857, -18.062), (-14.286, -18.062), (-15.715, -18.062), (-15.715, -18.47)]
614;100;;;0;0,11;[1236, 1235, 1223, 1224];[(-18.621, -19.314), (-18.621, -18.888), (-18.885, -19.043), (-18.885, -19.451)]
615;100;;;0;0,11;[1222, 1221, 1225, 1246];[(-15.715, -18.47), (-15.715, -18.062), (-15.979, -18.088), (-15.979, -18.479)]
616;100;;;0;0,08;[1246, 1225, 1226, 1245];[(-15.979, -18.479), (-15.979, -18.088), (-16.185, -18.11), (-16.185, -18.512)]
617;100;;;0;0,13;[1245, 1226, 1227, 1244];[(-16.185, -18.512), (-16.185, -18.11), (-16.508, -18.167), (-16.508, -18.574)]
618;100;;;0;0,11;[1244, 1227, 1228, 1243];[(-16.508, -18.574), (-16.508, -18.167), (-16.772, -18.232), (-16.772, -18.64)]
619;100;;;0;0,11;[1243, 1228, 1229, 1242];[(-16.772, -18.64), (-16.772, -18.232), (-17.036, -18.304), (-17.036, -18.712)]
620;100;;;0;0,11;[1242, 1229, 1230, 1241];[(-17.036, -18.712), (-17.036, -18.304), (-17.3, -18.382), (-17.3, -18.791)]
621;100;;;0;0,11;[1241, 1230, 1231, 1240];[(-17.3, -18.791), (-17.3, -18.382), (-17.564, -18.467), (-17.564, -18.875)]
622;100;;;0;0,11;[1240, 1231, 1232, 1239];[(-17.564, -18.875), (-17.564, -18.467), (-17.828, -18.559), (-17.828, -18.967)]
623;100;;;0;0,11;[1239, 1232, 1233, 1238];[(-17.828, -18.967), (-17.828, -18.559), (-18.093, -18.656), (-18.093, -19.066)]
624;100;;;0;0,11;[1238, 1233, 1234, 1237];[(-18.093, -19.066), (-18.093, -18.656), (-18.357, -18.762), (-18.357, -19.176)]
625;100;;;0;0,11;[1237, 1234, 1235, 1236];[(-18.357, -19.176), (-18.357, -18.762), (-18.621, -18.888), (-18.621, -19.314)]
626;8;;;0;140,08;[293, 286, 291, 292, 288, 0, 281, 1, 335, 334, 340, 341, 344, 345, 351, 348, 352, 355, 3, 282, 295, 298, 297, 296, 290, 294];[(-32.548, 11.272), (-32.548, 5.709), (-32.144, 5.709), (-32.144, 5.262), (-32.548, 5.262), (-32.548, 0.023), (-21.377, 0.023), (-20.528, 0.023), (-20.528, 0.388), (-20.528, 1.557), (-20.528, 1.837), (-20.528, 2.044), (-20.528, 5.235), (-20.528, 5.678), (-20.528, 6.42), (-20.528, 6.591), (-20.528, 9.776), (-20.528, 10.528), (-20.528, 11.723), (-21.377, 11.723), (-26.129, 11.723), (-26.129, 11.269), (-26.536, 11.269), (-26.536, 11.723), (-32.136, 11.723), (-32.136, 11.272)]
627;13;;;0;2,32;[379, 488, 486, 476, 478, 480, 375, 377];[(-14.45, 5.238), (-15.775, 5.088), (-15.775, 4.895), (-15.775, 3.562), (-15.449, 3.562), (-14.65, 3.562), (-14.333, 3.54), (-14.333, 5.238)]
628;9;;;0;2,64;[1247, 1249, 1250, 1248, 354, 353];[(-20.325, 9.671), (-17.648, 9.671), (-17.648, 10.657), (-20.325, 10.657), (-20.325, 10.528), (-20.325, 9.776)]
629;9;;;0;3,16;[308, 1268, 359, 357, 451, 306, 307];[(-16.596, 0.278), (-16.601, 1.837), (-17.66, 1.837), (-17.796, 1.837), (-18.633, 1.837), (-18.623, 0.278), (-16.722, 0.278)]
630;1;;;0;15,98;[313, 506, 504, 497, 495, 493, 491, 1269, 1272, 489, 319, 309, 314];[(-20.049, -9.548), (-19.171, -9.536), (-18.147, -9.536), (-16.82, -9.536), (-16.82, -3.834), (-18.004, -3.834), (-18.004, -4.561), (-18.098, -4.668), (-18.762, -5.429), (-18.852, -5.532), (-20.21, -5.532), (-20.21, -9.402), (-20.049, -9.402)]
631;8;;;0;141,35;[300, 302, 304, 315, 318, 310, 320, 322, 324, 325, 326, 275, 271, 267, 270, 269, 265, 260, 261, 258, 253, 255, 254, 251, 249];[(-20.517, -15.48), (-20.391, -15.48), (-20.391, -9.875), (-20.493, -9.875), (-20.493, -9.402), (-20.391, -9.402), (-20.391, -5.532), (-20.391, -5.395), (-20.391, -4.312), (-20.857, -4.312), (-20.857, -4.207), (-21.377, -4.209), (-32.547, -4.209), (-32.547, -9.476), (-32.145, -9.476), (-32.145, -9.882), (-32.547, -9.882), (-32.547, -15.469), (-32.139, -15.469), (-32.139, -15.891), (-26.538, -15.891), (-26.538, -15.483), (-26.103, -15.483), (-26.103, -15.891), (-20.517, -15.891)]
632;8;;;0;20,96;[505, 507, 312, 311, 303, 301, 299, 247, 159, 245, 502];[(-18.147, -9.686), (-19.171, -9.686), (-20.049, -9.686), (-20.049, -9.875), (-20.21, -9.875), (-20.21, -15.48), (-20.047, -15.48), (-20.047, -15.891), (-18.901, -15.891), (-16.815, -15.891), (-16.82, -9.686)]
633;1;;;0;5,59;[1215, 229, 554, 552, 550, 548, 544, 235, 233, 231];[(-8.854, -15.891), (-8.405, -15.891), (-8.401, -15.479), (-8.401, -14.339), (-9.46, -14.339), (-10.685, -14.339), (-12.004, -14.339), (-12.004, -15.891), (-10.63, -15.891), (-9.405, -15.891)]
634;1;;;0;29,48;[237, 545, 547, 546, 549, 551, 553, 555, 560, 564, 565, 566, 572, 574, 576, 578, 580, 582, 585, 533, 531, 537, 538, 239];[(-12.12, -15.891), (-12.12, -14.339), (-12.12, -14.221), (-12.004, -14.221), (-10.685, -14.221), (-9.46, -14.221), (-8.401, -14.221), (-8.275, -14.221), (-8.275, -10.214), (-8.43, -10.214), (-8.43, -9.886), (-8.43, -9.748), (-9.389, -9.748), (-10.407, -9.748), (-11.452, -9.748), (-11.64, -9.748), (-12.472, -9.748), (-13.485, -9.748), (-14.039, -9.741), (-14.039, -9.877), (-14.14, -9.877), (-14.14, -15.491), (-14.041, -15.491), (-14.039, -15.891)]
635;2;;Кладовая;0;18,51;[571, 595, 594, 590, 586, 577, 575, 573, 568, 570];[(-8.272, -9.472), (-8.269, -3.861), (-8.446, -3.861), (-8.446, -3.772), (-11.452, -3.772), (-11.452, -9.603), (-10.407, -9.603), (-9.389, -9.603), (-8.43, -9.603), (-8.43, -9.472)]
636;2;;Кладовая;0;14,40;[521, 529, 532, 584, 583, 581, 579, 587, 527, 525];[(-14.11, -3.896), (-14.11, -9.469), (-14.039, -9.469), (-14.039, -9.61), (-13.485, -9.603), (-12.472, -9.603), (-11.64, -9.603), (-11.64, -3.772), (-14.043, -3.765), (-14.043, -3.896)]
637;2;;Венткамера;0;10,61;[216, 672, 675, 681, 683, 685, 220, 218];[(-2.678, -15.35), (-2.678, -10.745), (-2.894, -10.745), (-3.601, -10.745), (-4.52, -10.745), (-4.983, -10.745), (-4.983, -15.35), (-4.498, -15.35)]
638;2;;Венткамера;0;180,50;[645, 647, 649, 615, 632, 614, 628, 629, 621, 619, 618, 613, 611, 1172, 1171, 609, 607, 593, 598, 1167, 1168, 601, 602, 604, 600, 569, 562, 567, 563, 561, 557, 556, 558, 559, 224, 221, 222, 687, 688, 686, 684, 682, 676, 679, 678, 680, 674, 673, 677, 671, 214, 212, 663, 664, 666, 669, 670, 667, 668, 665, 662, 660, 658, 656, 654, 652, 650, 644];[(8.415, -14.089), (8.683, -14.089), (9.494, -14.089), (9.763, -14.06), (9.763, -10.012), (9.763, -9.879), (9.672, -9.879), (9.672, -9.431), (9.763, -9.431), (9.763, -3.868), (9.667, -3.868), (9.667, -3.736), (4.06, -3.736), (4.06, -3.877), (3.615, -3.877), (3.615, -3.736), (0.151, -3.736), (-1.23, -3.736), (-1.951, -3.736), (-1.951, -3.872), (-2.363, -3.872), (-2.363, -3.736), (-7.997, -3.736), (-7.997, -3.861), (-8.125, -3.861), (-8.133, -9.472), (-7.997, -9.472), (-7.997, -9.886), (-8.133, -9.886), (-8.133, -10.214), (-8.133, -14.221), (-8.133, -14.339), (-8.133, -15.479), (-8.002, -15.479), (-7.995, -15.891), (-5.14, -15.891), (-5.14, -15.35), (-5.139, -10.745), (-5.139, -10.62), (-4.983, -10.62), (-4.52, -10.62), (-3.601, -10.62), (-2.894, -10.62), (-2.894, -9.883), (-2.361, -9.883), (-2.361, -9.44), (-1.947, -9.44), (-1.947, -9.883), (-1.817, -9.883), (-1.817, -10.745), (-1.817, -15.35), (3.431, -15.35), (3.407, -14.195), (3.407, -14.089), (3.407, -9.876), (3.616, -9.876), (3.616, -9.436), (4.051, -9.436), (4.051, -9.876), (4.298, -9.876), (4.298, -14.089), (5.108, -14.089), (5.931, -14.089), (6.705, -14.089), (6.904, -14.089), (7.21, -14.089), (8.033, -14.089), (8.225, -14.089)]
639;1;;;0;45,74;[61, 1003, 1004, 1006, 1008, 1010, 1012, 1014, 1016, 1019, 1147, 1148, 1021, 1023, 847, 849, 848, 851, 859, 862, 864, 866, 868, 873, 880, 882, 884, 886, 887, 62, 56, 60];[(4.053, 11.715), (4.053, 11.305), (3.892, 11.305), (3.892, 9.738), (3.892, 8.807), (3.892, 7.101), (3.892, 6.997), (3.892, 6.18), (3.892, 6.092), (3.892, 5.71), (4.053, 5.71), (4.053, 5.264), (3.892, 5.264), (3.892, 2.616), (6.638, 3.264), (6.638, 3.466), (6.908, 3.466), (8.915, 3.466), (9.658, 3.466), (9.658, 3.67), (9.658, 3.767), (9.658, 5.264), (9.658, 5.7), (9.658, 10.253), (9.445, 10.253), (8.1, 10.253), (7.657, 10.253), (7.522, 10.253), (7.522, 10.43), (7.518, 11.715), (6.803, 11.715), (4.303, 11.715)]
640;1;;;0;10,44;[1023, 1025, 1027, 1035, 1038, 840, 841, 843, 845, 847];[(3.892, 2.616), (3.892, 2.412), (3.892, -0.441), (4.045, -0.441), (4.045, -0.884), (6.638, -0.891), (6.638, -0.715), (6.638, 1.183), (6.638, 1.492), (6.638, 3.264)]
641;1;;;0;15,35;[1170, 610, 612, 616, 617, 807, 813, 814, 835, 838, 840, 1038];[(4.06, -3.449), (4.06, -3.564), (9.667, -3.564), (9.667, -3.466), (9.795, -3.466), (9.797, -3.196), (9.797, -1.361), (9.797, -0.891), (9.388, -0.891), (6.908, -0.891), (6.638, -0.891), (4.045, -0.884)]
642;1;;;0;17,01;[1166, 599, 592, 606, 608, 1169, 1170, 1038, 1042, 1041, 1033, 1037, 1031, 1030, 1044, 1052];[(-1.951, -3.455), (-1.951, -3.564), (-1.23, -3.564), (0.151, -3.564), (3.615, -3.564), (3.615, -3.449), (4.06, -3.449), (4.045, -0.884), (3.613, -0.884), (3.613, -0.709), (1.248, -0.709), (1.062, -0.709), (-0.566, -0.709), (-1.439, -0.709), (-1.944, -0.709), (-1.944, -0.884)]
643;1;;;0;1,07;[1166, 1052, 1053, 1054, 1165];[(-1.951, -3.455), (-1.944, -0.884), (-2.056, -0.884), (-2.362, -0.884), (-2.363, -3.455)]
644;1;;;0;16,05;[1054, 1048, 1045, 1055, 1057, 1059, 1061, 1067, 605, 603, 597, 1165];[(-2.362, -0.884), (-2.362, -0.709), (-5.183, -0.709), (-5.282, -0.709), (-6.738, -0.709), (-6.856, -0.709), (-7.966, -0.709), (-7.966, -0.882), (-7.997, -3.426), (-7.997, -3.564), (-2.363, -3.564), (-2.363, -3.455)]
645;1;;;0;1,09;[1068, 596, 605, 1067];[(-8.373, -0.882), (-8.446, -3.426), (-7.997, -3.426), (-7.966, -0.882)]
646;1;;;0;8,11;[1072, 588, 591, 596, 1068, 1063, 1069];[(-10.914, -0.709), (-11.452, -3.632), (-8.446, -3.632), (-8.446, -3.426), (-8.373, -0.882), (-8.373, -0.709), (-8.439, -0.709)]
647;1;;;0;4,25;[1072, 1074, 524, 526, 589, 588];[(-10.914, -0.709), (-11.051, -0.709), (-14.043, -3.459), (-14.043, -3.634), (-11.64, -3.632), (-11.452, -3.632)]
648;1;;;0;4,90;[1074, 1075, 542, 543, 513, 515, 517, 519, 524];[(-11.051, -0.709), (-11.051, -0.577), (-14.042, -0.505), (-14.042, -0.919), (-14.155, -0.919), (-14.155, -1.497), (-14.155, -2.705), (-14.155, -3.459), (-14.043, -3.459)]
649;1;;;0;0,56;[415, 1286, 1285, 380];[(-11.054, 5.233), (-11.054, 5.423), (-14.039, 5.423), (-14.039, 5.238)]
650;1;;;0;17,92;[380, 378, 376, 374, 372, 373, 511, 542, 1075, 423, 421, 419, 417, 415];[(-14.039, 5.238), (-14.155, 5.238), (-14.155, 3.54), (-14.155, 3.434), (-14.155, 2.044), (-14.155, 1.837), (-14.155, -0.505), (-14.042, -0.505), (-11.051, -0.577), (-11.054, 3.549), (-11.054, 3.707), (-11.054, 3.911), (-11.054, 4.167), (-11.054, 5.233)]
651;1;;;0;13,23;[418, 449, 450, 420, 422, 425, 427, 429, 431, 433, 435, 437, 439, 441, 443, 445, 1159, 1157, 1163, 1158, 416];[(-10.912, 4.167), (-10.824, 4.167), (-10.824, 3.911), (-10.912, 3.911), (-10.912, 3.707), (-10.169, 3.707), (-9.228, 3.707), (-8.44, 3.707), (-8.366, 3.707), (-6.693, 3.707), (-5.723, 3.707), (-5.27, 3.707), (-5.179, 3.707), (-3.506, 3.707), (-2.571, 3.707), (-2.072, 3.707), (-2.36, 5.196), (-2.36, 5.232), (-7.96, 5.232), (-8.376, 5.232), (-10.912, 5.233)]
652;2;;ЦТП (Котельная);0;0,75;[1162, 1287, 416, 1158];[(-8.376, 5.53), (-10.912, 5.53), (-10.912, 5.233), (-8.376, 5.232)]
653;1;;;0;19,36;[1161, 1164, 447, 448, 1049, 1043, 1029, 1032, 1036, 1089, 1091, 1093, 1095, 1097, 1099, 1101];[(-1.928, 5.644), (-1.928, 5.196), (-1.958, 3.707), (-1.958, 3.549), (-1.944, -0.441), (-1.944, -0.577), (-1.439, -0.577), (-0.566, -0.577), (1.062, -0.577), (1.062, 0.681), (1.062, 1.356), (1.062, 2.417), (1.062, 2.615), (1.062, 4.112), (1.062, 4.792), (1.062, 6.074)]
654;2;;Венткамера;0;1,63;[43, 1144, 1142, 1140, 1115, 1114, 1137, 1138, 45];[(0.089, 12.787), (0.084, 11.406), (0.287, 11.406), (0.934, 11.406), (1.062, 11.406), (1.248, 11.406), (1.278, 12.23), (1.278, 12.325), (1.281, 12.787)]
655;1;;;0;19,19;[1101, 1103, 1105, 1107, 1109, 1111, 1113, 1139, 1141, 1143, 1145, 1146, 41, 39, 36, 35, 1152, 1153, 1155, 1161];[(1.062, 6.074), (1.062, 6.182), (1.062, 6.253), (1.062, 6.917), (1.062, 6.999), (1.062, 7.106), (1.062, 10.998), (0.934, 10.998), (0.287, 10.998), (0.084, 10.998), (-0.28, 10.998), (-0.28, 11.406), (-0.295, 12.787), (-1.911, 12.787), (-1.911, 12.468), (-1.911, 11.723), (-1.911, 11.292), (-2.089, 11.292), (-2.089, 5.644), (-1.928, 5.644)]
656;2;;Венткамера;0;0,92;[47, 1136, 1129, 1130, 1132, 1134, 55, 53, 49];[(1.608, 12.787), (1.609, 12.325), (2.661, 12.325), (2.768, 12.325), (2.869, 12.325), (3.482, 12.325), (3.6, 12.327), (3.6, 12.452), (3.6, 12.787)]
657;2;;Венткамера;0;1,15;[1118, 1120, 1123, 1125, 1127, 1135, 1117];[(1.609, 11.136), (2.661, 11.136), (2.661, 11.303), (2.661, 11.992), (2.661, 12.23), (1.609, 12.23), (1.609, 11.406)]
658;2;;Венткамера;0;10,56;[57, 1133, 1131, 1128, 1126, 1124, 1122, 1121, 1119, 1116, 1112, 1110, 1011, 1009, 1007, 1005, 1002, 59];[(3.6, 12.23), (3.482, 12.23), (2.869, 12.23), (2.768, 12.23), (2.768, 11.992), (2.768, 11.303), (2.768, 11.136), (2.768, 10.998), (2.661, 10.998), (1.609, 10.998), (1.248, 10.998), (1.248, 7.106), (3.69, 7.101), (3.69, 8.807), (3.69, 9.738), (3.69, 11.305), (3.6, 11.305), (3.6, 11.715)]
659;4;;;0;2,00;[1013, 1108, 1106, 1104, 1102, 1015];[(3.69, 6.997), (1.248, 6.999), (1.248, 6.917), (1.248, 6.253), (1.248, 6.182), (3.69, 6.18)]
660;2;;;0;8,62;[1017, 1100, 1098, 1096, 1094, 1024, 1022, 1150, 1149, 1020, 1018];[(3.69, 6.092), (1.248, 6.074), (1.248, 4.792), (1.248, 4.112), (1.248, 2.615), (3.753, 2.616), (3.753, 5.264), (3.601, 5.264), (3.601, 5.71), (3.753, 5.71), (3.753, 6.092)]
661;2;;;0;7,47;[1026, 1092, 1090, 1088, 1034, 1040, 1039, 1028];[(3.753, 2.412), (1.248, 2.417), (1.248, 1.356), (1.248, 0.681), (1.248, -0.577), (3.613, -0.577), (3.613, -0.441), (3.753, -0.441)]
662;2;;;0;12,82;[1046, 1047, 1051, 1050, 446, 444, 442, 440];[(-5.183, -0.577), (-2.362, -0.577), (-2.362, -0.441), (-2.056, -0.441), (-2.072, 3.549), (-2.571, 3.549), (-3.506, 3.549), (-5.179, 3.549)]
663;2;;;0;7,44;[1077, 1080, 1082, 1084, 1086, 1087, 1058, 1056, 438, 436, 434, 432];[(-8.366, 2.693), (-7.893, 2.693), (-7.076, 2.693), (-6.849, 2.693), (-6.745, 2.693), (-6.745, 2.589), (-6.738, -0.577), (-5.282, -0.577), (-5.27, 3.549), (-5.723, 3.549), (-6.693, 3.549), (-8.366, 3.549)]
664;2;;;0;4,75;[1060, 1085, 1083, 1081, 1079, 1066, 1065, 1062];[(-6.856, -0.577), (-6.849, 2.589), (-7.076, 2.589), (-7.893, 2.589), (-8.366, 2.589), (-8.373, -0.44), (-7.966, -0.44), (-7.966, -0.577)]
665;2;;;0;10,21;[424, 1073, 1070, 1071, 1078, 1076, 430, 428, 426];[(-10.912, 3.549), (-10.914, -0.577), (-8.439, -0.577), (-8.439, -0.44), (-8.44, 2.589), (-8.44, 2.693), (-8.44, 3.549), (-9.228, 3.549), (-10.169, 3.549)]
666;2;;;0;3,56;[846, 844, 853, 850];[(6.908, 3.264), (6.908, 1.492), (8.916, 1.492), (8.915, 3.264)]
667;2;;;0;4,71;[836, 854, 852, 842, 839, 837];[(9.388, -0.441), (9.398, 1.183), (8.916, 1.183), (6.908, 1.183), (6.908, -0.715), (9.388, -0.715)]
668;4;;;0;9,58;[798, 889, 956, 957, 891, 893, 895, 897, 954, 955, 899, 901, 903, 951, 953, 952, 949, 947, 945, 939, 941, 943, 863, 861, 860, 857, 856, 815, 810, 804, 802, 800];[(12.102, -0.648), (12.102, 0.345), (11.119, 0.345), (11.119, 0.452), (12.102, 0.452), (12.102, 0.634), (12.102, 0.815), (12.102, 1.45), (11.115, 1.45), (11.115, 1.564), (12.102, 1.564), (12.102, 1.899), (12.102, 2.068), (12.104, 2.578), (11.119, 2.578), (11.119, 2.696), (12.104, 2.696), (12.104, 3.027), (12.104, 3.189), (12.104, 3.669), (10.981, 3.669), (10.269, 3.669), (9.794, 3.67), (9.794, 3.466), (9.794, 3.264), (9.789, 1.492), (9.789, 1.183), (9.797, -0.441), (10.068, -0.441), (10.068, -0.648), (10.269, -0.648), (10.99, -0.648)]
669;1;;;0;0,18;[925, 981, 979, 927];[(13.289, 4.244), (12.917, 5.572), (12.813, 5.572), (13.12, 4.244)]
670;1;;;0;5,21;[865, 942, 940, 937, 934, 935, 933, 931, 929, 927, 979, 977, 975, 872, 870, 867];[(9.794, 3.767), (10.269, 3.775), (10.981, 3.775), (12.104, 3.775), (12.104, 4.11), (12.104, 4.244), (12.273, 4.244), (12.375, 4.244), (13.053, 4.244), (13.12, 4.244), (12.813, 5.572), (11.844, 5.572), (10.838, 5.572), (10.068, 5.572), (10.068, 5.264), (9.794, 5.264)]
671;1;;;0;2,69;[827, 985, 983, 981, 925, 923, 921, 918, 919, 825];[(15.669, 5.566), (14.821, 5.572), (13.801, 5.572), (12.917, 5.572), (13.289, 4.244), (13.364, 4.244), (14.037, 4.244), (14.108, 4.244), (14.242, 4.244), (15.669, 5.253)]
672;1;;;0;4,16;[820, 825, 919, 917, 915, 913, 911, 912, 967, 969, 818];[(15.81, 5.253), (15.669, 5.253), (14.242, 4.244), (14.242, 4.11), (14.242, 3.197), (14.242, 3.03), (14.242, 2.991), (14.242, 2.144), (14.557, 2.144), (15.506, 2.144), (15.81, 2.134)]
673;4;;;0;0,78;[928, 930, 932, 936, 938, 944, 970, 926];[(13.053, 4.11), (12.375, 4.11), (12.273, 4.11), (12.273, 3.775), (12.273, 3.669), (12.273, 3.189), (13.113, 3.189), (13.12, 4.11)]
674;4;;;0;0,75;[916, 920, 922, 924, 972, 914];[(14.108, 4.11), (14.037, 4.11), (13.364, 4.11), (13.289, 4.11), (13.3, 3.189), (14.108, 3.197)]
675;3;;;0;1,76;[905, 908, 909, 907, 973, 971, 946, 948, 950, 902];[(14.108, 2.068), (14.108, 2.144), (14.108, 2.991), (14.108, 3.03), (13.3, 3.027), (13.113, 3.027), (12.273, 3.027), (12.273, 2.696), (12.273, 2.578), (12.28, 2.068)]
676;4;;;0;2,06;[894, 959, 962, 964, 906, 904, 900, 898, 896];[(12.242, 0.815), (14.146, 0.815), (14.146, 0.962), (14.146, 1.831), (14.147, 1.899), (14.108, 1.899), (12.242, 1.899), (12.242, 1.564), (12.242, 1.45)]
677;1;;;0;4,03;[771, 816, 968, 966, 910, 965, 963, 961, 960, 785, 782, 779, 774, 777, 773, 772];[(15.81, -0.058), (15.81, 1.93), (15.506, 1.939), (14.557, 1.939), (14.242, 1.939), (14.24, 1.831), (14.24, 0.962), (14.24, 0.815), (14.24, 0.634), (14.24, -0.648), (14.307, -0.648), (14.556, -0.648), (15.498, -0.648), (15.675, -0.648), (15.675, -0.415), (15.81, -0.415)]
678;3;;;0;2,44;[791, 958, 892, 890, 888, 796, 794, 784];[(14.139, -0.648), (14.146, 0.634), (12.242, 0.634), (12.242, 0.452), (12.242, 0.345), (12.242, -0.648), (12.819, -0.648), (13.534, -0.648)]
679;1;;;0;2,57;[66, 885, 883, 881, 875, 877, 74, 72, 70, 68];[(7.665, 11.715), (7.657, 10.43), (8.1, 10.43), (9.445, 10.43), (9.658, 10.43), (9.658, 11.309), (9.667, 11.715), (9.463, 11.715), (8.096, 11.715), (7.863, 11.715)]
680;12;;;0;17,39;[76, 879, 878, 876, 874, 869, 871, 974, 976, 978, 986, 998, 1000, 1001, 78];[(10.069, 11.715), (10.066, 11.309), (9.83, 11.309), (9.83, 10.43), (9.83, 10.253), (9.83, 5.7), (10.068, 5.7), (10.838, 5.7), (11.844, 5.7), (12.813, 5.7), (12.813, 10.662), (12.452, 10.662), (12.376, 10.662), (12.376, 10.731), (12.377, 11.715)]
681;12;;;0;16,94;[88, 997, 995, 993, 992, 990, 987, 980, 982, 984, 826, 822, 821, 828, 830, 90];[(13.982, 11.715), (13.975, 11.518), (13.975, 10.897), (13.975, 10.731), (13.975, 10.662), (13.893, 10.662), (12.917, 10.662), (12.917, 5.7), (13.801, 5.7), (14.821, 5.7), (15.669, 5.702), (15.81, 5.702), (15.937, 5.702), (15.937, 11.312), (15.677, 11.312), (15.677, 11.715)]
682;2;;;0;1,42;[80, 999, 988, 989, 991, 994, 996, 86, 84, 82];[(12.451, 11.715), (12.452, 10.731), (12.813, 10.731), (12.917, 10.731), (13.893, 10.731), (13.893, 10.897), (13.893, 11.518), (13.902, 11.715), (13.16, 11.715), (12.893, 11.715)]
683;1;;;0;11,82;[624, 689, 691, 693, 699, 789, 787, 783, 790, 792, 793, 795, 797, 799, 801, 803, 805, 808, 809, 811, 812, 622, 626];[(10.068, -3.564), (13.604, -3.564), (13.759, -3.564), (14.204, -3.564), (14.204, -3.525), (14.212, -2.781), (14.212, -1.694), (14.212, -0.851), (14.212, -0.816), (14.139, -0.816), (13.534, -0.816), (12.819, -0.816), (12.242, -0.816), (12.102, -0.816), (10.99, -0.816), (10.269, -0.816), (10.068, -0.816), (10.068, -0.852), (9.901, -0.852), (9.901, -1.361), (9.901, -3.196), (9.902, -3.466), (10.068, -3.466)]
684;1;;;0;0,69;[714, 737, 739, 716];[(16.101, -10.008), (18.176, -9.542), (18.176, -9.439), (16.101, -9.448)]
685;1;;;0;1,11;[704, 712, 778, 781];[(15.671, -3.427), (16.104, -3.427), (16.105, -0.851), (15.675, -0.851)]
686;1;;;0;3,65;[701, 704, 781, 780, 776, 775, 786, 788, 700];[(15.671, -3.525), (15.671, -3.427), (15.675, -0.851), (15.498, -0.851), (14.556, -0.851), (14.307, -0.851), (14.307, -1.694), (14.307, -2.781), (14.306, -3.525)]
687;1;;;0;19,38;[763, 778, 712, 709, 705, 710, 716, 739, 1256, 1255];[(16.105, -0.415), (16.105, -0.851), (16.104, -3.427), (16.104, -3.868), (15.983, -3.868), (15.983, -9.448), (16.101, -9.448), (18.176, -9.439), (18.176, -7.961), (18.176, -0.415)]
688;1;;;0;31,90;[760, 765, 767, 134, 1251, 1253, 1252, 741, 743, 756, 758, 759, 130, 128, 761];[(22.198, -0.403), (21.107, -0.403), (20.12, -0.403), (18.293, -0.415), (18.293, -7.961), (20.327, -7.961), (20.327, -9.439), (21.747, -9.439), (21.947, -9.439), (21.947, -4.138), (21.947, -3.331), (22.157, -3.331), (22.663, -3.331), (22.663, -0.812), (22.198, -0.812)]
689;2;;;0;2,78;[207, 655, 657, 659, 661, 210, 208];[(6.701, -15.35), (6.705, -14.195), (5.931, -14.195), (5.108, -14.195), (4.298, -14.195), (4.292, -15.35), (6.143, -15.35)]
690;9;;;0;3,01;[1252, 1253, 1251, 738];[(20.327, -9.439), (20.327, -7.961), (18.293, -7.961), (18.293, -9.439)]
691;100;;;0;0,89;[1255, 1256, 1251, 134];[(18.176, -0.415), (18.176, -7.961), (18.293, -7.961), (18.293, -0.415)]
692;100;;;0;0,74;[1255, 1254, 762, 763];[(18.176, -0.415), (18.176, -0.058), (16.105, -0.058), (16.105, -0.415)]
693;1;;;0;0,17;[1251, 1256, 739, 738];[(18.293, -7.961), (18.176, -7.961), (18.176, -9.439), (18.293, -9.439)]
694;2;;;0;2,07;[186, 636, 651, 653, 206, 200, 198, 196, 194];[(8.225, -14.329), (8.033, -14.329), (7.21, -14.329), (6.904, -14.329), (6.905, -15.35), (6.905, -15.894), (7.007, -15.894), (7.408, -15.894), (8.225, -15.894)]
695;2;;;0;2,06;[192, 190, 188, 643, 640, 638, 648, 646, 189];[(8.415, -15.894), (9.484, -15.894), (9.661, -15.894), (9.661, -15.447), (9.763, -15.447), (9.763, -14.32), (9.494, -14.329), (8.683, -14.329), (8.415, -14.329)]
696;1;;;0;6,28;[178, 729, 727, 725, 637, 639, 641, 642, 184, 182, 180];[(13.561, -15.894), (13.563, -14.155), (11.569, -14.155), (10.541, -14.155), (9.902, -14.155), (9.902, -14.32), (9.902, -15.447), (10.095, -15.447), (10.102, -15.894), (10.553, -15.894), (11.552, -15.894)]
697;1;;;0;42,03;[168, 733, 735, 737, 714, 696, 715, 706, 703, 718, 720, 722, 634, 633, 635, 724, 726, 728, 730, 731, 176, 172, 175, 174, 170];[(18.176, -15.894), (18.176, -11.514), (18.176, -10.491), (18.176, -9.542), (16.101, -10.008), (15.675, -10.008), (14.992, -10.008), (14.078, -10.008), (13.775, -10.008), (13.597, -10.008), (13.255, -10.008), (12.336, -10.008), (10.073, -10.012), (9.902, -10.012), (9.902, -14.06), (10.541, -14.06), (11.569, -14.06), (13.563, -14.06), (13.706, -14.06), (13.706, -14.155), (13.698, -15.894), (15.658, -15.894), (15.658, -15.492), (16.108, -15.492), (16.108, -15.894)]
698;8;;;0;12,44;[697, 713, 711, 695, 702, 698, 694, 692, 717, 707, 708];[(15.675, -9.885), (15.675, -9.448), (15.801, -9.448), (15.801, -3.868), (15.671, -3.868), (15.671, -3.736), (14.204, -3.736), (13.759, -3.736), (13.775, -9.885), (14.078, -9.885), (14.992, -9.885)]
699;12;;;0;22,64;[631, 630, 723, 721, 719, 690, 625, 627, 623, 620];[(10.073, -9.431), (10.073, -9.879), (12.336, -9.885), (13.255, -9.885), (13.597, -9.885), (13.604, -3.736), (10.068, -3.736), (10.068, -3.868), (9.902, -3.868), (9.902, -9.431)]
700;11;;Тренажёрный зал;0;212,16;[92, 829, 824, 823, 819, 817, 806, 769, 762, 1254, 132, 768, 766, 764, 126, 125, 123, 114, 112, 120, 119, 110, 116, 118, 105, 100, 833, 834, 107, 98, 832, 831, 96];[(16.114, 11.715), (16.105, 11.312), (16.105, 5.702), (16.105, 5.253), (15.98, 5.253), (15.98, 2.134), (15.98, 1.93), (15.98, -0.058), (16.105, -0.058), (18.176, -0.058), (18.293, -0.058), (20.12, -0.073), (21.107, -0.073), (22.198, -0.073), (22.198, 0.066), (22.663, 0.066), (22.966, 0.066), (34.253, 0.066), (34.253, 5.264), (33.844, 5.264), (33.844, 5.704), (34.253, 5.704), (34.253, 11.276), (33.847, 11.276), (33.847, 11.715), (28.226, 11.715), (28.226, 11.307), (27.785, 11.307), (27.785, 11.715), (22.164, 11.715), (22.164, 11.273), (21.762, 11.273), (21.762, 11.715)]
701;12;;;0;23,06;[164, 753, 752, 750, 744, 747, 746, 740, 736, 734, 732, 166, 1259];[(21.742, -15.894), (21.746, -15.483), (21.947, -15.483), (21.947, -14.762), (21.947, -14.64), (21.947, -9.88), (21.747, -9.88), (21.747, -9.542), (18.293, -9.542), (18.293, -10.491), (18.293, -11.514), (18.293, -15.894), (19.945, -15.894)]
702;100;;;0;1,23;[240, 241, 157, 156];[(-14.454, -16.599), (-14.454, -15.891), (-16.185, -15.891), (-16.185, -16.599)]
703;1;;;0;2,79;[1226, 1225, 1221, 1257, 1258, 240, 156];[(-16.185, -18.11), (-15.979, -18.088), (-15.715, -18.062), (-14.286, -18.062), (-14.286, -16.599), (-14.454, -16.599), (-16.185, -16.599)]
704;9;;;0;5,13;[156, 242, 244, 158, 1223, 1235, 1234, 1233, 1232, 1231, 1230, 1229, 1228, 1227, 1226];[(-16.185, -16.599), (-16.584, -16.599), (-16.815, -16.599), (-18.901, -16.599), (-18.885, -19.043), (-18.621, -18.888), (-18.357, -18.762), (-18.093, -18.656), (-17.828, -18.559), (-17.564, -18.467), (-17.3, -18.382), (-17.036, -18.304), (-16.772, -18.232), (-16.508, -18.167), (-16.185, -18.11)]
705;100;;;0;1,27;[165, 164, 1259, 1260];[(21.742, -16.6), (21.742, -15.894), (19.945, -15.894), (19.945, -16.6)]
706;1;;;0;4,39;[160, 161, 1218, 1216, 230, 232];[(-11.857, -16.599), (-11.857, -18.062), (-8.854, -18.062), (-8.854, -16.599), (-9.405, -16.599), (-10.63, -16.599)]
707;9;;;0;3,55;[1258, 1257, 161, 160, 234, 236, 238];[(-14.286, -16.599), (-14.286, -18.062), (-11.857, -18.062), (-11.857, -16.599), (-12.004, -16.599), (-12.12, -16.599), (-14.039, -16.599)]
708;9;;;0;5,10;[169, 1262, 1261, 1207, 1208, 1209, 1210, 1211, 1212, 1213, 1214, 1196, 1260, 167];[(18.176, -16.6), (17.249, -16.6), (17.249, -18.102), (17.407, -18.131), (17.734, -18.196), (18.06, -18.273), (18.383, -18.358), (18.699, -18.482), (19.011, -18.6), (19.323, -18.731), (19.637, -18.882), (19.955, -19.041), (19.945, -16.6), (18.293, -16.6)]
709;2;;;0;2,16;[1177, 1181, 1185, 1189, 1191, 1175];[(9.937, -19.351), (12.394, -19.351), (12.394, -18.47), (11.553, -18.47), (10.533, -18.47), (9.937, -18.478)]
710;1;;;0;2,79;[1261, 1262, 171, 173, 1264, 1263, 1194, 1206];[(17.249, -18.102), (17.249, -16.6), (16.108, -16.6), (15.658, -16.6), (15.334, -16.6), (15.334, -18.053), (16.763, -18.053), (17.083, -18.072)]
711;9;;;0;3,47;[1263, 1264, 177, 179, 1266, 1265];[(15.334, -18.053), (15.334, -16.6), (13.698, -16.6), (13.561, -16.6), (12.947, -16.6), (12.947, -18.053)]
712;1;;;0;4,38;[1265, 1266, 181, 183, 185, 187, 1173, 1192, 1190, 1187, 1188];[(12.947, -18.053), (12.947, -16.6), (11.552, -16.6), (10.553, -16.6), (10.102, -16.6), (9.937, -16.6), (9.937, -18.053), (10.533, -18.053), (11.553, -18.053), (12.394, -18.053), (12.852, -18.053)]
713;100;;;0;0,22;[358, 359, 1268, 1267];[(-17.66, 2.044), (-17.66, 1.837), (-16.601, 1.837), (-16.601, 2.044)]
714;1;;;0;4,60;[308, 540, 510, 371, 369, 367, 365, 363, 361, 1268];[(-16.596, 0.278), (-14.448, -0.505), (-14.274, -0.505), (-14.274, 1.837), (-14.333, 1.837), (-14.659, 1.837), (-15.442, 1.837), (-15.768, 1.837), (-15.884, 1.837), (-16.601, 1.837)]
715;1;;;0;0,17;[1271, 1272, 1269, 1270];[(-18.871, -5.292), (-18.762, -5.429), (-18.098, -4.668), (-18.207, -4.532)]
716;100;;;0;0,02;[490, 489, 1272, 1271];[(-18.961, -5.395), (-18.852, -5.532), (-18.762, -5.429), (-18.871, -5.292)]
717;200;;ВХОД;0;4,00;[1273, 1274, 1276, 1275];[(-27.301, -20.162), (-25.301, -20.162), (-25.301, -18.162), (-27.301, -18.162)]
718;200;;ВХОД;0;4,00;[1277, 1278, 1280, 1279];[(26.943, -20.197), (28.943, -20.197), (28.943, -18.197), (26.943, -18.197)]
719;200;;TITLE;0;4,00;[1281, 1282, 1284, 1283];[(-0.314, 24.109), (1.686, 24.109), (1.686, 26.109), (-0.314, 26.109)]
720;13;;;0;3,24;[381, 464, 462, 460, 487, 488, 379];[(-14.45, 5.667), (-17.66, 6.591), (-17.66, 6.421), (-17.66, 5.093), (-15.898, 5.088), (-15.775, 5.088), (-14.45, 5.238)]
721;1;;;0;14,43;[1285, 1286, 409, 407, 405, 401, 399, 14, 388, 386, 384, 382];[(-14.039, 5.423), (-11.054, 5.423), (-11.054, 8.736), (-11.054, 8.964), (-11.054, 9.992), (-11.054, 10.258), (-12.249, 10.258), (-13.603, 10.258), (-14.039, 10.258), (-14.039, 9.164), (-14.039, 8.423), (-14.039, 5.667)]
722;2;;ЦТП (Котельная);0;52,90;[1287, 1162, 1160, 1156, 1154, 1151, 33, 31, 29, 26, 24, 404, 403, 411, 412, 406, 408, 413, 414, 410];[(-10.912, 5.53), (-8.376, 5.53), (-7.96, 5.53), (-2.36, 5.53), (-2.36, 5.644), (-2.36, 11.292), (-2.36, 11.723), (-2.605, 11.723), (-7.97, 11.723), (-8.37, 11.723), (-10.909, 11.723), (-10.912, 10.392), (-10.912, 10.258), (-10.79, 10.258), (-10.79, 9.992), (-10.912, 9.992), (-10.912, 8.964), (-10.79, 8.964), (-10.79, 8.736), (-10.912, 8.736)]
723;13;;;0;30,15;[397, 12, 1248, 1250, 1249, 1247, 349, 465, 467, 463, 464, 381, 383, 385, 387, 389, 391, 393, 395];[(-14.445, 11.723), (-20.325, 11.723), (-20.325, 10.657), (-17.648, 10.657), (-17.648, 9.671), (-20.325, 9.671), (-20.325, 6.591), (-20.027, 6.591), (-19.096, 6.591), (-17.796, 6.591), (-17.66, 6.591), (-14.45, 5.667), (-14.244, 5.667), (-14.244, 8.423), (-14.244, 9.164), (-14.244, 10.258), (-14.244, 10.392), (-14.244, 11.286), (-14.442, 11.286)]
724;1;;;0;7,29;[500, 522, 518, 516, 514, 512, 541, 316];[(-16.596, -3.697), (-14.452, -3.459), (-14.274, -3.459), (-14.274, -2.705), (-14.274, -1.497), (-14.274, -0.919), (-14.448, -0.919), (-16.596, 0.141)]
725;1;;;0;0,59;[316, 541, 540, 308];[(-16.596, 0.141), (-14.448, -0.919), (-14.448, -0.505), (-16.596, 0.278)]
726;1;;;0;13,08;[501, 534, 528, 520, 523, 499];[(-16.596, -9.536), (-14.445, -9.469), (-14.274, -9.469), (-14.274, -3.896), (-14.452, -3.896), (-16.596, -3.834)]
727;1;;;0;0,61;[499, 523, 522, 500];[(-16.596, -3.834), (-14.452, -3.896), (-14.452, -3.459), (-16.596, -3.697)]
728;1;;;0;3,09;[509, 306, 451, 339, 333, 336, 337];[(-20.112, -0.34), (-18.623, 0.278), (-18.633, 1.837), (-20.259, 1.837), (-20.259, 1.557), (-20.259, 0.388), (-20.259, -0.34)]
729;1;;;0;0,40;[508, 305, 306, 509];[(-20.112, -0.734), (-18.623, 0.141), (-18.623, 0.278), (-20.112, -0.34)]
730;1;;;0;13,65;[329, 328, 327, 494, 496, 498, 317, 305, 508, 332, 5, 285, 280, 278];[(-20.857, -3.079), (-20.391, -3.079), (-20.21, -3.079), (-18.113, -3.697), (-16.82, -3.697), (-16.722, -3.697), (-16.722, 0.141), (-18.623, 0.141), (-20.112, -0.734), (-20.259, -0.734), (-20.528, -0.741), (-20.528, -1.008), (-20.965, -1.008), (-20.965, -3.078)]
731;1;;;0;0,60;[503, 535, 534, 501];[(-16.596, -9.686), (-14.445, -9.877), (-14.445, -9.469), (-16.596, -9.536)]
732;1;;;0;13,90;[241, 539, 536, 530, 535, 503, 243, 157];[(-14.454, -15.891), (-14.449, -15.491), (-14.303, -15.491), (-14.303, -9.877), (-14.445, -9.877), (-16.596, -9.686), (-16.584, -15.891), (-16.185, -15.891)]
